Datetime,Lastprice,Volume,Precloseprice,AvgPrice,Iopv,Netvalue,Bid[0],BidQty[0],Bid[1],BidQty[1],Bid[2],BidQty[2],Bid[3],BidQty[3],Bid[4],BidQty[4],Bid[5],BidQty[5],Bid[6],BidQty[6],Bid[7],BidQty[7],Bid[8],BidQty[8],Bid[9],BidQty[9],Ask[0],AskQty[0],Ask[1],AskQty[1],Ask[2],AskQty[2],Ask[3],AskQty[3],Ask[4],AskQty[4],Ask[5],AskQty[5],Ask[6],AskQty[6],Ask[7],AskQty[7],Ask[8],AskQty[8],Ask[9],AskQty[9]
2020-09-03 09:25:00.180,3.394,974001.0,3.395,3.394,3.398,3.398,3.394,788199,3.393,1900500,3.392,18800,3.391,618100,3.39,465300,3.389,77700,3.388,33300,3.387,582700,3.386,9300,3.385,28700,3.395,88200,3.396,26800,3.397,90400,3.398,16200,3.399,21200,3.4,245600,3.401,81600,3.402,48000,3.403,1000,3.404,22200
2020-09-03 09:30:02.660,3.394,170000.0,3.395,3.394083,3.4,3.398,3.394,712999,3.393,900500,3.392,43800,3.391,320400,3.39,466300,3.389,28600,3.388,129300,3.387,579800,3.386,9300,3.385,28800,3.395,138900,3.396,340400,3.397,95500,3.398,21200,3.399,31200,3.4,251100,3.401,86600,3.402,361100,3.403,38100,3.404,54400
2020-09-03 09:30:05.450,3.394,153400.0,3.395,3.3941239999999997,3.4,3.398,3.394,679099,3.393,910500,3.392,54800,3.391,318400,3.39,467300,3.389,59600,3.388,429300,3.387,581800,3.386,9300,3.385,30800,3.395,109400,3.396,47400,3.397,37600,3.398,23500,3.399,38100,3.4,254100,3.401,86600,3.402,461200,3.403,38100,3.404,64500
2020-09-03 09:30:08.420,3.394,362200.0,3.395,3.394138,3.399,3.398,3.392,40600,3.391,318400,3.39,468300,3.389,359600,3.388,130100,3.387,581800,3.386,9300,3.385,30800,3.384,324100,3.383,36600,3.394,307000,3.395,20800,3.396,47900,3.397,37600,3.398,23600,3.399,48100,3.4,254100,3.401,87200,3.402,361200,3.403,38100
2020-09-03 09:30:11.060,3.396,516300.0,3.395,3.394278,3.399,3.398,3.396,443800,3.395,30000,3.394,300000,3.392,40600,3.391,318400,3.39,468800,3.389,159600,3.388,430100,3.387,582300,3.386,11500,3.397,37600,3.398,23600,3.399,153100,3.4,254100,3.401,87200,3.402,366200,3.403,38100,3.404,64500,3.405,229500,3.406,389000
2020-09-03 09:30:14.230,3.396,60100.0,3.395,3.3943239999999997,3.399,3.398,3.395,30000,3.394,300000,3.392,40600,3.391,418400,3.39,468800,3.389,59600,3.388,130100,3.387,582300,3.386,11500,3.385,30800,3.396,260600,3.397,37600,3.398,89800,3.399,53100,3.4,254100,3.401,187200,3.402,366200,3.403,38100,3.404,64500,3.405,229500
2020-09-03 09:30:17.420,3.395,20600.0,3.395,3.3943309999999998,3.399,3.398,3.395,9700,3.392,79400,3.391,418400,3.39,468800,3.389,59600,3.388,130100,3.387,582300,3.386,11500,3.385,930800,3.384,324100,3.396,260300,3.397,97600,3.398,89800,3.399,53100,3.4,254100,3.401,187200,3.402,366200,3.403,38100,3.404,64500,3.405,229500
2020-09-03 09:30:18.270,3.395,9700.0,3.395,3.394333,3.399,3.398,3.392,79400,3.391,318400,3.39,568800,3.389,59600,3.388,130100,3.387,582300,3.386,11500,3.385,930800,3.384,324100,3.383,37100,3.395,55800,3.396,370300,3.397,212600,3.398,89800,3.399,53100,3.4,354100,3.401,87200,3.402,366200,3.403,38100,3.404,64500
2020-09-03 09:30:20.540,3.392,72000.0,3.395,3.3942769999999998,3.397,3.398,3.392,78400,3.391,418400,3.39,568800,3.389,58600,3.388,130100,3.387,582300,3.386,11500,3.385,30800,3.384,624100,3.383,937100,3.394,78200,3.395,43800,3.396,360300,3.397,202600,3.398,23600,3.399,53100,3.4,354100,3.401,87200,3.402,366200,3.403,38100
2020-09-03 09:30:25.680,3.394,49700.0,3.395,3.3942629999999996,3.397,3.398,3.392,68400,3.391,418400,3.39,468800,3.389,58600,3.388,130100,3.387,682500,3.386,11500,3.385,30800,3.384,1224100,3.383,37100,3.393,10000,3.394,68700,3.395,45000,3.396,100000,3.397,202600,3.398,23600,3.399,58100,3.4,254100,3.401,87200,3.402,366200
2020-09-03 09:30:26.530,3.392,50000.0,3.395,3.3942160000000006,3.396,3.398,3.392,18600,3.391,418400,3.39,473200,3.389,158600,3.388,130100,3.387,582500,3.386,11500,3.385,30800,3.384,324100,3.383,337100,3.394,58700,3.395,45000,3.396,10000,3.397,102600,3.398,23600,3.399,158100,3.4,254100,3.401,87200,3.402,366200,3.403,38100
2020-09-03 09:30:30.690,3.392,22800.0,3.395,3.394196,3.394,3.398,3.391,318400,3.39,473200,3.389,58600,3.388,130100,3.387,702500,3.386,11500,3.385,36900,3.384,324100,3.383,37100,3.382,1220100,3.392,33000,3.393,400000,3.394,158700,3.395,70500,3.396,10000,3.397,202600,3.398,27400,3.399,58100,3.4,254100,3.401,87200
2020-09-03 09:30:32.850,3.392,250400.0,3.395,3.393901,3.394,3.398,3.391,68400,3.39,470200,3.389,58600,3.388,223400,3.387,802500,3.386,11500,3.385,37900,3.384,324100,3.383,37100,3.382,1220100,3.392,106400,3.393,400000,3.394,158700,3.395,60500,3.396,11500,3.397,202600,3.398,27400,3.399,58100,3.4,254100,3.401,87200
2020-09-03 09:30:37.250,3.392,45600.0,3.395,3.393853,3.394,3.398,3.391,22900,3.39,470200,3.389,58600,3.388,223400,3.387,802500,3.386,11500,3.385,38900,3.384,324100,3.383,1237100,3.382,20100,3.392,108400,3.393,300000,3.394,158700,3.395,60500,3.396,13500,3.397,202600,3.398,27400,3.399,58100,3.4,254100,3.401,87200
2020-09-03 09:30:40.990,3.391,15600.0,3.395,3.3938370000000004,3.394,3.398,3.391,7300,3.39,475200,3.389,451900,3.388,240100,3.387,702500,3.386,11500,3.385,38900,3.384,1524100,3.383,37100,3.382,20100,3.392,108400,3.394,158700,3.395,459600,3.396,13500,3.397,202600,3.398,27400,3.399,58100,3.4,254100,3.401,87200,3.402,366200
2020-09-03 09:30:43.780,3.391,37300.0,3.395,3.393799,3.394,3.398,3.39,775200,3.389,151900,3.388,885700,3.387,602500,3.386,111500,3.385,338900,3.384,1224100,3.383,37100,3.382,20100,3.381,111500,3.391,6600,3.392,114400,3.394,27500,3.395,459600,3.396,113500,3.397,102600,3.398,27400,3.399,58100,3.4,254100,3.401,86800
2020-09-03 09:30:46.120,3.392,40000.0,3.395,3.3937720000000002,3.395,3.398,3.391,444900,3.39,545200,3.389,58600,3.388,785700,3.387,602500,3.386,112000,3.385,938900,3.384,324100,3.383,37100,3.382,20100,3.392,95000,3.394,27500,3.395,15900,3.396,513500,3.397,202600,3.398,27400,3.399,58100,3.4,254100,3.401,86800,3.402,366200
2020-09-03 09:30:49.440,3.391,27800.0,3.395,3.3937519999999997,3.395,3.398,3.391,437200,3.39,545200,3.389,58600,3.388,166000,3.387,702500,3.386,1212000,3.385,41900,3.384,324100,3.383,37100,3.382,20100,3.392,76500,3.394,30500,3.395,15900,3.396,413500,3.397,302600,3.398,27400,3.399,58100,3.4,254100,3.401,86800,3.402,366200
2020-09-03 09:30:52.100,3.392,112700.0,3.395,3.393676,3.394,3.398,3.392,577600,3.391,418400,3.39,543800,3.389,58600,3.388,166000,3.387,602500,3.386,1012000,3.385,41900,3.384,324100,3.383,37100,3.394,23200,3.395,400,3.396,513500,3.397,202600,3.398,27400,3.399,58100,3.4,254100,3.401,86800,3.402,366200,3.403,38100
2020-09-03 09:30:55.460,3.392,400500.0,3.395,3.393478,3.395,3.398,3.392,178200,3.391,418400,3.39,543800,3.389,58600,3.388,167000,3.387,702500,3.386,312000,3.385,41900,3.384,324100,3.383,37100,3.394,23200,3.395,400,3.396,413500,3.397,302600,3.398,27400,3.399,58100,3.4,254100,3.401,86800,3.402,366200,3.403,38100
2020-09-03 09:30:58.370,3.394,15100.0,3.395,3.393474,3.395,3.398,3.392,700,3.391,25100,3.39,1363500,3.389,151900,3.388,267000,3.387,702500,3.386,9800,3.385,941900,3.384,624100,3.383,37100,3.394,18500,3.395,41600,3.396,413500,3.397,302600,3.398,27400,3.399,68100,3.4,254100,3.401,86800,3.402,366200,3.403,38100
2020-09-03 09:31:01.930,3.393,8600.0,3.395,3.393472,3.396,3.398,3.391,25100,3.39,1063800,3.389,551900,3.388,267000,3.387,602500,3.386,9800,3.385,941900,3.384,624100,3.383,37100,3.382,20100,3.393,97000,3.394,416500,3.395,31600,3.396,13500,3.397,102600,3.398,27400,3.399,168100,3.4,254100,3.401,86800,3.402,366200
2020-09-03 09:31:04.100,3.392,800.0,3.395,3.393472,3.396,3.398,3.391,25200,3.39,1160100,3.389,358600,3.388,367000,3.387,602500,3.386,9800,3.385,941900,3.384,324100,3.383,37100,3.382,20100,3.392,39100,3.393,300000,3.394,316500,3.395,141600,3.396,113500,3.397,102600,3.398,127400,3.399,68100,3.4,254100,3.401,86800
2020-09-03 09:31:06.740,3.391,25200.0,3.395,3.393454,3.396,3.398,3.39,1063800,3.389,454900,3.388,167000,3.387,702500,3.386,19800,3.385,41900,3.384,324100,3.383,1237100,3.382,20100,3.381,111500,3.392,42500,3.394,316500,3.395,131600,3.396,13500,3.397,202700,3.398,27400,3.399,68100,3.4,254100,3.401,86800,3.402,366200
2020-09-03 09:31:10.770,3.391,5000.0,3.395,3.39345,3.395,3.398,3.39,1063800,3.389,154900,3.388,167000,3.387,902500,3.386,119800,3.385,41900,3.384,324100,3.383,1237100,3.382,20100,3.381,111500,3.391,12800,3.392,342500,3.393,10000,3.394,16500,3.395,131700,3.396,113500,3.397,102700,3.398,27400,3.399,68100,3.4,254100
2020-09-03 09:31:13.640,3.39,11600.0,3.395,3.393442,3.395,3.398,3.39,1062200,3.389,154900,3.388,167000,3.387,902500,3.386,119800,3.385,41900,3.384,324100,3.383,937100,3.382,20100,3.381,111500,3.391,14800,3.392,42500,3.393,600000,3.394,16500,3.395,500,3.396,113500,3.397,102700,3.398,27400,3.399,68100,3.4,254100
2020-09-03 09:31:15.830,3.391,6300.0,3.395,3.3934370000000005,3.394,3.398,3.39,441500,3.389,154900,3.388,507000,3.387,602500,3.386,19800,3.385,141900,3.384,324100,3.383,937100,3.382,20100,3.381,111500,3.391,23100,3.392,342500,3.393,300000,3.394,16500,3.395,100500,3.396,13500,3.397,102700,3.398,27400,3.399,68100,3.4,264100
2020-09-03 09:31:17.570,3.391,300.0,3.395,3.3934370000000005,3.394,3.398,3.39,441500,3.389,678300,3.388,303300,3.387,1002500,3.386,119800,3.385,41900,3.384,324100,3.383,937100,3.382,20100,3.381,111500,3.391,22800,3.392,42500,3.393,700000,3.394,116500,3.395,900,3.396,113500,3.397,102700,3.398,27400,3.399,68100,3.4,264100
2020-09-03 09:31:23.000,3.391,17600.0,3.395,3.39342,3.394,3.398,3.39,439200,3.389,678300,3.388,207000,3.387,902500,3.386,119800,3.385,42900,3.384,324100,3.383,937100,3.382,20100,3.381,111500,3.391,22200,3.392,76700,3.393,700000,3.394,116500,3.395,2000,3.396,113500,3.397,102700,3.398,27400,3.399,68100,3.4,264100
2020-09-03 09:31:24.230,3.39,439200.0,3.395,3.393037,3.394,3.398,3.389,58600,3.388,826700,3.387,698800,3.386,519800,3.385,42900,3.384,324100,3.383,37100,3.382,20100,3.381,111500,3.38,1431300,3.39,473500,3.391,347000,3.392,86700,3.393,300000,3.394,16500,3.395,2000,3.396,113500,3.397,102700,3.398,27400,3.399,68100
2020-09-03 09:31:28.950,3.388,887300.0,3.395,3.39212,3.394,3.398,3.387,698800,3.386,124300,3.385,142900,3.384,324100,3.383,337100,3.382,20100,3.381,111500,3.38,231300,3.379,35400,3.378,131600,3.388,573500,3.389,279400,3.39,188600,3.391,37000,3.392,76700,3.393,300000,3.394,16500,3.395,102000,3.396,13500,3.397,102700
2020-09-03 09:31:31.690,3.387,405300.0,3.395,3.3917260000000002,3.393,3.398,3.387,317800,3.386,124300,3.385,42900,3.384,324100,3.383,437100,3.382,20100,3.381,111500,3.38,232500,3.379,35400,3.378,1331600,3.388,656800,3.389,269400,3.39,259700,3.391,37200,3.392,45500,3.393,400000,3.394,16500,3.395,2000,3.396,13700,3.397,102700
2020-09-03 09:31:34.540,3.388,403000.0,3.395,3.3914050000000002,3.393,3.398,3.387,4300,3.386,24300,3.385,42900,3.384,324100,3.383,37100,3.382,120100,3.381,111500,3.38,232500,3.379,935400,3.378,131600,3.388,286000,3.389,269400,3.39,357000,3.391,135700,3.392,145500,3.393,300000,3.394,16500,3.395,2000,3.396,13700,3.397,102700
2020-09-03 09:31:37.910,3.387,164900.0,3.395,3.39123,3.391,3.398,3.385,210700,3.384,383300,3.383,237100,3.382,20100,3.381,112500,3.38,232500,3.379,1235400,3.378,131600,3.377,25900,3.376,19500,3.387,3100,3.388,284300,3.389,289400,3.39,434600,3.391,35700,3.392,45500,3.393,400000,3.394,16500,3.395,2000,3.396,13700
2020-09-03 09:31:39.750,3.388,7400.0,3.395,3.391225,3.39,3.398,3.386,300000,3.385,1395000,3.384,413300,3.383,137100,3.382,120100,3.381,112500,3.38,232500,3.379,935400,3.378,131600,3.377,25900,3.387,293400,3.388,231000,3.389,320600,3.39,134500,3.391,335700,3.392,145500,3.393,300000,3.394,16500,3.395,2000,3.396,13700
2020-09-03 09:31:43.010,3.385,30200.0,3.395,3.391193,3.39,3.398,3.386,30000,3.385,1334800,3.384,683600,3.383,137100,3.382,20100,3.381,112600,3.38,232500,3.379,935400,3.378,431600,3.377,25900,3.387,412200,3.388,251000,3.389,620600,3.39,134500,3.391,35700,3.392,47500,3.393,400000,3.394,16500,3.395,2000,3.396,13700
2020-09-03 09:31:46.210,3.387,7000.0,3.395,3.3911870000000004,3.391,3.398,3.386,23200,3.385,437800,3.384,683600,3.383,137100,3.382,20100,3.381,118800,3.38,332500,3.379,935400,3.378,431600,3.377,25900,3.387,412000,3.388,352200,3.389,600600,3.39,234500,3.391,35700,3.392,47500,3.393,300000,3.394,16500,3.395,12000,3.396,13700
2020-09-03 09:31:49.130,3.387,4100.0,3.395,3.3911830000000003,3.391,3.398,3.386,73600,3.385,137800,3.384,683600,3.383,137400,3.382,120100,3.381,118800,3.38,232500,3.379,935400,3.378,131600,3.377,25900,3.387,411900,3.388,252200,3.389,300600,3.39,434500,3.391,35700,3.392,147500,3.393,300000,3.394,26500,3.395,26700,3.396,13700
2020-09-03 09:31:52.760,3.387,8100.0,3.395,3.391176,3.391,3.398,3.386,69500,3.385,137800,3.384,683600,3.383,137400,3.382,120100,3.381,118800,3.38,232500,3.379,935400,3.378,431600,3.377,25900,3.387,422900,3.388,252200,3.389,300600,3.39,137500,3.391,18100,3.392,147500,3.393,300000,3.394,26500,3.395,26700,3.396,14200
2020-09-03 09:31:55.780,3.386,13500.0,3.395,3.391164,3.391,3.398,3.386,56000,3.385,137800,3.384,684600,3.383,137400,3.382,120200,3.381,118800,3.38,232500,3.379,935400,3.378,431600,3.377,25900,3.387,422900,3.388,252200,3.389,600600,3.39,137500,3.391,18100,3.392,147100,3.393,300000,3.394,26500,3.395,26700,3.396,20200
2020-09-03 09:31:56.710,3.386,6800.0,3.395,3.3911580000000003,3.391,3.398,3.386,64200,3.385,137800,3.384,325400,3.383,396600,3.382,120200,3.381,218800,3.38,232500,3.379,35400,3.378,131600,3.377,925900,3.387,422900,3.388,642200,3.389,290600,3.39,137500,3.391,118100,3.392,47100,3.393,300000,3.394,26500,3.395,26700,3.396,10200
2020-09-03 09:32:01.880,3.386,69300.0,3.395,3.3911029999999998,3.391,3.398,3.386,36600,3.385,137800,3.384,325400,3.383,406600,3.382,120500,3.381,218800,3.38,232500,3.379,35400,3.378,1336600,3.377,25900,3.387,390600,3.388,352200,3.389,590600,3.39,37500,3.391,103500,3.392,47100,3.393,300000,3.394,26500,3.395,35900,3.396,10200
2020-09-03 09:32:04.520,3.386,63300.0,3.395,3.39105,3.391,3.398,3.385,132800,3.384,325400,3.383,406600,3.382,120500,3.381,218800,3.38,242800,3.379,35400,3.378,1336600,3.377,25900,3.376,19500,3.386,241300,3.387,110800,3.388,632200,3.389,390600,3.39,37500,3.391,103500,3.392,47100,3.393,300000,3.394,26500,3.395,35900
2020-09-03 09:32:07.640,3.386,50500.0,3.395,3.3910080000000002,3.391,3.398,3.385,132800,3.384,355400,3.383,406600,3.382,213500,3.381,218800,3.38,242800,3.379,35400,3.378,1336600,3.377,25900,3.376,19500,3.386,193700,3.387,110800,3.388,538100,3.389,483600,3.39,28500,3.391,103500,3.392,47100,3.393,300000,3.394,26500,3.395,35900
2020-09-03 09:32:09.980,3.386,58800.0,3.395,3.3909599999999998,3.391,3.398,3.385,137800,3.384,355400,3.383,406600,3.382,213600,3.381,218800,3.38,257500,3.379,935400,3.378,436600,3.377,25900,3.376,19500,3.386,134900,3.387,110800,3.388,238000,3.389,783600,3.39,28500,3.391,103500,3.392,47100,3.393,300000,3.394,26500,3.395,35900
2020-09-03 09:32:13.870,3.386,35200.0,3.395,3.3909309999999997,3.391,3.398,3.385,137700,3.384,325400,3.383,347400,3.382,113600,3.381,218800,3.38,257500,3.379,35400,3.378,136600,3.377,1225900,3.376,19500,3.386,115700,3.387,210800,3.388,536800,3.389,483600,3.39,28500,3.391,103500,3.392,47100,3.393,300000,3.394,26500,3.395,35900
2020-09-03 09:32:16.600,3.386,426700.0,3.395,3.3906110000000003,3.391,3.398,3.386,510700,3.385,17200,3.384,325400,3.383,47400,3.382,172800,3.381,618800,3.38,257500,3.379,35400,3.378,136600,3.377,1225900,3.387,220800,3.388,236800,3.389,483600,3.39,38500,3.391,103500,3.392,47100,3.393,300000,3.394,26500,3.395,35900,3.396,10000
2020-09-03 09:32:19.670,3.386,610300.0,3.395,3.390218,3.391,3.398,3.386,870400,3.385,17200,3.384,330400,3.383,430400,3.382,79800,3.381,318800,3.38,262500,3.379,35400,3.378,136600,3.377,1225900,3.387,220800,3.388,559000,3.389,390600,3.39,131500,3.391,103500,3.392,47100,3.393,300000,3.394,26500,3.395,35900,3.396,10000
2020-09-03 09:32:21.980,3.386,7000.0,3.395,3.390214,3.391,3.398,3.386,874700,3.385,321200,3.384,330400,3.383,130400,3.382,79800,3.381,318800,3.38,262500,3.379,35400,3.378,136600,3.377,925900,3.387,110800,3.388,359000,3.389,390600,3.39,131500,3.391,403500,3.392,47100,3.394,26500,3.395,35900,3.396,10000,3.397,103200
2020-09-03 09:32:24.830,3.386,4500.0,3.395,3.3902120000000004,3.39,3.398,3.386,911300,3.385,321500,3.384,428400,3.383,130400,3.382,79800,3.381,319100,3.38,262600,3.379,35400,3.378,1036600,3.377,25900,3.387,106800,3.388,357700,3.389,483600,3.39,131500,3.391,403500,3.392,47100,3.394,26500,3.395,35900,3.396,10000,3.397,103200
2020-09-03 09:32:28.320,3.386,13300.0,3.395,3.390204,3.39,3.398,3.385,321500,3.384,428400,3.383,130400,3.382,79800,3.381,319100,3.38,282600,3.379,35400,3.378,136600,3.377,1225900,3.376,19500,3.386,1900,3.387,114800,3.388,357700,3.389,483600,3.39,431500,3.391,103500,3.392,47100,3.394,26500,3.395,35900,3.396,10000
2020-09-03 09:32:31.480,3.385,35000.0,3.395,3.3901800000000004,3.39,3.398,3.385,8100,3.384,728400,3.383,37400,3.382,79800,3.381,319100,3.38,282600,3.379,35400,3.378,136600,3.377,1225900,3.376,19500,3.386,10900,3.387,104800,3.388,357700,3.389,783600,3.39,38500,3.391,103500,3.392,47100,3.394,26500,3.395,35900,3.396,10000
2020-09-03 09:32:38.380,3.385,42800.0,3.395,3.390154,3.39,3.398,3.384,336400,3.383,943400,3.382,113600,3.381,424100,3.38,384600,3.379,94600,3.378,236600,3.377,25900,3.376,21500,3.375,198900,3.385,598600,3.386,411100,3.387,424800,3.388,247700,3.389,383600,3.39,138500,3.391,3500,3.392,47100,3.394,26500,3.395,35900
2020-09-03 09:32:40.700,3.384,166300.0,3.395,3.390017,3.39,3.398,3.384,175200,3.383,943400,3.382,211600,3.381,724100,3.38,385800,3.379,35400,3.378,136600,3.377,25900,3.376,21500,3.375,198900,3.385,293500,3.386,767200,3.387,317800,3.388,227700,3.389,352400,3.39,138500,3.391,3500,3.392,47100,3.394,26500,3.395,35900
2020-09-03 09:32:44.500,3.384,283200.0,3.395,3.389783,3.39,3.398,3.383,843400,3.382,211600,3.381,424100,3.38,285800,3.379,494600,3.378,236600,3.377,25900,3.376,21500,3.375,198900,3.374,8500,3.384,1019300,3.385,354700,3.386,337200,3.387,197800,3.388,221800,3.389,452400,3.39,38700,3.391,3500,3.392,47100,3.394,26500
2020-09-03 09:32:46.530,3.383,674100.0,3.395,3.389245,3.389,3.398,3.383,223400,3.382,118600,3.381,431600,3.38,585800,3.379,135400,3.378,136600,3.377,25900,3.376,21500,3.375,198900,3.374,8500,3.384,126800,3.385,304700,3.386,737200,3.387,297800,3.388,221800,3.389,361100,3.39,38700,3.391,3500,3.392,47100,3.394,26500
2020-09-03 09:32:50.050,3.384,58200.0,3.395,3.3892089999999997,3.389,3.398,3.384,77300,3.383,524400,3.382,207900,3.381,531600,3.38,378800,3.379,35400,3.378,244600,3.377,25900,3.376,21500,3.375,198900,3.385,284700,3.386,337200,3.387,290800,3.388,621800,3.389,261100,3.39,47700,3.391,3500,3.392,47100,3.394,26500,3.395,36000
2020-09-03 09:32:53.380,3.383,78200.0,3.395,3.389161,3.388,3.398,3.383,274200,3.382,85200,3.381,831600,3.38,383800,3.379,135400,3.378,144600,3.377,25900,3.376,21500,3.375,198900,3.374,308500,3.384,236100,3.385,304700,3.386,376300,3.387,197800,3.388,221800,3.389,361100,3.39,47700,3.391,3500,3.392,47100,3.394,26500
2020-09-03 09:32:55.670,3.384,69000.0,3.395,3.3891190000000004,3.388,3.398,3.383,268300,3.382,508200,3.381,581600,3.38,388900,3.379,35400,3.378,244600,3.377,25900,3.376,21500,3.375,498900,3.374,8500,3.384,183300,3.385,284700,3.386,56300,3.387,290800,3.388,621800,3.389,261100,3.39,47700,3.391,3500,3.392,47100,3.394,26500
2020-09-03 09:32:59.250,3.384,194300.0,3.395,3.3890059999999997,3.388,3.398,3.384,108700,3.383,288300,3.382,184000,3.381,481600,3.38,389200,3.379,135400,3.378,144700,3.377,333900,3.376,21500,3.375,204800,3.385,284700,3.386,56300,3.387,290800,3.388,221800,3.389,761100,3.39,147700,3.391,3500,3.392,47100,3.394,26500,3.395,36100
2020-09-03 09:32:59.800,3.384,5900.0,3.395,3.3890029999999998,3.387,3.398,3.384,966000,3.383,618400,3.382,91000,3.381,481600,3.38,293700,3.379,138700,3.378,444700,3.377,33900,3.376,21500,3.375,204800,3.385,284100,3.386,56300,3.387,104800,3.388,521800,3.389,361100,3.39,147700,3.391,3500,3.392,47100,3.394,32500,3.395,38100
2020-09-03 09:33:05.500,3.385,284100.0,3.395,3.388878,3.387,3.398,3.385,49700,3.384,1280900,3.383,418400,3.382,184000,3.381,574600,3.38,293700,3.379,438700,3.378,144700,3.377,33900,3.376,21500,3.386,56300,3.387,197800,3.388,314800,3.389,361100,3.39,322700,3.391,3500,3.392,47100,3.394,32600,3.395,38100,3.396,10100
2020-09-03 09:33:08.130,3.385,311400.0,3.395,3.388807,3.388,3.398,3.385,1033300,3.384,1311100,3.383,418400,3.382,91000,3.381,431600,3.38,393900,3.379,339000,3.378,206900,3.377,33900,3.376,21500,3.386,34800,3.388,221900,3.389,561100,3.39,122700,3.391,65500,3.392,47100,3.394,32600,3.395,38100,3.396,10100,3.397,103300
2020-09-03 09:33:11.340,3.388,155000.0,3.395,3.388779,3.388,3.398,3.385,1368300,3.384,954900,3.383,516400,3.382,184000,3.381,431600,3.38,393900,3.379,340000,3.378,206900,3.377,33900,3.376,29500,3.388,220700,3.389,354100,3.39,422700,3.391,165500,3.392,147100,3.394,32600,3.395,38100,3.396,10100,3.397,103300,3.398,42500
2020-09-03 09:33:15.000,3.387,500.0,3.395,3.388779,3.389,3.398,3.387,58600,3.386,660200,3.385,1372800,3.384,54900,3.383,784000,3.382,91000,3.381,431600,3.38,593900,3.379,40000,3.378,206900,3.388,127700,3.389,261100,3.39,22700,3.391,303500,3.392,147100,3.393,261900,3.394,32600,3.395,48100,3.396,10100,3.397,103400
2020-09-03 09:33:17.040,3.388,66600.0,3.395,3.388772,3.389,3.398,3.386,960700,3.385,1167800,3.384,117900,3.383,684000,3.382,191000,3.381,431600,3.38,356100,3.379,40000,3.378,144700,3.377,33900,3.388,68600,3.389,261100,3.39,115700,3.391,96500,3.392,447100,3.393,162400,3.394,32600,3.395,48100,3.396,10100,3.397,103400
2020-09-03 09:33:20.170,3.388,20300.0,3.395,3.3887690000000004,3.389,3.398,3.386,227100,3.385,1196900,3.384,513600,3.383,784000,3.382,91000,3.381,434600,3.38,293900,3.379,102200,3.378,144700,3.377,33900,3.388,51900,3.389,561100,3.39,215700,3.391,96500,3.392,47100,3.393,162400,3.394,32600,3.395,48100,3.396,10100,3.397,103400
2020-09-03 09:33:23.420,3.388,54000.0,3.395,3.3887650000000002,3.389,3.398,3.388,2400,3.386,231100,3.385,1166900,3.384,513600,3.383,784000,3.382,91000,3.381,434600,3.38,293900,3.379,102200,3.378,444700,3.389,621100,3.39,225700,3.391,96500,3.392,47100,3.393,162400,3.394,32600,3.395,48100,3.396,10100,3.397,103400,3.398,42500
2020-09-03 09:33:25.430,3.386,236000.0,3.395,3.3887,3.39,3.398,3.385,1166900,3.384,514600,3.383,785000,3.382,91000,3.381,496800,3.38,293900,3.379,40000,3.378,444700,3.377,33900,3.376,29500,3.386,67200,3.388,379000,3.389,671100,3.39,285700,3.391,96500,3.392,47100,3.393,100500,3.394,94500,3.395,48100,3.396,10100
2020-09-03 09:33:26.700,3.386,20000.0,3.395,3.388695,3.39,3.398,3.385,1015100,3.384,351600,3.383,685000,3.382,91000,3.381,534600,3.38,293900,3.379,40000,3.378,506900,3.377,33900,3.376,29500,3.386,49400,3.388,379000,3.389,561100,3.39,132700,3.391,165500,3.392,47100,3.393,500,3.394,32600,3.395,48100,3.396,10100
2020-09-03 09:33:31.290,3.388,50400.0,3.395,3.3886809999999996,3.391,3.398,3.386,53700,3.385,120100,3.384,21600,3.383,1078000,3.382,184000,3.381,534600,3.38,293900,3.379,40000,3.378,206900,3.377,33900,3.387,300000,3.388,771000,3.389,454100,3.39,132700,3.391,165500,3.392,47100,3.393,500,3.394,32600,3.395,48100,3.396,10100
2020-09-03 09:33:34.030,3.387,20000.0,3.395,3.388678,3.391,3.398,3.386,54300,3.385,151600,3.384,80600,3.383,1185000,3.382,91000,3.381,434600,3.38,293900,3.379,402200,3.378,149700,3.377,33900,3.388,678000,3.389,261100,3.39,132700,3.391,3500,3.392,109100,3.393,100500,3.394,32600,3.395,48100,3.396,10100,3.397,103400
2020-09-03 09:33:36.110,3.388,90000.0,3.395,3.388672,3.392,3.398,3.386,69900,3.385,451700,3.384,173600,3.383,878000,3.382,191000,3.381,434600,3.38,288900,3.379,402200,3.378,149700,3.377,33900,3.388,288000,3.389,261100,3.39,525700,3.391,96500,3.392,147100,3.393,62400,3.394,32600,3.395,48100,3.396,10100,3.397,103400
2020-09-03 09:33:40.620,3.386,2500.0,3.395,3.388671,3.391,3.398,3.386,78700,3.385,151700,3.384,473600,3.383,978000,3.382,91000,3.381,434600,3.38,293900,3.379,402200,3.378,149700,3.377,33900,3.387,244200,3.388,298000,3.389,561100,3.39,225700,3.391,96500,3.392,47100,3.393,162500,3.394,32600,3.395,58100,3.396,10100
2020-09-03 09:33:43.770,3.387,6400.0,3.395,3.38867,3.391,3.398,3.386,978700,3.385,220800,3.384,514400,3.383,778000,3.382,91000,3.381,534600,3.38,293900,3.379,102200,3.378,449700,3.377,33900,3.387,237800,3.388,298000,3.389,661100,3.39,225700,3.391,196500,3.392,109100,3.393,600,3.394,32600,3.395,58100,3.396,10100
2020-09-03 09:33:46.120,3.386,10400.0,3.395,3.388667,3.392,3.398,3.386,1269600,3.385,200800,3.384,514600,3.383,778000,3.382,791000,3.381,434600,3.38,293900,3.379,102200,3.378,99700,3.377,333900,3.387,237500,3.388,598000,3.389,366100,3.39,225700,3.391,96500,3.392,209100,3.393,600,3.394,32600,3.395,58100,3.396,10100
2020-09-03 09:33:49.020,3.387,2500.0,3.395,3.388667,3.392,3.398,3.386,959300,3.385,230800,3.384,514600,3.383,778100,3.382,691000,3.381,534600,3.38,304700,3.379,102200,3.378,399700,3.377,33900,3.387,235000,3.388,298000,3.389,759200,3.39,227700,3.391,103500,3.392,109100,3.393,600,3.394,32600,3.395,58100,3.396,10100
2020-09-03 09:33:51.840,3.387,1100.0,3.395,3.388667,3.392,3.398,3.386,959200,3.385,200800,3.384,217100,3.383,1068100,3.382,791000,3.381,434600,3.38,314700,3.379,102200,3.378,399700,3.377,33900,3.387,234900,3.388,598000,3.389,359200,3.39,227700,3.391,3500,3.392,209100,3.393,600,3.394,42600,3.395,58100,3.396,10100
2020-09-03 09:33:55.950,3.386,41500.0,3.395,3.3886589999999996,3.392,3.398,3.386,948200,3.385,151700,3.384,476300,3.383,879000,3.382,791000,3.381,434600,3.38,314700,3.379,102200,3.378,399700,3.377,33900,3.387,204400,3.388,298000,3.389,759200,3.39,227700,3.391,3500,3.392,209100,3.393,600,3.394,42600,3.395,58100,3.396,10100
2020-09-03 09:33:56.700,3.387,11300.0,3.395,3.388657,3.392,3.398,3.386,929200,3.385,161700,3.384,417100,3.383,879000,3.382,692000,3.381,534600,3.38,314700,3.379,102200,3.378,99700,3.377,33900,3.387,195900,3.388,298000,3.389,659200,3.39,227700,3.391,103500,3.392,109100,3.393,2100,3.394,42600,3.395,58100,3.396,10100
2020-09-03 09:34:01.710,3.387,44400.0,3.395,3.38865,3.392,3.398,3.386,929200,3.385,250800,3.384,417100,3.383,879000,3.382,792000,3.381,434600,3.38,375700,3.379,102200,3.378,399700,3.377,33900,3.387,151500,3.388,303000,3.389,359200,3.39,527700,3.391,103500,3.392,209100,3.393,2100,3.394,42600,3.395,58100,3.396,10100
2020-09-03 09:34:03.280,3.387,10000.0,3.395,3.3886480000000003,3.392,3.398,3.386,939300,3.385,250800,3.384,417100,3.383,879000,3.382,792000,3.381,434600,3.38,375700,3.379,102200,3.378,99700,3.377,33900,3.387,141500,3.388,303000,3.389,659200,3.39,227700,3.391,103500,3.392,209100,3.393,2100,3.394,42600,3.395,58100,3.396,10100
2020-09-03 09:34:07.770,3.386,20100.0,3.395,3.388644,3.393,3.398,3.386,940700,3.385,251800,3.384,324100,3.383,785100,3.382,792000,3.381,434600,3.38,376400,3.379,402200,3.378,99700,3.377,33900,3.387,134000,3.388,303000,3.389,566200,3.39,134700,3.391,103500,3.392,209100,3.393,2100,3.394,42600,3.395,58100,3.396,10100
2020-09-03 09:34:10.170,3.387,134000.0,3.395,3.3886230000000004,3.392,3.398,3.387,3863700,3.386,1272700,3.385,232700,3.384,167100,3.383,778100,3.382,692000,3.381,544600,3.38,676400,3.379,102200,3.378,99700,3.388,303000,3.389,359200,3.39,135500,3.391,403500,3.392,109100,3.393,2100,3.394,42600,3.395,58100,3.396,10100,3.397,103400
2020-09-03 09:34:11.400,3.388,101800.0,3.395,3.388617,3.392,3.398,3.387,4758400,3.386,1332000,3.385,372700,3.384,167100,3.383,778100,3.382,792000,3.381,444600,3.38,738600,3.379,40000,3.378,99700,3.388,201200,3.389,359200,3.39,135500,3.391,303600,3.392,247100,3.393,164000,3.394,42600,3.395,58100,3.396,10100,3.397,103400
2020-09-03 09:34:15.220,3.388,247900.0,3.395,3.3885980000000004,3.394,3.398,3.388,1673900,3.387,2911800,3.386,1372000,3.385,375700,3.384,167100,3.383,878100,3.382,692000,3.381,444600,3.38,738600,3.379,40000,3.389,359200,3.39,135500,3.391,303600,3.392,144100,3.393,264000,3.394,42600,3.395,58100,3.396,10100,3.397,103400,3.398,42500
2020-09-03 09:34:19.940,3.389,267200.0,3.395,3.388608,3.394,3.398,3.389,455500,3.388,2572900,3.387,1291100,3.386,1465000,3.385,265700,3.384,74100,3.383,878100,3.382,692000,3.381,506800,3.38,376500,3.39,135500,3.391,96600,3.392,444100,3.393,210100,3.394,104500,3.395,58100,3.396,10100,3.397,103400,3.398,42500,3.399,176100
2020-09-03 09:34:21.430,3.389,11000.0,3.395,3.388608,3.393,3.398,3.389,444500,3.388,1717800,3.387,311100,3.386,1094900,3.385,265700,3.384,174100,3.383,685100,3.382,754100,3.381,444600,3.38,677100,3.39,42500,3.391,96600,3.392,444100,3.393,110100,3.394,142600,3.395,120000,3.396,10100,3.397,103400,3.398,42500,3.399,176100
2020-09-03 09:34:25.800,3.389,3900.0,3.395,3.388608,3.393,3.398,3.389,440600,3.388,1717800,3.387,11100,3.386,1487900,3.385,267700,3.384,174100,3.383,685100,3.382,754100,3.381,438500,3.38,377300,3.39,42500,3.391,436600,3.392,144100,3.393,203100,3.394,142600,3.395,120000,3.396,10100,3.397,103400,3.398,42500,3.399,176100
2020-09-03 09:34:28.140,3.389,71700.0,3.395,3.388612,3.393,3.398,3.389,383900,3.388,1717800,3.387,11100,3.386,587900,3.385,267700,3.384,174100,3.383,685100,3.382,754100,3.381,443500,3.38,677300,3.39,24700,3.391,436600,3.392,144100,3.393,203100,3.394,150600,3.395,120500,3.396,10100,3.397,103400,3.398,42500,3.399,176100
2020-09-03 09:34:32.060,3.389,362600.0,3.395,3.388625,3.393,3.398,3.389,26900,3.388,1642800,3.387,11100,3.386,494900,3.385,277700,3.384,174100,3.383,685100,3.382,754100,3.381,443500,3.38,687300,3.39,37700,3.391,343600,3.392,144100,3.393,203100,3.394,155600,3.395,120500,3.396,10100,3.397,103500,3.398,42500,3.399,176100
2020-09-03 09:34:33.340,3.389,10100.0,3.395,3.388625,3.393,3.398,3.389,17400,3.388,1642800,3.387,104100,3.386,494900,3.385,267700,3.384,174100,3.383,685100,3.382,754100,3.381,443500,3.38,387300,3.39,37600,3.391,343600,3.392,237100,3.393,208100,3.394,155600,3.395,120500,3.396,10100,3.397,103500,3.398,42500,3.399,176100
2020-09-03 09:34:35.750,3.39,6200.0,3.395,3.3886260000000004,3.393,3.398,3.389,17200,3.388,1651700,3.387,104100,3.386,401900,3.385,267700,3.384,174100,3.383,685100,3.382,754100,3.381,443500,3.38,687800,3.39,31600,3.391,343600,3.392,237100,3.393,115100,3.394,155600,3.395,120500,3.396,10100,3.397,103500,3.398,42500,3.399,176100
2020-09-03 09:34:40.500,3.39,130000.0,3.395,3.388647,3.393,3.398,3.39,35000,3.389,20200,3.388,751700,3.387,104100,3.386,494400,3.385,367700,3.384,74100,3.383,685100,3.382,754100,3.381,443500,3.391,268600,3.392,237100,3.393,208100,3.394,55600,3.395,228500,3.396,10100,3.397,103500,3.398,42500,3.399,176100,3.4,365800
2020-09-03 09:34:42.390,3.39,4000.0,3.395,3.3886480000000003,3.393,3.398,3.39,31700,3.389,20500,3.388,751700,3.387,404100,3.386,194400,3.385,367700,3.384,74100,3.383,747200,3.382,692600,3.381,443500,3.392,592200,3.393,208100,3.394,55600,3.395,166600,3.396,72000,3.397,103500,3.398,42500,3.399,176100,3.4,365800,3.401,86900
2020-09-03 09:34:46.290,3.39,15300.0,3.395,3.38865,3.393,3.398,3.39,16700,3.389,25500,3.388,751700,3.387,311100,3.386,194400,3.385,367700,3.384,74100,3.383,747200,3.382,692600,3.381,743500,3.392,218900,3.393,578100,3.394,55600,3.395,166600,3.396,10100,3.397,165400,3.398,42500,3.399,174100,3.4,365800,3.401,86900
2020-09-03 09:34:49.670,3.391,26700.0,3.395,3.3886540000000003,3.393,3.398,3.39,1700,3.389,14300,3.388,844700,3.387,11000,3.386,494400,3.385,367700,3.384,74100,3.383,747200,3.382,692600,3.381,443500,3.391,28300,3.392,568900,3.393,278100,3.394,148600,3.395,166600,3.396,11100,3.397,165400,3.398,42500,3.399,174100,3.4,365800
2020-09-03 09:34:55.020,3.389,16500.0,3.395,3.3886540000000003,3.392,3.398,3.388,844700,3.387,404000,3.386,213300,3.385,285700,3.384,74100,3.383,757200,3.382,692600,3.381,743500,3.38,397800,3.379,40000,3.389,163600,3.39,43000,3.391,305500,3.392,208900,3.393,485100,3.394,241600,3.395,66600,3.396,119100,3.397,165400,3.398,42500
2020-09-03 09:34:58.310,3.389,100.0,3.395,3.3886540000000003,3.392,3.398,3.388,751700,3.387,474000,3.386,113300,3.385,295700,3.384,174100,3.383,745100,3.382,692600,3.381,805700,3.38,397800,3.379,40000,3.389,163500,3.39,43000,3.391,5500,3.392,448900,3.393,119900,3.394,310500,3.395,66600,3.396,21100,3.397,103500,3.398,43200
2020-09-03 09:35:01.180,3.389,34400.0,3.395,3.3886550000000004,3.393,3.398,3.388,751700,3.387,464100,3.386,206300,3.385,295700,3.384,174100,3.383,745100,3.382,692600,3.381,505700,3.38,697800,3.379,40000,3.389,129100,3.39,63000,3.391,98500,3.392,448900,3.393,119900,3.394,310500,3.395,66600,3.396,21100,3.397,103500,3.398,43200
2020-09-03 09:35:02.960,3.389,30000.0,3.395,3.3886559999999997,3.393,3.398,3.388,53900,3.387,331100,3.386,206300,3.385,295700,3.384,174100,3.383,745100,3.382,692600,3.381,505700,3.38,697800,3.379,40000,3.389,114100,3.39,75500,3.391,198500,3.392,448900,3.393,19900,3.394,217500,3.395,66600,3.396,21200,3.397,103500,3.398,43200
2020-09-03 09:35:07.580,3.389,350300.0,3.395,3.388637,3.393,3.398,3.388,3900,3.387,71100,3.386,206300,3.385,389800,3.384,174100,3.383,745100,3.382,692600,3.381,505700,3.38,398800,3.379,40000,3.389,113800,3.39,75500,3.391,198500,3.392,241900,3.393,319900,3.394,217500,3.395,66600,3.396,21300,3.397,103500,3.398,43200
2020-09-03 09:35:09.430,3.389,1000.0,3.395,3.388637,3.394,3.398,3.388,1597800,3.387,1100,3.386,506300,3.385,389800,3.384,174100,3.383,745100,3.382,692600,3.381,505700,3.38,708800,3.379,40000,3.389,142800,3.39,105500,3.391,498500,3.392,241900,3.393,19900,3.394,217500,3.395,66600,3.396,21300,3.397,111500,3.398,43200
2020-09-03 09:35:13.980,3.388,124600.0,3.395,3.3886309999999997,3.394,3.398,3.388,1473300,3.387,1201100,3.386,506300,3.385,389800,3.384,174100,3.383,745100,3.382,692600,3.381,505700,3.38,708800,3.379,40000,3.389,142700,3.39,103000,3.391,548500,3.392,241900,3.393,19900,3.394,217500,3.395,66600,3.396,21300,3.397,111500,3.398,43200
2020-09-03 09:35:14.940,3.388,100000.0,3.395,3.3886260000000004,3.394,3.398,3.388,1383500,3.387,1201100,3.386,506300,3.385,389800,3.384,74100,3.383,845100,3.382,692600,3.381,505700,3.38,408800,3.379,40000,3.389,162700,3.39,143000,3.391,548500,3.392,241900,3.393,119900,3.394,117500,3.395,66600,3.396,21300,3.397,111500,3.398,43200
2020-09-03 09:35:20.110,3.388,17600.0,3.395,3.3886260000000004,3.394,3.398,3.388,1381000,3.387,901100,3.386,208300,3.385,689800,3.384,74100,3.383,845100,3.382,692600,3.381,805700,3.38,408800,3.379,43000,3.389,127600,3.39,100000,3.391,548500,3.392,241900,3.393,119900,3.394,117500,3.395,66600,3.396,21300,3.397,111500,3.398,51200
2020-09-03 09:35:21.820,3.389,100.0,3.395,3.3886260000000004,3.393,3.398,3.388,1381000,3.387,901100,3.386,208300,3.385,689800,3.384,74100,3.383,845100,3.382,692600,3.381,505700,3.38,409100,3.379,343000,3.389,147500,3.39,400000,3.391,248500,3.392,241900,3.393,119900,3.394,117500,3.395,66600,3.396,21300,3.397,111500,3.398,51200
2020-09-03 09:35:25.030,3.388,11900.0,3.395,3.3886260000000004,3.393,3.398,3.388,469100,3.387,901100,3.386,115300,3.385,689800,3.384,174100,3.383,745100,3.382,692600,3.381,505700,3.38,709100,3.379,43000,3.389,147500,3.39,407000,3.391,248500,3.392,241900,3.393,19900,3.394,217500,3.395,66600,3.396,21300,3.397,111500,3.398,51200
2020-09-03 09:35:28.700,3.389,44700.0,3.395,3.3886230000000004,3.393,3.398,3.388,426000,3.387,901100,3.386,149200,3.385,589800,3.384,74100,3.383,845100,3.382,692600,3.381,505700,3.38,709100,3.379,43000,3.389,145900,3.39,407000,3.391,248500,3.392,241900,3.393,119900,3.394,117500,3.395,66600,3.396,26300,3.397,111500,3.398,51200
2020-09-03 09:35:30.750,3.388,340000.0,3.395,3.388607,3.393,3.398,3.388,90100,3.387,1100,3.386,149400,3.385,555900,3.384,274100,3.383,745100,3.382,692600,3.381,505700,3.38,409100,3.379,343000,3.389,150900,3.39,417000,3.391,248500,3.392,148900,3.393,19900,3.394,217500,3.395,66600,3.396,26300,3.397,111500,3.398,51200
2020-09-03 09:35:33.760,3.389,24600.0,3.395,3.388607,3.393,3.398,3.388,85500,3.387,1100,3.386,149400,3.385,348900,3.384,474100,3.383,845100,3.382,693600,3.381,505700,3.38,409100,3.379,343000,3.389,170900,3.39,417000,3.391,248500,3.392,241900,3.393,169900,3.394,117500,3.395,66600,3.396,26300,3.397,111500,3.398,51200
2020-09-03 09:35:37.060,3.389,3500.0,3.395,3.388607,3.393,3.398,3.388,85500,3.387,1100,3.386,449400,3.385,348900,3.384,274100,3.383,745100,3.382,693600,3.381,505700,3.38,419100,3.379,43000,3.389,167400,3.39,117000,3.391,548500,3.392,236900,3.393,69900,3.394,217500,3.395,66200,3.396,26300,3.397,111500,3.398,51200
2020-09-03 09:35:40.670,3.389,162400.0,3.395,3.388612,3.392,3.398,3.389,177600,3.388,1084600,3.387,171100,3.386,346400,3.385,196800,3.384,174100,3.383,745100,3.382,993600,3.381,505700,3.38,419400,3.39,47000,3.391,55500,3.392,343900,3.393,164900,3.394,317500,3.395,66200,3.396,26300,3.397,111500,3.398,51200,3.399,182300
2020-09-03 09:35:41.990,3.389,4000.0,3.395,3.388612,3.392,3.398,3.389,1673700,3.388,985500,3.387,464100,3.386,139200,3.385,196800,3.384,174100,3.383,745100,3.382,1055700,3.381,443500,3.38,419400,3.39,51000,3.391,75500,3.392,136900,3.393,557900,3.394,255600,3.395,128100,3.396,26300,3.397,111500,3.398,51200,3.399,182300
2020-09-03 09:35:45.460,3.389,8500.0,3.395,3.388613,3.393,3.398,3.389,1665200,3.388,1273400,3.387,264100,3.386,139200,3.385,196800,3.384,174100,3.383,745100,3.382,755700,3.381,443500,3.38,419600,3.39,51000,3.391,55500,3.392,136900,3.393,557900,3.394,255600,3.395,128100,3.396,26300,3.397,111500,3.398,51200,3.399,182300
2020-09-03 09:35:48.340,3.39,57000.0,3.395,3.3886190000000003,3.393,3.398,3.39,914200,3.389,1365500,3.388,1343400,3.387,264100,3.386,146200,3.385,197000,3.384,174100,3.383,1045100,3.382,755700,3.381,443500,3.391,55500,3.392,136900,3.393,157900,3.394,555600,3.395,228100,3.396,26300,3.397,111500,3.398,51200,3.399,182300,3.4,373800
2020-09-03 09:35:52.740,3.39,24100.0,3.395,3.3886220000000002,3.393,3.398,3.39,894200,3.389,1065400,3.388,409300,3.387,194100,3.386,147200,3.385,297000,3.384,74100,3.383,807200,3.382,693600,3.381,443500,3.391,51400,3.392,156900,3.393,457900,3.394,155600,3.395,266200,3.396,88200,3.397,111500,3.398,51200,3.399,182300,3.4,373800
2020-09-03 09:35:53.370,3.391,8600.0,3.395,3.3886230000000004,3.393,3.398,3.39,894200,3.389,165400,3.388,502300,3.387,194100,3.386,54200,3.385,297000,3.384,74100,3.383,807200,3.382,693600,3.381,443500,3.391,42800,3.392,63900,3.393,157900,3.394,548600,3.395,266200,3.396,88200,3.397,111500,3.398,51200,3.399,182300,3.4,373800
2020-09-03 09:35:58.550,3.391,52600.0,3.395,3.388633,3.392,3.398,3.391,547500,3.39,1853200,3.389,635400,3.388,50200,3.387,1100,3.386,154200,3.385,197000,3.384,74100,3.383,1107200,3.382,693600,3.392,43900,3.393,64900,3.394,355600,3.395,166200,3.396,288800,3.397,111500,3.398,51200,3.399,182300,3.4,373800,3.401,94700
2020-09-03 09:36:00.840,3.391,14000.0,3.395,3.388636,3.393,3.398,3.391,537900,3.39,1794200,3.389,618400,3.388,103200,3.387,1100,3.386,154200,3.385,197000,3.384,136200,3.383,1045100,3.382,693600,3.392,39500,3.393,124900,3.394,448600,3.395,259200,3.396,126900,3.397,173400,3.398,51200,3.399,182300,3.4,373800,3.401,94700
2020-09-03 09:36:04.750,3.391,27700.0,3.395,3.3886410000000002,3.393,3.398,3.391,215100,3.39,894200,3.389,278400,3.388,462300,3.387,101100,3.386,154200,3.385,197000,3.384,136200,3.383,745100,3.382,993600,3.392,59500,3.393,134900,3.394,548600,3.395,259200,3.396,126900,3.397,173400,3.398,51200,3.399,182300,3.4,373800,3.401,94700
2020-09-03 09:36:05.950,3.391,100900.0,3.395,3.3886589999999996,3.393,3.398,3.391,114200,3.39,10000,3.389,278400,3.388,162300,3.387,401100,3.386,143300,3.385,197000,3.384,136200,3.383,745100,3.382,693600,3.392,400500,3.393,234900,3.394,248600,3.395,159200,3.396,126900,3.397,173400,3.398,51200,3.399,182300,3.4,373800,3.401,94700
2020-09-03 09:36:10.510,3.391,114200.0,3.395,3.388679,3.393,3.398,3.39,14800,3.389,278400,3.388,462300,3.387,101100,3.386,143300,3.385,197000,3.384,136200,3.383,745100,3.382,993600,3.381,443500,3.391,9100,3.392,100600,3.393,544900,3.394,248600,3.395,159200,3.396,126900,3.397,173400,3.398,51200,3.399,182300,3.4,373800
2020-09-03 09:36:14.720,3.39,8000.0,3.395,3.388679,3.393,3.398,3.39,21300,3.389,278400,3.388,462300,3.387,106100,3.386,143300,3.385,183700,3.384,74100,3.383,1107200,3.382,693600,3.381,443500,3.391,54100,3.392,60900,3.393,444900,3.394,248600,3.395,259200,3.396,188800,3.397,111500,3.398,51200,3.399,182300,3.4,333800
2020-09-03 09:36:17.360,3.391,22000.0,3.395,3.3886830000000003,3.393,3.398,3.39,621300,3.389,278400,3.388,462300,3.387,106100,3.386,43300,3.385,283700,3.384,74100,3.383,807200,3.382,993600,3.381,443500,3.391,64600,3.392,63900,3.393,444900,3.394,243600,3.395,359200,3.396,88800,3.397,110500,3.398,51200,3.399,182300,3.4,333800
2020-09-03 09:36:20.400,3.392,67400.0,3.395,3.388695,3.393,3.398,3.39,621300,3.389,485400,3.388,10200,3.387,6100,3.386,143300,3.385,183700,3.384,74100,3.383,1107200,3.382,693600,3.381,443500,3.392,61100,3.393,134900,3.394,450600,3.395,166200,3.396,188800,3.397,110500,3.398,51200,3.399,118300,3.4,333800,3.401,95500
2020-09-03 09:36:23.400,3.391,45200.0,3.395,3.388703,3.393,3.398,3.39,773100,3.389,419400,3.388,203200,3.387,199100,3.386,43300,3.385,183700,3.384,74100,3.383,1107200,3.382,693600,3.381,444300,3.391,982400,3.392,53900,3.393,134900,3.394,543600,3.395,259200,3.396,26900,3.397,272400,3.398,51200,3.399,118300,3.4,333800
2020-09-03 09:36:24.380,3.391,911500.0,3.395,3.3888480000000003,3.393,3.398,3.39,773100,3.389,449400,3.388,203200,3.387,99100,3.386,143300,3.385,183700,3.384,374100,3.383,807200,3.382,693600,3.381,444300,3.391,72100,3.392,40900,3.393,187900,3.394,443600,3.395,166200,3.396,188800,3.397,110500,3.398,51200,3.399,118300,3.4,333800
2020-09-03 09:36:27.880,3.392,96500.0,3.395,3.3888629999999997,3.393,3.398,3.391,207900,3.39,773000,3.389,449400,3.388,203200,3.387,99100,3.386,143200,3.385,183700,3.384,374100,3.383,807200,3.382,693600,3.392,36600,3.393,187900,3.394,443600,3.395,166200,3.396,188800,3.397,110500,3.398,51200,3.399,118300,3.4,333800,3.401,95500
2020-09-03 09:36:32.410,3.392,39400.0,3.395,3.388871,3.393,3.398,3.392,132700,3.391,505100,3.39,947900,3.389,90300,3.388,103200,3.387,199100,3.386,43200,3.385,183700,3.384,436200,3.383,745100,3.393,167900,3.394,143600,3.395,466200,3.396,126900,3.397,272400,3.398,51200,3.399,118300,3.4,333800,3.401,95500,3.402,366300
2020-09-03 09:36:35.570,3.392,5000.0,3.395,3.388872,3.393,3.398,3.392,127700,3.391,505100,3.39,406900,3.389,120300,3.388,10200,3.387,199100,3.386,43200,3.385,545800,3.384,74100,3.383,745100,3.393,74900,3.394,203600,3.395,466200,3.396,126900,3.397,210500,3.398,113100,3.399,118300,3.4,333800,3.401,95500,3.402,366300
2020-09-03 09:36:38.510,3.392,31900.0,3.395,3.388879,3.394,3.398,3.392,95800,3.391,505100,3.39,499900,3.389,120300,3.388,12200,3.387,106100,3.386,43200,3.385,545800,3.384,74100,3.383,745100,3.393,74900,3.394,70600,3.395,559200,3.396,126900,3.397,210500,3.398,113100,3.399,118300,3.4,333800,3.401,95500,3.402,366300
2020-09-03 09:36:41.290,3.393,15600.0,3.395,3.3888830000000003,3.394,3.398,3.392,90600,3.391,535100,3.39,140900,3.389,113300,3.388,462200,3.387,101100,3.386,43200,3.385,545800,3.384,74100,3.383,745100,3.393,64500,3.394,50600,3.395,159200,3.396,519900,3.397,760500,3.398,113100,3.399,118300,3.4,333800,3.401,95500,3.402,366300
2020-09-03 09:36:44.430,3.392,1000.0,3.395,3.3888839999999996,3.394,3.398,3.392,89700,3.391,634100,3.39,240900,3.389,113300,3.388,562200,3.387,1100,3.386,43000,3.385,545800,3.384,74100,3.383,745100,3.393,64400,3.394,50600,3.395,159200,3.396,519900,3.397,660500,3.398,213100,3.399,118300,3.4,333800,3.401,95500,3.402,366300
2020-09-03 09:36:45.470,3.393,500.0,3.395,3.3888839999999996,3.394,3.398,3.392,102000,3.391,634100,3.39,240900,3.389,113500,3.388,462200,3.387,101100,3.386,43000,3.385,545800,3.384,74100,3.383,745100,3.393,64200,3.394,50700,3.395,159200,3.396,519900,3.397,760500,3.398,113100,3.399,118300,3.4,333800,3.401,95500,3.402,366300
2020-09-03 09:36:50.090,3.392,60400.0,3.395,3.3889,3.394,3.398,3.392,88500,3.391,634100,3.39,240900,3.389,113500,3.388,562200,3.387,1100,3.386,43000,3.385,545800,3.384,74100,3.383,745100,3.393,17300,3.394,55700,3.395,159200,3.396,519900,3.397,660500,3.398,213100,3.399,118300,3.4,333800,3.401,95500,3.402,366300
2020-09-03 09:36:51.820,3.392,8300.0,3.395,3.388902,3.394,3.398,3.392,80200,3.391,604100,3.39,241300,3.389,20500,3.388,462200,3.387,101100,3.386,43000,3.385,245800,3.384,74100,3.383,745100,3.393,18200,3.394,65700,3.395,259200,3.396,426900,3.397,760500,3.398,113100,3.399,118300,3.4,333800,3.401,95500,3.402,366300
2020-09-03 09:36:56.070,3.393,9000.0,3.395,3.388904,3.394,3.398,3.392,82200,3.391,207400,3.39,460300,3.389,213500,3.388,462200,3.387,101100,3.386,43000,3.385,245800,3.384,374100,3.383,745100,3.393,41200,3.394,125700,3.395,559200,3.396,219900,3.397,760500,3.398,113100,3.399,118300,3.4,343800,3.401,95500,3.402,366300
2020-09-03 09:36:59.100,3.392,7600.0,3.395,3.3889050000000003,3.395,3.398,3.392,74600,3.391,207400,3.39,160300,3.389,513500,3.388,562200,3.387,1100,3.386,43000,3.385,248100,3.384,374100,3.383,739900,3.393,345200,3.394,125700,3.395,559200,3.396,219900,3.397,660500,3.398,213100,3.399,118300,3.4,343800,3.401,95500,3.402,366300
2020-09-03 09:37:02.050,3.392,188600.0,3.395,3.3889519999999997,3.394,3.398,3.391,207400,3.39,8300,3.389,413500,3.388,462200,3.387,101000,3.386,43000,3.385,248000,3.384,74100,3.383,1039800,3.382,693600,3.392,291900,3.393,238800,3.394,105700,3.395,466200,3.396,119900,3.397,660500,3.398,113100,3.399,125300,3.4,343800,3.401,95500
2020-09-03 09:37:04.420,3.391,207600.0,3.395,3.38898,3.394,3.398,3.39,8300,3.389,265600,3.388,862200,3.387,101000,3.386,43000,3.385,185900,3.384,136200,3.383,747800,3.382,993600,3.381,439300,3.392,102100,3.393,1065700,3.394,298700,3.395,266200,3.396,119900,3.397,722400,3.398,51200,3.399,125300,3.4,355800,3.401,95500
2020-09-03 09:37:06.470,3.39,8300.0,3.395,3.388981,3.394,3.398,3.389,113500,3.388,862200,3.387,94000,3.386,143000,3.385,185900,3.384,74100,3.383,1109900,3.382,693600,3.381,439300,3.38,444600,3.39,165600,3.392,107100,3.393,765700,3.394,606000,3.395,359200,3.396,126900,3.397,622400,3.398,51200,3.399,125300,3.4,355800
2020-09-03 09:37:09.840,3.39,170000.0,3.395,3.388992,3.394,3.398,3.389,481000,3.388,672200,3.387,94000,3.386,43000,3.385,285900,3.384,74100,3.383,747800,3.382,755700,3.381,439300,3.38,444600,3.392,37500,3.393,695700,3.394,167900,3.395,521100,3.396,326900,3.397,560500,3.398,51200,3.399,125300,3.4,355800,3.401,95500
2020-09-03 09:37:15.400,3.392,100.0,3.395,3.388992,3.394,3.398,3.39,1500000,3.389,181000,3.388,672200,3.387,187000,3.386,43000,3.385,285900,3.384,374100,3.383,810000,3.382,693000,3.381,439300,3.392,72400,3.393,191800,3.394,160900,3.395,759200,3.396,126900,3.397,622400,3.398,51200,3.399,125300,3.4,355800,3.401,95500
2020-09-03 09:37:18.270,3.39,400.0,3.395,3.388992,3.394,3.398,3.39,1199600,3.389,481000,3.388,632200,3.387,194000,3.386,43000,3.385,185900,3.384,74100,3.383,1110000,3.382,693000,3.381,464300,3.392,68900,3.393,361800,3.394,460900,3.395,266200,3.396,26900,3.397,722400,3.398,51200,3.399,125300,3.4,355800,3.401,95500
2020-09-03 09:37:22.300,3.392,100.0,3.395,3.388992,3.394,3.398,3.39,899600,3.389,481100,3.388,632200,3.387,1000,3.386,43000,3.385,285900,3.384,374100,3.383,810000,3.382,693000,3.381,464300,3.392,68800,3.393,261800,3.394,167900,3.395,656200,3.396,26900,3.397,622400,3.398,51200,3.399,125300,3.4,355800,3.401,95500
2020-09-03 09:37:25.730,3.392,26000.0,3.395,3.388996,3.394,3.398,3.39,887600,3.389,481100,3.388,725200,3.387,194000,3.386,43000,3.385,185900,3.384,74100,3.383,810000,3.382,693000,3.381,464300,3.392,54800,3.393,258500,3.394,260900,3.395,649200,3.396,26900,3.397,722400,3.398,51200,3.399,125300,3.4,360100,3.401,95500
2020-09-03 09:37:28.520,3.39,12800.0,3.395,3.388996,3.394,3.398,3.39,1204800,3.389,181100,3.388,725200,3.387,194000,3.386,43000,3.385,182900,3.384,374100,3.383,810000,3.382,693000,3.381,464300,3.392,64800,3.393,208500,3.394,260900,3.395,654200,3.396,26900,3.397,722400,3.398,51200,3.399,125300,3.4,360100,3.401,95500
2020-09-03 09:37:32.530,3.392,25900.0,3.395,3.3890010000000004,3.394,3.398,3.391,399000,3.39,945000,3.389,126200,3.388,595200,3.387,94000,3.386,343000,3.385,282900,3.384,74100,3.383,810000,3.382,693000,3.392,315800,3.393,188500,3.394,160900,3.395,454200,3.396,426900,3.397,622400,3.398,51200,3.399,125300,3.4,360100,3.401,95500
2020-09-03 09:37:34.430,3.392,320800.0,3.395,3.3890629999999997,3.394,3.398,3.392,887100,3.391,469300,3.39,1045000,3.389,126200,3.388,462200,3.387,101000,3.386,343000,3.385,182900,3.384,136200,3.383,747900,3.393,188500,3.394,77900,3.395,161200,3.396,426900,3.397,822400,3.398,51200,3.399,125300,3.4,360100,3.401,95500,3.402,366300
2020-09-03 09:37:36.660,3.393,214800.0,3.395,3.3891160000000005,3.394,3.398,3.393,691600,3.392,1210900,3.391,169300,3.39,1178000,3.389,109200,3.388,462200,3.387,401000,3.386,43000,3.385,245000,3.384,74100,3.394,77900,3.395,254200,3.396,119900,3.397,1060500,3.398,213100,3.399,125300,3.4,360100,3.401,95500,3.402,366300,3.403,38200
2020-09-03 09:37:40.410,3.393,200.0,3.395,3.3891160000000005,3.394,3.398,3.393,391300,3.392,950900,3.391,495700,3.39,493200,3.389,109200,3.388,562200,3.387,1000,3.386,405100,3.385,182900,3.384,74100,3.394,77900,3.395,254200,3.396,419900,3.397,660500,3.398,251200,3.399,187100,3.4,360100,3.401,95500,3.402,366300,3.403,38200
2020-09-03 09:37:47.160,3.393,100.0,3.395,3.3891160000000005,3.395,3.398,3.393,92800,3.392,1250900,3.391,100800,3.39,393200,3.389,109200,3.388,562200,3.387,301000,3.386,105100,3.385,182900,3.384,74100,3.394,84900,3.395,260200,3.396,119900,3.397,960500,3.398,251200,3.399,186100,3.4,360100,3.401,95500,3.402,366300,3.403,38200
2020-09-03 09:37:49.720,3.395,289600.0,3.395,3.3892160000000002,3.395,3.398,3.395,15400,3.393,182700,3.392,1378200,3.391,193800,3.39,393200,3.389,516200,3.388,562200,3.387,1000,3.386,105100,3.385,182900,3.396,119900,3.397,753500,3.398,551200,3.399,186100,3.4,360100,3.401,95500,3.402,366300,3.403,38200,3.404,124500,3.405,245300
2020-09-03 09:37:52.040,3.393,40100.0,3.395,3.3892279999999997,3.395,3.398,3.393,70400,3.392,1208200,3.391,26700,3.39,850200,3.389,966200,3.388,374200,3.387,1000,3.386,43000,3.385,182900,3.384,74100,3.394,510500,3.396,22800,3.397,580500,3.398,151200,3.399,124300,3.4,460100,3.401,157300,3.402,366300,3.403,38200,3.404,124500
2020-09-03 09:37:55.270,3.394,13200.0,3.395,3.389232,3.396,3.398,3.393,140400,3.392,1466100,3.391,669700,3.39,450200,3.389,16200,3.388,412200,3.387,1000,3.386,105100,3.385,182900,3.384,74100,3.394,497300,3.395,2300,3.396,119700,3.397,510500,3.398,251200,3.399,279100,3.4,810100,3.401,95500,3.402,366300,3.403,38200
2020-09-03 09:37:59.180,3.395,556700.0,3.395,3.389387,3.396,3.398,3.395,298800,3.394,1057700,3.393,183300,3.392,1111200,3.391,569700,3.39,955200,3.389,116200,3.388,12200,3.387,1000,3.386,105100,3.396,159700,3.397,110500,3.398,51200,3.399,791100,3.4,810900,3.401,95500,3.402,366300,3.403,38200,3.404,124500,3.405,245300
2020-09-03 09:38:02.350,3.397,177200.0,3.395,3.3894629999999997,3.396,3.398,3.397,122800,3.395,1483100,3.394,833000,3.393,1380100,3.392,1001200,3.391,476700,3.39,555200,3.389,16200,3.388,74200,3.387,1000,3.398,51200,3.399,529300,3.4,1010900,3.401,257300,3.402,366300,3.403,38200,3.404,124500,3.405,245300,3.406,392300,3.407,66900
2020-09-03 09:38:03.830,3.397,29500.0,3.395,3.389476,3.396,3.398,3.397,98300,3.396,164900,3.395,1883100,3.394,668100,3.393,914100,3.392,1008200,3.391,476700,3.39,517200,3.389,16200,3.388,12000,3.398,46200,3.399,136300,3.4,810900,3.401,395500,3.402,566300,3.403,100000,3.404,124500,3.405,245300,3.406,392300,3.407,66900
2020-09-03 09:38:07.450,3.397,96300.0,3.395,3.3895230000000005,3.397,3.398,3.398,164900,3.397,548200,3.396,110100,3.395,97300,3.394,1261400,3.393,14100,3.392,1308300,3.391,476700,3.39,517200,3.389,16200,3.399,136300,3.4,900900,3.401,188500,3.402,466300,3.403,200000,3.404,524500,3.405,245300,3.406,392300,3.407,66900,3.408,61600
2020-09-03 09:38:10.330,3.399,152800.0,3.395,3.389607,3.397,3.398,3.399,911900,3.398,54800,3.397,488200,3.396,440100,3.395,97300,3.394,1061400,3.393,15900,3.392,1008300,3.391,538700,3.39,455200,3.4,900900,3.401,188700,3.402,466300,3.403,38200,3.404,586200,3.405,345300,3.406,392300,3.407,66900,3.408,61600,3.409,47000
2020-09-03 09:38:14.090,3.399,153600.0,3.395,3.389697,3.397,3.398,3.399,733200,3.398,394800,3.397,158200,3.396,500100,3.395,4300,3.394,861400,3.393,15900,3.392,970300,3.391,476700,3.39,475200,3.4,683000,3.401,188700,3.402,366300,3.403,38200,3.404,624500,3.405,407000,3.406,392300,3.407,66900,3.408,61600,3.409,47000
2020-09-03 09:38:15.750,3.4,52300.0,3.395,3.389728,3.399,3.398,3.399,1030900,3.398,105700,3.397,193000,3.396,500100,3.395,4300,3.394,1238600,3.393,465900,3.392,970300,3.391,26700,3.39,26200,3.4,171000,3.401,188700,3.402,459300,3.403,38200,3.404,624500,3.405,407000,3.406,392300,3.407,66900,3.408,62600,3.409,47000
2020-09-03 09:38:20.170,3.4,234200.0,3.395,3.3898639999999998,3.399,3.398,3.4,105800,3.399,721100,3.398,155700,3.397,133000,3.396,593100,3.395,104300,3.394,1046300,3.393,465900,3.392,970300,3.391,26700,3.401,95700,3.402,459300,3.403,582200,3.404,567000,3.405,507000,3.406,392300,3.407,66900,3.408,62600,3.409,47000,3.41,411600
2020-09-03 09:38:22.890,3.399,129100.0,3.395,3.389935,3.398,3.398,3.399,540500,3.398,455900,3.397,93000,3.396,593100,3.395,100100,3.394,756300,3.393,527800,3.392,908300,3.391,26700,3.39,41200,3.4,143900,3.401,91400,3.402,459300,3.403,882200,3.404,267000,3.405,445300,3.406,454000,3.407,66900,3.408,62600,3.409,47000
2020-09-03 09:38:26.050,3.4,162300.0,3.395,3.390026,3.399,3.398,3.4,569200,3.399,262100,3.398,402400,3.397,593000,3.396,93100,3.395,300100,3.394,554300,3.393,465900,3.392,89500,3.391,36700,3.401,101400,3.402,459300,3.403,891200,3.404,267000,3.405,407000,3.406,492300,3.407,66900,3.408,62600,3.409,47000,3.41,411600
2020-09-03 09:38:29.380,3.401,206400.0,3.395,3.3901529999999998,3.399,3.398,3.401,743400,3.4,1341800,3.399,222100,3.398,902400,3.396,93100,3.395,100100,3.394,454300,3.393,527800,3.392,27500,3.391,36700,3.402,326300,3.403,591200,3.404,167000,3.405,650300,3.406,554000,3.407,166900,3.408,62600,3.409,47000,3.41,411600,3.411,64000
2020-09-03 09:38:32.110,3.402,326700.0,3.395,3.390362,3.399,3.398,3.402,123400,3.401,1032000,3.4,912800,3.399,550200,3.398,455400,3.396,100100,3.395,100,3.394,516200,3.393,465900,3.392,27500,3.403,591200,3.404,172100,3.405,550300,3.406,592300,3.407,228600,3.408,62600,3.409,34200,3.41,411600,3.411,64000,3.412,122600
2020-09-03 09:38:34.320,3.403,188800.0,3.395,3.3904900000000002,3.399,3.398,3.402,1122600,3.401,872000,3.4,43600,3.399,603200,3.398,62400,3.397,400000,3.396,100,3.395,62000,3.394,454300,3.393,465900,3.403,324100,3.404,170100,3.405,250300,3.406,785300,3.407,266900,3.408,224300,3.409,34200,3.41,411600,3.411,64000,3.412,122600
2020-09-03 09:38:41.850,3.403,27400.0,3.395,3.390508,3.401,3.398,3.402,125200,3.401,374500,3.4,154500,3.399,508300,3.398,102400,3.396,450100,3.395,512000,3.394,4300,3.393,15900,3.392,200,3.403,204500,3.404,106100,3.405,646300,3.406,497300,3.407,171900,3.408,334300,3.409,34200,3.41,411600,3.411,64000,3.412,122600
2020-09-03 09:38:44.780,3.402,52600.0,3.395,3.3905410000000002,3.401,3.398,3.402,103700,3.401,514600,3.4,444100,3.399,104200,3.398,102400,3.396,450100,3.395,512000,3.394,4300,3.393,15900,3.392,200,3.403,209500,3.404,130200,3.405,346300,3.406,797300,3.407,171900,3.408,334300,3.409,34200,3.41,411600,3.411,64000,3.412,122600
2020-09-03 09:38:47.300,3.403,221900.0,3.395,3.3906870000000002,3.401,3.398,3.403,133500,3.402,138700,3.401,474600,3.4,395900,3.399,104200,3.398,2400,3.397,100000,3.396,750100,3.395,512000,3.394,4300,3.404,1086200,3.405,349300,3.406,797300,3.407,271900,3.408,139300,3.409,34200,3.41,421600,3.411,64000,3.412,122600,3.413,37200
2020-09-03 09:38:50.210,3.403,5800.0,3.395,3.3906910000000003,3.401,3.398,3.403,127700,3.402,113700,3.401,467400,3.4,96000,3.399,404200,3.398,102400,3.396,812000,3.395,450100,3.394,4300,3.393,15900,3.404,486200,3.405,349300,3.406,497300,3.407,171900,3.408,178100,3.409,95900,3.41,421600,3.411,64000,3.412,122600,3.413,37200
2020-09-03 09:38:52.200,3.403,9400.0,3.395,3.3906970000000003,3.402,3.398,3.403,155500,3.402,124900,3.401,667400,3.4,96000,3.399,104200,3.398,102400,3.396,512000,3.395,450100,3.394,4300,3.393,7400,3.404,182000,3.405,799300,3.406,797300,3.407,171900,3.408,278100,3.409,100900,3.41,446600,3.411,64000,3.412,124600,3.413,38700
2020-09-03 09:38:56.580,3.404,303000.0,3.395,3.3909050000000005,3.402,3.398,3.403,113100,3.402,183700,3.401,860100,3.4,99500,3.399,11200,3.398,102400,3.397,300000,3.396,512000,3.395,450100,3.394,4300,3.404,16900,3.405,1006300,3.406,507300,3.407,264900,3.408,278100,3.409,100900,3.41,446600,3.411,64000,3.412,124600,3.413,38700
2020-09-03 09:38:59.620,3.403,36900.0,3.395,3.3909300000000004,3.402,3.398,3.403,123600,3.402,183700,3.401,860100,3.4,99500,3.399,111200,3.398,2400,3.397,300000,3.396,512000,3.395,450100,3.394,4300,3.404,89000,3.405,1015200,3.406,521300,3.407,264900,3.408,178100,3.409,200900,3.41,446600,3.411,64000,3.412,124600,3.413,38700
2020-09-03 09:39:01.640,3.404,77300.0,3.395,3.3909800000000003,3.402,3.398,3.403,160900,3.402,164900,3.401,1230100,3.4,99500,3.399,11200,3.398,102400,3.396,512000,3.395,450100,3.394,4300,3.393,7400,3.404,78900,3.405,725200,3.406,821300,3.407,164900,3.408,278100,3.409,205900,3.41,446600,3.411,64000,3.412,124600,3.413,38700
2020-09-03 09:39:05.190,3.405,128400.0,3.395,3.3910669999999996,3.402,3.398,3.404,6700,3.403,350900,3.402,134900,3.401,730100,3.4,99500,3.399,111200,3.398,2400,3.396,522000,3.395,450100,3.394,4300,3.405,695200,3.406,513700,3.407,464900,3.408,178100,3.409,305900,3.41,446600,3.411,64000,3.412,124600,3.413,38700,3.414,66000
2020-09-03 09:39:08.430,3.404,7000.0,3.395,3.3910720000000003,3.403,3.398,3.403,367800,3.402,394900,3.401,430100,3.4,199500,3.399,11200,3.398,2400,3.397,61900,3.396,460100,3.395,450100,3.394,4300,3.404,23600,3.405,695200,3.406,513700,3.407,464900,3.408,179100,3.409,44200,3.41,628200,3.411,65900,3.412,226400,3.413,38700
2020-09-03 09:39:11.660,3.404,242700.0,3.395,3.3912410000000004,3.404,3.398,3.404,12200,3.403,406800,3.402,464900,3.401,930100,3.4,99500,3.399,111200,3.398,302400,3.396,522000,3.395,450100,3.394,4300,3.405,503500,3.406,527700,3.407,464900,3.408,179100,3.409,269900,3.41,466600,3.411,65900,3.412,226400,3.413,38700,3.414,66000
2020-09-03 09:39:14.180,3.405,104400.0,3.395,3.391311,3.404,3.398,3.405,684800,3.404,182500,3.403,876800,3.402,894900,3.401,337100,3.4,306500,3.399,561200,3.398,452400,3.397,61900,3.396,10100,3.406,434700,3.407,77600,3.408,79100,3.409,608200,3.41,628200,3.411,65900,3.412,226400,3.413,38700,3.414,66000,3.415,43700
2020-09-03 09:39:16.720,3.405,419500.0,3.395,3.391614,3.403,3.398,3.405,1587300,3.404,442500,3.403,329800,3.402,147900,3.401,637100,3.4,106500,3.399,461200,3.398,514300,3.396,10100,3.395,100,3.406,39400,3.407,78600,3.408,174900,3.409,201200,3.41,966600,3.411,127500,3.412,226400,3.413,38700,3.414,66000,3.415,43700
2020-09-03 09:39:20.560,3.406,50900.0,3.395,3.3916489999999997,3.403,3.398,3.405,1200800,3.404,372500,3.403,337400,3.402,247900,3.401,337100,3.4,106500,3.399,461200,3.398,514300,3.396,10100,3.395,5100,3.407,78600,3.408,179900,3.409,304200,3.41,966600,3.411,127500,3.412,226400,3.413,38700,3.414,66000,3.415,43700,3.416,131000
2020-09-03 09:39:23.140,3.405,18400.0,3.395,3.391662,3.404,3.398,3.405,1022400,3.404,442500,3.403,337400,3.402,247900,3.401,437100,3.4,756500,3.399,461200,3.398,64300,3.396,10100,3.395,11200,3.406,107200,3.407,78600,3.408,178900,3.409,304200,3.41,867600,3.411,165900,3.412,288000,3.413,38700,3.414,66000,3.415,43700
2020-09-03 09:39:26.730,3.406,9700.0,3.395,3.391668,3.404,3.398,3.405,572000,3.404,102500,3.403,626400,3.402,247900,3.401,337100,3.4,556500,3.399,461200,3.398,64300,3.396,10100,3.395,11200,3.406,108600,3.407,83700,3.408,935100,3.409,309200,3.41,672600,3.411,127500,3.412,226400,3.413,38700,3.414,66000,3.415,43900
2020-09-03 09:39:32.450,3.405,109300.0,3.395,3.391739,3.404,3.398,3.404,85700,3.403,207600,3.402,447900,3.401,437100,3.4,456500,3.399,461200,3.398,2400,3.397,61900,3.396,10500,3.395,11300,3.405,225700,3.406,129000,3.407,1292200,3.408,755300,3.409,234200,3.41,472600,3.411,228400,3.412,226400,3.413,38700,3.414,66000
2020-09-03 09:39:35.180,3.405,108900.0,3.395,3.391809,3.404,3.398,3.405,693200,3.404,425700,3.403,154600,3.402,554900,3.401,337100,3.4,856500,3.399,461200,3.398,2400,3.397,61900,3.396,10500,3.406,147100,3.407,992300,3.408,624800,3.409,541200,3.41,739200,3.411,66800,3.412,226400,3.413,38700,3.414,66000,3.415,43900
2020-09-03 09:39:37.730,3.405,440000.0,3.395,3.392086,3.405,3.398,3.405,323200,3.404,425700,3.403,124600,3.402,740900,3.401,337100,3.4,556500,3.399,461200,3.398,64300,3.396,10500,3.395,21300,3.406,150500,3.407,1090300,3.408,624800,3.409,334200,3.41,977600,3.411,128400,3.412,226400,3.413,38700,3.414,66000,3.415,43900
2020-09-03 09:39:41.220,3.405,23900.0,3.395,3.3921,3.405,3.398,3.405,264400,3.404,215700,3.403,483400,3.402,340900,3.401,337100,3.4,556500,3.399,761200,3.398,64300,3.396,10500,3.395,31300,3.406,149100,3.407,220300,3.408,924800,3.409,334200,3.41,677600,3.411,128400,3.412,226400,3.413,38700,3.414,66000,3.415,43900
2020-09-03 09:39:44.440,3.405,16000.0,3.395,3.3921099999999997,3.405,3.398,3.405,218900,3.404,155800,3.403,424600,3.402,240900,3.401,2600,3.4,556500,3.399,461200,3.398,364300,3.396,10500,3.395,31300,3.406,261300,3.407,220300,3.408,1024800,3.409,334200,3.41,577600,3.411,128400,3.412,226400,3.413,38700,3.414,81000,3.415,48900
2020-09-03 09:39:47.560,3.406,167600.0,3.395,3.392217,3.405,3.398,3.405,158800,3.404,195800,3.403,124600,3.402,540900,3.401,2600,3.4,553900,3.399,461200,3.398,364300,3.396,10500,3.395,31300,3.406,185600,3.407,325300,3.408,924800,3.409,334200,3.41,614300,3.411,128400,3.412,226400,3.413,38700,3.414,81000,3.415,48900
2020-09-03 09:39:49.440,3.406,166000.0,3.395,3.3923160000000006,3.405,3.398,3.405,27800,3.404,535800,3.403,236400,3.402,154900,3.401,102600,3.4,754200,3.399,461200,3.398,64300,3.396,10500,3.395,31300,3.406,183600,3.407,132300,3.408,719300,3.409,541200,3.41,622100,3.411,228400,3.412,226400,3.413,38700,3.414,81000,3.415,48900
2020-09-03 09:39:53.170,3.406,5000.0,3.395,3.392319,3.406,3.398,3.405,40000,3.404,505800,3.403,236400,3.402,697900,3.401,553100,3.4,4200,3.399,11200,3.398,64300,3.396,10500,3.395,31300,3.406,190500,3.407,279300,3.408,273900,3.409,634200,3.41,624100,3.411,229400,3.412,226400,3.413,38700,3.414,81000,3.415,48900
2020-09-03 09:39:56.350,3.405,22700.0,3.395,3.3923330000000003,3.406,3.398,3.405,64300,3.404,235800,3.403,536400,3.402,697900,3.401,553100,3.4,6200,3.399,311200,3.398,64300,3.396,10500,3.395,31300,3.406,581800,3.407,279300,3.408,573900,3.409,334200,3.41,634100,3.411,229400,3.412,228900,3.413,38700,3.414,81000,3.415,50100
2020-09-03 09:39:59.060,3.406,93200.0,3.395,3.392389,3.406,3.398,3.405,330200,3.404,264600,3.403,477600,3.402,597900,3.401,453100,3.4,102700,3.399,311200,3.398,64300,3.396,10500,3.395,31300,3.406,576400,3.407,283600,3.408,273900,3.409,634200,3.41,734100,3.411,149400,3.412,228900,3.413,38700,3.414,81000,3.415,50100
2020-09-03 09:40:02.410,3.406,41600.0,3.395,3.392415,3.406,3.398,3.405,714100,3.404,174600,3.403,484600,3.402,147900,3.401,553100,3.4,700,3.399,11200,3.398,64300,3.396,10500,3.395,31300,3.406,561900,3.407,393600,3.408,480900,3.409,334200,3.41,649800,3.411,249400,3.412,231400,3.413,38700,3.414,81000,3.415,60100
2020-09-03 09:40:05.350,3.405,79300.0,3.395,3.392463,3.406,3.398,3.405,428400,3.404,134600,3.403,184600,3.402,804900,3.401,553100,3.4,700,3.399,11200,3.398,364300,3.396,10500,3.395,31300,3.406,544700,3.407,695700,3.408,180900,3.409,246200,3.41,999800,3.411,252500,3.412,231400,3.413,38700,3.414,81000,3.415,60100
2020-09-03 09:40:08.410,3.405,112500.0,3.395,3.392529,3.406,3.398,3.405,345900,3.404,474600,3.403,277600,3.402,597900,3.401,453100,3.4,100700,3.399,11200,3.398,364300,3.396,10500,3.395,31300,3.406,534700,3.407,379700,3.408,273900,3.409,639200,3.41,1100400,3.411,152500,3.412,231400,3.413,38700,3.414,83000,3.415,60100
2020-09-03 09:40:11.330,3.405,25200.0,3.395,3.392543,3.406,3.398,3.405,350800,3.404,182700,3.403,577600,3.402,597900,3.401,453100,3.4,100700,3.399,11000,3.398,364300,3.396,10500,3.395,31300,3.406,559600,3.407,386000,3.408,673900,3.409,339200,3.41,1101400,3.411,152500,3.412,231400,3.413,38700,3.414,83000,3.415,70100
2020-09-03 09:40:13.610,3.405,540700.0,3.395,3.392846,3.406,3.398,3.405,76300,3.404,182700,3.403,577600,3.402,597900,3.401,453100,3.4,100700,3.399,11000,3.398,64300,3.396,10500,3.395,31300,3.406,539700,3.407,393800,3.408,673900,3.409,349200,3.41,1154400,3.411,152500,3.412,231400,3.413,38700,3.414,83000,3.415,70100
2020-09-03 09:40:17.000,3.406,6300.0,3.395,3.392849,3.406,3.398,3.405,110300,3.404,482700,3.403,277600,3.402,597800,3.401,453100,3.4,100700,3.399,11000,3.398,64300,3.396,10500,3.395,31300,3.406,559500,3.407,242500,3.408,373900,3.409,649200,3.41,1156400,3.411,152500,3.412,231400,3.413,38700,3.414,83000,3.415,70100
2020-09-03 09:40:20.300,3.405,165600.0,3.395,3.3929400000000003,3.406,3.398,3.405,654700,3.404,423900,3.403,84600,3.402,504800,3.401,553100,3.4,700,3.399,311000,3.398,64300,3.396,10500,3.395,31300,3.406,550400,3.407,242500,3.408,190900,3.409,571200,3.41,1056400,3.411,252500,3.412,231400,3.413,38700,3.414,83000,3.415,70100
2020-09-03 09:40:22.670,3.405,78700.0,3.395,3.392985,3.404,3.398,3.405,666000,3.404,393900,3.403,137600,3.402,147800,3.401,3100,3.4,400700,3.399,461000,3.398,64300,3.396,10500,3.395,31300,3.406,498400,3.407,242500,3.408,283900,3.409,265700,3.41,1103500,3.411,152500,3.412,231400,3.413,38700,3.414,83000,3.415,70100
2020-09-03 09:40:26.130,3.406,529200.0,3.395,3.3932830000000003,3.405,3.398,3.406,420800,3.405,666000,3.404,393900,3.403,137600,3.402,147800,3.401,3100,3.4,550700,3.399,761000,3.398,64300,3.396,10500,3.407,242500,3.408,283900,3.409,280200,3.41,1103500,3.411,252500,3.412,231400,3.413,38700,3.414,83000,3.415,70100,3.416,164400
2020-09-03 09:40:29.350,3.407,310500.0,3.395,3.3934629999999997,3.405,3.398,3.407,67500,3.406,420800,3.405,1036000,3.404,853900,3.403,137600,3.402,446400,3.401,553100,3.4,450700,3.399,72800,3.398,2400,3.408,292200,3.409,730200,3.41,603700,3.411,590900,3.412,293000,3.413,38700,3.414,83000,3.415,70100,3.416,164400,3.417,58800
2020-09-03 09:40:32.380,3.408,740700.0,3.395,3.393928,3.406,3.398,3.408,370100,3.407,711000,3.406,300300,3.405,1056000,3.404,613900,3.403,44600,3.402,153400,3.401,453100,3.4,512500,3.399,11000,3.409,299400,3.41,804000,3.411,90900,3.412,632400,3.413,200300,3.414,183000,3.415,70100,3.416,164400,3.417,58800,3.418,214100
2020-09-03 09:40:35.460,3.41,1027000.0,3.395,3.394568,3.406,3.398,3.409,96700,3.408,435000,3.407,371000,3.406,300300,3.405,603400,3.404,13900,3.403,144600,3.402,53400,3.401,64900,3.4,700,3.41,143400,3.411,90900,3.412,232400,3.413,138700,3.414,244600,3.415,470100,3.416,164400,3.417,58800,3.418,219300,3.419,118200
2020-09-03 09:40:38.350,3.41,267500.0,3.395,3.3947279999999997,3.407,3.398,3.41,286300,3.409,932700,3.408,429600,3.407,331000,3.406,300300,3.405,403400,3.404,13900,3.403,44600,3.402,115200,3.401,3100,3.411,70900,3.412,245200,3.413,38700,3.414,383000,3.415,331600,3.416,264400,3.417,58800,3.418,219300,3.419,118200,3.42,740900
2020-09-03 09:40:40.900,3.411,77400.0,3.395,3.394778,3.408,3.398,3.411,86300,3.41,484000,3.409,372700,3.408,398000,3.407,424000,3.406,300,3.405,403400,3.404,13900,3.403,95500,3.402,53400,3.412,245200,3.413,131700,3.414,481000,3.415,270100,3.416,225900,3.417,58800,3.418,219300,3.419,118200,3.42,740900,3.421,59100
2020-09-03 09:40:44.300,3.411,126200.0,3.395,3.394858,3.409,3.398,3.41,199500,3.409,372700,3.408,98000,3.407,424000,3.406,100300,3.405,3400,3.404,375600,3.403,33700,3.402,53400,3.401,3100,3.411,96500,3.412,527500,3.413,751700,3.414,181000,3.415,70100,3.416,264400,3.417,120300,3.418,219300,3.419,118200,3.42,740900
2020-09-03 09:40:47.280,3.41,13800.0,3.395,3.3948660000000004,3.409,3.398,3.41,96200,3.409,362700,3.408,98000,3.407,424000,3.406,100300,3.405,3400,3.404,13900,3.403,95500,3.402,53400,3.401,600,3.411,105000,3.412,847500,3.413,451700,3.414,481000,3.415,75800,3.416,325900,3.417,58800,3.418,219300,3.419,118200,3.42,742900
2020-09-03 09:40:50.360,3.41,18100.0,3.395,3.394876,3.409,3.398,3.41,32100,3.409,369800,3.408,98000,3.407,124000,3.406,300300,3.405,103400,3.404,13900,3.403,95500,3.402,53400,3.401,600,3.411,160700,3.412,827500,3.413,475700,3.414,481000,3.415,175900,3.416,225900,3.417,58800,3.418,220200,3.419,118200,3.42,742900
2020-09-03 09:40:53.100,3.409,27500.0,3.395,3.394892,3.409,3.398,3.41,326800,3.409,381100,3.408,5000,3.407,26800,3.406,359100,3.405,214300,3.404,13900,3.403,395500,3.402,53400,3.401,600,3.411,379100,3.412,827500,3.413,787700,3.414,388000,3.415,196600,3.416,225900,3.417,58800,3.418,220200,3.419,118200,3.42,743900
2020-09-03 09:40:56.020,3.41,88900.0,3.395,3.394946,3.41,3.398,3.41,316600,3.409,348700,3.408,98000,3.407,326800,3.406,59100,3.405,564300,3.404,105800,3.403,95500,3.402,53400,3.401,600,3.411,345100,3.412,532500,3.413,1165700,3.414,488000,3.415,96600,3.416,225900,3.417,58800,3.418,220200,3.419,118200,3.42,743900
2020-09-03 09:40:58.880,3.411,41000.0,3.395,3.394971,3.41,3.398,3.41,360700,3.409,370000,3.408,398000,3.407,119800,3.406,59100,3.405,664300,3.404,305800,3.403,92500,3.402,53400,3.401,10600,3.411,577000,3.412,533500,3.413,1165700,3.414,481000,3.415,201600,3.416,225900,3.417,58800,3.418,220200,3.419,118200,3.42,743900
2020-09-03 09:41:02.110,3.41,68800.0,3.395,3.3950129999999996,3.409,3.398,3.41,343100,3.409,362400,3.408,98000,3.407,94900,3.406,400300,3.405,464300,3.404,5800,3.403,92500,3.402,53400,3.401,10600,3.411,580800,3.412,1131700,3.413,565700,3.414,481000,3.415,101600,3.416,325900,3.417,63800,3.418,220200,3.419,118200,3.42,743900
2020-09-03 09:41:05.270,3.41,425300.0,3.395,3.395256,3.409,3.398,3.409,330000,3.408,98000,3.407,153700,3.406,100300,3.405,864300,3.404,5800,3.403,92500,3.402,353400,3.401,10600,3.4,35700,3.41,524200,3.411,888700,3.412,601700,3.413,275700,3.414,181000,3.415,201900,3.416,210900,3.417,63800,3.418,220200,3.419,121200
2020-09-03 09:41:06.900,3.411,1020200.0,3.395,3.3958230000000005,3.408,3.398,3.409,330000,3.408,67400,3.407,247100,3.406,400300,3.405,114300,3.404,455800,3.403,780700,3.402,115200,3.401,10600,3.4,35700,3.41,30300,3.411,475500,3.412,624700,3.413,182700,3.414,334000,3.415,263400,3.416,149400,3.417,63800,3.418,220200,3.419,121200
2020-09-03 09:41:11.410,3.41,87100.0,3.395,3.395868,3.409,3.398,3.409,325700,3.408,62400,3.407,154100,3.406,500300,3.405,3400,3.404,455800,3.403,480700,3.402,115300,3.401,10600,3.4,35700,3.41,318900,3.411,1079700,3.412,329700,3.413,92700,3.414,241000,3.415,168400,3.416,249400,3.417,63800,3.418,220200,3.419,121200
2020-09-03 09:41:14.350,3.409,320500.0,3.395,3.3960199999999996,3.409,3.398,3.409,5700,3.408,62400,3.407,95300,3.406,151800,3.405,503400,3.404,455800,3.403,480700,3.402,415300,3.401,10600,3.4,35700,3.41,329400,3.411,1094900,3.412,331000,3.413,186700,3.414,241000,3.415,268400,3.416,149400,3.417,63800,3.418,220200,3.419,121200
2020-09-03 09:41:14.800,3.409,5700.0,3.395,3.3960230000000005,3.408,3.398,3.408,62400,3.407,95300,3.406,151800,3.405,403400,3.404,555800,3.403,480700,3.402,415300,3.401,10600,3.4,37700,3.399,17200,3.409,296700,3.41,951900,3.411,831300,3.412,234000,3.413,197700,3.414,341000,3.415,168400,3.416,149400,3.417,63800,3.418,220200
2020-09-03 09:41:20.540,3.408,35300.0,3.395,3.396039,3.408,3.398,3.408,58300,3.407,42300,3.406,358800,3.405,103400,3.404,555800,3.403,780700,3.402,53500,3.401,72400,3.4,37700,3.399,17200,3.409,318900,3.41,840000,3.411,833400,3.412,441000,3.413,104700,3.414,402600,3.415,116900,3.416,162400,3.417,63800,3.418,220200
2020-09-03 09:41:23.450,3.408,88500.0,3.395,3.3960769999999996,3.407,3.398,3.407,42300,3.406,451800,3.405,196400,3.404,5800,3.403,880700,3.402,53500,3.401,72400,3.4,37700,3.399,17200,3.398,2800,3.408,212100,3.409,325000,3.41,540000,3.411,628300,3.412,834000,3.413,204700,3.414,302600,3.415,116900,3.416,162400,3.417,63800
2020-09-03 09:41:25.630,3.408,274000.0,3.395,3.3961910000000004,3.408,3.398,3.408,328300,3.406,491800,3.405,996400,3.404,305800,3.403,580700,3.402,53500,3.401,10600,3.4,99500,3.399,17200,3.398,2800,3.409,335500,3.41,550700,3.411,733300,3.412,635300,3.413,266300,3.414,241000,3.415,125800,3.416,172400,3.417,63800,3.418,220200
2020-09-03 09:41:29.510,3.408,38800.0,3.395,3.396208,3.408,3.398,3.408,353800,3.407,40000,3.406,791800,3.405,696400,3.404,5800,3.403,880700,3.402,53300,3.401,72400,3.4,37700,3.399,17200,3.409,305500,3.41,1050700,3.411,1033300,3.412,335300,3.413,209700,3.414,302600,3.415,126800,3.416,167400,3.417,63800,3.418,220200
2020-09-03 09:41:32.540,3.408,95000.0,3.395,3.39625,3.408,3.398,3.408,333900,3.407,380000,3.406,191800,3.405,696400,3.404,5800,3.403,580600,3.402,53300,3.401,72400,3.4,38200,3.399,17200,3.409,220100,3.41,763700,3.411,328300,3.412,635300,3.413,509700,3.414,302600,3.415,126800,3.416,167400,3.417,63800,3.418,230200
2020-09-03 09:41:35.220,3.408,24400.0,3.395,3.39626,3.408,3.398,3.408,315100,3.407,380000,3.406,40000,3.405,503400,3.404,305800,3.403,580600,3.402,53300,3.401,72400,3.4,38200,3.399,17200,3.409,221500,3.41,595900,3.411,235500,3.412,842300,3.413,210300,3.414,302600,3.415,124800,3.416,167400,3.417,63800,3.418,230200
2020-09-03 09:41:38.020,3.409,262300.0,3.395,3.3963769999999998,3.408,3.398,3.409,134900,3.408,309900,3.407,438800,3.406,533100,3.405,96400,3.404,305800,3.403,580600,3.402,53300,3.401,72400,3.4,41200,3.41,596000,3.411,349100,3.412,945300,3.413,234900,3.414,303600,3.415,124800,3.416,167400,3.417,63800,3.418,233200,3.419,121200
2020-09-03 09:41:41.340,3.411,958100.0,3.395,3.3968269999999996,3.407,3.398,3.41,33900,3.409,73000,3.408,609900,3.407,441800,3.406,193100,3.405,396400,3.404,105800,3.403,480600,3.402,115100,3.401,10600,3.411,49100,3.412,253300,3.413,134900,3.414,492000,3.415,486300,3.416,167400,3.417,63800,3.418,233200,3.419,122700,3.42,785900
2020-09-03 09:41:43.550,3.41,12700.0,3.395,3.396832,3.407,3.398,3.41,21200,3.409,140700,3.408,391100,3.407,361800,3.406,200100,3.405,396400,3.404,5800,3.403,542400,3.402,53300,3.401,10600,3.411,33800,3.412,253300,3.413,434900,3.414,392000,3.415,149600,3.416,328900,3.417,63800,3.418,233200,3.419,122700,3.42,785900
2020-09-03 09:41:47.450,3.41,23000.0,3.395,3.396843,3.407,3.398,3.409,140200,3.408,104100,3.407,303000,3.406,100,3.405,196400,3.404,5800,3.403,842400,3.402,53300,3.401,10600,3.4,41200,3.41,95100,3.411,351000,3.412,973300,3.413,328000,3.414,92000,3.415,250600,3.416,228900,3.417,63800,3.418,233200,3.419,122700
2020-09-03 09:41:50.550,3.41,13800.0,3.395,3.396849,3.408,3.398,3.409,140200,3.408,106000,3.407,3000,3.406,400100,3.405,103400,3.404,5800,3.403,480600,3.402,115100,3.401,10600,3.4,41200,3.41,387600,3.411,1124400,3.412,880300,3.413,328000,3.414,92000,3.415,312100,3.416,167400,3.417,63800,3.418,233200,3.419,122700
2020-09-03 09:41:52.620,3.409,30200.0,3.395,3.396862,3.408,3.398,3.409,120200,3.408,101800,3.407,3000,3.406,493100,3.405,103400,3.404,5800,3.403,780600,3.402,115100,3.401,10600,3.4,41200,3.41,424700,3.411,1107200,3.412,890300,3.413,421000,3.414,92000,3.415,322100,3.416,167400,3.417,63800,3.418,233200,3.419,125700
2020-09-03 09:41:56.610,3.41,3000.0,3.395,3.3968629999999997,3.408,3.398,3.409,132200,3.408,101800,3.407,3000,3.406,493100,3.405,6400,3.404,405800,3.403,480600,3.402,115100,3.401,10600,3.4,41200,3.41,428300,3.411,829300,3.412,890300,3.413,421000,3.414,192000,3.415,222200,3.416,157400,3.417,64800,3.418,233200,3.419,125700
2020-09-03 09:41:59.460,3.41,38800.0,3.395,3.396879,3.408,3.398,3.409,128700,3.408,67500,3.407,403000,3.406,93100,3.405,106400,3.404,305800,3.403,480600,3.402,115100,3.401,10600,3.4,41200,3.41,484600,3.411,814300,3.412,890300,3.413,328000,3.414,92000,3.415,322200,3.416,194400,3.417,64800,3.418,234700,3.419,125700
2020-09-03 09:42:02.300,3.41,400800.0,3.395,3.3970540000000002,3.409,3.398,3.41,770700,3.409,132800,3.408,747500,3.407,196000,3.406,93100,3.405,406400,3.404,455800,3.403,480600,3.402,115100,3.401,10600,3.411,824300,3.412,263300,3.413,628000,3.414,392000,3.415,321200,3.416,194400,3.417,64800,3.418,234700,3.419,125700,3.42,783100
2020-09-03 09:42:05.460,3.41,351600.0,3.395,3.397212,3.409,3.398,3.41,680300,3.409,172800,3.408,747500,3.407,196000,3.406,100,3.405,406400,3.404,455800,3.403,542400,3.402,53300,3.401,10600,3.411,269300,3.412,755300,3.413,435000,3.414,392000,3.415,261200,3.416,255900,3.417,64800,3.418,234700,3.419,125700,3.42,783100
2020-09-03 09:42:08.550,3.411,309100.0,3.395,3.397351,3.409,3.398,3.411,293300,3.41,978100,3.409,512800,3.408,947500,3.407,589000,3.406,6100,3.405,106400,3.404,455800,3.403,542400,3.402,53300,3.412,755300,3.413,135000,3.414,485000,3.415,321200,3.416,255900,3.417,364800,3.418,234700,3.419,125700,3.42,803100,3.421,64100
2020-09-03 09:42:11.100,3.411,309800.0,3.395,3.397497,3.41,3.398,3.411,283500,3.41,701100,3.409,318100,3.408,308800,3.407,96000,3.406,106100,3.405,6400,3.404,517500,3.403,480600,3.402,53300,3.412,455300,3.413,135000,3.414,278000,3.415,621300,3.416,697400,3.417,126300,3.418,234700,3.419,125700,3.42,805100,3.421,64100
2020-09-03 09:42:13.730,3.411,105300.0,3.395,3.3975459999999997,3.409,3.398,3.411,280900,3.41,926400,3.409,376800,3.408,408800,3.407,396000,3.406,106100,3.405,6400,3.404,517500,3.403,480600,3.402,53300,3.412,385100,3.413,135000,3.414,278000,3.415,336300,3.416,997400,3.417,126500,3.418,235000,3.419,125700,3.42,806300,3.421,64100
2020-09-03 09:42:16.180,3.412,290900.0,3.395,3.3976800000000003,3.41,3.398,3.41,626400,3.409,376800,3.408,408800,3.407,96000,3.406,106100,3.405,456400,3.404,517500,3.403,30600,3.402,53300,3.401,10600,3.411,8800,3.412,106700,3.413,138000,3.414,578000,3.415,646600,3.416,407400,3.417,126500,3.418,235000,3.419,125700,3.42,808800
2020-09-03 09:42:19.610,3.41,29500.0,3.395,3.3976910000000005,3.41,3.398,3.41,545000,3.409,243800,3.408,501800,3.407,196000,3.406,756100,3.405,456400,3.404,5800,3.403,92400,3.402,53300,3.401,10600,3.411,5800,3.412,106700,3.413,331500,3.414,185000,3.415,946600,3.416,268900,3.417,165000,3.418,235000,3.419,125700,3.42,808800
2020-09-03 09:42:23.170,3.412,31300.0,3.395,3.397705,3.41,3.398,3.41,238000,3.409,137800,3.408,401800,3.407,96000,3.406,456100,3.405,556400,3.404,5800,3.403,92400,3.402,53300,3.401,10600,3.411,101800,3.412,599800,3.413,935500,3.414,185000,3.415,578700,3.416,268900,3.417,67000,3.418,335000,3.419,125800,3.42,808800
2020-09-03 09:42:26.180,3.41,345000.0,3.395,3.3978410000000006,3.411,3.398,3.409,137800,3.408,101800,3.407,496000,3.406,556100,3.405,456400,3.404,5800,3.403,92400,3.402,53300,3.401,10600,3.4,45300,3.41,55000,3.411,1213800,3.412,593700,3.413,1442500,3.414,190000,3.415,478700,3.416,268900,3.417,167000,3.418,335000,3.419,125800
2020-09-03 09:42:28.520,3.41,1500.0,3.395,3.397842,3.41,3.398,3.409,137800,3.408,500500,3.407,96000,3.406,556100,3.405,556400,3.404,305800,3.403,30600,3.402,115100,3.401,10600,3.4,45300,3.41,898500,3.411,313800,3.412,602800,3.413,1442500,3.414,290200,3.415,640200,3.416,207400,3.417,67000,3.418,335000,3.419,125800
2020-09-03 09:42:32.020,3.41,386000.0,3.395,3.397987,3.411,3.398,3.409,142000,3.408,747500,3.407,503000,3.406,456100,3.405,856400,3.404,5800,3.403,30600,3.402,115100,3.401,10600,3.4,75300,3.41,575400,3.411,333800,3.412,1504800,3.413,1057000,3.414,197200,3.415,640200,3.416,507400,3.417,79600,3.418,335000,3.419,125800
2020-09-03 09:42:33.200,3.41,587700.0,3.395,3.398203,3.411,3.398,3.41,165300,3.409,229100,3.408,447500,3.407,596000,3.406,549100,3.405,556400,3.404,5800,3.403,30600,3.402,115100,3.401,16700,3.411,113801,3.412,1600800,3.413,752000,3.414,497200,3.415,641200,3.416,207400,3.417,79600,3.418,335000,3.419,125800,3.42,808800
2020-09-03 09:42:36.640,3.41,27500.0,3.395,3.3982120000000005,3.411,3.398,3.41,167800,3.409,269700,3.408,388800,3.407,96000,3.406,549100,3.405,856400,3.404,5800,3.403,92400,3.402,53300,3.401,16700,3.411,118801,3.412,1617700,3.413,752000,3.414,797200,3.415,579700,3.416,268900,3.417,79600,3.418,336800,3.419,125800,3.42,818800
2020-09-03 09:42:39.280,3.41,43400.0,3.395,3.398228,3.41,3.398,3.41,124400,3.409,219100,3.408,447500,3.407,196000,3.406,549100,3.405,856400,3.404,5800,3.403,92400,3.402,53300,3.401,16700,3.411,166801,3.412,1917800,3.413,852000,3.414,797200,3.415,579700,3.416,268900,3.417,79600,3.418,336800,3.419,129800,3.42,819600
2020-09-03 09:42:43.490,3.411,44000.0,3.395,3.398244,3.41,3.398,3.41,50900,3.409,239100,3.408,88800,3.407,396000,3.406,549100,3.405,556400,3.404,305800,3.403,92400,3.402,53300,3.401,16700,3.411,598200,3.412,1922800,3.413,1452000,3.414,197200,3.415,585000,3.416,268900,3.417,79600,3.418,336800,3.419,129800,3.42,815600
2020-09-03 09:42:46.900,3.41,16900.0,3.395,3.39825,3.41,3.398,3.409,239100,3.408,48800,3.407,303000,3.406,656100,3.405,456400,3.404,305800,3.403,92200,3.402,53300,3.401,16700,3.4,75300,3.411,620100,3.412,2370700,3.413,1059000,3.414,102200,3.415,485000,3.416,371900,3.417,79600,3.418,336800,3.419,129800,3.42,815600
2020-09-03 09:42:48.030,3.409,300.0,3.395,3.39825,3.41,3.398,3.409,238800,3.408,88800,3.407,396000,3.406,649100,3.405,856400,3.404,5800,3.403,30400,3.402,115100,3.401,16700,3.4,75300,3.41,68800,3.411,641200,3.412,2426509,3.413,1452000,3.414,195000,3.415,653300,3.416,271900,3.417,79600,3.418,336800,3.419,129800
2020-09-03 09:42:50.830,3.411,200000.0,3.395,3.398325,3.41,3.398,3.409,229300,3.408,88800,3.407,454800,3.406,649100,3.405,456400,3.404,105800,3.403,30400,3.402,115100,3.401,16700,3.4,85300,3.41,355000,3.411,525700,3.412,3026509,3.413,846000,3.414,295000,3.415,609800,3.416,215400,3.417,79600,3.418,336800,3.419,130800
2020-09-03 09:42:54.900,3.409,6800.0,3.395,3.3983269999999997,3.41,3.398,3.409,175800,3.408,88800,3.407,454800,3.406,749100,3.405,456400,3.404,305800,3.403,30400,3.402,115100,3.401,16700,3.4,85300,3.41,378000,3.411,832300,3.412,2677909,3.413,846000,3.414,102000,3.415,609800,3.416,315400,3.417,79600,3.418,336800,3.419,130800
2020-09-03 09:42:57.760,3.409,185800.0,3.395,3.398387,3.41,3.398,3.408,88800,3.407,454800,3.406,649100,3.405,456400,3.404,405800,3.403,30400,3.402,115100,3.401,16700,3.4,85300,3.399,17200,3.409,46701,3.41,80000,3.411,838000,3.412,2682909,3.413,829000,3.414,202000,3.415,612800,3.416,215400,3.417,79600,3.418,336800
2020-09-03 09:43:01.770,3.41,133901.0,3.395,3.398432,3.411,3.398,3.41,10600,3.409,312799,3.408,133300,3.407,544800,3.406,649100,3.405,456400,3.404,105800,3.403,30400,3.402,53300,3.401,78500,3.411,582100,3.412,2399009,3.413,829000,3.414,563600,3.415,551300,3.416,215400,3.417,79600,3.418,336800,3.419,130800,3.42,842011
2020-09-03 09:43:04.530,3.41,40600.0,3.395,3.398446,3.411,3.398,3.409,662799,3.408,133300,3.407,454800,3.406,549100,3.405,856400,3.404,5800,3.403,92200,3.402,53300,3.401,16700,3.4,85300,3.41,69000,3.411,582500,3.412,2000009,3.413,829000,3.414,702000,3.415,651300,3.416,276900,3.417,79600,3.418,336800,3.419,130800
2020-09-03 09:43:07.790,3.411,372000.0,3.395,3.3985819999999998,3.411,3.398,3.41,629000,3.409,701799,3.408,893300,3.407,454800,3.406,756100,3.405,556400,3.404,5800,3.403,30400,3.402,115100,3.401,16700,3.411,302800,3.412,1735609,3.413,729100,3.414,402000,3.415,1023900,3.416,229500,3.417,79600,3.418,336800,3.419,130800,3.42,857011
2020-09-03 09:43:10.600,3.412,1113709.0,3.395,3.398998,3.411,3.398,3.412,147091,3.411,565200,3.41,683000,3.409,390000,3.408,853300,3.407,661800,3.406,556100,3.405,456400,3.404,5800,3.403,92200,3.413,636100,3.414,117000,3.415,562400,3.416,991000,3.417,79600,3.418,336800,3.419,140800,3.42,857011,3.421,116400,3.422,243600
2020-09-03 09:43:13.880,3.412,11700.0,3.395,3.399002,3.411,3.398,3.412,135391,3.411,930000,3.41,513000,3.409,93000,3.408,513300,3.407,403000,3.406,1356100,3.405,518100,3.404,5800,3.403,30400,3.413,636100,3.414,117000,3.415,844600,3.416,1022500,3.417,179600,3.418,398300,3.419,140800,3.42,857011,3.421,116400,3.422,243600
2020-09-03 09:43:16.890,3.412,47500.0,3.395,3.3990199999999997,3.411,3.398,3.412,87891,3.411,630000,3.41,437800,3.409,151700,3.408,113300,3.407,103000,3.406,1356100,3.405,518100,3.404,5800,3.403,30400,3.413,636100,3.414,437000,3.415,844600,3.416,622500,3.417,179600,3.418,398300,3.419,140800,3.42,857011,3.421,116300,3.422,243600
2020-09-03 09:43:19.850,3.412,197091.0,3.395,3.399092,3.411,3.398,3.41,128900,3.409,93000,3.408,313300,3.407,103000,3.406,456100,3.405,518100,3.404,1205800,3.403,30400,3.402,53300,3.401,16700,3.412,461409,3.413,764100,3.414,887000,3.415,794600,3.416,322500,3.417,179600,3.418,398300,3.419,150800,3.42,857011,3.421,116300
2020-09-03 09:43:22.630,3.41,53100.0,3.395,3.3991089999999997,3.411,3.398,3.409,203000,3.408,309000,3.407,611800,3.406,456100,3.405,906400,3.404,5800,3.403,92200,3.402,53300,3.401,16700,3.4,85500,3.41,451200,3.411,295700,3.412,1955409,3.413,756100,3.414,887000,3.415,701600,3.416,322500,3.417,245600,3.418,336800,3.419,150800
2020-09-03 09:43:26.230,3.41,300000.0,3.395,3.399201,3.411,3.398,3.409,120000,3.408,689000,3.407,1104800,3.406,549100,3.405,1006400,3.404,5800,3.403,30400,3.402,115100,3.401,16700,3.4,85500,3.41,151200,3.411,302700,3.412,2049409,3.413,1128500,3.414,217000,3.415,1163100,3.416,229500,3.417,84100,3.418,336800,3.419,150800
2020-09-03 09:43:28.770,3.41,229200.0,3.395,3.3992730000000004,3.411,3.398,3.41,610000,3.409,460000,3.408,399000,3.407,1104800,3.406,1749100,3.405,106400,3.404,5800,3.403,30400,3.402,115100,3.401,16700,3.412,1432109,3.413,718500,3.414,517000,3.415,1166100,3.416,229500,3.417,84100,3.418,336800,3.419,155800,3.42,864011,3.421,117300
2020-09-03 09:43:31.160,3.41,8000.0,3.395,3.399275,3.411,3.398,3.41,636200,3.409,828700,3.408,592000,3.407,953000,3.406,1449100,3.405,106400,3.404,5800,3.403,92200,3.402,53300,3.401,16700,3.412,1379109,3.413,718500,3.414,610000,3.415,1111100,3.416,229500,3.417,145600,3.418,336800,3.419,155800,3.42,864011,3.421,117300
2020-09-03 09:43:35.210,3.41,67100.0,3.395,3.399296,3.411,3.398,3.41,299000,3.409,820000,3.408,192000,3.407,953000,3.406,1449100,3.405,106400,3.404,5800,3.403,92200,3.402,53300,3.401,16700,3.412,469409,3.413,721500,3.414,610000,3.415,1212200,3.416,229500,3.417,145600,3.418,336800,3.419,155800,3.42,864011,3.421,117300
2020-09-03 09:43:36.840,3.41,1000.0,3.395,3.3992970000000002,3.411,3.398,3.41,303000,3.409,180000,3.408,550700,3.407,1053000,3.406,1356100,3.405,406400,3.404,5800,3.403,92200,3.402,53300,3.401,16700,3.412,484409,3.413,638500,3.414,610000,3.415,1214300,3.416,229500,3.417,145600,3.418,336800,3.419,279800,3.42,864011,3.421,117300
2020-09-03 09:43:40.330,3.41,25200.0,3.395,3.399304,3.411,3.398,3.41,277800,3.409,520000,3.408,192000,3.407,1946000,3.406,1356100,3.405,406400,3.404,5800,3.403,92200,3.402,53300,3.401,16700,3.412,553909,3.413,643500,3.414,610000,3.415,1309300,3.416,229500,3.417,145600,3.418,336800,3.419,279800,3.42,874011,3.421,117300
2020-09-03 09:43:43.130,3.41,92500.0,3.395,3.399332,3.412,3.398,3.41,244100,3.409,280000,3.408,399000,3.407,1946000,3.406,1356100,3.405,406400,3.404,5800,3.403,92200,3.402,53300,3.401,16700,3.412,588909,3.413,963500,3.414,217000,3.415,1309300,3.416,230500,3.417,145600,3.418,336800,3.419,279800,3.42,874011,3.421,117300
2020-09-03 09:43:45.980,3.41,3300.0,3.395,3.3993330000000004,3.412,3.398,3.41,240800,3.409,280000,3.408,944300,3.407,1946000,3.406,906100,3.405,406400,3.404,5800,3.403,92200,3.402,53300,3.401,16700,3.411,100,3.412,588909,3.413,663500,3.414,610000,3.415,1309300,3.416,230500,3.417,145600,3.418,337100,3.419,279800,3.42,874011
2020-09-03 09:43:49.490,3.412,55000.0,3.395,3.3993510000000002,3.412,3.398,3.41,237900,3.409,280000,3.408,944300,3.407,1946000,3.406,1206100,3.405,106400,3.404,5800,3.403,92200,3.402,53300,3.401,16700,3.412,561009,3.413,973500,3.414,310000,3.415,1309300,3.416,292000,3.417,84100,3.418,337100,3.419,279800,3.42,1060511,3.421,117300
2020-09-03 09:43:52.880,3.411,59000.0,3.395,3.399372,3.412,3.398,3.41,179200,3.409,878700,3.408,1694300,3.407,553000,3.406,1206100,3.405,6400,3.404,5800,3.403,92200,3.402,53300,3.401,16700,3.411,1000,3.412,243309,3.413,653500,3.414,610000,3.415,1116300,3.416,230500,3.417,245600,3.418,337100,3.419,279800,3.42,1060511
2020-09-03 09:43:55.690,3.412,104900.0,3.395,3.399408,3.412,3.398,3.41,186200,3.409,878700,3.408,784300,3.407,1446000,3.406,1306100,3.405,6400,3.404,5800,3.403,92200,3.402,53300,3.401,16700,3.411,2000,3.412,152009,3.413,653500,3.414,708000,3.415,1116300,3.416,392000,3.417,84100,3.418,337100,3.419,279800,3.42,1060511
2020-09-03 09:43:58.480,3.412,15000.0,3.395,3.3994129999999996,3.412,3.398,3.41,176200,3.409,480000,3.408,1001300,3.407,646000,3.406,906100,3.405,6400,3.404,5800,3.403,92200,3.402,53300,3.401,16700,3.412,141509,3.413,653500,3.414,620000,3.415,1155500,3.416,292000,3.417,184100,3.418,337100,3.419,279800,3.42,1060511,3.421,117300
2020-09-03 09:44:01.930,3.411,19300.0,3.395,3.3994190000000004,3.412,3.398,3.41,176200,3.409,820000,3.408,653000,3.407,1646000,3.406,1206100,3.405,6400,3.404,5800,3.403,92200,3.402,53300,3.401,16700,3.411,106200,3.412,1648009,3.413,663500,3.414,713000,3.415,1155500,3.416,230500,3.417,245600,3.418,337100,3.419,279800,3.42,1060511
2020-09-03 09:44:04.900,3.411,43100.0,3.395,3.399433,3.412,3.398,3.41,177000,3.409,520000,3.408,653000,3.407,646000,3.406,1006100,3.405,306400,3.404,5800,3.403,92200,3.402,53300,3.401,16700,3.411,63200,3.412,768109,3.413,671500,3.414,715000,3.415,1155500,3.416,392000,3.417,84100,3.418,337100,3.419,289800,3.42,1060511
2020-09-03 09:44:07.810,3.41,200.0,3.395,3.399433,3.412,3.398,3.41,176900,3.409,220000,3.408,953000,3.407,1546000,3.406,1006100,3.405,306400,3.404,5800,3.403,92200,3.402,53300,3.401,16700,3.411,63100,3.412,768609,3.413,771500,3.414,1025000,3.415,755500,3.416,392000,3.417,84100,3.418,337100,3.419,289800,3.42,1060511
2020-09-03 09:44:10.380,3.41,13300.0,3.395,3.3994370000000003,3.412,3.398,3.41,168600,3.409,820000,3.408,1553000,3.407,646000,3.406,906100,3.405,106400,3.404,5800,3.403,92200,3.402,53300,3.401,16700,3.411,199900,3.412,478609,3.413,671500,3.414,343100,3.415,1505500,3.416,302000,3.417,84100,3.418,338600,3.419,289800,3.42,1060511
2020-09-03 09:44:12.690,3.41,21600.0,3.395,3.399443,3.412,3.398,3.41,120000,3.409,130000,3.408,653000,3.407,946000,3.406,1806100,3.405,106400,3.404,305800,3.403,92200,3.402,53300,3.401,16700,3.411,216900,3.412,579609,3.413,1464500,3.414,550100,3.415,805500,3.416,302000,3.417,84100,3.418,338600,3.419,289800,3.42,1080511
2020-09-03 09:44:16.670,3.41,131800.0,3.395,3.399482,3.412,3.398,3.409,100000,3.408,554300,3.407,904800,3.406,106100,3.405,1006400,3.404,1205800,3.403,92200,3.402,53300,3.401,16700,3.4,85500,3.41,1119300,3.411,205100,3.412,1204709,3.413,1464500,3.414,250100,3.415,805500,3.416,302000,3.417,84100,3.418,338600,3.419,289800
2020-09-03 09:44:20.690,3.41,10000.0,3.395,3.3994839999999997,3.412,3.398,3.409,100000,3.408,554300,3.407,453000,3.406,306100,3.405,206400,3.404,5800,3.403,30400,3.402,1315100,3.401,17700,3.4,85500,3.41,2445300,3.411,565400,3.412,1204909,3.413,764500,3.414,157100,3.415,887000,3.416,240500,3.417,84100,3.418,343600,3.419,289800
2020-09-03 09:44:23.550,3.407,130000.0,3.395,3.399517,3.411,3.398,3.407,434300,3.406,6100,3.405,506400,3.404,5800,3.403,30400,3.402,1315100,3.401,17700,3.4,85500,3.399,16200,3.398,17000,3.409,156900,3.41,2044600,3.411,290400,3.412,1186909,3.413,671500,3.414,157100,3.415,887000,3.416,240500,3.417,84100,3.418,343600
2020-09-03 09:44:25.440,3.409,2000.0,3.395,3.399517,3.41,3.398,3.407,464300,3.406,136100,3.405,499400,3.404,98800,3.403,930400,3.402,1353300,3.401,17700,3.4,147300,3.399,16200,3.398,17000,3.409,467300,3.41,1744600,3.411,986400,3.412,959909,3.413,671500,3.414,218700,3.415,735500,3.416,240500,3.417,85200,3.418,343600
2020-09-03 09:44:28.920,3.409,11100.0,3.395,3.39952,3.41,3.398,3.407,19400,3.406,536100,3.405,199400,3.404,498800,3.403,930400,3.402,953300,3.401,317700,3.4,147300,3.399,16200,3.398,17000,3.409,1060000,3.41,1532600,3.411,692500,3.412,319809,3.413,671500,3.414,320700,3.415,735500,3.416,240500,3.417,85200,3.418,343600
2020-09-03 09:44:32.080,3.409,16100.0,3.395,3.3995230000000003,3.41,3.398,3.407,23700,3.406,546100,3.405,458200,3.404,298800,3.403,30400,3.402,953300,3.401,322700,3.4,147300,3.399,16200,3.398,17000,3.409,754300,3.41,1621000,3.411,792200,3.412,320809,3.413,675100,3.414,320700,3.415,735600,3.416,240500,3.417,85200,3.418,343600
2020-09-03 09:44:34.410,3.408,11000.0,3.395,3.3995260000000003,3.41,3.398,3.408,20000,3.407,686800,3.406,1166100,3.405,1299400,3.404,198800,3.403,1230400,3.402,53300,3.401,22700,3.4,147300,3.399,16200,3.409,754300,3.41,1211600,3.411,472200,3.412,1725809,3.413,975100,3.414,322200,3.415,735600,3.416,240500,3.417,85200,3.418,343600
2020-09-03 09:44:36.200,3.407,21100.0,3.395,3.3995309999999996,3.41,3.398,3.407,706200,3.406,1224900,3.405,406400,3.404,905800,3.403,1030400,3.402,53300,3.401,84500,3.4,85500,3.399,16200,3.398,17000,3.409,163300,3.41,615100,3.411,379200,3.412,1942309,3.413,775100,3.414,212200,3.415,735600,3.416,240500,3.417,85200,3.418,343600
2020-09-03 09:44:39.550,3.408,23400.0,3.395,3.399536,3.41,3.398,3.408,6600,3.407,706200,3.406,924900,3.405,499400,3.404,998800,3.403,30400,3.402,153300,3.401,22700,3.4,147300,3.399,16200,3.409,213500,3.41,616100,3.411,472200,3.412,2138309,3.413,675100,3.414,212200,3.415,735600,3.416,240500,3.417,85200,3.418,343600
2020-09-03 09:44:41.920,3.407,9800.0,3.395,3.3995379999999997,3.41,3.398,3.407,705000,3.406,1254900,3.405,1399400,3.404,998800,3.403,430400,3.402,61300,3.401,84500,3.4,85500,3.399,16200,3.398,17000,3.408,23400,3.409,214700,3.41,556100,3.411,782200,3.412,1738309,3.413,775100,3.414,212200,3.415,735600,3.416,240500,3.417,85200
2020-09-03 09:44:46.940,3.408,77500.0,3.395,3.3995550000000003,3.409,3.398,3.408,308400,3.407,971100,3.406,754900,3.405,1849400,3.404,1748800,3.403,30400,3.402,161300,3.401,22700,3.4,147300,3.399,16200,3.409,226200,3.41,561100,3.411,382200,3.412,2139309,3.413,736700,3.414,150600,3.415,735600,3.416,240500,3.417,85200,3.418,344600
2020-09-03 09:44:49.570,3.408,99200.0,3.395,3.399578,3.409,3.398,3.408,589300,3.407,1301200,3.406,1354900,3.405,949400,3.404,1748800,3.403,130400,3.402,61300,3.401,84500,3.4,85500,3.399,16200,3.409,196600,3.41,563200,3.411,390700,3.412,1439309,3.413,1177100,3.414,520900,3.415,735600,3.416,240500,3.417,85200,3.418,344600
2020-09-03 09:44:52.290,3.409,42000.0,3.395,3.3995879999999996,3.409,3.398,3.408,532300,3.407,1311200,3.406,454900,3.405,1756400,3.404,1355800,3.403,430400,3.402,61300,3.401,92500,3.4,85500,3.399,16200,3.409,193900,3.41,564200,3.411,299100,3.412,1646409,3.413,1177100,3.414,222900,3.415,735600,3.416,240500,3.417,85200,3.418,344600
2020-09-03 09:44:54.410,3.408,231300.0,3.395,3.3996410000000004,3.409,3.398,3.408,307000,3.407,711200,3.406,857900,3.405,1849400,3.404,1455800,3.403,330400,3.402,61300,3.401,92500,3.4,85500,3.399,16200,3.409,201900,3.41,554200,3.411,699600,3.412,1449809,3.413,1077100,3.414,322900,3.415,735600,3.416,240500,3.417,85200,3.418,344600
2020-09-03 09:44:58.070,3.408,64100.0,3.395,3.399655,3.409,3.398,3.408,242900,3.407,711200,3.406,857900,3.405,1849400,3.404,1655800,3.403,133300,3.402,61300,3.401,93000,3.4,85500,3.399,16200,3.409,201900,3.41,554200,3.411,409700,3.412,1749809,3.413,1173100,3.414,222900,3.415,734600,3.416,240500,3.417,85200,3.418,344600
2020-09-03 09:45:01.660,3.408,142100.0,3.395,3.399687,3.409,3.398,3.408,145300,3.407,1011200,3.406,199100,3.405,849400,3.404,1355800,3.403,133300,3.402,61300,3.401,93000,3.4,93500,3.399,16200,3.409,184800,3.41,574800,3.411,342900,3.412,1749809,3.413,813100,3.414,222900,3.415,734600,3.416,240500,3.417,85200,3.418,344600
2020-09-03 09:45:04.810,3.409,67200.0,3.395,3.3997040000000003,3.409,3.398,3.408,177800,3.407,1311200,3.406,1999100,3.405,1749400,3.404,755800,3.403,133300,3.402,61300,3.401,93000,3.4,94500,3.399,16200,3.409,128900,3.41,574800,3.411,348400,3.412,1450709,3.413,1213100,3.414,522900,3.415,645900,3.416,240500,3.417,101200,3.418,344600
2020-09-03 09:45:07.030,3.409,151400.0,3.395,3.3997410000000006,3.409,3.398,3.409,1088700,3.408,591500,3.407,1271200,3.406,199100,3.405,1449400,3.404,555800,3.403,33300,3.402,61300,3.401,103000,3.4,94500,3.41,574900,3.411,348400,3.412,1348609,3.413,818100,3.414,1022900,3.415,645900,3.416,240500,3.417,101200,3.418,344600,3.419,225000
2020-09-03 09:45:10.940,3.411,612300.0,3.395,3.3999059999999997,3.409,3.398,3.41,733400,3.409,1774200,3.408,492800,3.407,2085100,3.406,26100,3.405,456400,3.404,555800,3.403,33300,3.402,123100,3.401,41200,3.411,225300,3.412,1255609,3.413,718100,3.414,561300,3.415,807400,3.416,540500,3.417,101200,3.418,344600,3.419,225000,3.42,1084311
2020-09-03 09:45:12.780,3.411,260000.0,3.395,3.399975,3.409,3.398,3.41,203900,3.409,1242800,3.408,691600,3.407,1618100,3.406,426100,3.405,456400,3.404,455800,3.403,95100,3.402,61300,3.401,41200,3.411,205300,3.412,1255609,3.413,811100,3.414,654300,3.415,745900,3.416,702000,3.417,101200,3.418,344600,3.419,225000,3.42,1084311
2020-09-03 09:45:16.670,3.411,980500.0,3.395,3.400269,3.41,3.398,3.411,298000,3.41,903100,3.409,721200,3.408,1501600,3.407,1018100,3.406,126100,3.405,456400,3.404,455800,3.403,95100,3.402,61300,3.412,489909,3.413,816100,3.414,254300,3.415,1045200,3.416,502000,3.417,101200,3.418,334600,3.419,225000,3.42,1084311,3.421,167300
2020-09-03 09:45:19.630,3.411,339200.0,3.395,3.400368,3.41,3.398,3.411,1327600,3.41,714200,3.409,1281200,3.408,1421600,3.407,418100,3.406,591100,3.405,456400,3.404,67500,3.403,33300,3.402,61300,3.412,162909,3.413,816100,3.414,254300,3.415,645200,3.416,737500,3.417,562700,3.418,334600,3.419,225000,3.42,1084311,3.421,167300
2020-09-03 09:45:22.400,3.412,198309.0,3.395,3.4004260000000004,3.411,3.398,3.412,36091,3.411,628900,3.41,982900,3.409,481200,3.408,2017200,3.407,868100,3.406,891100,3.405,6400,3.404,67500,3.403,33300,3.413,816100,3.414,254300,3.415,745200,3.416,1037500,3.417,162700,3.418,334600,3.419,225000,3.42,1084311,3.421,167300,3.422,241600
2020-09-03 09:45:25.830,3.412,440200.0,3.395,3.4005629999999996,3.411,3.398,3.412,34691,3.411,40000,3.41,777400,3.409,494200,3.408,1024200,3.407,1835900,3.406,491100,3.405,68100,3.404,5800,3.403,33300,3.413,352600,3.414,161800,3.415,838200,3.416,1030500,3.417,201200,3.418,396100,3.419,225000,3.42,1084311,3.421,171600,3.422,241600
2020-09-03 09:45:28.280,3.412,111700.0,3.395,3.4005949999999996,3.411,3.398,3.412,122991,3.411,40000,3.41,622500,3.409,1394200,3.408,124200,3.407,1835900,3.406,491100,3.405,68100,3.404,5800,3.403,33500,3.413,352600,3.414,161800,3.415,1138200,3.416,730500,3.417,201200,3.418,396100,3.419,225000,3.42,906311,3.421,171600,3.422,241600
2020-09-03 09:45:31.460,3.412,17000.0,3.395,3.4005989999999997,3.411,3.398,3.412,121791,3.411,10200,3.41,590900,3.409,1394200,3.408,1024200,3.407,1535900,3.406,491100,3.405,68100,3.404,6000,3.403,33500,3.413,351000,3.414,181800,3.415,1148200,3.416,730500,3.417,201200,3.418,396100,3.419,225000,3.42,908311,3.421,171600,3.422,241600
2020-09-03 09:45:34.620,3.412,17500.0,3.395,3.400604,3.411,3.398,3.412,111691,3.411,10200,3.41,576200,3.409,494200,3.408,1024200,3.407,1835900,3.406,491100,3.405,68300,3.404,6000,3.403,33500,3.413,759000,3.414,204500,3.415,1148200,3.416,730500,3.417,201200,3.418,399400,3.419,225000,3.42,908311,3.421,171600,3.422,241600
2020-09-03 09:45:37.700,3.412,1012800.0,3.395,3.4009120000000004,3.411,3.398,3.412,103091,3.411,10200,3.41,44800,3.409,303700,3.408,119200,3.407,1535900,3.406,491300,3.405,68300,3.404,6000,3.403,33500,3.413,10900,3.414,20000,3.415,1038600,3.416,637500,3.417,201200,3.418,399400,3.419,230000,3.42,908311,3.421,171600,3.422,241600
2020-09-03 09:45:39.390,3.412,15000.0,3.395,3.4009160000000005,3.412,3.398,3.412,102491,3.411,10200,3.41,117800,3.409,155400,3.408,519200,3.407,2436100,3.406,491300,3.405,68300,3.404,6000,3.403,33500,3.413,396500,3.414,1220000,3.415,1131600,3.416,330500,3.417,201200,3.418,399400,3.419,230000,3.42,908311,3.421,171600,3.422,241600
2020-09-03 09:45:43.470,3.412,105491.0,3.395,3.4009440000000004,3.411,3.398,3.411,10200,3.41,117800,3.409,96700,3.408,419200,3.407,636100,3.406,491300,3.405,68300,3.404,1206000,3.403,33500,3.402,61500,3.412,179909,3.413,718500,3.414,2977500,3.415,731600,3.416,330500,3.417,201200,3.418,399400,3.419,230000,3.42,908311,3.421,171600
2020-09-03 09:45:46.960,3.411,40200.0,3.395,3.400954,3.412,3.398,3.41,117800,3.409,96700,3.408,178100,3.407,1036100,3.406,491300,3.405,1806600,3.404,67700,3.403,39600,3.402,61500,3.401,41400,3.411,259800,3.412,1280000,3.413,1563500,3.414,1672800,3.415,743600,3.416,330500,3.417,258700,3.418,337900,3.419,230000,3.42,910311
2020-09-03 09:45:47.840,3.411,100.0,3.395,3.400954,3.412,3.398,3.41,26800,3.409,96700,3.408,271100,3.407,936100,3.406,601300,3.405,1806600,3.404,6000,3.403,101400,3.402,61500,3.401,41400,3.412,1318100,3.413,1576400,3.414,1303300,3.415,750600,3.416,492000,3.417,97300,3.418,337900,3.419,230000,3.42,910311,3.421,171600
2020-09-03 09:45:51.240,3.41,4000.0,3.395,3.400955,3.412,3.398,3.41,27800,3.409,3700,3.408,271100,3.407,936100,3.406,1501300,3.405,906600,3.404,306000,3.403,101400,3.402,61500,3.401,41400,3.411,403000,3.412,2069100,3.413,552900,3.414,1303300,3.415,1653400,3.416,337500,3.417,158800,3.418,337900,3.419,230000,3.42,910311
2020-09-03 09:45:55.180,3.409,1060300.0,3.395,3.401217,3.413,3.398,3.409,101000,3.408,962400,3.407,629100,3.406,951300,3.405,106600,3.404,6000,3.403,101400,3.402,61500,3.401,41400,3.4,94900,3.41,217100,3.412,1077000,3.413,848400,3.414,1396300,3.415,1753400,3.416,299000,3.417,97300,3.418,337900,3.419,230000,3.42,910311
2020-09-03 09:45:57.540,3.41,128900.0,3.395,3.401244,3.413,3.398,3.409,851000,3.408,1052400,3.407,179100,3.406,951300,3.405,306600,3.404,106000,3.403,39600,3.402,123300,3.401,41400,3.4,94900,3.41,88800,3.411,142400,3.412,626000,3.413,648400,3.414,1711300,3.415,1714900,3.416,237500,3.417,97300,3.418,337900,3.419,230000
2020-09-03 09:46:00.340,3.411,96800.0,3.395,3.4012629999999997,3.413,3.398,3.41,17100,3.409,551000,3.408,1042700,3.407,292200,3.406,1851300,3.405,406600,3.404,6000,3.403,39600,3.402,123300,3.401,41400,3.411,137400,3.412,626000,3.413,855500,3.414,1309300,3.415,1828300,3.416,237500,3.417,97300,3.418,337900,3.419,230000,3.42,913311
2020-09-03 09:46:04.980,3.41,3500.0,3.395,3.401264,3.413,3.398,3.41,14100,3.409,451000,3.408,1137300,3.407,292200,3.406,1051300,3.405,6600,3.404,6000,3.403,101400,3.402,61500,3.401,41400,3.411,150900,3.412,626300,3.413,951500,3.414,1809300,3.415,1566400,3.416,399000,3.417,97300,3.418,337900,3.419,230000,3.42,913811
2020-09-03 09:46:07.940,3.411,9200.0,3.395,3.4012660000000006,3.413,3.398,3.41,428600,3.409,11800,3.408,764000,3.407,492200,3.406,951300,3.405,106600,3.404,1206000,3.403,101400,3.402,61500,3.401,41400,3.411,147800,3.412,636800,3.413,954500,3.414,1509200,3.415,1666400,3.416,299000,3.417,97300,3.418,337900,3.419,230000,3.42,913811
2020-09-03 09:46:10.560,3.41,7500.0,3.395,3.401268,3.413,3.398,3.41,422600,3.409,12000,3.408,1064000,3.407,265500,3.406,1151300,3.405,1206600,3.404,6000,3.403,101400,3.402,61500,3.401,41400,3.411,146600,3.412,636800,3.413,954500,3.414,1516600,3.415,1566400,3.416,399500,3.417,97300,3.418,337900,3.419,230000,3.42,913811
2020-09-03 09:46:12.330,3.411,1000700.0,3.395,3.401498,3.413,3.398,3.411,14000,3.41,422600,3.409,12000,3.408,1064000,3.407,265500,3.406,1051300,3.405,1006600,3.404,11000,3.403,101400,3.402,61500,3.412,344800,3.413,1260500,3.414,1116600,3.415,1666800,3.416,316400,3.417,97300,3.418,337900,3.419,235000,3.42,913811,3.421,186600
2020-09-03 09:46:16.740,3.41,169500.0,3.395,3.401538,3.413,3.398,3.41,417100,3.409,12000,3.408,581000,3.407,565500,3.406,251300,3.405,1806600,3.404,72700,3.403,339600,3.402,61500,3.401,41400,3.412,1721200,3.413,937500,3.414,1116600,3.415,1566800,3.416,354900,3.417,162800,3.418,337900,3.419,235000,3.42,915911,3.421,186600
2020-09-03 09:46:19.030,3.41,537600.0,3.395,3.401641,3.413,3.398,3.409,12000,3.408,674000,3.407,472500,3.406,1051300,3.405,1006600,3.404,311000,3.403,101400,3.402,61500,3.401,45100,3.4,102400,3.41,2400,3.411,465000,3.412,1703800,3.413,637700,3.414,1116600,3.415,1670800,3.416,255900,3.417,162800,3.418,339900,3.419,235000
2020-09-03 09:46:22.170,3.41,100.0,3.395,3.401641,3.412,3.398,3.409,12000,3.408,684000,3.407,472500,3.406,244300,3.405,1903600,3.404,11000,3.403,39600,3.402,123300,3.401,45100,3.4,102400,3.41,3300,3.411,775500,3.412,1703800,3.413,660700,3.414,1121600,3.415,1732300,3.416,255900,3.417,101300,3.418,339900,3.419,235000
2020-09-03 09:46:24.350,3.411,1000200.0,3.395,3.401846,3.413,3.398,3.409,12000,3.408,674000,3.407,114200,3.406,517600,3.405,204600,3.404,911000,3.403,1239600,3.402,123300,3.401,45100,3.4,102400,3.41,303200,3.411,395400,3.412,1703800,3.413,265200,3.414,1121600,3.415,1732500,3.416,255900,3.417,101300,3.418,349900,3.419,235000
2020-09-03 09:46:28.450,3.41,100000.0,3.395,3.4018629999999996,3.413,3.398,3.409,462600,3.408,674000,3.407,414700,3.406,317600,3.405,104600,3.404,911000,3.403,1239600,3.402,123300,3.401,45100,3.4,102400,3.41,264200,3.411,1602600,3.412,2013800,3.413,265300,3.414,1121600,3.415,1632500,3.416,355900,3.417,101300,3.418,349900,3.419,235000
2020-09-03 09:46:35.270,3.41,29100.0,3.395,3.401868,3.412,3.398,3.409,13600,3.408,591000,3.407,207700,3.406,424600,3.405,204600,3.404,11000,3.403,1839600,3.402,423300,3.401,45100,3.4,102400,3.41,884200,3.411,2265100,3.412,703400,3.413,192300,3.414,728600,3.415,841700,3.416,255900,3.417,101300,3.418,349900,3.419,235000
2020-09-03 09:46:38.150,3.41,1028600.0,3.395,3.4020339999999996,3.413,3.398,3.408,591000,3.407,207700,3.406,517600,3.405,204600,3.404,911000,3.403,949600,3.402,423300,3.401,45100,3.4,102400,3.399,24200,3.409,500,3.41,758000,3.411,2267600,3.412,703900,3.413,285300,3.414,728600,3.415,841700,3.416,255900,3.417,101300,3.418,349900
2020-09-03 09:46:40.940,3.409,7500.0,3.395,3.4020349999999997,3.412,3.398,3.408,582600,3.407,207700,3.406,444300,3.405,104600,3.404,911000,3.403,949600,3.402,361500,3.401,106900,3.4,102400,3.399,24200,3.409,298500,3.41,3081800,3.411,1973500,3.412,683900,3.413,285300,3.414,790600,3.415,780200,3.416,255900,3.417,101300,3.418,349900
2020-09-03 09:46:45.940,3.408,200.0,3.395,3.4020349999999997,3.412,3.398,3.408,582400,3.407,484600,3.406,237300,3.405,4600,3.404,1011000,3.403,1249600,3.402,61500,3.401,106900,3.4,102400,3.399,24200,3.409,299500,3.41,2121900,3.411,1786500,3.412,911200,3.413,285300,3.414,890600,3.415,681200,3.416,265900,3.417,101300,3.418,349900
2020-09-03 09:46:53.710,3.41,536400.0,3.395,3.4021150000000002,3.412,3.398,3.41,508300,3.408,91400,3.407,919600,3.406,594300,3.405,4600,3.404,1811000,3.403,449600,3.402,61500,3.401,106900,3.4,102400,3.411,1346500,3.412,311200,3.413,998300,3.414,794600,3.415,687800,3.416,265900,3.417,101300,3.418,349900,3.419,235000,3.42,914211
2020-09-03 09:46:56.100,3.408,558300.0,3.395,3.4022050000000004,3.412,3.398,3.408,71400,3.407,849600,3.406,574600,3.405,204600,3.404,1811000,3.403,111400,3.402,61500,3.401,45100,3.4,102400,3.399,24200,3.41,744300,3.411,1383500,3.412,1011200,3.413,198300,3.414,733000,3.415,787800,3.416,327400,3.417,101300,3.418,349900,3.419,235000
2020-09-03 09:46:57.530,3.408,1000.0,3.395,3.4022050000000004,3.412,3.398,3.408,70400,3.407,849600,3.406,667600,3.405,202600,3.404,1811000,3.403,449600,3.402,61500,3.401,106900,3.4,102400,3.399,24200,3.409,60000,3.41,1380700,3.411,1723500,3.412,804200,3.413,691300,3.414,733000,3.415,749300,3.416,265900,3.417,101300,3.418,349900
2020-09-03 09:47:00.900,3.409,15800.0,3.395,3.4022069999999998,3.412,3.398,3.408,674800,3.407,99600,3.406,217600,3.405,202600,3.404,1211000,3.403,149600,3.402,61500,3.401,106900,3.4,102400,3.399,24200,3.409,44200,3.41,526300,3.411,1620900,3.412,403800,3.413,1091300,3.414,794600,3.415,687800,3.416,265900,3.417,101300,3.418,351800
2020-09-03 09:47:04.660,3.409,1500.0,3.395,3.4022069999999998,3.412,3.398,3.408,673800,3.407,469600,3.406,217600,3.405,202600,3.404,1311000,3.403,49600,3.402,61500,3.401,106900,3.4,102400,3.399,24200,3.409,54800,3.41,526300,3.411,1290900,3.412,393800,3.413,991300,3.414,894600,3.415,689300,3.416,265900,3.417,101300,3.418,351800
2020-09-03 09:47:07.520,3.409,120800.0,3.395,3.402224,3.412,3.398,3.409,490200,3.408,375800,3.407,209600,3.406,144300,3.405,1002600,3.404,111000,3.403,49600,3.402,61500,3.401,106900,3.4,102400,3.41,526300,3.411,930900,3.412,393800,3.413,691300,3.414,1194600,3.415,689300,3.416,265900,3.417,101300,3.418,361800,3.419,235000
2020-09-03 09:47:10.010,3.41,583000.0,3.395,3.4023160000000003,3.412,3.398,3.41,3300,3.409,112300,3.408,1275800,3.407,492900,3.406,151300,3.405,924600,3.404,111000,3.403,349600,3.402,123300,3.401,45100,3.411,990900,3.412,600800,3.413,898300,3.414,833200,3.415,750800,3.416,265900,3.417,108800,3.418,361800,3.419,235000,3.42,913711
2020-09-03 09:47:13.150,3.409,28600.0,3.395,3.4023199999999996,3.412,3.398,3.409,87300,3.408,1668800,3.407,265900,3.406,151300,3.405,1024600,3.404,311000,3.403,111400,3.402,61500,3.401,45100,3.4,105400,3.411,1000900,3.412,957200,3.413,991300,3.414,826200,3.415,789300,3.416,327400,3.417,108800,3.418,361800,3.419,235000,3.42,853711
2020-09-03 09:47:17.160,3.41,8500.0,3.395,3.4023220000000003,3.412,3.398,3.41,596500,3.409,460600,3.408,1879800,3.407,192600,3.406,51300,3.405,1224600,3.404,111000,3.403,49600,3.402,123300,3.401,45100,3.411,938100,3.412,207200,3.413,391300,3.414,1026200,3.415,1289300,3.416,327400,3.417,108800,3.418,361800,3.419,235000,3.42,853711
2020-09-03 09:47:19.850,3.41,21100.0,3.395,3.402325,3.412,3.398,3.41,275400,3.409,1060600,3.408,679800,3.407,192600,3.406,51300,3.405,1324600,3.404,11000,3.403,111400,3.402,61500,3.401,45100,3.411,938300,3.412,207200,3.413,391300,3.414,1526200,3.415,789800,3.416,327400,3.417,108800,3.418,361800,3.419,235000,3.42,853711
2020-09-03 09:47:20.950,3.41,7400.0,3.395,3.4023260000000004,3.412,3.398,3.409,1057600,3.408,935400,3.407,192600,3.406,51300,3.405,1324600,3.404,19000,3.403,111400,3.402,61500,3.401,45100,3.4,105500,3.41,23100,3.411,943300,3.412,507200,3.413,391300,3.414,1526200,3.415,792800,3.416,327400,3.417,108800,3.418,360300,3.419,236000
2020-09-03 09:47:25.210,3.41,930000.0,3.395,3.4024870000000003,3.413,3.398,3.41,395000,3.409,1167600,3.408,872400,3.407,192600,3.406,1344300,3.405,124600,3.404,19000,3.403,49600,3.402,123300,3.401,45100,3.411,61400,3.412,280200,3.413,291300,3.414,1133200,3.415,1154300,3.416,265900,3.417,108800,3.418,360300,3.419,236000,3.42,855711
2020-09-03 09:47:26.900,3.411,62000.0,3.395,3.4024980000000005,3.413,3.398,3.411,838600,3.41,2194400,3.409,867600,3.408,872400,3.407,1392600,3.406,144300,3.405,124600,3.404,19000,3.403,111400,3.402,61500,3.412,290200,3.413,291300,3.414,833200,3.415,1493200,3.416,330400,3.417,108800,3.418,365300,3.419,234500,3.42,855711,3.421,186600
2020-09-03 09:47:32.290,3.412,88900.0,3.395,3.402514,3.413,3.398,3.411,1098400,3.41,1294400,3.409,361600,3.408,772400,3.407,999900,3.406,244300,3.405,324900,3.404,80700,3.403,49600,3.402,61500,3.412,152800,3.413,291300,3.414,926200,3.415,1393200,3.416,373900,3.417,170300,3.418,365300,3.419,234500,3.42,855711,3.421,186600
2020-09-03 09:47:34.520,3.411,75600.0,3.395,3.4025269999999996,3.413,3.398,3.411,722700,3.41,694400,3.409,361600,3.408,472400,3.407,1099900,3.406,144300,3.405,24900,3.404,80700,3.403,49600,3.402,61500,3.412,152800,3.413,353100,3.414,926200,3.415,1394200,3.416,273900,3.417,270300,3.418,365300,3.419,242700,3.42,864811,3.421,186600
2020-09-03 09:47:38.090,3.411,9600.0,3.395,3.4025279999999998,3.414,3.398,3.411,716600,3.41,94400,3.409,611600,3.408,172400,3.407,999900,3.406,1444300,3.405,24900,3.404,80700,3.403,49600,3.402,61500,3.412,149300,3.413,353100,3.414,927500,3.415,1394200,3.416,373900,3.417,170300,3.418,365300,3.419,242700,3.42,864811,3.421,186600
2020-09-03 09:47:40.560,3.412,5900.0,3.395,3.402529,3.414,3.398,3.411,723500,3.41,94400,3.409,480300,3.408,145700,3.407,199900,3.406,1351300,3.405,24900,3.404,80700,3.403,49600,3.402,61500,3.412,795100,3.413,663000,3.414,1527500,3.415,694200,3.416,373900,3.417,170300,3.418,365300,3.419,242700,3.42,864811,3.421,186600
2020-09-03 09:47:43.650,3.412,36000.0,3.395,3.402536,3.414,3.398,3.411,697700,3.41,94400,3.409,930300,3.408,238700,3.407,1199900,3.406,951300,3.405,324900,3.404,80700,3.403,49600,3.402,61500,3.412,1099800,3.413,683100,3.414,1527500,3.415,787200,3.416,274700,3.417,270300,3.418,365300,3.419,242700,3.42,864911,3.421,186600
2020-09-03 09:47:46.760,3.411,9900.0,3.395,3.402537,3.414,3.398,3.411,687800,3.41,94400,3.409,930300,3.408,238700,3.407,299900,3.406,951300,3.405,324900,3.404,80700,3.403,49600,3.402,61500,3.412,1099800,3.413,983100,3.414,1227500,3.415,1087200,3.416,274700,3.417,270300,3.418,365300,3.419,242700,3.42,864911,3.421,186600
2020-09-03 09:47:49.620,3.411,9200.0,3.395,3.402539,3.414,3.398,3.411,681900,3.41,544400,3.409,930300,3.408,238700,3.407,199900,3.406,1051300,3.405,24900,3.404,380700,3.403,49600,3.402,61500,3.412,1100300,3.413,983100,3.414,1527500,3.415,787200,3.416,374700,3.417,170300,3.418,365300,3.419,242700,3.42,867911,3.421,186600
2020-09-03 09:47:52.560,3.411,8500.0,3.395,3.40254,3.414,3.398,3.411,673400,3.41,94400,3.409,930300,3.408,238700,3.407,199900,3.406,1951300,3.405,24900,3.404,380700,3.403,49600,3.402,61500,3.412,1172300,3.413,683500,3.414,1527500,3.415,787200,3.416,374700,3.417,170300,3.418,365300,3.419,242700,3.42,867911,3.421,186600
2020-09-03 09:47:55.860,3.41,49900.0,3.395,3.4025480000000003,3.414,3.398,3.41,70100,3.409,630300,3.408,445700,3.407,199900,3.406,1051300,3.405,924900,3.404,380700,3.403,49600,3.402,61500,3.401,45100,3.412,1243000,3.413,683500,3.414,1527500,3.415,791200,3.416,374700,3.417,170300,3.418,365300,3.419,242700,3.42,867911,3.421,186600
2020-09-03 09:47:58.530,3.411,21500.0,3.395,3.4025519999999996,3.414,3.398,3.41,504700,3.409,537300,3.408,445700,3.407,292900,3.406,951300,3.405,124900,3.404,319000,3.403,111400,3.402,61500,3.401,45100,3.411,14800,3.412,1203000,3.413,683500,3.414,1434500,3.415,891200,3.416,274700,3.417,170300,3.418,365300,3.419,242700,3.42,867911
2020-09-03 09:48:00.640,3.411,12300.0,3.395,3.4025540000000003,3.414,3.398,3.41,504700,3.409,537300,3.408,165400,3.407,566200,3.406,1151300,3.405,24900,3.404,919000,3.403,111400,3.402,61500,3.401,45100,3.411,611226,3.412,1243000,3.413,1076700,3.414,1139500,3.415,791800,3.416,436200,3.417,108800,3.418,365300,3.419,242700,3.42,867911
2020-09-03 09:48:04.720,3.411,645426.0,3.395,3.402661,3.414,3.398,3.411,256574,3.41,504700,3.409,907300,3.408,165400,3.407,1092900,3.406,151300,3.405,1209900,3.404,19000,3.403,111400,3.402,61500,3.412,1022200,3.413,776700,3.414,1439500,3.415,791800,3.416,436200,3.417,108800,3.418,365000,3.419,242700,3.42,868911,3.421,186600
2020-09-03 09:48:07.280,3.411,15000.0,3.395,3.4026629999999995,3.414,3.398,3.411,241574,3.41,804700,3.409,980600,3.408,265400,3.407,1092900,3.406,151300,3.405,1209900,3.404,80700,3.403,49600,3.402,61500,3.412,742800,3.413,777200,3.414,1439500,3.415,791800,3.416,374700,3.417,170300,3.418,365000,3.419,242700,3.42,868911,3.421,186600
2020-09-03 09:48:10.300,3.411,5500.0,3.395,3.402664,3.415,3.398,3.411,283274,3.41,819400,3.409,980600,3.408,265400,3.407,99900,3.406,1955300,3.405,309900,3.404,80700,3.403,49600,3.402,61500,3.412,602100,3.413,777200,3.414,1439500,3.415,698300,3.416,374700,3.417,170300,3.418,365000,3.419,242700,3.42,868911,3.421,186600
2020-09-03 09:48:13.880,3.411,460600.0,3.395,3.402747,3.415,3.398,3.411,214474,3.41,859400,3.409,763600,3.408,1165400,3.407,999900,3.406,155300,3.405,9900,3.404,80700,3.403,49600,3.402,61500,3.412,121200,3.413,224200,3.414,932500,3.415,1091300,3.416,674700,3.417,170300,3.418,365000,3.419,242700,3.42,868911,3.421,186600
2020-09-03 09:48:15.300,3.412,6000.0,3.395,3.4027480000000003,3.415,3.398,3.411,46700,3.41,869400,3.409,763600,3.408,1165400,3.407,999900,3.406,455300,3.405,9900,3.404,80700,3.403,49600,3.402,61500,3.412,120200,3.413,224400,3.414,932500,3.415,1191100,3.416,674700,3.417,170300,3.418,365000,3.419,242700,3.42,868911,3.421,186600
2020-09-03 09:48:17.980,3.412,120200.0,3.395,3.40277,3.415,3.398,3.412,78100,3.411,909600,3.41,519400,3.409,1063600,3.408,265400,3.407,1999900,3.406,55300,3.405,9900,3.404,80700,3.403,49600,3.413,224500,3.414,932500,3.415,1491100,3.416,274700,3.417,270300,3.418,365000,3.419,242700,3.42,868911,3.421,186600,3.422,313700
2020-09-03 09:48:22.820,3.412,78800.0,3.395,3.4027839999999996,3.415,3.398,3.411,62300,3.41,519400,3.409,553600,3.408,265400,3.407,1099900,3.406,55300,3.405,71600,3.404,19000,3.403,49600,3.402,61500,3.412,731700,3.413,244500,3.414,992500,3.415,1495100,3.416,274700,3.417,208800,3.418,427900,3.419,242700,3.42,868911,3.421,186600
2020-09-03 09:48:27.620,3.412,153600.0,3.395,3.4028110000000003,3.415,3.398,3.411,970200,3.41,519400,3.409,480300,3.408,228700,3.407,299900,3.406,955300,3.405,9900,3.404,1280700,3.403,49600,3.402,61500,3.412,1432600,3.413,1494300,3.414,1343000,3.415,792400,3.416,274700,3.417,270300,3.418,366400,3.419,242700,3.42,868911,3.421,186600
2020-09-03 09:48:31.470,3.411,616700.0,3.395,3.402908,3.415,3.398,3.411,357900,3.41,519400,3.409,180300,3.408,528700,3.407,299900,3.406,55300,3.405,909900,3.404,980700,3.403,349600,3.402,61500,3.412,872000,3.413,1794300,3.414,888000,3.415,795400,3.416,274700,3.417,272300,3.418,366400,3.419,242700,3.42,868911,3.421,186600
2020-09-03 09:48:35.100,3.41,318500.0,3.395,3.402957,3.415,3.398,3.41,68400,3.409,180300,3.408,228700,3.407,499900,3.406,155300,3.405,909900,3.404,980700,3.403,349600,3.402,61500,3.401,55100,3.411,1667200,3.412,885000,3.413,1474500,3.414,888000,3.415,795500,3.416,386800,3.417,172300,3.418,366400,3.419,240200,3.42,868911
2020-09-03 09:48:36.760,3.411,100.0,3.395,3.402957,3.415,3.398,3.41,68400,3.409,87300,3.408,62400,3.407,473200,3.406,155300,3.405,1009900,3.404,919000,3.403,411300,3.402,61500,3.401,55100,3.411,2067100,3.412,1185000,3.413,1174500,3.414,795000,3.415,807500,3.416,348300,3.417,110800,3.418,366400,3.419,240200,3.42,868911
2020-09-03 09:48:43.030,3.411,8300.0,3.395,3.4029580000000004,3.414,3.398,3.41,68400,3.409,87300,3.408,155400,3.407,566200,3.406,1155300,3.405,909900,3.404,919000,3.403,411300,3.402,61500,3.401,55100,3.411,1532500,3.412,574900,3.413,1367500,3.414,891000,3.415,713600,3.416,449300,3.417,110800,3.418,366400,3.419,240200,3.42,869711
2020-09-03 09:48:44.370,3.41,21100.0,3.395,3.402961,3.413,3.398,3.41,47300,3.409,87300,3.408,455400,3.407,266200,3.406,255300,3.405,909900,3.404,919000,3.403,111300,3.402,61500,3.401,55100,3.411,1482500,3.412,575100,3.413,1367500,3.414,891100,3.415,713600,3.416,449300,3.417,110800,3.418,366400,3.419,240200,3.42,869711
2020-09-03 09:48:48.800,3.41,39900.0,3.395,3.402966,3.413,3.398,3.41,8600,3.409,87300,3.408,459400,3.407,266200,3.406,1080300,3.405,109900,3.404,1219000,3.403,111300,3.402,61500,3.401,55100,3.411,1481600,3.412,576100,3.413,1367500,3.414,891100,3.415,813700,3.416,349300,3.417,110800,3.418,366400,3.419,240200,3.42,875711
2020-09-03 09:48:50.080,3.411,253000.0,3.395,3.402992,3.414,3.398,3.408,396300,3.407,266200,3.406,180300,3.405,1009900,3.404,1219000,3.403,101300,3.402,61500,3.401,55100,3.4,108800,3.399,24200,3.41,93700,3.411,1480700,3.412,575700,3.413,1367500,3.414,891100,3.415,813200,3.416,349300,3.417,110800,3.418,366400,3.419,240200
2020-09-03 09:49:00.600,3.41,5000.0,3.395,3.402993,3.412,3.398,3.408,305000,3.407,492900,3.406,253600,3.405,203900,3.404,919000,3.403,49500,3.402,423300,3.401,55100,3.4,108800,3.399,24200,3.41,961000,3.411,934300,3.412,1234700,3.413,617500,3.414,798100,3.415,776700,3.416,389800,3.417,110800,3.418,366400,3.419,240400
2020-09-03 09:49:01.260,3.41,100.0,3.395,3.402993,3.412,3.398,3.408,4900,3.407,532900,3.406,453600,3.405,1203900,3.404,919000,3.403,349500,3.402,61500,3.401,116900,3.4,108800,3.399,24200,3.41,508700,3.411,935300,3.412,635000,3.413,1217500,3.414,798100,3.415,876700,3.416,293800,3.417,110800,3.418,366400,3.419,240400
2020-09-03 09:49:06.650,3.409,1200.0,3.395,3.402993,3.412,3.398,3.409,8800,3.408,4900,3.407,532900,3.406,453600,3.405,210900,3.404,1819000,3.403,349500,3.402,61500,3.401,116900,3.4,108800,3.41,253600,3.411,442800,3.412,1236000,3.413,524500,3.414,498100,3.415,876700,3.416,293800,3.417,110800,3.418,366400,3.419,240400
2020-09-03 09:49:07.630,3.409,8800.0,3.395,3.402994,3.413,3.398,3.408,4900,3.407,99900,3.406,473300,3.405,384200,3.404,219000,3.403,949500,3.402,1023300,3.401,355100,3.4,108800,3.399,24200,3.409,758400,3.41,1152400,3.411,480800,3.412,331000,3.413,617500,3.414,598100,3.415,776800,3.416,293800,3.417,110800,3.418,366400
2020-09-03 09:49:12.170,3.408,372800.0,3.395,3.403036,3.413,3.398,3.407,192900,3.406,173300,3.405,310900,3.404,192300,3.403,149500,3.402,1861500,3.401,416900,3.4,108800,3.399,24200,3.398,17600,3.408,57800,3.409,1407300,3.41,1457400,3.411,60800,3.412,425000,3.413,617500,3.414,659700,3.415,715300,3.416,293800,3.417,110800
2020-09-03 09:49:16.270,3.407,6200.0,3.395,3.4030370000000003,3.412,3.398,3.407,93700,3.406,173300,3.405,403900,3.404,19000,3.403,149500,3.402,961500,3.401,55100,3.4,1370600,3.399,24200,3.398,17600,3.408,318700,3.409,1377200,3.41,1079900,3.411,110800,3.412,332000,3.413,775200,3.414,501100,3.415,715300,3.416,293900,3.417,110800
2020-09-03 09:49:17.510,3.407,80600.0,3.395,3.403043,3.412,3.398,3.406,148300,3.405,103900,3.404,377800,3.403,149500,3.402,161500,3.401,955100,3.4,1370600,3.399,24200,3.398,17600,3.397,9900,3.407,321900,3.408,987600,3.409,720000,3.41,750000,3.411,111000,3.412,432000,3.413,675200,3.414,501100,3.415,718300,3.416,293900
2020-09-03 09:49:21.810,3.407,5500.0,3.395,3.403043,3.412,3.398,3.406,55300,3.405,103900,3.404,19000,3.403,442500,3.402,1061500,3.401,55100,3.4,1008800,3.399,386000,3.398,17600,3.397,9900,3.407,376400,3.408,835900,3.409,1053600,3.41,493000,3.411,11000,3.412,493600,3.413,220600,3.414,501100,3.415,718300,3.416,293900
2020-09-03 09:49:24.330,3.407,55100.0,3.395,3.403047,3.411,3.398,3.406,340200,3.405,163900,3.404,19000,3.403,142500,3.402,1361500,3.401,955100,3.4,108800,3.399,86000,3.398,22500,3.397,9900,3.407,321000,3.408,754100,3.409,443600,3.41,493200,3.411,711000,3.412,493600,3.413,220600,3.414,501100,3.415,718300,3.416,293900
2020-09-03 09:49:27.670,3.408,494000.0,3.395,3.403086,3.411,3.398,3.408,144700,3.407,1527000,3.406,2345200,3.405,440900,3.404,19000,3.403,1342500,3.402,161500,3.401,55100,3.4,108800,3.399,86000,3.409,383600,3.41,300300,3.411,11000,3.412,893600,3.413,620600,3.414,501100,3.415,718300,3.416,293900,3.417,117800,3.418,371400
2020-09-03 09:49:28.620,3.408,5000.0,3.395,3.403086,3.411,3.398,3.408,179900,3.407,1468300,3.406,527000,3.405,1010900,3.404,19000,3.403,1442500,3.402,961500,3.401,416900,3.4,108800,3.399,24200,3.409,383600,3.41,360300,3.411,404000,3.412,732000,3.413,427900,3.414,562700,3.415,718300,3.416,293900,3.417,117800,3.418,371400
2020-09-03 09:49:33.690,3.408,1700.0,3.395,3.403086,3.411,3.398,3.408,38600,3.407,868300,3.406,527000,3.405,1010900,3.404,19000,3.403,1349500,3.402,1261500,3.401,116900,3.4,108800,3.399,24200,3.409,383500,3.41,267300,3.411,104000,3.412,1032000,3.413,427900,3.414,562700,3.415,724000,3.416,293900,3.417,117800,3.418,371400
2020-09-03 09:49:36.700,3.407,106100.0,3.395,3.4030949999999995,3.41,3.398,3.407,810800,3.406,527000,3.405,1153900,3.404,919000,3.403,449500,3.402,1261500,3.401,116900,3.4,108800,3.399,24200,3.398,22500,3.409,383500,3.41,305300,3.411,504000,3.412,825000,3.413,327900,3.414,562700,3.415,724000,3.416,293900,3.417,117800,3.418,371400
2020-09-03 09:49:38.180,3.409,41600.0,3.395,3.4031,3.41,3.398,3.407,810800,3.406,227000,3.405,1453900,3.404,19000,3.403,1249500,3.402,1061500,3.401,355100,3.4,170600,3.399,24200,3.398,22500,3.408,7800,3.409,642900,3.41,305300,3.411,504000,3.412,925000,3.413,227900,3.414,562700,3.415,723400,3.416,293900,3.417,117800
2020-09-03 09:49:42.080,3.408,8500.0,3.395,3.4031,3.41,3.398,3.408,1500,3.407,510700,3.406,35200,3.405,512700,3.404,219000,3.403,349500,3.402,961500,3.401,355100,3.4,170600,3.399,24200,3.409,736100,3.41,605300,3.411,411000,3.412,425000,3.413,289500,3.414,601100,3.415,723700,3.416,293900,3.417,117800,3.418,293200
2020-09-03 09:49:43.220,3.407,5000.0,3.395,3.4031010000000004,3.41,3.398,3.406,128200,3.405,212700,3.404,419000,3.403,449500,3.402,961500,3.401,1316900,3.4,108800,3.399,24200,3.398,22700,3.397,9900,3.408,2397800,3.409,1036100,3.41,615300,3.411,204000,3.412,425000,3.413,327900,3.414,562700,3.415,723700,3.416,293900,3.417,117800
2020-09-03 09:49:48.710,3.406,2400.0,3.395,3.4031010000000004,3.409,3.398,3.406,35800,3.405,103900,3.404,470800,3.403,542500,3.402,161500,3.401,1855100,3.4,408800,3.399,86000,3.398,22700,3.397,9900,3.407,12000,3.408,2107800,3.409,829000,3.41,707300,3.411,111000,3.412,500600,3.413,237900,3.414,501100,3.415,713000,3.416,293900
2020-09-03 09:49:51.630,3.406,3000.0,3.395,3.4031010000000004,3.41,3.398,3.406,32800,3.405,363900,3.404,170800,3.403,542500,3.402,961500,3.401,1055100,3.4,108800,3.399,86000,3.398,22700,3.397,9900,3.407,17000,3.408,1311800,3.409,529000,3.41,1007300,3.411,211000,3.412,400600,3.413,237900,3.414,501100,3.415,713000,3.416,293900
2020-09-03 09:49:57.390,3.406,13100.0,3.395,3.4031019999999996,3.41,3.398,3.406,19700,3.405,103900,3.404,470800,3.403,542500,3.402,61500,3.401,1955100,3.4,408800,3.399,86000,3.398,22700,3.397,9900,3.407,40900,3.408,643900,3.409,528400,3.41,1007300,3.411,211000,3.412,400600,3.413,237900,3.414,501100,3.415,713000,3.416,293900
2020-09-03 09:50:00.170,3.406,17000.0,3.395,3.4031029999999998,3.409,3.398,3.406,7200,3.405,63900,3.404,470800,3.403,559900,3.402,961500,3.401,1055100,3.4,408800,3.399,86000,3.398,22700,3.397,9900,3.407,43900,3.408,413900,3.409,1128400,3.41,421300,3.411,211000,3.412,400600,3.413,237900,3.414,501100,3.415,713000,3.416,293900
2020-09-03 09:50:03.260,3.406,25000.0,3.395,3.403104,3.409,3.398,3.406,292200,3.405,816200,3.404,319000,3.403,1266900,3.402,961500,3.401,455100,3.4,108800,3.399,86000,3.398,22700,3.397,9900,3.407,351800,3.408,323900,3.409,405400,3.41,328300,3.411,811000,3.412,400600,3.413,237900,3.414,501100,3.415,713000,3.416,293900
2020-09-03 09:50:06.590,3.408,137700.0,3.395,3.403115,3.409,3.398,3.408,126400,3.407,248300,3.406,1318600,3.405,606200,3.404,1312000,3.403,459900,3.402,1266500,3.401,155100,3.4,108800,3.399,86000,3.409,438400,3.41,321300,3.411,511000,3.412,800600,3.413,237900,3.414,501100,3.415,713000,3.416,293900,3.417,119600,3.418,296200
2020-09-03 09:50:09.390,3.408,400.0,3.395,3.403115,3.409,3.398,3.408,146000,3.407,1288400,3.406,1349800,3.405,1276200,3.404,1219000,3.403,766900,3.402,66500,3.401,116900,3.4,108800,3.399,24200,3.409,342400,3.41,228300,3.411,11000,3.412,639000,3.413,737900,3.414,562700,3.415,713000,3.416,293900,3.417,119600,3.418,296200
2020-09-03 09:50:12.600,3.409,619500.0,3.395,3.403182,3.409,3.398,3.409,440500,3.408,844700,3.407,1278400,3.406,733000,3.405,1369200,3.404,1219000,3.403,466900,3.402,66500,3.401,120900,3.4,113800,3.41,198300,3.411,104000,3.412,432000,3.413,1037900,3.414,662700,3.415,713000,3.416,293900,3.417,119600,3.418,296400,3.419,235400
2020-09-03 09:50:14.520,3.408,5300.0,3.395,3.403182,3.41,3.398,3.408,499400,3.407,1589100,3.406,393000,3.405,169200,3.404,2219100,3.403,666900,3.402,128300,3.401,59100,3.4,113800,3.399,24200,3.41,195300,3.411,104000,3.412,432000,3.413,937900,3.414,701100,3.415,774500,3.416,294900,3.417,119600,3.418,296400,3.419,235400
2020-09-03 09:50:26.740,3.409,5900.0,3.395,3.4031830000000003,3.411,3.398,3.408,120700,3.407,967900,3.406,494500,3.405,169200,3.404,19100,3.403,1366900,3.402,66500,3.401,125900,3.4,113800,3.399,24200,3.409,900,3.41,210600,3.411,164000,3.412,1162000,3.413,438200,3.414,575200,3.415,723000,3.416,294900,3.417,119800,3.418,296400
2020-09-03 09:50:29.780,3.408,5000.0,3.395,3.4031830000000003,3.411,3.398,3.408,115900,3.407,967900,3.406,194500,3.405,169200,3.404,1019100,3.403,966900,3.402,366500,3.401,140600,3.4,113800,3.399,24200,3.409,2000,3.41,213600,3.411,164000,3.412,1162000,3.413,338200,3.414,675200,3.415,723000,3.416,294900,3.417,119800,3.418,296400
2020-09-03 09:50:31.950,3.409,26800.0,3.395,3.4031870000000004,3.411,3.398,3.409,16100,3.408,115900,3.407,667900,3.406,494500,3.405,1069200,3.404,19100,3.403,1066900,3.402,366500,3.401,140600,3.4,113800,3.41,192900,3.411,164500,3.412,1162000,3.413,438200,3.414,575200,3.415,723000,3.416,294900,3.417,119800,3.418,296400,3.419,235400
2020-09-03 09:50:35.040,3.408,17200.0,3.395,3.4031879999999997,3.411,3.398,3.408,125200,3.407,667900,3.406,401500,3.405,169200,3.404,1019100,3.403,966900,3.402,428300,3.401,78800,3.4,108800,3.399,24200,3.41,192900,3.411,71500,3.412,1162000,3.413,338200,3.414,613600,3.415,784500,3.416,294900,3.417,119800,3.418,296400,3.419,235400
2020-09-03 09:50:38.490,3.409,8100.0,3.395,3.403189,3.411,3.398,3.408,125200,3.407,667900,3.406,494500,3.405,176700,3.404,919100,3.403,1066900,3.402,366500,3.401,140600,3.4,108800,3.399,24200,3.409,870700,3.41,192900,3.411,671300,3.412,862000,3.413,531200,3.414,513600,3.415,782500,3.416,294900,3.417,119800,3.418,316400
2020-09-03 09:50:40.510,3.409,1800.0,3.395,3.403189,3.413,3.398,3.408,125200,3.407,667900,3.406,494500,3.405,176700,3.404,119100,3.403,966900,3.402,1275400,3.401,140600,3.4,108800,3.399,24200,3.409,298200,3.41,192900,3.411,371300,3.412,1168000,3.413,431200,3.414,675200,3.415,721000,3.416,294900,3.417,119800,3.418,316400
2020-09-03 09:50:41.930,3.409,500.0,3.395,3.40319,3.413,3.398,3.408,125200,3.407,667900,3.406,494600,3.405,176700,3.404,119100,3.403,966900,3.402,375400,3.401,140600,3.4,108800,3.399,24200,3.409,319200,3.41,492500,3.411,671800,3.412,868000,3.413,431200,3.414,675200,3.415,726200,3.416,294900,3.417,119800,3.418,316400
2020-09-03 09:50:46.930,3.409,146800.0,3.395,3.4032050000000003,3.412,3.398,3.408,155200,3.407,609100,3.406,394600,3.405,176700,3.404,119100,3.403,1866900,3.402,375400,3.401,140600,3.4,108800,3.399,24200,3.409,182400,3.41,492500,3.411,689800,3.412,868000,3.413,431200,3.414,675200,3.415,736200,3.416,294900,3.417,119800,3.418,316400
2020-09-03 09:50:48.140,3.408,100000.0,3.395,3.4032139999999997,3.412,3.398,3.408,55200,3.407,549100,3.406,360400,3.405,183700,3.404,1019100,3.403,966900,3.402,375400,3.401,140600,3.4,108800,3.399,24200,3.409,203600,3.41,513600,3.411,990000,3.412,475000,3.413,239200,3.414,675200,3.415,736300,3.416,294900,3.417,119800,3.418,316400
2020-09-03 09:50:52.590,3.409,140000.0,3.395,3.403228,3.412,3.398,3.408,415200,3.407,989100,3.406,94600,3.405,176700,3.404,919100,3.403,166900,3.402,75400,3.401,140600,3.4,108800,3.399,24200,3.409,66600,3.41,193600,3.411,343000,3.412,868000,3.413,739200,3.414,578200,3.415,736500,3.416,294900,3.417,119800,3.418,316400
2020-09-03 09:50:55.740,3.409,21000.0,3.395,3.403231,3.412,3.398,3.408,364200,3.407,1317900,3.406,1057500,3.405,1073700,3.404,1019100,3.403,66900,3.402,375400,3.401,140600,3.4,108800,3.399,24200,3.409,47100,3.41,194200,3.411,343000,3.412,868000,3.413,639200,3.414,678200,3.415,736500,3.416,294900,3.417,119800,3.418,316400
2020-09-03 09:50:59.580,3.408,600.0,3.395,3.403231,3.412,3.398,3.408,1205600,3.407,1797900,3.406,194600,3.405,173700,3.404,1919100,3.403,366900,3.402,75400,3.401,140600,3.4,108800,3.399,24200,3.409,47100,3.41,194200,3.411,323000,3.412,868000,3.413,649200,3.414,678200,3.415,736500,3.416,295100,3.417,119800,3.418,316400
2020-09-03 09:51:02.100,3.409,48700.0,3.395,3.403236,3.412,3.398,3.409,647900,3.408,1045600,3.407,1787900,3.406,994600,3.405,1073700,3.404,19100,3.403,166900,3.402,75400,3.401,140600,3.4,108800,3.41,194200,3.411,323000,3.412,468000,3.413,1049400,3.414,578200,3.415,736500,3.416,305100,3.417,119800,3.418,317400,3.419,235400
2020-09-03 09:51:05.070,3.41,202200.0,3.395,3.40326,3.412,3.398,3.41,706600,3.409,1995500,3.408,485600,3.407,1369000,3.406,1201600,3.405,80700,3.404,119100,3.403,66900,3.402,137200,3.401,78800,3.411,301800,3.412,377500,3.413,549400,3.414,716600,3.415,1201200,3.416,305100,3.417,119800,3.418,322400,3.419,235400,3.42,884611
2020-09-03 09:51:07.620,3.41,10000.0,3.395,3.403261,3.412,3.398,3.41,396600,3.409,1275500,3.408,922200,3.407,1092000,3.406,994600,3.405,180700,3.404,1219100,3.403,128700,3.402,75400,3.401,78800,3.411,301800,3.412,471700,3.413,642400,3.414,916600,3.415,942600,3.416,366600,3.417,119800,3.418,322400,3.419,235400,3.42,884611
2020-09-03 09:51:13.340,3.41,146600.0,3.395,3.403279,3.413,3.398,3.409,256000,3.408,492200,3.407,1092000,3.406,94600,3.405,180700,3.404,19100,3.403,1928700,3.402,75400,3.401,78800,3.4,108800,3.41,1141400,3.411,961900,3.412,843700,3.413,342400,3.414,516800,3.415,842600,3.416,371600,3.417,119800,3.418,322900,3.419,234400
2020-09-03 09:51:15.450,3.41,3200.0,3.395,3.40328,3.413,3.398,3.409,450400,3.408,492200,3.407,642000,3.406,179100,3.405,280700,3.404,919100,3.403,1266900,3.402,137200,3.401,78800,3.4,108800,3.41,1142200,3.411,1061900,3.412,943700,3.413,345400,3.414,516800,3.415,910700,3.416,310100,3.417,119800,3.418,322900,3.419,234400
2020-09-03 09:51:19.920,3.409,500000.0,3.395,3.4033339999999996,3.413,3.398,3.409,150400,3.408,492200,3.407,342000,3.406,394600,3.405,180700,3.404,24100,3.403,966900,3.402,437200,3.401,78800,3.4,108800,3.41,1242200,3.411,761900,3.412,953700,3.413,345400,3.414,516800,3.415,910700,3.416,310100,3.417,119800,3.418,322900,3.419,234400
2020-09-03 09:51:22.250,3.409,160900.0,3.395,3.40335,3.413,3.398,3.408,42200,3.407,361800,3.406,394600,3.405,165200,3.404,224100,3.403,1866900,3.402,1337200,3.401,78800,3.4,118800,3.399,24200,3.409,1039100,3.41,1402000,3.411,771900,3.412,533700,3.413,345400,3.414,616800,3.415,810700,3.416,310100,3.417,119800,3.418,322900
2020-09-03 09:51:25.820,3.408,713400.0,3.395,3.4034199999999997,3.413,3.398,3.408,926100,3.407,401800,3.406,496400,3.405,166700,3.404,1124100,3.403,66900,3.402,1275400,3.401,140600,3.4,118800,3.399,24200,3.41,1197100,3.411,770500,3.412,883700,3.413,345200,3.414,682800,3.415,749500,3.416,310100,3.417,119800,3.418,322900,3.419,234400
2020-09-03 09:51:26.760,3.408,30000.0,3.395,3.4034230000000005,3.413,3.398,3.409,100000,3.408,1171200,3.407,706800,3.406,196400,3.405,166700,3.404,1024100,3.403,1366900,3.402,75400,3.401,140600,3.4,118800,3.41,877100,3.411,770500,3.412,883700,3.413,445200,3.414,521200,3.415,811000,3.416,310100,3.417,119800,3.418,322900,3.419,234400
2020-09-03 09:51:30.460,3.409,33000.0,3.395,3.403426,3.412,3.398,3.409,71200,3.408,921200,3.407,313800,3.406,403400,3.405,1066700,3.404,124100,3.403,1066900,3.402,137200,3.401,78800,3.4,118800,3.41,877100,3.411,771500,3.412,790700,3.413,352200,3.414,521200,3.415,811000,3.416,310100,3.417,119800,3.418,322900,3.419,234400
2020-09-03 09:51:34.010,3.409,14100.0,3.395,3.403428,3.412,3.398,3.409,57100,3.408,981200,3.407,706800,3.406,196500,3.405,82200,3.404,1024100,3.403,366900,3.402,137200,3.401,78800,3.4,128800,3.41,158100,3.411,611500,3.412,583700,3.413,745200,3.414,621200,3.415,811000,3.416,310100,3.417,119800,3.418,322900,3.419,234400
2020-09-03 09:51:39.830,3.409,23700.0,3.395,3.40343,3.412,3.398,3.409,583400,3.408,921200,3.407,706800,3.406,281000,3.405,182200,3.404,1024100,3.403,66900,3.402,137200,3.401,78800,3.4,128800,3.41,188100,3.411,654000,3.412,588900,3.413,745200,3.414,621200,3.415,811000,3.416,310100,3.417,119800,3.418,322900,3.419,234400
2020-09-03 09:51:42.550,3.41,14000.0,3.395,3.403431,3.412,3.398,3.409,583400,3.408,1281200,3.407,406800,3.406,196500,3.405,982200,3.404,1324100,3.403,66900,3.402,137200,3.401,78800,3.4,128800,3.41,204300,3.411,614000,3.412,588900,3.413,745200,3.414,621200,3.415,811000,3.416,310100,3.417,119800,3.418,322900,3.419,234400
2020-09-03 09:51:45.470,3.409,6700.0,3.395,3.403432,3.412,3.398,3.409,576700,3.408,1241400,3.407,491300,3.406,296500,3.405,1082200,3.404,1224100,3.403,66900,3.402,137200,3.401,78800,3.4,128800,3.41,214300,3.411,684000,3.412,888900,3.413,445200,3.414,526200,3.415,911000,3.416,310100,3.417,119800,3.418,322900,3.419,234400
2020-09-03 09:51:49.370,3.409,25600.0,3.395,3.403435,3.412,3.398,3.409,551100,3.408,1271400,3.407,491300,3.406,296500,3.405,982200,3.404,1324100,3.403,66900,3.402,137200,3.401,78800,3.4,128800,3.41,236400,3.411,743000,3.412,588900,3.413,745200,3.414,626200,3.415,811000,3.416,310100,3.417,119800,3.418,325900,3.419,234400
2020-09-03 09:51:52.070,3.409,25400.0,3.395,3.4034370000000003,3.413,3.398,3.409,538700,3.408,1281400,3.407,491300,3.406,296500,3.405,82200,3.404,1024100,3.403,66900,3.402,137200,3.401,78800,3.4,128800,3.41,224900,3.411,743000,3.412,588100,3.413,745200,3.414,626200,3.415,811000,3.416,310100,3.417,119800,3.418,325900,3.419,234400
2020-09-03 09:51:57.640,3.41,5000.0,3.395,3.4034379999999995,3.413,3.398,3.409,544600,3.408,1405900,3.407,506800,3.406,196500,3.405,82200,3.404,1324100,3.403,66900,3.402,137200,3.401,78800,3.4,128300,3.41,220800,3.411,743000,3.412,588100,3.413,745200,3.414,626200,3.415,811000,3.416,310100,3.417,119800,3.418,325900,3.419,234800
2020-09-03 09:52:00.660,3.41,500.0,3.395,3.4034379999999995,3.413,3.398,3.409,548900,3.408,1735900,3.407,506800,3.406,196500,3.405,1082200,3.404,24100,3.403,66900,3.402,137200,3.401,78800,3.4,128300,3.41,220300,3.411,443000,3.412,488100,3.413,445200,3.414,826200,3.415,905500,3.416,310100,3.417,119800,3.418,325900,3.419,235800
2020-09-03 09:52:04.390,3.41,230300.0,3.395,3.403464,3.413,3.398,3.41,2080000,3.409,380200,3.408,1425900,3.407,466800,3.406,1096500,3.405,183000,3.404,24100,3.403,49500,3.402,137200,3.401,78800,3.411,443000,3.412,498100,3.413,745200,3.414,526200,3.415,1205500,3.416,310100,3.417,119800,3.418,325900,3.419,235800,3.42,895711
2020-09-03 09:52:08.170,3.41,11100.0,3.395,3.403465,3.413,3.398,3.41,1169400,3.409,308500,3.408,1041400,3.407,925500,3.406,103500,3.405,183000,3.404,24100,3.403,111300,3.402,75400,3.401,78800,3.411,443500,3.412,485100,3.413,652200,3.414,626200,3.415,1144000,3.416,371600,3.417,119800,3.418,325900,3.419,235800,3.42,893611
2020-09-03 09:52:11.580,3.41,6900.0,3.395,3.4034660000000003,3.413,3.398,3.41,563000,3.409,368500,3.408,1218900,3.407,218500,3.406,1903500,3.405,1512000,3.404,24100,3.403,111300,3.402,75400,3.401,78800,3.411,443000,3.412,785100,3.413,445200,3.414,1019200,3.415,844000,3.416,371600,3.417,119800,3.418,325900,3.419,235800,3.42,893611
2020-09-03 09:52:13.630,3.41,5000.0,3.395,3.403467,3.413,3.398,3.41,700,3.409,8500,3.408,1364400,3.407,118500,3.406,103500,3.405,2112000,3.404,324100,3.403,111300,3.402,75400,3.401,78800,3.411,743000,3.412,585100,3.413,745200,3.414,619200,3.415,844000,3.416,375100,3.417,119800,3.418,325900,3.419,235800,3.42,893611
2020-09-03 09:52:14.900,3.41,700.0,3.395,3.403467,3.414,3.398,3.409,22500,3.408,1364400,3.407,203000,3.406,1103500,3.405,1212000,3.404,324100,3.403,111300,3.402,75400,3.401,78800,3.4,128300,3.41,301900,3.411,767400,3.412,685100,3.413,445200,3.414,1008100,3.415,844400,3.416,375100,3.417,119800,3.418,325900,3.419,236300
2020-09-03 09:52:20.520,3.409,19500.0,3.395,3.4034690000000003,3.414,3.398,3.409,20500,3.408,1414400,3.407,203000,3.406,1103500,3.405,1212000,3.404,324100,3.403,49500,3.402,137200,3.401,78800,3.4,128300,3.411,752500,3.412,685100,3.413,745200,3.414,708100,3.415,906800,3.416,313600,3.417,119800,3.418,325900,3.419,236300,3.42,893611
2020-09-03 09:52:26.120,3.411,12000.0,3.395,3.4034709999999997,3.413,3.398,3.409,16700,3.408,1281400,3.407,203000,3.406,1198200,3.405,1112000,3.404,124100,3.403,349500,3.402,137200,3.401,78800,3.4,128300,3.411,750500,3.412,685800,3.413,745200,3.414,742000,3.415,806800,3.416,313600,3.417,119800,3.418,325900,3.419,236300,3.42,892611
2020-09-03 09:52:27.170,3.41,12000.0,3.395,3.4034720000000003,3.413,3.398,3.41,58200,3.409,16700,3.408,971400,3.407,410000,3.406,305200,3.405,2012000,3.404,324100,3.403,49500,3.402,137200,3.401,78800,3.411,750500,3.412,685800,3.413,652200,3.414,549000,3.415,745300,3.416,475100,3.417,124800,3.418,325900,3.419,239300,3.42,898111
2020-09-03 09:52:29.880,3.411,2700.0,3.395,3.4034720000000003,3.413,3.398,3.41,62400,3.409,14000,3.408,1271400,3.407,203000,3.406,298200,3.405,1212000,3.404,24100,3.403,111300,3.402,75400,3.401,78800,3.411,747800,3.412,685800,3.413,745200,3.414,642000,3.415,845300,3.416,375100,3.417,124800,3.418,325900,3.419,239300,3.42,898111
2020-09-03 09:52:33.290,3.41,4000.0,3.395,3.4034730000000004,3.413,3.398,3.41,58400,3.409,14000,3.408,1271400,3.407,203000,3.406,398200,3.405,2012000,3.404,324100,3.403,111300,3.402,75400,3.401,78800,3.411,748600,3.412,684800,3.413,745200,3.414,642000,3.415,744300,3.416,475100,3.417,124800,3.418,325900,3.419,239300,3.42,900111
2020-09-03 09:52:37.800,3.41,50000.0,3.395,3.403479,3.413,3.398,3.41,38400,3.409,14700,3.408,1271400,3.407,203000,3.406,298200,3.405,1212000,3.404,24100,3.403,111300,3.402,75400,3.401,78800,3.411,718700,3.412,684800,3.413,755200,3.414,642000,3.415,863800,3.416,375100,3.417,124800,3.418,325900,3.419,239300,3.42,900111
2020-09-03 09:52:39.690,3.41,56000.0,3.395,3.403485,3.414,3.398,3.409,14700,3.408,971400,3.407,503000,3.406,298200,3.405,2112000,3.404,924100,3.403,411300,3.402,75400,3.401,78800,3.4,128300,3.41,265900,3.411,1049200,3.412,1014800,3.413,455200,3.414,642000,3.415,884100,3.416,375100,3.417,124800,3.418,325900,3.419,239300
2020-09-03 09:52:44.110,3.41,250500.0,3.395,3.403514,3.414,3.398,3.409,334700,3.408,151200,3.407,203000,3.406,298200,3.405,1212000,3.404,324100,3.403,49500,3.402,137200,3.401,78800,3.4,128300,3.41,16300,3.411,715000,3.412,807800,3.413,455200,3.414,849000,3.415,945600,3.416,313600,3.417,124800,3.418,325900,3.419,239300
2020-09-03 09:52:46.230,3.41,21500.0,3.395,3.403516,3.413,3.398,3.409,344700,3.408,71200,3.407,503000,3.406,1198200,3.405,1212000,3.404,24100,3.403,349500,3.402,137200,3.401,78800,3.4,128300,3.411,702700,3.412,807900,3.413,755200,3.414,549000,3.415,945600,3.416,313600,3.417,124800,3.418,325900,3.419,239300,3.42,899111
2020-09-03 09:52:49.330,3.411,96300.0,3.395,3.4035290000000002,3.413,3.398,3.409,344700,3.408,371200,3.407,203000,3.406,1198200,3.405,1222000,3.404,324100,3.403,49500,3.402,137200,3.401,78800,3.4,131800,3.411,606400,3.412,807900,3.413,755200,3.414,549000,3.415,894100,3.416,375100,3.417,124800,3.418,325900,3.419,239300,3.42,900111
2020-09-03 09:52:51.360,3.41,300.0,3.395,3.4035290000000002,3.413,3.398,3.409,44700,3.408,371200,3.407,203000,3.406,398200,3.405,2022000,3.404,324100,3.403,49500,3.402,137200,3.401,68800,3.4,131800,3.41,315700,3.411,607900,3.412,1110900,3.413,455200,3.414,579000,3.415,794100,3.416,475100,3.417,124800,3.418,325900,3.419,239300
2020-09-03 09:52:54.820,3.41,6600.0,3.395,3.4035290000000002,3.413,3.398,3.409,16300,3.408,371200,3.407,110000,3.406,205200,3.405,2122000,3.404,324100,3.403,49500,3.402,137200,3.401,68800,3.4,131800,3.41,18000,3.411,619900,3.412,717900,3.413,662200,3.414,579000,3.415,955600,3.416,313600,3.417,124800,3.418,325900,3.419,239300
2020-09-03 09:53:00.160,3.41,100.0,3.395,3.4035290000000002,3.412,3.398,3.409,20600,3.408,481200,3.407,868500,3.406,282700,3.405,1322000,3.404,924100,3.403,49500,3.402,137200,3.401,68800,3.4,131800,3.41,45100,3.411,734300,3.412,1110900,3.413,455200,3.414,579000,3.415,955600,3.416,313600,3.417,124800,3.418,325900,3.419,239300
2020-09-03 09:53:04.170,3.41,49000.0,3.395,3.4035349999999998,3.412,3.398,3.41,511000,3.409,20800,3.408,985700,3.407,668500,3.406,1098200,3.405,322000,3.404,1224100,3.403,49500,3.402,137200,3.401,68800,3.411,694300,3.412,810900,3.413,755200,3.414,579000,3.415,955600,3.416,313600,3.417,124800,3.418,325900,3.419,239300,3.42,900111
2020-09-03 09:53:06.590,3.411,42700.0,3.395,3.40354,3.412,3.398,3.41,488300,3.409,320800,3.408,601200,3.407,568500,3.406,1098200,3.405,1222000,3.404,24100,3.403,111300,3.402,75400,3.401,68800,3.411,674300,3.412,810900,3.413,755200,3.414,599000,3.415,894100,3.416,375100,3.417,124800,3.418,325900,3.419,239300,3.42,903711
2020-09-03 09:53:08.640,3.41,251300.0,3.395,3.403568,3.412,3.398,3.41,237000,3.409,20800,3.408,905700,3.407,575500,3.406,205200,3.405,2022000,3.404,24100,3.403,411300,3.402,75400,3.401,68800,3.411,714300,3.412,713900,3.413,362200,3.414,899000,3.415,806100,3.416,475100,3.417,124800,3.418,325900,3.419,239300,3.42,903711
2020-09-03 09:53:14.070,3.41,259400.0,3.395,3.403596,3.412,3.398,3.409,20800,3.408,658700,3.407,968500,3.406,105200,3.405,1222000,3.404,24100,3.403,1311300,3.402,75400,3.401,68800,3.4,131800,3.41,914300,3.411,846400,3.412,1013900,3.413,455900,3.414,692000,3.415,906600,3.416,375100,3.417,124800,3.418,325900,3.419,239300
2020-09-03 09:53:20.290,3.409,1200.0,3.395,3.403596,3.412,3.398,3.409,24400,3.408,104200,3.407,568500,3.406,489700,3.405,422000,3.404,924100,3.403,349500,3.402,137200,3.401,68800,3.4,131800,3.41,2150900,3.411,696800,3.412,1014200,3.413,356400,3.414,692000,3.415,968200,3.416,313600,3.417,124800,3.418,325900,3.419,239300
2020-09-03 09:53:22.910,3.409,15100.0,3.395,3.403598,3.411,3.398,3.409,9300,3.408,114200,3.407,868500,3.406,189700,3.405,1222000,3.404,1024100,3.403,349500,3.402,137200,3.401,68800,3.4,131800,3.41,1280400,3.411,677600,3.412,716800,3.413,656400,3.414,792000,3.415,868200,3.416,313600,3.417,124800,3.418,326200,3.419,239300
2020-09-03 09:53:26.400,3.409,500.0,3.395,3.403598,3.411,3.398,3.409,8800,3.408,341200,3.407,568500,3.406,1182700,3.405,322000,3.404,1024100,3.403,349500,3.402,137200,3.401,70800,3.4,133600,3.41,980400,3.411,747600,3.412,809800,3.413,756400,3.414,699000,3.415,868200,3.416,313600,3.417,124800,3.418,326200,3.419,239300
2020-09-03 09:53:27.460,3.408,34800.0,3.395,3.403601,3.411,3.398,3.408,320200,3.407,568500,3.406,282700,3.405,1222000,3.404,1324100,3.403,49500,3.402,137200,3.401,70800,3.4,133600,3.399,24200,3.409,39200,3.41,955800,3.411,787600,3.412,809800,3.413,756400,3.414,699000,3.415,863200,3.416,319600,3.417,124800,3.418,326200
2020-09-03 09:53:31.700,3.409,63400.0,3.395,3.403607,3.411,3.398,3.409,877900,3.408,680200,3.407,708500,3.406,2082700,3.405,322000,3.404,1224100,3.403,154500,3.402,75400,3.401,132600,3.4,133600,3.41,55800,3.411,754000,3.412,749800,3.413,860400,3.414,660600,3.415,801700,3.416,319600,3.417,124800,3.418,323200,3.419,239300
2020-09-03 09:53:34.240,3.409,109300.0,3.395,3.4036169999999997,3.411,3.398,3.409,1078600,3.408,878200,3.407,258500,3.406,732700,3.405,1222000,3.404,1324100,3.403,54500,3.402,137200,3.401,70800,3.4,133600,3.41,55900,3.411,756400,3.412,749800,3.413,760400,3.414,699000,3.415,864200,3.416,319600,3.417,124800,3.418,323200,3.419,239300
2020-09-03 09:53:38.140,3.409,72900.0,3.395,3.4036239999999998,3.411,3.398,3.409,120700,3.408,558200,3.407,885500,3.406,654700,3.405,1222000,3.404,1324100,3.403,54500,3.402,137200,3.401,70800,3.4,133600,3.41,40900,3.411,758300,3.412,657800,3.413,668400,3.414,699000,3.415,864500,3.416,319600,3.417,124800,3.418,323200,3.419,239300
2020-09-03 09:53:40.630,3.409,120700.0,3.395,3.403635,3.412,3.398,3.408,518200,3.407,968500,3.406,747700,3.405,322000,3.404,1924100,3.403,354500,3.402,137200,3.401,70800,3.4,133600,3.399,24200,3.409,1300,3.41,83200,3.411,818300,3.412,1050800,3.413,461400,3.414,699000,3.415,864500,3.416,321600,3.417,124800,3.418,323200
2020-09-03 09:53:41.490,3.41,11900.0,3.395,3.403636,3.412,3.398,3.408,668200,3.407,608500,3.406,513200,3.405,306500,3.404,1124100,3.403,54500,3.402,1275400,3.401,132600,3.4,133600,3.399,24200,3.409,62200,3.41,975000,3.411,518300,3.412,1050800,3.413,372400,3.414,760600,3.415,803000,3.416,321600,3.417,124800,3.418,323200
2020-09-03 09:53:46.560,3.408,668200.0,3.395,3.403685,3.41,3.398,3.407,118500,3.406,963200,3.405,1756500,3.404,124100,3.403,54500,3.402,975400,3.401,432600,3.4,133600,3.399,24200,3.398,22700,3.408,202500,3.409,482300,3.41,695000,3.411,788300,3.412,650800,3.413,372400,3.414,660600,3.415,903000,3.416,321600,3.417,124800
2020-09-03 09:53:49.000,3.408,2100.0,3.395,3.403685,3.41,3.398,3.407,24400,3.406,533200,3.405,399500,3.404,124100,3.403,154500,3.402,1275400,3.401,70800,3.4,195400,3.399,24200,3.398,22700,3.408,201500,3.409,664100,3.41,793000,3.411,728300,3.412,557800,3.413,534000,3.414,599000,3.415,803000,3.416,321600,3.417,124800
2020-09-03 09:53:51.080,3.408,113900.0,3.395,3.403692,3.41,3.398,3.406,440300,3.405,699500,3.404,124100,3.403,1054500,3.402,1275400,3.401,70800,3.4,195400,3.399,24200,3.398,22700,3.397,9900,3.408,153900,3.409,664100,3.41,799200,3.411,723100,3.412,557800,3.413,441000,3.414,599000,3.415,803000,3.416,321600,3.417,124800
2020-09-03 09:53:53.230,3.408,10000.0,3.395,3.403692,3.41,3.398,3.406,740300,3.405,839500,3.404,124100,3.403,1147500,3.402,1275400,3.401,70800,3.4,133600,3.399,86000,3.398,22700,3.397,9900,3.408,14000,3.409,667600,3.41,804200,3.411,816100,3.412,527800,3.413,441000,3.414,599000,3.415,806000,3.416,321600,3.417,124800
2020-09-03 09:53:57.350,3.406,3000.0,3.395,3.403693,3.41,3.398,3.406,737300,3.405,839500,3.404,124100,3.403,247500,3.402,975400,3.401,70800,3.4,133600,3.399,86000,3.398,22700,3.397,9900,3.407,35000,3.408,17000,3.409,677300,3.41,804200,3.411,915500,3.412,527800,3.413,441000,3.414,599000,3.415,806000,3.416,321600
2020-09-03 09:54:00.750,3.407,35000.0,3.395,3.403694,3.41,3.398,3.407,267300,3.406,777300,3.405,736500,3.404,124100,3.403,1053500,3.402,1275400,3.401,170800,3.4,133600,3.399,86000,3.398,22700,3.408,64500,3.409,377500,3.41,651700,3.411,715500,3.412,889400,3.413,279400,3.414,599000,3.415,806000,3.416,321600,3.417,124800
2020-09-03 09:54:06.180,3.408,1000.0,3.395,3.403695,3.41,3.398,3.407,268900,3.406,787300,3.405,529500,3.404,217100,3.403,960500,3.402,1375400,3.401,70800,3.4,195400,3.399,24200,3.398,22700,3.408,63500,3.409,362600,3.41,446700,3.411,903500,3.412,627800,3.413,341700,3.414,599000,3.415,806000,3.416,321600,3.417,124800
2020-09-03 09:54:10.310,3.408,100.0,3.395,3.403695,3.41,3.398,3.407,1600,3.406,397300,3.405,745000,3.404,116300,3.403,160500,3.402,1875400,3.401,370800,3.4,195400,3.399,24200,3.398,22700,3.408,63400,3.409,422600,3.41,746700,3.411,603500,3.412,527800,3.413,441700,3.414,599000,3.415,806000,3.416,322600,3.417,124800
2020-09-03 09:54:12.760,3.407,14500.0,3.395,3.403695,3.41,3.398,3.406,77300,3.405,375000,3.404,500800,3.403,260500,3.402,975400,3.401,1270800,3.4,195400,3.399,24200,3.398,22700,3.397,9900,3.407,153600,3.408,674100,3.409,222600,3.41,746700,3.411,503500,3.412,527800,3.413,441700,3.414,599000,3.415,806000,3.416,322600
2020-09-03 09:54:15.840,3.406,34600.0,3.395,3.403697,3.409,3.398,3.406,42700,3.405,662000,3.404,200800,3.403,1060500,3.402,1075400,3.401,370800,3.4,133600,3.399,86000,3.398,22700,3.397,9900,3.407,153600,3.408,687200,3.409,167600,3.41,653700,3.411,503500,3.412,689400,3.413,280100,3.414,599000,3.415,806000,3.416,322600
2020-09-03 09:54:20.120,3.407,357300.0,3.395,3.403716,3.409,3.398,3.407,89000,3.406,402700,3.405,332000,3.404,200800,3.403,1060500,3.402,1275400,3.401,170800,3.4,133600,3.399,86000,3.398,22700,3.408,388700,3.409,160600,3.41,653700,3.411,910500,3.412,589400,3.413,280100,3.414,599000,3.415,806000,3.416,322600,3.417,124800
2020-09-03 09:54:21.900,3.407,18500.0,3.395,3.403717,3.409,3.398,3.407,70500,3.406,82700,3.405,632000,3.404,293800,3.403,1060500,3.402,1075400,3.401,370800,3.4,196400,3.399,24200,3.398,22700,3.408,389300,3.409,460600,3.41,654000,3.411,603500,3.412,627800,3.413,341700,3.414,599000,3.415,806000,3.416,337600,3.417,124800
2020-09-03 09:54:25.510,3.407,15100.0,3.395,3.403718,3.409,3.398,3.407,55600,3.406,42700,3.405,632000,3.404,293800,3.403,160500,3.402,1975400,3.401,370800,3.4,196400,3.399,24200,3.398,22700,3.408,389100,3.409,520600,3.41,511600,3.411,503500,3.412,627800,3.413,341700,3.414,599000,3.415,806000,3.416,337600,3.417,124800
2020-09-03 09:54:28.720,3.407,56200.0,3.395,3.403721,3.408,3.398,3.406,42700,3.405,292000,3.404,593800,3.403,160500,3.402,1075400,3.401,70800,3.4,1396400,3.399,24200,3.398,22700,3.397,9900,3.408,789100,3.409,520600,3.41,211600,3.411,503500,3.412,633300,3.413,341700,3.414,599000,3.415,806000,3.416,337600,3.417,124800
2020-09-03 09:54:30.680,3.407,100.0,3.395,3.403721,3.408,3.398,3.407,5100,3.406,47700,3.405,292000,3.404,598800,3.403,160500,3.402,1075400,3.401,70800,3.4,1337600,3.399,86000,3.398,22700,3.408,688600,3.409,227600,3.41,604600,3.411,503500,3.412,633300,3.413,341700,3.414,599000,3.415,806800,3.416,337600,3.417,124800
2020-09-03 09:54:35.200,3.406,5900.0,3.395,3.403721,3.408,3.398,3.406,47900,3.405,294000,3.404,505800,3.403,160500,3.402,175400,3.401,1270800,3.4,199400,3.399,24200,3.398,22700,3.397,9900,3.407,51700,3.408,985000,3.409,227600,3.41,604600,3.411,410500,3.412,632300,3.413,341700,3.414,599000,3.415,806800,3.416,337600
2020-09-03 09:54:35.760,3.406,2000.0,3.395,3.403721,3.408,3.398,3.406,45900,3.405,344000,3.404,505800,3.403,253500,3.402,975400,3.401,1370800,3.4,147600,3.399,86000,3.398,22700,3.397,9900,3.407,63700,3.408,1010900,3.409,226100,3.41,697600,3.411,510500,3.412,593900,3.413,280100,3.414,599000,3.415,806800,3.416,337600
2020-09-03 09:54:40.380,3.407,6400.0,3.395,3.403722,3.409,3.398,3.406,43900,3.405,644000,3.404,205800,3.403,253500,3.402,975400,3.401,1370800,3.4,147600,3.399,86000,3.398,22700,3.397,9900,3.407,59300,3.408,1017000,3.409,206100,3.41,698100,3.411,517600,3.412,593900,3.413,280100,3.414,599000,3.415,806800,3.416,337600
2020-09-03 09:54:43.580,3.406,9100.0,3.395,3.403722,3.409,3.398,3.406,54800,3.405,674000,3.404,112800,3.403,1153500,3.402,175400,3.401,1270800,3.4,147600,3.399,86000,3.398,22700,3.397,9900,3.407,61300,3.408,1017000,3.409,206100,3.41,605100,3.411,417600,3.412,693900,3.413,280100,3.414,599000,3.415,806800,3.416,337600
2020-09-03 09:54:46.490,3.406,6800.0,3.395,3.403722,3.408,3.398,3.406,418100,3.405,674000,3.404,205800,3.403,1153500,3.402,75400,3.401,1370800,3.4,147600,3.399,86000,3.398,22700,3.397,9900,3.407,76200,3.408,716400,3.409,259100,3.41,288100,3.411,817600,3.412,598900,3.413,280100,3.414,599000,3.415,806800,3.416,337600
2020-09-03 09:54:49.570,3.407,167400.0,3.395,3.4037309999999996,3.408,3.398,3.407,143000,3.406,418100,3.405,674000,3.404,205800,3.403,253500,3.402,975400,3.401,1370800,3.4,147600,3.399,86000,3.398,22700,3.408,668800,3.409,259100,3.41,288100,3.411,817600,3.412,598900,3.413,280100,3.414,599000,3.415,806800,3.416,337600,3.417,124800
2020-09-03 09:54:52.840,3.408,75200.0,3.395,3.4037370000000005,3.408,3.398,3.408,229500,3.407,149400,3.406,798000,3.405,364000,3.404,928300,3.403,60500,3.402,1375400,3.401,70800,3.4,209400,3.399,24200,3.409,66100,3.41,495100,3.411,813100,3.412,637300,3.413,341700,3.414,604000,3.415,806800,3.416,337600,3.417,124800,3.418,323200
2020-09-03 09:54:55.430,3.408,83000.0,3.395,3.403743,3.409,3.398,3.408,186500,3.407,149400,3.406,977500,3.405,427000,3.404,28300,3.403,1060500,3.402,1275400,3.401,132600,3.4,147600,3.399,24200,3.409,26100,3.41,535100,3.411,906100,3.412,630300,3.413,380100,3.414,665600,3.415,806700,3.416,337600,3.417,124800,3.418,323200
2020-09-03 09:54:59.760,3.408,5000.0,3.395,3.403743,3.409,3.398,3.408,181500,3.407,469400,3.406,647500,3.405,427000,3.404,928300,3.403,1060500,3.402,75400,3.401,132600,3.4,147600,3.399,24200,3.409,412100,3.41,195100,3.411,606100,3.412,940300,3.413,380100,3.414,665600,3.415,806700,3.416,337600,3.417,124800,3.418,323200
2020-09-03 09:55:02.090,3.408,21600.0,3.395,3.403745,3.409,3.398,3.408,284300,3.407,589400,3.406,917500,3.405,1327000,3.404,928300,3.403,460500,3.402,75400,3.401,132600,3.4,147600,3.399,24200,3.409,92000,3.41,95100,3.411,806100,3.412,940300,3.413,380100,3.414,665600,3.415,806700,3.416,337600,3.417,124800,3.418,323200
2020-09-03 09:55:04.320,3.409,112000.0,3.395,3.4037550000000003,3.409,3.398,3.409,183800,3.408,614300,3.407,363900,3.406,293000,3.405,327000,3.404,928300,3.403,160500,3.402,75400,3.401,132600,3.4,147600,3.41,96500,3.411,806100,3.412,740300,3.413,780100,3.414,665600,3.415,806700,3.416,337600,3.417,124800,3.418,323200,3.419,279300
2020-09-03 09:55:06.190,3.409,1500.0,3.395,3.4037550000000003,3.41,3.398,3.409,182300,3.408,624300,3.407,319100,3.406,1153000,3.405,234100,3.404,1328300,3.403,60500,3.402,137200,3.401,70800,3.4,147600,3.41,96500,3.411,713100,3.412,740300,3.413,773100,3.414,704000,3.415,868200,3.416,337600,3.417,124800,3.418,323200,3.419,279300
2020-09-03 09:55:09.300,3.409,3200.0,3.395,3.4037550000000003,3.41,3.398,3.409,501500,3.408,324300,3.407,319100,3.406,1153000,3.405,1134100,3.404,128300,3.403,60500,3.402,137200,3.401,70800,3.4,147600,3.41,96500,3.411,1013100,3.412,740300,3.413,473100,3.414,1005000,3.415,868200,3.416,337600,3.417,124800,3.418,323200,3.419,279300
2020-09-03 09:55:13.950,3.41,98300.0,3.395,3.403765,3.41,3.398,3.41,41700,3.409,721500,3.408,444300,3.407,319100,3.406,1153000,3.405,1434100,3.404,128300,3.403,60500,3.402,137200,3.401,70800,3.411,713100,3.412,640300,3.413,774100,3.414,1105000,3.415,868200,3.416,337600,3.417,124800,3.418,323200,3.419,279300,3.42,929711
2020-09-03 09:55:16.730,3.411,80600.0,3.395,3.403774,3.411,3.398,3.41,16100,3.409,731500,3.408,134300,3.407,104600,3.406,1953000,3.405,634100,3.404,28300,3.403,122300,3.402,75400,3.401,70800,3.411,363100,3.412,673900,3.413,774100,3.414,1005000,3.415,906700,3.416,399100,3.417,124800,3.418,323200,3.419,279300,3.42,929711
2020-09-03 09:55:18.160,3.41,16100.0,3.395,3.403776,3.411,3.398,3.409,482400,3.408,104300,3.407,11600,3.406,1060000,3.405,1134100,3.404,28300,3.403,122300,3.402,75400,3.401,70800,3.4,147600,3.41,13900,3.411,364100,3.412,880900,3.413,381100,3.414,1005000,3.415,806700,3.416,499100,3.417,124800,3.418,324200,3.419,279300
2020-09-03 09:55:20.860,3.41,13900.0,3.395,3.403777,3.411,3.398,3.41,20400,3.409,482400,3.408,194500,3.407,193200,3.406,1053000,3.405,634100,3.404,28300,3.403,60500,3.402,137200,3.401,70800,3.411,365100,3.412,1013900,3.413,474100,3.414,1005000,3.415,967400,3.416,337600,3.417,124800,3.418,324200,3.419,279300,3.42,933811
2020-09-03 09:55:29.830,3.41,85800.0,3.395,3.403786,3.412,3.398,3.409,158300,3.408,363700,3.407,1077700,3.406,703000,3.405,1234100,3.404,1233300,3.403,122300,3.402,75400,3.401,70800,3.4,152600,3.41,239400,3.411,630300,3.412,1183900,3.413,774200,3.414,605000,3.415,905900,3.416,399100,3.417,124800,3.418,324200,3.419,279300
2020-09-03 09:55:32.090,3.409,186000.0,3.395,3.403805,3.412,3.398,3.409,156500,3.408,373700,3.407,1077700,3.406,703000,3.405,1234100,3.404,1233300,3.403,60500,3.402,137200,3.401,70800,3.4,153000,3.41,60700,3.411,630300,3.412,1183900,3.413,774200,3.414,605000,3.415,967400,3.416,337600,3.417,124800,3.418,324200,3.419,279300
2020-09-03 09:55:33.000,3.41,600.0,3.395,3.403805,3.412,3.398,3.409,156500,3.408,513700,3.407,1284700,3.406,160000,3.405,1134100,3.404,1033300,3.403,360500,3.402,137200,3.401,70800,3.4,153000,3.41,60300,3.411,936300,3.412,790900,3.413,681200,3.414,705000,3.415,867400,3.416,337600,3.417,124800,3.418,324200,3.419,279300
2020-09-03 09:55:37.390,3.41,22000.0,3.395,3.403807,3.412,3.398,3.409,154500,3.408,473700,3.407,1377700,3.406,253000,3.405,334100,3.404,933300,3.403,60500,3.402,137200,3.401,70800,3.4,153000,3.41,40300,3.411,936800,3.412,883900,3.413,774200,3.414,605000,3.415,967400,3.416,337600,3.417,124800,3.418,324200,3.419,319300
2020-09-03 09:55:41.430,3.409,23000.0,3.395,3.403809,3.411,3.398,3.409,131500,3.408,453700,3.407,1293200,3.406,153000,3.405,334100,3.404,933300,3.403,360500,3.402,137200,3.401,70800,3.4,153000,3.41,41200,3.411,1003600,3.412,1183900,3.413,374200,3.414,605000,3.415,967400,3.416,337600,3.417,124800,3.418,324200,3.419,319300
2020-09-03 09:55:46.460,3.41,3000.0,3.395,3.403809,3.412,3.398,3.409,131500,3.408,453700,3.407,1293200,3.406,238100,3.405,1234100,3.404,1033300,3.403,60500,3.402,137200,3.401,70800,3.4,159000,3.41,638300,3.411,783600,3.412,883900,3.413,674200,3.414,705000,3.415,867400,3.416,337600,3.417,124800,3.418,324200,3.419,319300
2020-09-03 09:55:49.210,3.41,1200.0,3.395,3.403809,3.412,3.398,3.409,132300,3.408,813700,3.407,1200200,3.406,145100,3.405,1334100,3.404,933300,3.403,60500,3.402,137200,3.401,70800,3.4,159000,3.41,37200,3.411,643600,3.412,1090900,3.413,581200,3.414,605000,3.415,967700,3.416,337600,3.417,124800,3.418,324200,3.419,319300
2020-09-03 09:55:50.080,3.409,500.0,3.395,3.403809,3.412,3.398,3.409,431800,3.408,978200,3.407,1093200,3.406,153600,3.405,1234100,3.404,333300,3.403,60500,3.402,137200,3.401,70800,3.4,159000,3.41,38900,3.411,643600,3.412,1183900,3.413,474200,3.414,905000,3.415,967700,3.416,337600,3.417,124800,3.418,324200,3.419,319300
2020-09-03 09:55:55.340,3.409,44500.0,3.395,3.4038129999999995,3.411,3.398,3.409,87300,3.408,1248200,3.407,1093200,3.406,1053600,3.405,1134100,3.404,433300,3.403,60500,3.402,137200,3.401,70800,3.4,159000,3.41,45900,3.411,643600,3.412,1183900,3.413,474200,3.414,1005000,3.415,867700,3.416,337600,3.417,124800,3.418,324200,3.419,319300
2020-09-03 09:55:57.750,3.41,500.0,3.395,3.4038129999999995,3.411,3.398,3.409,387300,3.408,498200,3.407,1093200,3.406,1053600,3.405,1134100,3.404,433200,3.403,60500,3.402,137200,3.401,70800,3.4,159000,3.41,48500,3.411,637600,3.412,1183900,3.413,474200,3.414,1005000,3.415,868700,3.416,337600,3.417,124800,3.418,324200,3.419,319300
2020-09-03 09:56:01.200,3.409,5300.0,3.395,3.4038129999999995,3.412,3.398,3.409,86300,3.408,673700,3.407,993200,3.406,153600,3.405,1234100,3.404,1233200,3.403,57600,3.402,137200,3.401,70800,3.4,159000,3.41,45200,3.411,637600,3.412,1183900,3.413,774200,3.414,605000,3.415,970200,3.416,337600,3.417,124800,3.418,324200,3.419,319300
2020-09-03 09:56:02.910,3.409,23000.0,3.395,3.4038150000000003,3.412,3.398,3.409,65400,3.408,813700,3.407,1377700,3.406,253600,3.405,2034100,3.404,133200,3.403,357600,3.402,137200,3.401,70800,3.4,159000,3.41,44500,3.411,948100,3.412,883900,3.413,774200,3.414,705000,3.415,870200,3.416,337600,3.417,124800,3.418,324200,3.419,319300
2020-09-03 09:56:06.080,3.41,6000.0,3.395,3.4038160000000004,3.412,3.398,3.409,85400,3.408,1043700,3.407,1077700,3.406,253600,3.405,1134100,3.404,133200,3.403,57600,3.402,137200,3.401,70800,3.4,159000,3.41,40500,3.411,648100,3.412,863900,3.413,774200,3.414,705000,3.415,878300,3.416,337600,3.417,124800,3.418,324200,3.419,319300
2020-09-03 09:56:08.690,3.409,35700.0,3.395,3.4038190000000004,3.412,3.398,3.409,444700,3.408,433700,3.407,1077700,3.406,253600,3.405,1534100,3.404,28200,3.403,57600,3.402,137200,3.401,70800,3.4,159000,3.41,35500,3.411,351100,3.412,723900,3.413,774200,3.414,1005000,3.415,978300,3.416,337600,3.417,124800,3.418,324200,3.419,319300
2020-09-03 09:56:12.650,3.409,2000.0,3.395,3.4038190000000004,3.412,3.398,3.409,392700,3.408,143700,3.407,1077700,3.406,1153600,3.405,234100,3.404,428200,3.403,57600,3.402,137200,3.401,70800,3.4,159000,3.41,35500,3.411,353200,3.412,1023900,3.413,480900,3.414,1105000,3.415,876300,3.416,337400,3.417,124800,3.418,324200,3.419,319300
2020-09-03 09:56:14.580,3.41,100.0,3.395,3.4038190000000004,3.411,3.398,3.409,47700,3.408,33700,3.407,1200200,3.406,165100,3.405,1234100,3.404,1328200,3.403,57600,3.402,137200,3.401,70800,3.4,159000,3.41,41400,3.411,753200,3.412,631500,3.413,687900,3.414,705000,3.415,876300,3.416,337400,3.417,124800,3.418,324200,3.419,319300
2020-09-03 09:56:18.430,3.409,17800.0,3.395,3.4038209999999998,3.411,3.398,3.409,35100,3.408,413700,3.407,1077700,3.406,1173600,3.405,334100,3.404,1228200,3.403,57600,3.402,137200,3.401,70800,3.4,159000,3.41,36200,3.411,653200,3.412,824500,3.413,780900,3.414,605000,3.415,976300,3.416,337400,3.417,124800,3.418,324200,3.419,319300
2020-09-03 09:56:21.860,3.409,23300.0,3.395,3.4038230000000005,3.411,3.398,3.408,6500,3.407,993200,3.406,473600,3.405,318600,3.404,228200,3.403,57600,3.402,1337200,3.401,70800,3.4,159000,3.399,24200,3.409,146500,3.41,2027200,3.411,408200,3.412,1124500,3.413,381200,3.414,705000,3.415,876300,3.416,337400,3.417,124800,3.418,324200
2020-09-03 09:56:25.890,3.409,100.0,3.395,3.4038230000000005,3.412,3.398,3.408,6500,3.407,993200,3.406,483600,3.405,318600,3.404,228200,3.403,1237600,3.402,75400,3.401,132600,3.4,159000,3.399,24200,3.409,133700,3.41,2167300,3.411,721200,3.412,1126500,3.413,381200,3.414,766800,3.415,814800,3.416,337400,3.417,124800,3.418,324200
2020-09-03 09:56:38.480,3.408,1100.0,3.395,3.4038230000000005,3.412,3.398,3.408,30600,3.407,1310200,3.406,268100,3.405,427100,3.404,1028200,3.403,1237600,3.402,75400,3.401,137700,3.4,160000,3.399,25200,3.409,166100,3.41,1877000,3.411,914200,3.412,1144200,3.413,292200,3.414,776800,3.415,815200,3.416,337400,3.417,124800,3.418,365000
2020-09-03 09:56:40.280,3.409,900.0,3.395,3.4038230000000005,3.411,3.398,3.408,30600,3.407,1310300,3.406,271000,3.405,1327100,3.404,28200,3.403,1337600,3.402,75400,3.401,137700,3.4,160000,3.399,25200,3.409,165200,3.41,1626900,3.411,914200,3.412,1144200,3.413,392200,3.414,676800,3.415,815200,3.416,337400,3.417,124800,3.418,365000
2020-09-03 09:56:45.020,3.409,11400.0,3.395,3.4038239999999997,3.412,3.398,3.408,50600,3.407,1340300,3.406,178000,3.405,334100,3.404,142700,3.403,1237600,3.402,75400,3.401,137700,3.4,160000,3.399,15200,3.409,153800,3.41,1625900,3.411,761200,3.412,1051200,3.413,292200,3.414,776800,3.415,815400,3.416,337400,3.417,124800,3.418,365000
2020-09-03 09:56:46.940,3.408,6400.0,3.395,3.4038239999999997,3.412,3.398,3.408,24200,3.407,1010300,3.406,571000,3.405,427100,3.404,1042700,3.403,937600,3.402,375400,3.401,137700,3.4,160000,3.399,15200,3.409,203800,3.41,1625900,3.411,854200,3.412,1144200,3.413,292200,3.414,776800,3.415,815900,3.416,337400,3.417,124800,3.418,365000
2020-09-03 09:56:49.670,3.408,11300.0,3.395,3.403825,3.412,3.398,3.408,32900,3.407,1040300,3.406,571000,3.405,1327100,3.404,42700,3.403,1337600,3.402,75400,3.401,137700,3.4,160000,3.399,15200,3.409,160000,3.41,1625900,3.411,854200,3.412,1144200,3.413,392200,3.414,676800,3.415,815900,3.416,337400,3.417,124800,3.418,365000
2020-09-03 09:56:53.730,3.408,4600.0,3.395,3.403825,3.411,3.398,3.408,308500,3.407,1340300,3.406,271000,3.405,1327100,3.404,42700,3.403,1337600,3.402,75400,3.401,137700,3.4,160000,3.399,15200,3.409,160300,3.41,1625900,3.411,854200,3.412,1144200,3.413,392200,3.414,676800,3.415,816000,3.416,337400,3.417,124800,3.418,365000
2020-09-03 09:56:56.140,3.409,160400.0,3.395,3.403839,3.411,3.398,3.409,139700,3.408,678400,3.407,1040600,3.406,261000,3.405,427100,3.404,942700,3.403,437600,3.402,75400,3.401,137700,3.4,160000,3.41,1325900,3.411,854200,3.412,844200,3.413,692200,3.414,676800,3.415,816000,3.416,337400,3.417,124800,3.418,365000,3.419,319300
2020-09-03 09:56:59.660,3.409,302600.0,3.395,3.4038690000000003,3.411,3.398,3.409,314400,3.408,758400,3.407,1330300,3.406,983500,3.405,234100,3.404,1342700,3.403,37600,3.402,137200,3.401,75900,3.4,160000,3.41,92300,3.411,661200,3.412,751200,3.413,692200,3.414,1015200,3.415,877500,3.416,337400,3.417,124800,3.418,365000,3.419,319300
2020-09-03 09:57:01.880,3.409,54000.0,3.395,3.4038730000000004,3.412,3.398,3.409,584800,3.408,862300,3.407,1523300,3.406,1076500,3.405,1134100,3.404,142700,3.403,37600,3.402,137200,3.401,75900,3.4,160000,3.41,92300,3.411,661200,3.412,1044200,3.413,785200,3.414,717200,3.415,883900,3.416,337400,3.417,124800,3.418,365000,3.419,319300
2020-09-03 09:57:05.160,3.41,94300.0,3.395,3.403883,3.412,3.398,3.41,475700,3.409,624800,3.408,465500,3.407,1403300,3.406,1076500,3.405,1134100,3.404,442700,3.403,37600,3.402,137200,3.401,75900,3.411,361200,3.412,1044200,3.413,485200,3.414,1117200,3.415,883900,3.416,337400,3.417,124800,3.418,365000,3.419,319300,3.42,933811
2020-09-03 09:57:07.470,3.41,300.0,3.395,3.403883,3.411,3.398,3.41,205400,3.409,609300,3.408,560000,3.407,1393300,3.406,1076500,3.405,1234100,3.404,342700,3.403,99400,3.402,76500,3.401,75900,3.411,361200,3.412,1084200,3.413,785200,3.414,717200,3.415,922400,3.416,398900,3.417,124800,3.418,365000,3.419,319300,3.42,933811
2020-09-03 09:57:10.470,3.41,2600.0,3.395,3.403883,3.411,3.398,3.41,202800,3.409,909300,3.408,260000,3.407,1393300,3.406,201500,3.405,2134100,3.404,42700,3.403,99400,3.402,76500,3.401,75900,3.411,348200,3.412,1044200,3.413,484500,3.414,1017200,3.415,922400,3.416,399000,3.417,124800,3.418,365000,3.419,319300,3.42,933811
2020-09-03 09:57:13.990,3.41,25000.0,3.395,3.403885,3.411,3.398,3.41,180800,3.409,944300,3.408,343000,3.407,1393300,3.406,1008500,3.405,1534100,3.404,42700,3.403,99400,3.402,76500,3.401,75900,3.411,348200,3.412,1251200,3.413,484500,3.414,1110200,3.415,922400,3.416,399000,3.417,124800,3.418,365000,3.419,319300,3.42,933811
2020-09-03 09:57:16.960,3.41,10800.0,3.395,3.403886,3.411,3.398,3.41,172000,3.409,1014300,3.408,343000,3.407,2293300,3.406,108500,3.405,1534100,3.404,42700,3.403,99400,3.402,76500,3.401,75900,3.411,346200,3.412,1251200,3.413,484500,3.414,1110200,3.415,922400,3.416,399000,3.417,124800,3.418,365000,3.419,319300,3.42,933811
2020-09-03 09:57:19.330,3.41,5300.0,3.395,3.403887,3.411,3.398,3.41,166700,3.409,934300,3.408,343000,3.407,1393300,3.406,1008500,3.405,1234100,3.404,42700,3.403,99400,3.402,76500,3.401,75900,3.411,346300,3.412,1251200,3.413,484500,3.414,1111200,3.415,922400,3.416,399000,3.417,124800,3.418,365000,3.419,319300,3.42,933811
2020-09-03 09:57:23.200,3.411,27700.0,3.395,3.40389,3.411,3.398,3.41,166400,3.409,630000,3.408,643000,3.407,1393300,3.406,1008500,3.405,1234100,3.404,42700,3.403,99400,3.402,76500,3.401,75900,3.411,319700,3.412,1251200,3.413,484500,3.414,1111200,3.415,922400,3.416,399000,3.417,124800,3.418,365000,3.419,319300,3.42,933811
2020-09-03 09:57:23.450,3.411,10000.0,3.395,3.4038910000000002,3.411,3.398,3.41,166500,3.409,329600,3.408,455500,3.407,1284800,3.406,308500,3.405,2034100,3.404,342700,3.403,99400,3.402,76500,3.401,75900,3.411,309700,3.412,1311200,3.413,691500,3.414,618200,3.415,822400,3.416,499000,3.417,124800,3.418,365000,3.419,319300,3.42,933811
2020-09-03 09:57:26.730,3.411,6500.0,3.395,3.403892,3.411,3.398,3.41,169500,3.409,309600,3.408,548500,3.407,1377800,3.406,1208500,3.405,1134100,3.404,342700,3.403,99400,3.402,76500,3.401,75900,3.411,309400,3.412,1411200,3.413,784600,3.414,711200,3.415,823000,3.416,499000,3.417,124800,3.418,365000,3.419,319300,3.42,933811
2020-09-03 09:57:31.800,3.411,14100.0,3.395,3.403893,3.412,3.398,3.41,160600,3.409,629600,3.408,248500,3.407,1377800,3.406,1208500,3.405,1134100,3.404,342700,3.403,99400,3.402,76500,3.401,75900,3.411,308700,3.412,1351200,3.413,484600,3.414,1011200,3.415,823300,3.416,499000,3.417,124800,3.418,365000,3.419,319300,3.42,923811
2020-09-03 09:57:34.940,3.41,45300.0,3.395,3.4038980000000003,3.412,3.398,3.41,115300,3.409,669600,3.408,683500,3.407,1377800,3.406,308500,3.405,1434100,3.404,42700,3.403,99400,3.402,76500,3.401,75900,3.411,318700,3.412,1251200,3.413,484600,3.414,1111200,3.415,828300,3.416,499000,3.417,124800,3.418,365000,3.419,319300,3.42,923811
2020-09-03 09:57:37.990,3.411,90200.0,3.395,3.4039080000000004,3.412,3.398,3.41,115100,3.409,669600,3.408,683500,3.407,1377800,3.406,208500,3.405,1234100,3.404,42700,3.403,99400,3.402,76500,3.401,75900,3.411,228700,3.412,1251200,3.413,484600,3.414,1111200,3.415,928300,3.416,399000,3.417,124800,3.418,365000,3.419,319300,3.42,923811
2020-09-03 09:57:39.850,3.411,1000.0,3.395,3.4039080000000004,3.412,3.398,3.41,115100,3.409,669600,3.408,675000,3.407,1300300,3.406,208500,3.405,1434100,3.404,42700,3.403,99400,3.402,76500,3.401,75900,3.411,227900,3.412,1251200,3.413,396800,3.414,1018200,3.415,830300,3.416,499000,3.417,124800,3.418,365000,3.419,319300,3.42,923811
2020-09-03 09:57:41.750,3.411,5000.0,3.395,3.4039089999999996,3.412,3.398,3.41,106100,3.409,669600,3.408,318000,3.407,1393300,3.406,1108500,3.405,1134100,3.404,342700,3.403,99400,3.402,76500,3.401,75900,3.411,222900,3.412,1251200,3.413,490500,3.414,1111200,3.415,830300,3.416,499000,3.417,124800,3.418,365000,3.419,319300,3.42,923811
2020-09-03 09:57:47.140,3.41,300.0,3.395,3.4039089999999996,3.412,3.398,3.41,105800,3.409,669600,3.408,318000,3.407,1393300,3.406,1108500,3.405,1134100,3.404,342700,3.403,99400,3.402,76500,3.401,75900,3.411,223300,3.412,1252000,3.413,790500,3.414,811200,3.415,830300,3.416,499000,3.417,124800,3.418,365000,3.419,319300,3.42,923811
2020-09-03 09:57:50.270,3.411,9000.0,3.395,3.4039099999999998,3.412,3.398,3.41,105800,3.409,669600,3.408,318000,3.407,1393300,3.406,1008500,3.405,1534100,3.404,42700,3.403,99400,3.402,76500,3.401,75900,3.411,224300,3.412,1272000,3.413,490500,3.414,1111200,3.415,930300,3.416,399000,3.417,124800,3.418,365000,3.419,319300,3.42,923811
2020-09-03 09:57:50.940,3.41,2500.0,3.395,3.4039099999999998,3.412,3.398,3.41,104300,3.409,749600,3.408,318000,3.407,2293300,3.406,208500,3.405,1434100,3.404,42700,3.403,99400,3.402,76500,3.401,75900,3.411,233300,3.412,1252000,3.413,490500,3.414,811200,3.415,1130300,3.416,499000,3.417,124800,3.418,365000,3.419,319300,3.42,924311
2020-09-03 09:57:56.060,3.41,5200.0,3.395,3.4039099999999998,3.412,3.398,3.41,118300,3.409,744600,3.408,318000,3.407,1393300,3.406,1008500,3.405,1526600,3.404,42700,3.403,99400,3.402,76500,3.401,75900,3.411,233300,3.412,1252000,3.413,492000,3.414,811200,3.415,1230300,3.416,399000,3.417,124800,3.418,365000,3.419,319300,3.42,924311
2020-09-03 09:57:59.070,3.411,2900.0,3.395,3.403911,3.412,3.398,3.41,121700,3.409,444500,3.408,768000,3.407,2293300,3.406,108500,3.405,1526600,3.404,42700,3.403,99400,3.402,76500,3.401,75900,3.411,230400,3.412,1245500,3.413,492000,3.414,1111200,3.415,930300,3.416,399000,3.417,124800,3.418,365000,3.419,319300,3.42,924311
2020-09-03 09:58:02.010,3.411,77300.0,3.395,3.403918,3.412,3.398,3.41,55400,3.409,444500,3.408,768000,3.407,2293300,3.406,208500,3.405,1426600,3.404,42700,3.403,99400,3.402,76500,3.401,75900,3.411,228400,3.412,1245500,3.413,492000,3.414,1111200,3.415,819300,3.416,499000,3.417,124800,3.418,365000,3.419,319300,3.42,924311
2020-09-03 09:58:05.030,3.411,140000.0,3.395,3.4039339999999996,3.412,3.398,3.41,395400,3.409,444500,3.408,339400,3.407,1393300,3.406,2008500,3.405,226600,3.404,42700,3.403,99400,3.402,76500,3.401,75900,3.411,88400,3.412,945500,3.413,392000,3.414,1111200,3.415,819600,3.416,499000,3.417,124800,3.418,365000,3.419,319300,3.42,924311
2020-09-03 09:58:07.870,3.412,737400.0,3.395,3.404026,3.413,3.398,3.412,553700,3.411,947600,3.41,1177400,3.409,534500,3.408,931900,3.407,1500300,3.406,208500,3.405,226600,3.404,42700,3.403,99400,3.413,299000,3.414,918200,3.415,919600,3.416,899000,3.417,124800,3.418,365000,3.419,319300,3.42,924311,3.421,178900,3.422,365700
2020-09-03 09:58:10.630,3.413,300300.0,3.395,3.404068,3.414,3.398,3.413,4800,3.412,852700,3.411,668400,3.41,1007300,3.409,1847500,3.408,2581900,3.407,100300,3.406,108500,3.405,288300,3.404,42700,3.414,918200,3.415,1012600,3.416,530500,3.417,524800,3.418,426500,3.419,319300,3.42,924311,3.421,178900,3.422,365700,3.423,205700
2020-09-03 09:58:11.750,3.413,3000.0,3.395,3.4040690000000002,3.414,3.398,3.413,271800,3.412,697100,3.411,553700,3.41,1698600,3.409,1447500,3.408,581900,3.407,300,3.406,170200,3.405,226600,3.404,42700,3.414,618200,3.415,932600,3.416,830500,3.417,524800,3.418,465000,3.419,380800,3.42,924311,3.421,178900,3.422,365700,3.423,205700
2020-09-03 09:58:16.180,3.413,15000.0,3.395,3.404071,3.413,3.398,3.413,270800,3.412,592600,3.411,153700,3.41,523100,3.409,647500,3.408,1481900,3.407,300300,3.406,175200,3.405,226600,3.404,42700,3.414,604200,3.415,1272600,3.416,830500,3.417,224800,3.418,465000,3.419,377800,3.42,924311,3.421,178900,3.422,365700,3.423,205700
2020-09-03 09:58:18.680,3.414,10100.0,3.395,3.4040730000000003,3.413,3.398,3.413,700,3.412,672600,3.411,161500,3.41,425500,3.409,1447500,3.408,1781900,3.407,300,3.406,175200,3.405,226600,3.404,42700,3.414,594200,3.415,1232700,3.416,530500,3.417,524800,3.418,465000,3.419,377800,3.42,924311,3.421,178900,3.422,365700,3.423,205700
2020-09-03 09:58:20.830,3.414,4400.0,3.395,3.4040730000000003,3.414,3.398,3.413,700,3.412,672600,3.411,246000,3.41,428100,3.409,1454500,3.408,1381900,3.407,300300,3.406,175200,3.405,226600,3.404,42700,3.414,591800,3.415,1139700,3.416,437500,3.417,524800,3.418,365000,3.419,477800,3.42,924311,3.421,178900,3.422,365800,3.423,205700
2020-09-03 09:58:26.090,3.414,5000.0,3.395,3.4040739999999996,3.414,3.398,3.413,20700,3.412,1042600,3.411,329000,3.41,521100,3.409,2354500,3.408,781900,3.407,300,3.406,175200,3.405,226600,3.404,42700,3.414,581300,3.415,1139700,3.416,530500,3.417,617800,3.418,365000,3.419,477800,3.42,924311,3.421,178900,3.422,365800,3.423,205700
2020-09-03 09:58:29.170,3.414,586100.0,3.395,3.4041639999999997,3.414,3.398,3.414,18800,3.413,587300,3.412,752600,3.411,243700,3.41,1771100,3.409,854500,3.408,31900,3.407,100,3.406,175200,3.405,226600,3.415,819700,3.416,430500,3.417,617800,3.418,765000,3.419,477800,3.42,924311,3.421,178900,3.422,365800,3.423,205700,3.424,206700
2020-09-03 09:58:30.620,3.415,819700.0,3.395,3.4043,3.415,3.398,3.415,350300,3.414,1353200,3.413,757300,3.412,1363000,3.411,1313700,3.41,478100,3.409,554500,3.408,31900,3.407,61800,3.406,113500,3.416,337500,3.417,217800,3.418,458000,3.419,1116300,3.42,1085811,3.421,178900,3.422,365800,3.423,205700,3.424,206700,3.425,523300
2020-09-03 09:58:35.170,3.416,422100.0,3.395,3.404374,3.415,3.398,3.416,363000,3.415,1350200,3.414,901700,3.413,2507300,3.412,693000,3.411,563700,3.41,578100,3.409,10600,3.408,93600,3.407,100,3.417,217800,3.418,458000,3.419,616300,3.42,1124311,3.421,640300,3.422,365800,3.423,205700,3.424,206700,3.425,523300,3.426,137100
2020-09-03 09:58:36.560,3.416,3500.0,3.395,3.404375,3.416,3.398,3.416,730000,3.415,1400000,3.414,1393300,3.413,1827300,3.411,663700,3.41,28100,3.409,72300,3.408,31900,3.407,100,3.406,123500,3.417,119800,3.418,458000,3.419,429300,3.42,1225311,3.421,678900,3.422,527200,3.423,205700,3.424,206700,3.425,523300,3.426,137100
2020-09-03 09:58:40.590,3.417,121800.0,3.395,3.4043980000000005,3.417,3.398,3.417,337700,3.416,840200,3.415,2090000,3.414,1373300,3.413,927300,3.411,663700,3.41,28100,3.409,72300,3.408,31900,3.407,100,3.418,458000,3.419,429300,3.42,1225311,3.421,678900,3.422,527200,3.423,205700,3.424,206700,3.425,523300,3.426,137100,3.427,76600
2020-09-03 09:58:43.590,3.418,471600.0,3.395,3.404493,3.417,3.398,3.418,565000,3.417,1161100,3.416,1480200,3.415,1780000,3.414,796300,3.413,327300,3.412,550000,3.411,470700,3.41,89700,3.409,10600,3.419,432300,3.42,925311,3.421,271900,3.422,965800,3.423,567100,3.424,206700,3.425,623300,3.426,137700,3.427,76600,3.428,194900
2020-09-03 09:58:46.900,3.419,342500.0,3.395,3.404568,3.419,3.398,3.419,477800,3.418,920300,3.417,932100,3.416,1410200,3.415,2080000,3.414,553300,3.413,427300,3.411,82300,3.41,34100,3.409,10600,3.42,925311,3.421,271900,3.422,765800,3.423,605700,3.424,268100,3.425,623300,3.426,137700,3.427,76600,3.428,194900,3.429,216400
2020-09-03 09:58:49.460,3.419,605000.0,3.395,3.404707,3.419,3.398,3.419,772800,3.418,1055600,3.417,770100,3.416,1500200,3.415,400000,3.414,653300,3.413,327300,3.412,61600,3.411,20700,3.41,34100,3.42,325311,3.421,271900,3.422,548800,3.423,905700,3.424,406700,3.425,684700,3.426,137700,3.427,76600,3.428,194900,3.429,216400
2020-09-03 09:58:53.060,3.42,217700.0,3.395,3.404756,3.42,3.398,3.419,917800,3.418,566100,3.417,780100,3.416,1200200,3.415,1300000,3.414,651100,3.413,327300,3.412,61600,3.411,20700,3.41,34100,3.42,215511,3.421,271900,3.422,614800,3.423,805700,3.424,406700,3.425,684700,3.426,137700,3.427,76600,3.428,194900,3.429,216400
2020-09-03 09:58:56.170,3.42,52200.0,3.395,3.4047669999999997,3.421,3.398,3.419,361300,3.418,546100,3.417,720100,3.416,600200,3.415,2757300,3.414,758100,3.413,327300,3.412,61600,3.411,20700,3.41,69100,3.42,200311,3.421,498900,3.422,914800,3.423,217400,3.424,306700,3.425,784700,3.426,137700,3.427,76600,3.428,194900,3.429,216400
2020-09-03 09:58:58.660,3.419,95900.0,3.395,3.404789,3.421,3.398,3.419,55800,3.418,556100,3.417,1020100,3.416,393200,3.415,2457300,3.414,758100,3.413,27300,3.412,61600,3.411,20700,3.41,69100,3.42,120011,3.421,202900,3.422,1209800,3.423,317400,3.424,311700,3.425,784700,3.426,137700,3.427,76600,3.428,194900,3.429,216400
2020-09-03 09:59:01.890,3.419,11300.0,3.395,3.4047910000000003,3.421,3.398,3.418,436100,3.417,710100,3.416,1685500,3.415,1573700,3.414,408100,3.413,27300,3.412,61600,3.411,28000,3.41,79100,3.409,16900,3.419,290700,3.42,424711,3.421,302900,3.422,1308300,3.423,317400,3.424,311700,3.425,684700,3.426,137700,3.427,76600,3.428,194900
2020-09-03 09:59:04.100,3.419,22100.0,3.395,3.4047959999999997,3.421,3.398,3.418,36100,3.417,1020100,3.416,1385500,3.415,1573800,3.414,110100,3.413,27300,3.411,89600,3.41,79100,3.409,16900,3.408,31900,3.419,268700,3.42,447811,3.421,522900,3.422,1308300,3.423,317400,3.424,373100,3.425,628300,3.426,137700,3.427,78200,3.428,194900
2020-09-03 09:59:08.030,3.418,190900.0,3.395,3.404836,3.421,3.398,3.418,81600,3.417,720100,3.416,1239000,3.415,1573800,3.414,410100,3.413,27300,3.411,89600,3.41,79100,3.409,16900,3.408,31900,3.419,100,3.42,772911,3.421,326000,3.422,1313300,3.423,317400,3.424,373100,3.425,628300,3.426,137700,3.427,78200,3.428,199900
2020-09-03 09:59:10.020,3.419,72300.0,3.395,3.4048510000000003,3.421,3.398,3.419,53500,3.418,20100,3.417,1170100,3.416,2046000,3.415,1123800,3.414,310100,3.413,127300,3.411,89600,3.41,79100,3.409,16900,3.42,804911,3.421,925800,3.422,1013300,3.423,324400,3.424,273100,3.425,628300,3.426,137700,3.427,83200,3.428,199900,3.429,216400
2020-09-03 09:59:13.830,3.419,81400.0,3.395,3.404868,3.421,3.398,3.418,390600,3.417,1077100,3.416,2139000,3.415,1123800,3.414,410100,3.413,27300,3.412,61600,3.411,28000,3.41,79100,3.409,16900,3.419,560100,3.42,786111,3.421,668800,3.422,1220300,3.423,317400,3.424,311700,3.425,689700,3.426,137700,3.427,83200,3.428,199900
2020-09-03 09:59:16.760,3.419,329000.0,3.395,3.404936,3.42,3.398,3.418,350600,3.417,1077100,3.416,1332000,3.415,1023800,3.414,413200,3.413,27300,3.411,89600,3.41,79100,3.409,16900,3.408,31900,3.419,232300,3.42,797711,3.421,1066800,3.422,920300,3.423,317400,3.424,373100,3.425,632300,3.426,137700,3.427,83200,3.428,199900
2020-09-03 09:59:19.880,3.419,23600.0,3.395,3.4049410000000004,3.42,3.398,3.418,46600,3.417,341000,3.416,1032000,3.415,1323700,3.414,113200,3.413,27300,3.411,89600,3.41,79100,3.409,16900,3.408,31800,3.419,215800,3.42,841711,3.421,1066300,3.422,920300,3.423,317400,3.424,365100,3.425,638300,3.426,137700,3.427,83200,3.428,199900
2020-09-03 09:59:21.660,3.418,10900.0,3.395,3.404943,3.42,3.398,3.418,40700,3.417,401000,3.416,1332000,3.415,1023700,3.414,413200,3.413,27300,3.411,89600,3.41,81100,3.409,16900,3.408,32300,3.419,241200,3.42,545711,3.421,1066300,3.422,935400,3.423,317400,3.424,366100,3.425,638300,3.426,137700,3.427,83200,3.428,199900
2020-09-03 09:59:26.120,3.418,21500.0,3.395,3.404947,3.42,3.398,3.418,519500,3.417,701000,3.416,1389000,3.415,1566700,3.414,763200,3.413,127300,3.411,89600,3.41,91100,3.409,16900,3.408,32300,3.419,240900,3.42,550711,3.421,1067300,3.422,1028400,3.423,320400,3.424,266100,3.425,638300,3.426,137700,3.427,83200,3.428,199900
2020-09-03 09:59:28.170,3.419,262500.0,3.395,3.4050010000000004,3.42,3.398,3.418,507000,3.417,741000,3.416,1296000,3.415,1566700,3.414,463200,3.413,127300,3.411,89600,3.41,91100,3.409,16900,3.408,32300,3.419,222900,3.42,558711,3.421,674500,3.422,1030900,3.423,320400,3.424,266100,3.425,638300,3.426,137700,3.427,83200,3.428,199900
2020-09-03 09:59:32.130,3.419,2600.0,3.395,3.4050010000000004,3.42,3.398,3.418,511800,3.417,741000,3.416,1839000,3.415,1566700,3.414,413200,3.413,27300,3.411,89600,3.41,81100,3.409,16900,3.408,32300,3.419,282500,3.42,578711,3.421,467500,3.422,1330900,3.423,220400,3.424,366100,3.425,646400,3.426,137700,3.427,83200,3.428,199900
2020-09-03 09:59:35.020,3.418,38800.0,3.395,3.4050089999999997,3.418,3.398,3.418,506300,3.417,441000,3.416,1239000,3.415,1566700,3.414,413200,3.413,27300,3.411,89600,3.41,76500,3.409,16900,3.408,37300,3.419,411600,3.42,631811,3.421,767500,3.422,1030900,3.423,220400,3.424,366100,3.425,646400,3.426,137700,3.427,83200,3.428,199900
2020-09-03 09:59:37.850,3.418,54500.0,3.395,3.4050199999999995,3.419,3.398,3.418,476800,3.417,391500,3.416,2139000,3.415,1473700,3.414,313200,3.413,127300,3.411,89600,3.41,76500,3.409,16900,3.408,37300,3.419,424600,3.42,657611,3.421,767500,3.422,937900,3.423,320400,3.424,276100,3.425,646400,3.426,137700,3.427,83200,3.428,199900
2020-09-03 09:59:40.540,3.418,779000.0,3.395,3.4051699999999996,3.419,3.398,3.417,401500,3.416,1689000,3.415,1566700,3.414,313200,3.413,127300,3.411,89600,3.41,76300,3.409,16900,3.408,37300,3.407,6200,3.418,139100,3.419,124300,3.42,660611,3.421,767500,3.422,1029900,3.423,320400,3.424,276100,3.425,646500,3.426,137700,3.427,83200
2020-09-03 09:59:44.000,3.418,263200.0,3.395,3.405218,3.419,3.398,3.418,8600,3.417,391500,3.416,836000,3.415,2559700,3.414,313200,3.413,127300,3.412,3000,3.411,28000,3.41,137900,3.409,16900,3.419,136000,3.42,751611,3.421,614000,3.422,1029900,3.423,382300,3.424,214700,3.425,646500,3.426,137300,3.427,83200,3.428,199900
2020-09-03 09:59:47.130,3.418,31300.0,3.395,3.4052239999999996,3.419,3.398,3.418,580800,3.417,131500,3.416,836000,3.415,2559700,3.414,309200,3.413,127300,3.412,3000,3.411,89600,3.41,76300,3.409,16900,3.419,159600,3.42,750311,3.421,618000,3.422,1039900,3.423,320900,3.424,276100,3.425,646500,3.426,137300,3.427,83200,3.428,199900
2020-09-03 09:59:49.550,3.418,442700.0,3.395,3.405304,3.419,3.398,3.418,100,3.417,1500,3.416,403700,3.415,1952000,3.414,109200,3.413,1327300,3.412,3000,3.411,89600,3.41,76300,3.409,16900,3.419,263200,3.42,754111,3.421,618000,3.422,739900,3.423,320900,3.424,276100,3.425,646500,3.426,137300,3.427,83200,3.428,199900
2020-09-03 09:59:51.930,3.419,392200.0,3.395,3.40538,3.42,3.398,3.419,609400,3.417,20000,3.416,63700,3.415,866700,3.414,9200,3.413,1927300,3.412,303000,3.411,86700,3.41,70500,3.409,16900,3.42,1193911,3.421,618000,3.422,546900,3.423,320900,3.424,276100,3.425,646500,3.426,137300,3.427,83200,3.428,205900,3.429,226400
2020-09-03 09:59:56.130,3.419,612700.0,3.395,3.405497,3.419,3.398,3.418,200,3.417,113000,3.416,96700,3.415,1766000,3.414,209200,3.413,1227300,3.412,64600,3.411,25100,3.41,70500,3.409,16900,3.419,147000,3.42,1125711,3.421,678000,3.422,639900,3.423,313900,3.424,314700,3.425,708000,3.426,137300,3.427,83200,3.428,205900
2020-09-03 09:59:58.930,3.419,6300.0,3.395,3.405498,3.419,3.398,3.418,96800,3.417,473000,3.416,396700,3.415,1466900,3.414,1109200,3.413,327300,3.412,3000,3.411,96700,3.41,80500,3.409,16900,3.419,170100,3.42,780711,3.421,978000,3.422,643900,3.423,311900,3.424,376100,3.425,648600,3.426,137300,3.427,83200,3.428,205900
2020-09-03 10:00:01.300,3.418,43500.0,3.395,3.405506,3.419,3.398,3.418,91400,3.417,843000,3.416,96700,3.415,1674600,3.414,109200,3.413,27300,3.412,3000,3.411,96700,3.41,80500,3.409,16900,3.419,199400,3.42,998611,3.421,658000,3.422,730400,3.423,312400,3.424,376100,3.425,648600,3.426,137300,3.427,83200,3.428,205900
2020-09-03 10:00:04.250,3.418,1700.0,3.395,3.405506,3.419,3.398,3.418,785700,3.417,1295300,3.416,1096700,3.415,1674600,3.414,9200,3.413,127300,3.412,3000,3.411,96700,3.41,80500,3.409,16900,3.419,287200,3.42,429111,3.421,218000,3.422,1030400,3.423,712900,3.424,276100,3.425,648600,3.426,137300,3.427,83200,3.428,205900
2020-09-03 10:00:08.100,3.419,340800.0,3.395,3.405571,3.419,3.398,3.419,2036100,3.418,1075500,3.417,2643000,3.416,1203700,3.415,567600,3.414,9200,3.413,127300,3.412,3000,3.411,96700,3.41,80500,3.42,385911,3.421,218000,3.422,723400,3.423,1019900,3.424,276100,3.425,702700,3.426,137300,3.427,83200,3.428,207900,3.429,236700
2020-09-03 10:00:09.970,3.421,635511.0,3.395,3.405701,3.42,3.398,3.421,76200,3.42,928189,3.419,2533900,3.418,565700,3.417,1913000,3.416,3700,3.415,567600,3.414,109200,3.413,27300,3.412,64600,3.422,713400,3.423,233400,3.424,714700,3.425,1164100,3.426,137300,3.427,83200,3.428,209900,3.429,236700,3.43,478300,3.431,37900
2020-09-03 10:00:14.090,3.422,344500.0,3.395,3.4057779999999998,3.42,3.398,3.421,394700,3.42,930189,3.419,2493800,3.418,1455700,3.417,620000,3.416,553700,3.415,484600,3.414,70800,3.413,27300,3.412,3000,3.422,224600,3.423,233400,3.424,314700,3.425,1402700,3.426,237300,3.427,144500,3.428,209900,3.429,236700,3.43,478300,3.431,37900
2020-09-03 10:00:16.610,3.421,160200.0,3.395,3.405814,3.421,3.398,3.421,759300,3.42,1220989,3.419,1666700,3.418,1843900,3.417,120000,3.416,453700,3.415,484600,3.414,70800,3.413,27300,3.412,3000,3.422,75100,3.423,231400,3.424,307700,3.425,1495700,3.426,239300,3.427,244500,3.428,209900,3.429,246700,3.43,479300,3.431,37900
2020-09-03 10:00:19.480,3.423,310700.0,3.395,3.405886,3.421,3.398,3.423,423500,3.422,56200,3.421,683800,3.42,1680400,3.419,1604400,3.418,243900,3.417,470000,3.416,553700,3.415,34600,3.414,70800,3.424,307700,3.425,795700,3.426,639300,3.427,444500,3.428,213300,3.429,246700,3.43,482000,3.431,37900,3.432,78600,3.433,93600
2020-09-03 10:00:22.610,3.423,178700.0,3.395,3.4059269999999997,3.421,3.398,3.423,254400,3.422,141000,3.421,379600,3.42,1590400,3.419,1276100,3.418,279500,3.417,470000,3.416,515200,3.415,34600,3.414,9200,3.424,225100,3.425,794100,3.426,539300,3.427,383200,3.428,315300,3.429,308000,3.43,532000,3.431,37900,3.432,78600,3.433,93600
2020-09-03 10:00:25.590,3.423,30200.0,3.395,3.405934,3.422,3.398,3.423,224200,3.422,147200,3.421,448600,3.42,690400,3.419,2176100,3.418,579500,3.417,470000,3.416,515200,3.415,44600,3.414,9200,3.424,240100,3.425,752100,3.426,634300,3.427,383200,3.428,317300,3.429,308000,3.43,535000,3.431,37900,3.432,78600,3.433,93600
2020-09-03 10:00:29.070,3.423,10800.0,3.395,3.405937,3.422,3.398,3.423,306500,3.422,179200,3.421,1648600,3.42,390400,3.419,1516100,3.418,636500,3.417,470000,3.416,65200,3.415,44600,3.414,9200,3.424,263400,3.425,549100,3.426,634300,3.427,483200,3.428,317300,3.429,308000,3.43,535100,3.431,17900,3.432,78600,3.433,93600
2020-09-03 10:00:31.790,3.423,49000.0,3.395,3.4059489999999997,3.422,3.398,3.423,77500,3.422,399000,3.421,748600,3.42,1443400,3.419,1216100,3.418,936500,3.417,470000,3.416,65200,3.415,44600,3.414,9200,3.424,428800,3.425,549100,3.426,634300,3.427,576200,3.428,317300,3.429,308000,3.43,637300,3.431,17900,3.432,78600,3.433,93600
2020-09-03 10:00:34.070,3.423,6500.0,3.395,3.40595,3.423,3.398,3.423,141000,3.422,392200,3.421,728600,3.42,544400,3.419,1516100,3.418,636500,3.417,470000,3.416,65200,3.415,44600,3.414,9200,3.424,463900,3.425,549100,3.426,634300,3.427,579200,3.428,317300,3.429,318000,3.43,637300,3.431,17900,3.432,78600,3.433,93600
2020-09-03 10:00:37.770,3.424,309800.0,3.395,3.406026,3.423,3.398,3.423,145800,3.422,352200,3.421,1588600,3.42,452100,3.419,1386100,3.418,636500,3.417,470000,3.416,65200,3.415,44600,3.414,9200,3.424,204400,3.425,553400,3.426,637500,3.427,579200,3.428,317300,3.429,318000,3.43,640800,3.431,17900,3.432,78600,3.433,93600
2020-09-03 10:00:40.420,3.424,235900.0,3.395,3.4060839999999994,3.423,3.398,3.424,398400,3.423,176100,3.422,745500,3.421,548600,3.42,996800,3.419,586100,3.418,536500,3.417,470000,3.416,65200,3.415,44600,3.425,551500,3.426,636900,3.427,579200,3.428,217300,3.429,427200,3.43,715600,3.431,17900,3.432,78600,3.433,93600,3.434,22100
2020-09-03 10:00:43.620,3.424,315300.0,3.395,3.40616,3.423,3.398,3.424,157900,3.423,176100,3.422,743500,3.421,1471600,3.42,903800,3.419,736100,3.418,536500,3.417,81500,3.416,3700,3.415,44600,3.425,841500,3.426,336900,3.427,786200,3.428,310300,3.429,366900,3.43,777400,3.431,17900,3.432,78600,3.433,103600,3.434,22100
2020-09-03 10:00:47.010,3.424,228200.0,3.395,3.406215,3.423,3.398,3.423,386000,3.422,1643500,3.421,1471600,3.42,1203800,3.419,736100,3.418,536500,3.417,81500,3.416,3700,3.415,44600,3.414,9200,3.424,184100,3.425,854400,3.426,242700,3.427,786200,3.428,410300,3.429,367000,3.43,788600,3.431,17900,3.432,84600,3.433,103600
2020-09-03 10:00:49.650,3.425,886500.0,3.395,3.406432,3.423,3.398,3.424,247800,3.423,366000,3.422,687300,3.421,1378600,3.42,903800,3.419,736100,3.418,536500,3.417,20000,3.416,65200,3.415,44600,3.425,238100,3.426,149800,3.427,486200,3.428,410300,3.429,433300,3.43,728300,3.431,17900,3.432,84600,3.433,103600,3.434,22100
2020-09-03 10:00:52.830,3.424,399800.0,3.395,3.406529,3.424,3.398,3.424,859400,3.423,361800,3.422,1680300,3.421,258800,3.42,1003800,3.419,636100,3.418,86500,3.417,81500,3.416,3500,3.415,44600,3.425,4100,3.426,149800,3.427,279200,3.428,1010300,3.429,272000,3.43,889500,3.431,17900,3.432,84600,3.433,103600,3.434,22100
2020-09-03 10:00:55.870,3.425,22300.0,3.395,3.406535,3.423,3.398,3.424,455000,3.423,162000,3.422,168200,3.421,458100,3.42,1003800,3.419,736100,3.418,386500,3.417,81500,3.416,3500,3.415,44600,3.425,291300,3.426,449700,3.427,579200,3.428,217300,3.429,375000,3.43,789600,3.431,17900,3.432,84600,3.433,103600,3.434,22100
2020-09-03 10:00:58.960,3.424,294900.0,3.395,3.4066019999999995,3.423,3.398,3.423,32000,3.422,168200,3.421,191100,3.42,2303800,3.419,636100,3.418,1286500,3.417,81500,3.416,3500,3.415,44600,3.414,9200,3.424,19600,3.425,955500,3.426,511100,3.427,179200,3.428,310400,3.429,276300,3.43,892600,3.431,17900,3.432,84600,3.433,123600
2020-09-03 10:01:01.630,3.425,275900.0,3.395,3.406668,3.424,3.398,3.423,6200,3.422,228200,3.421,191100,3.42,403800,3.419,1636100,3.418,986500,3.417,20000,3.416,65000,3.415,44600,3.414,9200,3.425,780600,3.426,508200,3.427,179200,3.428,310400,3.429,437600,3.43,731300,3.431,17900,3.432,84600,3.433,123600,3.434,23100
2020-09-03 10:01:05.080,3.423,29400.0,3.395,3.406675,3.423,3.398,3.422,5600,3.421,191100,3.42,203800,3.419,1836100,3.418,986500,3.417,320000,3.416,65000,3.415,44600,3.414,9200,3.413,23900,3.423,4500,3.424,639300,3.425,817000,3.426,223200,3.427,84700,3.428,310800,3.429,276300,3.43,900600,3.431,17900,3.432,85500
2020-09-03 10:01:09.860,3.421,34200.0,3.395,3.406682,3.423,3.398,3.421,5300,3.42,96800,3.419,821400,3.418,1186500,3.417,320000,3.416,903500,3.415,415200,3.414,9200,3.413,23400,3.412,3500,3.422,312900,3.423,688700,3.424,830100,3.425,581000,3.426,251100,3.427,84800,3.428,379100,3.429,276300,3.43,753300,3.431,17900
2020-09-03 10:01:13.820,3.421,1100.0,3.395,3.406682,3.423,3.398,3.421,4300,3.42,96800,3.419,371400,3.418,186500,3.417,770000,3.416,1003500,3.415,353700,3.414,70800,3.413,23400,3.412,3500,3.422,309200,3.423,688700,3.424,837100,3.425,240900,3.426,351600,3.427,146100,3.428,221800,3.429,276300,3.43,753700,3.431,17900
2020-09-03 10:01:17.480,3.421,74300.0,3.395,3.4066959999999997,3.421,3.398,3.42,96800,3.419,279100,3.418,86500,3.417,470000,3.416,413500,3.415,53700,3.414,1270800,3.413,23400,3.412,3500,3.411,46200,3.421,11600,3.422,413700,3.423,853200,3.424,742100,3.425,243900,3.426,354600,3.427,146100,3.428,221800,3.429,276300,3.43,753700
2020-09-03 10:01:19.920,3.421,47100.0,3.395,3.406705,3.421,3.398,3.421,95600,3.42,3800,3.419,409100,3.418,179500,3.417,862300,3.416,213500,3.415,953700,3.414,9200,3.413,85000,3.412,3500,3.422,113900,3.423,1246200,3.424,681500,3.425,150900,3.426,419900,3.427,84800,3.428,221800,3.429,276300,3.43,771700,3.431,17900
2020-09-03 10:01:22.900,3.421,10300.0,3.395,3.406707,3.419,3.398,3.421,85300,3.42,3800,3.419,369100,3.418,179500,3.417,1762300,3.416,213500,3.415,1253700,3.414,70800,3.413,23400,3.412,3500,3.422,715100,3.423,646200,3.424,717500,3.425,155400,3.426,361600,3.427,146100,3.428,221800,3.429,276300,3.43,771800,3.431,17900
2020-09-03 10:01:26.320,3.419,97200.0,3.395,3.406725,3.419,3.398,3.419,241800,3.418,272500,3.417,1312300,3.416,213500,3.415,1704200,3.414,520800,3.413,23400,3.412,3500,3.411,46200,3.41,111500,3.421,216700,3.422,717100,3.423,646200,3.424,717500,3.425,248400,3.426,269700,3.427,146100,3.428,217800,3.429,276300,3.43,772400
2020-09-03 10:01:28.880,3.421,70500.0,3.395,3.406738,3.419,3.398,3.419,237300,3.418,912300,3.417,412300,3.416,1013500,3.415,1704200,3.414,559200,3.413,6100,3.412,65100,3.411,46200,3.41,111500,3.421,162300,3.422,842100,3.423,644200,3.424,817500,3.425,254800,3.426,246700,3.427,84800,3.428,222800,3.429,276300,3.43,772400
2020-09-03 10:01:30.420,3.421,1000.0,3.395,3.406738,3.42,3.398,3.42,4100,3.419,217300,3.418,600000,3.417,112300,3.416,513500,3.415,2304200,3.414,759200,3.413,6100,3.412,65100,3.411,46200,3.421,508000,3.422,879700,3.423,251200,3.424,717500,3.425,259800,3.426,329700,3.427,84800,3.428,222800,3.429,281300,3.43,772400
2020-09-03 10:01:34.680,3.421,1600.0,3.395,3.406738,3.42,3.398,3.42,9100,3.419,217300,3.418,686100,3.417,20000,3.416,1405800,3.415,1504200,3.414,759200,3.413,67700,3.412,3500,3.411,46200,3.421,246400,3.422,1179700,3.423,281100,3.424,417500,3.425,259800,3.426,332700,3.427,86800,3.428,223500,3.429,281600,3.43,774900
2020-09-03 10:01:38.340,3.42,18300.0,3.395,3.406742,3.42,3.398,3.42,11100,3.419,227300,3.418,593100,3.417,20500,3.416,1855800,3.415,1804200,3.414,9200,3.413,67700,3.412,3500,3.411,46200,3.421,356100,3.422,1182700,3.423,281100,3.424,417500,3.425,176800,3.426,333200,3.427,91800,3.428,233500,3.429,281600,3.43,772700
2020-09-03 10:01:39.540,3.419,11600.0,3.395,3.406744,3.419,3.398,3.419,257800,3.418,594100,3.417,415400,3.416,105800,3.415,1604200,3.414,309200,3.413,67700,3.412,3500,3.411,46200,3.41,111500,3.42,169700,3.421,414100,3.422,1142700,3.423,281100,3.424,510500,3.425,276800,3.426,233200,3.427,91800,3.428,233500,3.429,285600
2020-09-03 10:01:42.590,3.42,1000.0,3.395,3.406744,3.419,3.398,3.419,257800,3.418,843900,3.417,415400,3.416,1006800,3.415,1505200,3.414,409200,3.413,6100,3.412,65100,3.411,46200,3.41,111500,3.42,189000,3.421,414100,3.422,1142700,3.423,221100,3.424,618000,3.425,240200,3.426,172400,3.427,96800,3.428,253600,3.429,285600
2020-09-03 10:01:45.640,3.42,41700.0,3.395,3.4067510000000003,3.418,3.398,3.419,256100,3.418,531100,3.417,415400,3.416,1006800,3.415,1155200,3.414,759200,3.413,456100,3.412,65100,3.411,46200,3.41,111500,3.42,200000,3.421,386100,3.422,1142700,3.423,128100,3.424,518000,3.425,348200,3.426,172400,3.427,96800,3.428,263600,3.429,290600
2020-09-03 10:01:49.930,3.419,24800.0,3.395,3.4067550000000004,3.418,3.398,3.419,258100,3.418,750900,3.417,508400,3.416,106800,3.415,1455200,3.414,459200,3.413,456100,3.412,65100,3.411,46200,3.41,111500,3.42,199300,3.421,387500,3.422,1235700,3.423,128100,3.424,518000,3.425,349300,3.426,172400,3.427,96800,3.428,263600,3.429,290600
2020-09-03 10:01:52.360,3.419,42500.0,3.395,3.406762,3.419,3.398,3.419,225300,3.418,528000,3.417,415400,3.416,1006800,3.415,1505200,3.414,859200,3.413,6100,3.412,65100,3.411,46200,3.41,111500,3.42,203200,3.421,397500,3.422,935700,3.423,128100,3.424,515100,3.425,249300,3.426,172400,3.427,96800,3.428,265400,3.429,290600
2020-09-03 10:01:55.580,3.42,35800.0,3.395,3.406768,3.419,3.398,3.419,222300,3.418,518000,3.417,415400,3.416,1699800,3.415,1505200,3.414,859200,3.413,6100,3.412,65100,3.411,46200,3.41,111500,3.42,176500,3.421,997300,3.422,642100,3.423,223100,3.424,515100,3.425,249300,3.426,179200,3.427,97000,3.428,265400,3.429,280600
2020-09-03 10:01:58.250,3.419,5200.0,3.395,3.406769,3.419,3.398,3.419,177100,3.418,448000,3.417,115400,3.416,799800,3.415,2505200,3.414,759200,3.413,6100,3.412,65100,3.411,46200,3.41,111500,3.42,277200,3.421,997800,3.422,640100,3.423,123100,3.424,415100,3.425,349800,3.426,179200,3.427,97000,3.428,283400,3.429,280600
2020-09-03 10:02:02.130,3.419,185800.0,3.395,3.406799,3.418,3.398,3.418,127700,3.417,115400,3.416,1607500,3.415,955200,3.414,559200,3.413,1206100,3.412,65100,3.411,46200,3.41,111500,3.409,16900,3.419,415800,3.42,722500,3.421,893300,3.422,345100,3.423,123100,3.424,515200,3.425,249800,3.426,179200,3.427,97000,3.428,283400
2020-09-03 10:02:04.810,3.419,5000.0,3.395,3.406799,3.418,3.398,3.418,117700,3.417,175400,3.416,407500,3.415,447500,3.414,659200,3.413,1806100,3.412,3500,3.411,107800,3.41,111500,3.409,16900,3.419,877200,3.42,758500,3.421,893300,3.422,223100,3.423,123100,3.424,576600,3.425,198400,3.426,179200,3.427,97000,3.428,283400
2020-09-03 10:02:05.900,3.418,20000.0,3.395,3.406802,3.418,3.398,3.418,97700,3.417,155400,3.416,14500,3.415,240500,3.414,1859200,3.413,906100,3.412,303500,3.411,107800,3.41,111500,3.409,16900,3.419,1219200,3.42,803500,3.421,593200,3.422,316100,3.423,30100,3.424,576600,3.425,198400,3.426,180200,3.427,97000,3.428,283400
2020-09-03 10:02:11.160,3.417,220700.0,3.395,3.4068330000000002,3.417,3.398,3.416,14500,3.415,240500,3.414,1759200,3.413,106100,3.412,3500,3.411,1307800,3.41,111500,3.409,16900,3.408,16000,3.407,7200,3.417,178000,3.418,953200,3.419,1952200,3.42,524500,3.421,268400,3.422,223100,3.423,130100,3.424,476600,3.425,296900,3.426,180200
2020-09-03 10:02:13.870,3.417,10200.0,3.395,3.4068339999999995,3.417,3.398,3.416,14300,3.415,188200,3.414,102200,3.413,456100,3.412,1753500,3.411,946200,3.41,411500,3.409,78600,3.408,16000,3.407,12200,3.417,568000,3.418,1374200,3.419,845400,3.42,346600,3.421,222300,3.422,380700,3.423,30100,3.424,415200,3.425,303400,3.426,182200
2020-09-03 10:02:14.760,3.416,43500.0,3.395,3.4068400000000003,3.417,3.398,3.415,148200,3.414,96200,3.413,548400,3.412,953500,3.411,938400,3.41,111500,3.409,78600,3.408,16000,3.407,12200,3.406,121300,3.417,559400,3.418,1416300,3.419,845400,3.42,347600,3.421,112300,3.422,380800,3.423,30100,3.424,410200,3.425,304400,3.426,182200
2020-09-03 10:02:19.860,3.416,63100.0,3.395,3.406846,3.417,3.398,3.415,4400,3.414,96200,3.413,548400,3.412,646500,3.411,1338400,3.41,111500,3.409,1216900,3.408,77700,3.407,12200,3.406,121300,3.416,701700,3.417,608700,3.418,715300,3.419,634600,3.42,440200,3.421,212300,3.422,187800,3.423,30100,3.424,410200,3.425,304400
2020-09-03 10:02:21.470,3.415,13200.0,3.395,3.406848,3.416,3.398,3.414,126200,3.413,548400,3.412,646500,3.411,438400,3.41,1011500,3.409,1216900,3.408,77700,3.407,12200,3.406,121300,3.405,278400,3.415,434200,3.416,1013700,3.417,310700,3.418,395300,3.419,599600,3.42,457200,3.421,273700,3.422,126400,3.423,30100,3.424,410200
2020-09-03 10:02:25.750,3.415,183800.0,3.395,3.4068669999999996,3.416,3.398,3.415,126200,3.414,165800,3.413,345900,3.412,1031800,3.411,1039400,3.41,1410500,3.409,16900,3.408,16000,3.407,73900,3.406,121300,3.416,393700,3.417,663700,3.418,455300,3.419,805600,3.42,602700,3.421,112400,3.422,126400,3.423,30100,3.424,410200,3.425,305600
2020-09-03 10:02:27.960,3.415,12500.0,3.395,3.4068680000000002,3.416,3.398,3.415,114600,3.414,103800,3.413,141100,3.412,939500,3.411,39400,3.41,1110500,3.409,316900,3.408,77700,3.407,12200,3.406,121300,3.416,392200,3.417,804300,3.418,159300,3.419,505600,3.42,541200,3.421,173800,3.422,26400,3.423,30100,3.424,410200,3.425,305600
2020-09-03 10:02:30.250,3.415,3500.0,3.395,3.4068690000000004,3.416,3.398,3.415,116300,3.414,113800,3.413,141100,3.412,546500,3.411,431700,3.41,1210500,3.409,316900,3.408,77700,3.407,12200,3.406,121300,3.416,702200,3.417,564300,3.418,59300,3.419,505600,3.42,448200,3.421,168800,3.422,26400,3.423,30100,3.424,420200,3.425,305600
2020-09-03 10:02:34.200,3.414,178900.0,3.395,3.406887,3.416,3.398,3.413,25000,3.412,189500,3.411,931300,3.41,1652800,3.409,116900,3.408,977700,3.407,12200,3.406,121300,3.405,285700,3.404,37700,3.415,1203400,3.416,730200,3.417,164300,3.418,59300,3.419,598600,3.42,408500,3.421,168800,3.422,23400,3.423,30100,3.424,420200
2020-09-03 10:02:38.170,3.412,48900.0,3.395,3.4068910000000003,3.414,3.398,3.412,226900,3.411,412100,3.41,1852800,3.409,216900,3.408,916000,3.407,12200,3.406,158000,3.405,285700,3.404,37700,3.403,38600,3.413,101700,3.415,1619800,3.416,470200,3.417,71300,3.418,57300,3.419,398600,3.42,350000,3.421,107400,3.422,23400,3.423,30100
2020-09-03 10:02:40.420,3.412,16000.0,3.395,3.406892,3.416,3.398,3.412,42900,3.411,332300,3.41,1045800,3.409,116900,3.408,1816000,3.407,412200,3.406,96300,3.405,347400,3.404,37700,3.403,38600,3.413,86700,3.415,1417900,3.416,410200,3.417,116300,3.418,118800,3.419,205600,3.42,288500,3.421,96400,3.422,23400,3.423,30100
2020-09-03 10:02:42.390,3.413,6900.0,3.395,3.406892,3.416,3.398,3.412,2900,3.411,192300,3.41,745800,3.409,109900,3.408,316000,3.407,112200,3.406,1296300,3.405,347400,3.404,29700,3.403,38600,3.413,389800,3.414,360000,3.415,819900,3.416,502800,3.417,116300,3.418,118800,3.419,205600,3.42,236100,3.421,96400,3.422,23400
2020-09-03 10:02:47.070,3.412,35800.0,3.395,3.4068949999999996,3.415,3.398,3.411,642300,3.41,653500,3.409,109900,3.408,180200,3.407,1312200,3.406,96300,3.405,347400,3.404,929700,3.403,38600,3.402,77000,3.412,1354300,3.413,309800,3.414,350100,3.415,819900,3.416,502800,3.417,16300,3.418,218800,3.419,204600,3.42,237100,3.421,96400
2020-09-03 10:02:49.170,3.411,742300.0,3.395,3.406933,3.415,3.398,3.41,203500,3.409,109900,3.408,80200,3.407,512200,3.406,996300,3.405,285700,3.404,991400,3.403,38600,3.402,77000,3.401,60100,3.411,660000,3.412,1080200,3.413,273300,3.414,310100,3.415,444800,3.416,502800,3.417,177800,3.418,57300,3.419,204600,3.42,237100
2020-09-03 10:02:52.690,3.411,10100.0,3.395,3.4069339999999997,3.414,3.398,3.41,150500,3.409,146900,3.408,80200,3.407,412200,3.406,1996300,3.405,285700,3.404,29700,3.403,100400,3.402,77000,3.401,60100,3.411,633300,3.412,920200,3.413,523300,3.414,300100,3.415,51800,3.416,571300,3.417,16300,3.418,57300,3.419,204600,3.42,237100
2020-09-03 10:02:53.640,3.411,15000.0,3.395,3.406935,3.413,3.398,3.41,170700,3.409,156900,3.408,114500,3.407,405200,3.406,1101300,3.405,585700,3.404,29700,3.403,100400,3.402,77000,3.401,60100,3.411,21500,3.412,963100,3.413,236500,3.414,393100,3.415,49700,3.416,571300,3.417,16300,3.418,57300,3.419,204600,3.42,242100
2020-09-03 10:02:58.750,3.412,36000.0,3.395,3.406937,3.413,3.398,3.41,135700,3.409,146900,3.408,473200,3.407,205200,3.406,2001300,3.405,285700,3.404,29700,3.403,100400,3.402,77000,3.401,60100,3.412,650700,3.413,525600,3.414,493100,3.415,49700,3.416,480100,3.417,16300,3.418,57300,3.419,204600,3.42,242100,3.421,93700
2020-09-03 10:03:01.300,3.412,8600.0,3.395,3.406937,3.413,3.398,3.411,344300,3.41,566000,3.409,436900,3.408,114500,3.407,1105200,3.406,401300,3.405,285700,3.404,29700,3.403,100400,3.402,77000,3.412,62700,3.413,105600,3.414,1093100,3.415,149700,3.416,318600,3.417,177800,3.418,57300,3.419,204600,3.42,241100,3.421,93700
2020-09-03 10:03:02.800,3.411,300000.0,3.395,3.4069529999999997,3.413,3.398,3.411,4300,3.41,536000,3.409,495600,3.408,216000,3.407,1110200,3.406,1001300,3.405,585700,3.404,91400,3.403,38600,3.402,77000,3.412,62700,3.413,405600,3.414,493100,3.415,139700,3.416,323600,3.417,177800,3.418,57300,3.419,204600,3.42,241100,3.421,103700
2020-09-03 10:03:07.560,3.411,20800.0,3.395,3.4069540000000003,3.414,3.398,3.411,46000,3.41,550900,3.409,588600,3.408,216000,3.407,17200,3.406,1401300,3.405,285700,3.404,91400,3.403,38600,3.402,77000,3.412,77500,3.413,312600,3.414,793100,3.415,232600,3.416,423600,3.417,77800,3.418,57300,3.419,204600,3.42,238100,3.421,103700
2020-09-03 10:03:10.670,3.411,23400.0,3.395,3.4069550000000004,3.413,3.398,3.411,427600,3.41,911400,3.409,248600,3.408,216000,3.407,17200,3.406,1401300,3.405,285700,3.404,91400,3.403,38600,3.402,77000,3.412,55500,3.413,12600,3.414,693100,3.415,567600,3.416,423600,3.417,77800,3.418,59800,3.419,214600,3.42,238100,3.421,103700
2020-09-03 10:03:13.510,3.411,18800.0,3.395,3.4069559999999997,3.413,3.398,3.411,584000,3.41,611600,3.409,489900,3.408,126000,3.407,922200,3.406,501300,3.405,285700,3.404,91400,3.403,38600,3.402,77000,3.412,466200,3.413,12600,3.414,693100,3.415,567600,3.416,543000,3.417,77800,3.418,59800,3.419,214600,3.42,238100,3.421,103700
2020-09-03 10:03:16.700,3.412,173400.0,3.395,3.406967,3.413,3.398,3.412,204500,3.411,937000,3.41,1202000,3.409,210100,3.408,1031000,3.407,1222200,3.406,201300,3.405,288700,3.404,91400,3.403,38600,3.413,12600,3.414,693100,3.415,567600,3.416,543000,3.417,77800,3.418,59800,3.419,214600,3.42,233100,3.421,103700,3.422,27300
2020-09-03 10:03:19.660,3.412,2500.0,3.395,3.406967,3.413,3.398,3.412,232000,3.411,957000,3.41,982200,3.409,117100,3.408,948000,3.407,1022200,3.406,101300,3.405,350700,3.404,29700,3.403,38600,3.413,12600,3.414,600100,3.415,474600,3.416,443000,3.417,116300,3.418,121300,3.419,214600,3.42,233100,3.421,103700,3.422,27300
2020-09-03 10:03:22.250,3.412,192000.0,3.395,3.406979,3.413,3.398,3.411,877000,3.41,641500,3.409,410100,3.408,106700,3.407,1122200,3.406,101300,3.405,1550700,3.404,29700,3.403,38600,3.402,77000,3.412,375100,3.413,712600,3.414,360100,3.415,567600,3.416,438000,3.417,116300,3.418,121300,3.419,214600,3.42,233100,3.421,103700
2020-09-03 10:03:25.310,3.411,25200.0,3.395,3.4069800000000003,3.412,3.398,3.41,301200,3.409,110100,3.408,48000,3.407,422200,3.406,1001300,3.405,1189000,3.404,391400,3.403,38600,3.402,77000,3.401,60100,3.411,676800,3.412,434100,3.413,1052600,3.414,360100,3.415,167600,3.416,438000,3.417,177800,3.418,59800,3.419,214600,3.42,256500
2020-09-03 10:03:28.810,3.41,209600.0,3.395,3.4069879999999997,3.412,3.398,3.409,110100,3.408,48000,3.407,81000,3.406,301300,3.405,589000,3.404,29700,3.403,1900400,3.402,77000,3.401,60100,3.4,188900,3.41,678200,3.411,1360000,3.412,188200,3.413,32600,3.414,300100,3.415,74600,3.416,299500,3.417,16300,3.418,59800,3.419,214600
2020-09-03 10:03:32.170,3.408,223600.0,3.395,3.406993,3.412,3.398,3.407,176200,3.406,306300,3.405,389000,3.404,1229700,3.403,38600,3.402,138800,3.401,960100,3.4,223900,3.399,19200,3.398,31400,3.408,250000,3.409,320000,3.41,720000,3.411,1066000,3.412,224300,3.413,106700,3.415,236100,3.416,45000,3.417,16300,3.418,60100
2020-09-03 10:03:35.190,3.406,204900.0,3.395,3.406992,3.412,3.398,3.406,306300,3.405,289000,3.404,29700,3.403,1038600,3.402,1277000,3.401,60100,3.4,288700,3.399,919200,3.398,31400,3.397,8500,3.407,216800,3.408,221500,3.409,360000,3.41,703000,3.411,396000,3.412,131300,3.413,268300,3.415,74600,3.416,45000,3.417,16300
2020-09-03 10:03:38.050,3.405,438900.0,3.395,3.4069839999999996,3.411,3.398,3.405,89000,3.404,122700,3.403,131600,3.402,377000,3.401,167100,3.4,226900,3.399,981000,3.398,31400,3.397,8500,3.396,26400,3.406,696700,3.407,1048200,3.408,60000,3.409,153000,3.41,695100,3.411,496000,3.412,192900,3.413,13700,3.415,72600,3.416,45000
2020-09-03 10:03:41.170,3.406,8100.0,3.395,3.4069839999999996,3.411,3.398,3.405,129000,3.404,232700,3.403,131600,3.402,77000,3.401,1267100,3.4,1321000,3.399,119200,3.398,93300,3.397,8500,3.396,26400,3.406,1499900,3.407,781200,3.408,60000,3.409,93000,3.41,795100,3.411,458600,3.412,25200,3.413,13700,3.415,72600,3.416,45000
2020-09-03 10:03:44.020,3.405,537400.0,3.395,3.406978,3.411,3.398,3.405,167000,3.404,272600,3.403,431600,3.402,77000,3.401,1063100,3.4,2421000,3.399,119200,3.398,93300,3.397,8500,3.396,26400,3.406,671300,3.407,461200,3.408,620000,3.409,93000,3.41,395100,3.411,558600,3.412,22600,3.413,12600,3.415,72600,3.416,45000
2020-09-03 10:03:47.090,3.406,77300.0,3.395,3.4069769999999995,3.41,3.398,3.405,179700,3.404,272600,3.403,731600,3.402,77000,3.401,70400,3.4,1621000,3.399,119200,3.398,93300,3.397,8500,3.396,26400,3.406,594000,3.407,761200,3.408,322100,3.409,93000,3.41,495600,3.411,458600,3.412,22600,3.413,12600,3.415,81600,3.416,45000
2020-09-03 10:03:48.710,3.406,12100.0,3.395,3.4069769999999995,3.41,3.398,3.405,176800,3.404,189600,3.403,732700,3.402,77000,3.401,175400,3.4,1423900,3.399,19200,3.398,93300,3.397,8500,3.396,26400,3.406,582400,3.407,761200,3.408,515100,3.409,100000,3.41,2600,3.411,558600,3.412,22600,3.413,12600,3.415,81600,3.416,45000
2020-09-03 10:03:52.110,3.405,17900.0,3.395,3.4069760000000002,3.409,3.398,3.405,538800,3.404,190600,3.403,827800,3.402,270000,3.401,1080400,3.4,223900,3.399,19200,3.398,93300,3.397,8500,3.396,26400,3.406,565300,3.407,481200,3.408,195100,3.409,493000,3.41,2600,3.411,258600,3.412,22600,3.413,12600,3.415,81600,3.416,45000
2020-09-03 10:03:56.050,3.406,642100.0,3.395,3.406968,3.409,3.398,3.406,281700,3.405,545000,3.404,490600,3.403,527800,3.402,271000,3.401,1281400,3.4,323900,3.399,19200,3.398,93300,3.397,8500,3.407,186900,3.408,95100,3.409,793000,3.41,202600,3.411,158600,3.412,25200,3.413,12600,3.415,81600,3.416,45000,3.417,25800
2020-09-03 10:03:58.970,3.406,300500.0,3.395,3.406964,3.409,3.398,3.406,921700,3.405,548000,3.404,190600,3.403,830800,3.402,291000,3.401,1081400,3.4,523900,3.399,81000,3.398,31400,3.397,8500,3.407,186900,3.408,395100,3.409,493000,3.41,102600,3.411,197000,3.412,86800,3.413,12600,3.415,81600,3.416,45000,3.417,25800
2020-09-03 10:04:02.150,3.407,12700.0,3.395,3.406964,3.409,3.398,3.406,51500,3.405,548000,3.404,490600,3.403,343700,3.402,201000,3.401,1381400,3.4,223900,3.399,81000,3.398,31400,3.397,8500,3.407,175200,3.408,302100,3.409,493000,3.41,104600,3.411,197000,3.412,86800,3.413,12600,3.415,78600,3.416,45000,3.417,25800
2020-09-03 10:04:03.810,3.406,3000.0,3.395,3.406964,3.409,3.398,3.406,457500,3.405,642100,3.404,643600,3.403,1243700,3.402,208000,3.401,1281400,3.4,223900,3.399,81000,3.398,31400,3.397,8500,3.407,175200,3.408,302100,3.409,193000,3.41,404600,3.411,97000,3.412,186800,3.413,12600,3.414,10000,3.415,78600,3.416,45000
2020-09-03 10:04:08.380,3.406,5000.0,3.395,3.406964,3.409,3.398,3.406,502500,3.405,548000,3.404,642700,3.403,536700,3.402,1908000,3.401,481700,3.4,223900,3.399,81000,3.398,31400,3.397,8500,3.407,175200,3.408,302100,3.409,193000,3.41,497600,3.411,197000,3.412,86800,3.413,12600,3.414,10000,3.415,78600,3.416,51000
2020-09-03 10:04:10.920,3.407,5100.0,3.395,3.406964,3.41,3.398,3.406,192400,3.405,549000,3.404,642700,3.403,536700,3.402,1908000,3.401,481700,3.4,228900,3.399,81000,3.398,31400,3.397,8500,3.407,170200,3.408,302100,3.409,493000,3.41,197600,3.411,194000,3.412,86800,3.413,12600,3.414,10000,3.415,78600,3.416,51000
2020-09-03 10:04:13.400,3.407,22000.0,3.395,3.406964,3.41,3.398,3.406,195400,3.405,549000,3.404,642700,3.403,1136700,3.402,1118000,3.401,381700,3.4,228900,3.399,81000,3.398,31400,3.397,8500,3.407,148200,3.408,302100,3.409,493000,3.41,197600,3.411,94000,3.412,186800,3.413,12600,3.414,13000,3.415,78600,3.416,51000
2020-09-03 10:04:16.550,3.407,11200.0,3.395,3.406964,3.41,3.398,3.406,250400,3.405,790800,3.404,509700,3.403,1186700,3.402,1428000,3.401,81700,3.4,229200,3.399,81000,3.398,31900,3.397,8500,3.407,172000,3.408,2100,3.409,100000,3.41,497600,3.411,94000,3.412,186800,3.413,12600,3.414,13000,3.415,78600,3.416,51000
2020-09-03 10:04:18.820,3.41,472000.0,3.395,3.406974,3.41,3.398,3.408,15700,3.407,2442100,3.406,1236800,3.405,1761000,3.404,1048600,3.403,1086700,3.402,528000,3.401,81700,3.4,229200,3.399,81000,3.409,93000,3.41,393000,3.411,494000,3.412,186800,3.413,12600,3.414,13000,3.415,78600,3.416,51000,3.417,55800,3.418,78600
2020-09-03 10:04:21.510,3.409,15700.0,3.395,3.406975,3.41,3.398,3.407,2222300,3.406,1416000,3.405,861000,3.404,960600,3.403,1086700,3.402,428000,3.401,173500,3.4,264200,3.399,19200,3.398,31900,3.408,30000,3.41,393000,3.411,194000,3.412,325200,3.413,12600,3.414,74600,3.415,178600,3.416,51000,3.417,55800,3.418,78600
2020-09-03 10:04:25.340,3.408,32200.0,3.395,3.406975,3.411,3.398,3.408,286500,3.407,1414700,3.406,825700,3.405,854000,3.404,160600,3.403,2286700,3.402,128000,3.401,111700,3.4,326000,3.399,19200,3.41,1085900,3.411,194000,3.412,25200,3.413,374200,3.414,113000,3.415,78600,3.416,41000,3.417,55800,3.418,78600,3.419,140800
2020-09-03 10:04:32.680,3.409,9400.0,3.395,3.406975,3.41,3.398,3.408,375900,3.407,1094000,3.406,814100,3.405,635200,3.404,960600,3.403,1113700,3.402,489800,3.401,111700,3.4,264200,3.399,19200,3.409,292200,3.41,904300,3.411,214000,3.412,197200,3.413,505600,3.414,13000,3.415,140600,3.416,41000,3.417,55800,3.418,78600
2020-09-03 10:04:35.280,3.409,3300.0,3.395,3.406975,3.41,3.398,3.408,35900,3.407,1384000,3.406,814100,3.405,335200,3.404,160600,3.403,1913700,3.402,428000,3.401,173500,3.4,274200,3.399,19200,3.409,591900,3.41,904300,3.411,254000,3.412,497200,3.413,105600,3.414,174600,3.415,79100,3.416,41000,3.417,55800,3.418,78600
2020-09-03 10:04:40.820,3.408,133600.0,3.395,3.4069769999999995,3.411,3.398,3.407,994000,3.406,1631100,3.405,687200,3.404,160600,3.403,1013700,3.402,128000,3.401,1433500,3.4,276200,3.399,19200,3.398,31900,3.408,184900,3.409,1166500,3.41,364700,3.411,554000,3.412,4200,3.413,12600,3.414,174600,3.415,79100,3.416,41000,3.417,55800
2020-09-03 10:04:43.430,3.408,43000.0,3.395,3.406978,3.411,3.398,3.407,949500,3.406,1766100,3.405,780200,3.404,153600,3.403,1113700,3.402,1328000,3.401,171700,3.4,338000,3.399,19200,3.398,31900,3.408,141900,3.409,1166500,3.41,417700,3.411,287000,3.412,304200,3.413,174200,3.414,13000,3.415,79100,3.416,41000,3.417,55800
2020-09-03 10:04:45.660,3.408,61600.0,3.395,3.406979,3.411,3.398,3.407,629700,3.406,1652000,3.405,774300,3.404,253600,3.403,213700,3.402,1928000,3.401,471700,3.4,338000,3.399,19200,3.398,31900,3.408,98000,3.409,1266500,3.41,418700,3.411,587000,3.412,4200,3.413,174200,3.414,13000,3.415,69100,3.416,41000,3.417,55800
2020-09-03 10:04:49.980,3.408,44800.0,3.395,3.406979,3.411,3.398,3.407,630000,3.406,1652000,3.405,774300,3.404,253600,3.403,1113700,3.402,1028000,3.401,473700,3.4,338000,3.399,19200,3.398,31900,3.408,54100,3.409,1166500,3.41,421200,3.411,287000,3.412,304200,3.413,174200,3.414,13000,3.415,69100,3.416,41000,3.417,55800
2020-09-03 10:04:52.070,3.408,100.0,3.395,3.406979,3.411,3.398,3.407,930000,3.406,1382000,3.405,774300,3.404,253600,3.403,213700,3.402,1328000,3.401,173700,3.4,338000,3.399,19200,3.398,31900,3.408,57000,3.409,1166500,3.41,521200,3.411,287000,3.412,4200,3.413,474200,3.414,13000,3.415,69100,3.416,41000,3.417,55800
2020-09-03 10:04:56.010,3.408,8000.0,3.395,3.406979,3.411,3.398,3.407,1470000,3.406,1382000,3.405,231300,3.404,1060700,3.403,213700,3.402,1328000,3.401,173700,3.4,338000,3.399,19200,3.398,31900,3.408,49000,3.409,908100,3.41,408200,3.411,194000,3.412,304200,3.413,174200,3.414,13000,3.415,69100,3.416,41000,3.417,55800
2020-09-03 10:04:59.250,3.408,24800.0,3.395,3.406979,3.411,3.398,3.407,1470000,3.406,1382000,3.405,324300,3.404,253700,3.403,1113700,3.402,1328000,3.401,173700,3.4,338000,3.399,19200,3.398,31900,3.408,119100,3.409,908100,3.41,501200,3.411,287000,3.412,304200,3.413,174200,3.414,13000,3.415,69100,3.416,41000,3.417,46500
2020-09-03 10:05:01.680,3.408,20800.0,3.395,3.4069800000000003,3.411,3.398,3.407,1020000,3.406,1382000,3.405,324300,3.404,253700,3.403,215200,3.402,1328000,3.401,173700,3.4,338000,3.399,19200,3.398,31900,3.408,98300,3.409,908100,3.41,501200,3.411,287000,3.412,304200,3.413,174200,3.414,13000,3.415,69900,3.416,41000,3.417,46500
2020-09-03 10:05:04.960,3.408,98600.0,3.395,3.4069809999999996,3.411,3.398,3.408,1242800,3.407,729900,3.406,1531800,3.405,1130200,3.404,1053700,3.403,215200,3.402,128000,3.401,173700,3.4,338000,3.399,19200,3.409,5100,3.41,401200,3.411,587000,3.412,4200,3.413,474200,3.414,13000,3.415,69900,3.416,41000,3.417,46500,3.418,78800
2020-09-03 10:05:08.110,3.41,65100.0,3.395,3.4069830000000003,3.411,3.398,3.409,976000,3.408,1492500,3.407,717900,3.406,2461800,3.405,230200,3.404,1353700,3.403,214100,3.402,128000,3.401,235500,3.4,296200,3.41,61100,3.411,487000,3.412,106500,3.413,212600,3.414,74600,3.415,369900,3.416,41000,3.417,46500,3.418,78800,3.419,140800
2020-09-03 10:05:10.710,3.409,10000.0,3.395,3.4069830000000003,3.411,3.398,3.41,300000,3.409,966400,3.408,982400,3.407,722900,3.406,1561800,3.405,2037200,3.404,360700,3.403,114100,3.402,179800,3.401,173700,3.411,394000,3.412,106500,3.413,112600,3.414,13000,3.415,531400,3.416,41000,3.417,46500,3.418,78800,3.419,140800,3.42,365000
2020-09-03 10:05:17.430,3.41,600.0,3.395,3.4069830000000003,3.412,3.398,3.409,6000,3.408,986000,3.407,401800,3.406,1232000,3.405,147400,3.404,1060700,3.403,179500,3.402,118000,3.401,173700,3.4,295800,3.41,302400,3.411,394000,3.412,166500,3.413,205600,3.414,506000,3.415,79900,3.416,102500,3.417,46500,3.418,78800,3.419,140800
2020-09-03 10:05:18.370,3.41,1400.0,3.395,3.4069830000000003,3.412,3.398,3.409,300,3.408,921900,3.407,851800,3.406,1326100,3.405,347400,3.404,960700,3.403,1017700,3.402,479800,3.401,173700,3.4,295800,3.41,1459200,3.411,514000,3.412,166500,3.413,408800,3.414,106000,3.415,241400,3.416,41000,3.417,46500,3.418,78800,3.419,140800
2020-09-03 10:05:21.610,3.41,2300.0,3.395,3.4069830000000003,3.411,3.398,3.409,900,3.408,461900,3.407,1151800,3.406,1232000,3.405,247400,3.404,60700,3.403,1017700,3.402,179800,3.401,173700,3.4,295800,3.41,1756900,3.411,254000,3.412,166500,3.413,408800,3.414,106000,3.415,241400,3.416,41000,3.417,46500,3.418,78800,3.419,140800
2020-09-03 10:05:26.330,3.409,24300.0,3.395,3.4069839999999996,3.411,3.398,3.408,738900,3.407,851800,3.406,1419100,3.405,347400,3.404,60700,3.403,1317700,3.402,179800,3.401,173700,3.4,296400,3.399,19200,3.409,106700,3.41,1192600,3.411,194000,3.412,259500,3.413,408800,3.414,13000,3.415,241400,3.416,41000,3.417,46500,3.418,88800
2020-09-03 10:05:29.390,3.409,20700.0,3.395,3.4069849999999997,3.411,3.398,3.408,363000,3.407,1221800,3.406,1325000,3.405,247400,3.404,1060700,3.403,1017700,3.402,118000,3.401,235500,3.4,296400,3.399,19200,3.409,96000,3.41,892600,3.411,194000,3.412,499500,3.413,108800,3.414,174600,3.415,79900,3.416,41000,3.417,46500,3.418,88800
2020-09-03 10:05:31.050,3.409,11800.0,3.395,3.4069849999999997,3.412,3.398,3.408,663000,3.407,922700,3.406,1419100,3.405,247400,3.404,1060700,3.403,1017700,3.402,418000,3.401,235500,3.4,296400,3.399,19200,3.409,84200,3.41,892600,3.411,194000,3.412,199500,3.413,408800,3.414,174600,3.415,79900,3.416,41000,3.417,46500,3.418,88800
2020-09-03 10:05:34.380,3.409,12200.0,3.395,3.4069849999999997,3.412,3.398,3.408,663000,3.407,936800,3.406,1419100,3.405,247400,3.404,1060700,3.403,1317700,3.402,118000,3.401,235500,3.4,296500,3.399,19200,3.409,72000,3.41,892600,3.411,194000,3.412,199500,3.413,408800,3.414,174600,3.415,79900,3.416,41000,3.417,46500,3.418,88800
2020-09-03 10:05:36.820,3.41,210000.0,3.395,3.4069910000000005,3.412,3.398,3.409,10000,3.408,758900,3.407,848300,3.406,1326100,3.405,247400,3.404,1060700,3.403,1317700,3.402,118000,3.401,235500,3.4,296500,3.41,785100,3.411,194000,3.412,106500,3.413,15800,3.414,474600,3.415,79900,3.416,41000,3.417,46500,3.418,88800,3.419,140800
2020-09-03 10:05:47.400,3.41,500.0,3.395,3.406992,3.412,3.398,3.41,2000,3.409,73500,3.408,537500,3.407,1331300,3.406,433000,3.405,247400,3.404,1860700,3.403,117700,3.402,479800,3.401,173700,3.411,714100,3.412,199500,3.413,508800,3.414,13000,3.415,243400,3.416,41000,3.417,51500,3.418,88800,3.419,140800,3.42,435100
2020-09-03 10:05:53.120,3.41,5000.0,3.395,3.406992,3.412,3.398,3.409,43000,3.408,797500,3.407,883300,3.406,340000,3.405,247400,3.404,960700,3.403,479500,3.402,118000,3.401,172700,3.4,316500,3.41,849200,3.411,714100,3.412,166500,3.413,115800,3.414,313000,3.415,181900,3.416,103000,3.417,51500,3.418,88800,3.419,140800
2020-09-03 10:05:59.720,3.41,1000.0,3.395,3.406992,3.411,3.398,3.409,43200,3.408,418500,3.407,1176300,3.406,517100,3.405,347400,3.404,1860700,3.403,117700,3.402,479800,3.401,172700,3.4,316500,3.41,1662100,3.411,714100,3.412,259500,3.413,506800,3.414,13000,3.415,244500,3.416,41500,3.417,51700,3.418,88800,3.419,140800
2020-09-03 10:06:02.470,3.409,2400.0,3.395,3.406992,3.412,3.398,3.409,45100,3.408,416500,3.407,1176300,3.406,423000,3.405,247400,3.404,60700,3.403,117700,3.402,1379800,3.401,172700,3.4,316500,3.41,1766900,3.411,454100,3.412,259500,3.413,406800,3.414,13000,3.415,244500,3.416,41500,3.417,51700,3.418,88800,3.419,140800
2020-09-03 10:06:05.400,3.408,455700.0,3.395,3.406998,3.412,3.398,3.407,876300,3.406,723000,3.405,147400,3.404,160700,3.403,117700,3.402,1079800,3.401,472700,3.4,316500,3.399,19200,3.398,31900,3.408,189400,3.409,384900,3.41,688700,3.411,454000,3.412,139500,3.413,106800,3.414,113000,3.415,144500,3.416,41500,3.417,51700
2020-09-03 10:06:08.050,3.408,610100.0,3.395,3.406998,3.411,3.398,3.407,183300,3.406,335900,3.405,540400,3.404,153700,3.403,217700,3.402,118000,3.401,172700,3.4,1578300,3.399,19200,3.398,31900,3.408,1079400,3.409,783200,3.41,787700,3.411,187000,3.412,6500,3.413,175400,3.414,13000,3.415,83000,3.416,41500,3.417,51700
2020-09-03 10:06:09.500,3.407,35000.0,3.395,3.406998,3.411,3.398,3.406,330900,3.405,540400,3.404,153700,3.403,311800,3.402,218000,3.401,172700,3.4,1578300,3.399,19200,3.398,31900,3.397,8500,3.407,425000,3.408,1179400,3.409,783200,3.41,687700,3.411,187000,3.412,6500,3.413,175400,3.414,13000,3.415,83000,3.416,41500
2020-09-03 10:06:12.480,3.407,17200.0,3.395,3.406998,3.411,3.398,3.406,125000,3.405,546300,3.404,153700,3.403,211800,3.402,318000,3.401,1072700,3.4,1224900,3.399,81000,3.398,31900,3.397,8500,3.407,1007600,3.408,299300,3.409,190000,3.41,627700,3.411,187000,3.412,168100,3.413,13800,3.414,13000,3.415,83000,3.416,41500
2020-09-03 10:06:16.910,3.407,65800.0,3.395,3.406998,3.41,3.398,3.406,545000,3.405,1063400,3.404,143800,3.403,211800,3.402,318000,3.401,1972700,3.4,626900,3.399,81000,3.398,31900,3.397,8500,3.407,978300,3.408,299300,3.409,460000,3.41,627700,3.411,187000,3.412,168100,3.413,13800,3.414,13000,3.415,83000,3.416,41500
2020-09-03 10:06:19.820,3.407,22400.0,3.395,3.406998,3.41,3.398,3.406,550900,3.405,994500,3.404,50800,3.403,211800,3.402,1218000,3.401,1065400,3.4,626900,3.399,81000,3.398,31900,3.397,8500,3.407,661100,3.408,100000,3.409,120000,3.41,534700,3.411,94000,3.412,165800,3.413,13800,3.414,13000,3.415,83000,3.416,41500
2020-09-03 10:06:23.160,3.406,17900.0,3.395,3.406998,3.41,3.398,3.406,544500,3.405,975400,3.404,143800,3.403,304800,3.402,318000,3.401,165400,3.4,1226900,3.399,81000,3.398,31900,3.397,8500,3.407,643700,3.408,100000,3.409,213000,3.41,627700,3.411,94400,3.412,165800,3.413,13800,3.414,13000,3.415,83000,3.416,41500
2020-09-03 10:06:26.280,3.406,54300.0,3.395,3.406997,3.41,3.398,3.406,500400,3.405,1007500,3.404,143800,3.403,304800,3.402,218000,3.401,1165400,3.4,326900,3.399,81000,3.398,31900,3.397,8500,3.407,639400,3.408,100000,3.409,213000,3.41,447700,3.411,194400,3.412,65800,3.413,13800,3.414,13000,3.415,83000,3.416,41500
2020-09-03 10:06:31.930,3.406,306300.0,3.395,3.406993,3.41,3.398,3.406,222400,3.405,1876300,3.404,143800,3.403,304800,3.402,1118000,3.401,1165400,3.4,626900,3.399,81000,3.398,31900,3.397,8500,3.407,636900,3.408,100000,3.409,213000,3.41,147700,3.411,494400,3.412,65800,3.413,13800,3.414,13000,3.415,83000,3.416,41500
2020-09-03 10:06:34.280,3.406,84700.0,3.395,3.406993,3.41,3.398,3.406,31000,3.405,1406300,3.404,50800,3.403,211800,3.402,218000,3.401,1165400,3.4,627400,3.399,81000,3.398,31900,3.397,8500,3.407,650200,3.408,400100,3.409,120000,3.41,354300,3.411,194400,3.412,65800,3.413,13800,3.414,13000,3.415,83000,3.416,41500
2020-09-03 10:06:38.510,3.406,2000.0,3.395,3.406993,3.41,3.398,3.406,34000,3.405,1406300,3.404,143800,3.403,304800,3.402,1118000,3.401,1165400,3.4,627400,3.399,81000,3.398,31900,3.397,8500,3.407,693000,3.408,400100,3.409,213000,3.41,447300,3.411,194400,3.412,65800,3.413,13800,3.414,13000,3.415,83000,3.416,41500
2020-09-03 10:06:39.560,3.406,40000.0,3.395,3.406992,3.41,3.398,3.405,1321300,3.404,143800,3.403,212300,3.402,212200,3.401,365400,3.4,1227400,3.399,381000,3.398,31900,3.397,8500,3.396,37400,3.406,739100,3.407,693700,3.408,460100,3.409,213000,3.41,447300,3.411,194400,3.412,65800,3.413,13800,3.414,13000,3.415,83000
2020-09-03 10:06:42.420,3.406,16400.0,3.395,3.406992,3.41,3.398,3.405,1321300,3.404,243800,3.403,212300,3.402,212200,3.401,365400,3.4,1227400,3.399,319200,3.398,93800,3.397,8500,3.396,37400,3.406,243600,3.407,650200,3.408,521100,3.409,193000,3.41,447300,3.411,256000,3.412,4200,3.413,13800,3.414,13000,3.415,83000
2020-09-03 10:06:46.890,3.406,246100.0,3.395,3.406989,3.41,3.398,3.406,686000,3.405,1021300,3.404,543800,3.403,212300,3.402,212200,3.401,1265400,3.4,1527400,3.399,19200,3.398,93800,3.397,8500,3.407,710200,3.408,521100,3.409,193000,3.41,447300,3.411,256000,3.412,4200,3.413,13800,3.414,13000,3.415,83000,3.416,41500
2020-09-03 10:06:49.510,3.406,267600.0,3.395,3.406986,3.41,3.398,3.406,433400,3.405,1021300,3.404,543800,3.403,212300,3.402,212200,3.401,365400,3.4,2127400,3.399,381000,3.398,31900,3.397,8500,3.407,629500,3.408,561100,3.409,493000,3.41,147300,3.411,194400,3.412,65800,3.413,13800,3.414,13000,3.415,83000,3.416,41500
2020-09-03 10:06:50.800,3.406,1000.0,3.395,3.406986,3.41,3.398,3.406,432400,3.405,1356300,3.404,203800,3.403,306400,3.402,1118100,3.401,265400,3.4,1527100,3.399,81000,3.398,31900,3.397,8500,3.407,629500,3.408,521100,3.409,193000,3.41,147300,3.411,494400,3.412,65800,3.413,13800,3.414,13000,3.415,83000,3.416,41500
2020-09-03 10:06:53.650,3.406,1000.0,3.395,3.406986,3.41,3.398,3.406,431400,3.405,1026300,3.404,483800,3.403,212300,3.402,118100,3.401,1165400,3.4,1227100,3.399,381000,3.398,31900,3.397,8500,3.407,629500,3.408,561100,3.409,193000,3.41,447300,3.411,194400,3.412,65800,3.413,13800,3.414,13000,3.415,83000,3.416,41500
2020-09-03 10:06:58.520,3.406,312700.0,3.395,3.4069830000000003,3.41,3.398,3.406,120400,3.405,1026300,3.404,483800,3.403,306400,3.402,218100,3.401,1165400,3.4,1227100,3.399,81000,3.398,31900,3.397,8500,3.407,629400,3.408,561100,3.409,193000,3.41,447300,3.411,194400,3.412,65800,3.413,13800,3.414,13000,3.415,83000,3.416,41500
2020-09-03 10:07:05.850,3.406,15100.0,3.395,3.406982,3.41,3.398,3.406,437000,3.405,253400,3.404,183800,3.403,302800,3.402,1118100,3.401,1165400,3.4,326600,3.399,81000,3.398,31900,3.397,8500,3.407,636100,3.408,521100,3.409,193000,3.41,147300,3.411,494400,3.412,65800,3.413,13800,3.414,13000,3.415,83000,3.416,41500
2020-09-03 10:07:08.500,3.406,31800.0,3.395,3.406982,3.41,3.398,3.406,407200,3.405,553400,3.404,183800,3.403,302800,3.402,218100,3.401,1165400,3.4,326600,3.399,81000,3.398,31900,3.397,8500,3.407,56100,3.408,421100,3.409,193000,3.41,547300,3.411,194400,3.412,65800,3.413,13800,3.414,13000,3.415,83000,3.416,41500
2020-09-03 10:07:11.140,3.407,56100.0,3.395,3.406982,3.41,3.398,3.407,980200,3.406,511800,3.405,571400,3.404,253800,3.403,1108700,3.402,1318100,3.401,265400,3.4,326600,3.399,81000,3.398,31900,3.408,101000,3.409,393000,3.41,247300,3.411,194400,3.412,365800,3.413,13800,3.414,13000,3.415,83000,3.416,41500,3.417,51700
2020-09-03 10:07:13.080,3.408,16000.0,3.395,3.406982,3.41,3.398,3.407,2153900,3.406,531800,3.405,531400,3.404,1143800,3.403,208700,3.402,1418100,3.401,165400,3.4,391400,3.399,19200,3.398,31900,3.408,85000,3.409,393000,3.41,247300,3.411,194400,3.412,404200,3.413,75400,3.414,13000,3.415,83000,3.416,41500,3.417,51700
2020-09-03 10:07:15.520,3.408,85000.0,3.395,3.4069830000000003,3.411,3.398,3.407,2173900,3.406,231800,3.405,531400,3.404,150800,3.403,1115700,3.402,1318100,3.401,165400,3.4,391400,3.399,19200,3.398,31900,3.409,300000,3.41,154300,3.411,194400,3.412,4200,3.413,475400,3.414,13000,3.415,83000,3.416,41500,3.417,51700,3.418,88800
2020-09-03 10:07:18.220,3.407,1200.0,3.395,3.4069830000000003,3.411,3.398,3.407,907300,3.406,231800,3.405,334600,3.404,2043800,3.403,215700,3.402,1318100,3.401,165400,3.4,391400,3.399,19200,3.398,31900,3.408,6600,3.409,300000,3.41,174300,3.411,287400,3.412,397200,3.413,113800,3.414,74600,3.415,83000,3.416,41500,3.417,51700
2020-09-03 10:07:23.010,3.408,63200.0,3.395,3.4069839999999996,3.41,3.398,3.407,310000,3.406,115300,3.405,540500,3.404,2037900,3.403,215700,3.402,218100,3.401,165400,3.4,1591400,3.399,19200,3.398,31900,3.408,643200,3.409,20000,3.41,174300,3.411,187400,3.412,197200,3.413,75400,3.414,13000,3.415,83000,3.416,41500,3.417,51700
2020-09-03 10:07:23.930,3.408,1000.0,3.395,3.4069839999999996,3.41,3.398,3.407,10000,3.406,375300,3.405,240800,3.404,237900,3.403,315700,3.402,1018100,3.401,1065400,3.4,391400,3.399,19200,3.398,31900,3.408,1221800,3.409,120000,3.41,174300,3.411,487400,3.412,97200,3.413,175400,3.414,13000,3.415,83000,3.416,41500,3.417,51700
2020-09-03 10:07:29.280,3.407,10000.0,3.395,3.4069839999999996,3.41,3.398,3.406,75400,3.405,1394700,3.404,237900,3.403,315700,3.402,1018100,3.401,1065400,3.4,691400,3.399,19200,3.398,31900,3.397,8500,3.407,290600,3.408,1241800,3.409,120000,3.41,174300,3.411,487400,3.412,97200,3.413,175400,3.414,13000,3.415,83000,3.416,41500
2020-09-03 10:07:30.170,3.407,3000.0,3.395,3.4069839999999996,3.409,3.398,3.406,113700,3.405,1401700,3.404,237900,3.403,1213700,3.402,218100,3.401,1065400,3.4,329600,3.399,81000,3.398,31900,3.397,8500,3.407,387600,3.408,1241800,3.409,213000,3.41,547300,3.411,94400,3.412,165800,3.413,13800,3.414,13000,3.415,83000,3.416,52600
2020-09-03 10:07:38.140,3.407,25400.0,3.395,3.4069839999999996,3.411,3.398,3.406,1019600,3.405,1101900,3.404,237900,3.403,313700,3.402,218100,3.401,1365400,3.4,329600,3.399,81000,3.398,31900,3.397,8500,3.407,79600,3.408,1241800,3.409,215000,3.41,193800,3.411,394400,3.412,165800,3.413,13800,3.414,13000,3.415,83000,3.416,52600
2020-09-03 10:07:41.440,3.406,31300.0,3.395,3.4069839999999996,3.411,3.398,3.406,1018900,3.405,1101900,3.404,237900,3.403,308700,3.402,1118100,3.401,1365400,3.4,329600,3.399,81000,3.398,31900,3.397,8500,3.407,49000,3.408,1241800,3.409,215000,3.41,193800,3.411,394400,3.412,165800,3.413,13800,3.414,13000,3.415,83000,3.416,52600
2020-09-03 10:07:47.610,3.407,63000.0,3.395,3.4069839999999996,3.411,3.398,3.407,805800,3.406,1073900,3.405,1101900,3.404,244900,3.403,1208700,3.402,123100,3.401,1470400,3.4,329600,3.399,81000,3.398,31900,3.408,106600,3.409,215000,3.41,493800,3.411,194400,3.412,365800,3.413,13800,3.414,13000,3.415,83000,3.416,52600,3.417,61700
2020-09-03 10:07:48.930,3.407,108900.0,3.395,3.4069839999999996,3.411,3.398,3.407,744900,3.406,769700,3.405,1101900,3.404,1144900,3.403,308700,3.402,1123100,3.401,470400,3.4,391400,3.399,19200,3.398,31900,3.408,106600,3.409,495000,3.41,193800,3.411,94400,3.412,404200,3.413,75400,3.414,13000,3.415,83000,3.416,52600,3.417,61700
2020-09-03 10:07:51.050,3.407,14200.0,3.395,3.4069839999999996,3.41,3.398,3.407,734900,3.406,769700,3.405,1101900,3.404,244900,3.403,1208700,3.402,1123100,3.401,475400,3.4,391400,3.399,19200,3.398,31900,3.408,102200,3.409,495000,3.41,193800,3.411,94400,3.412,404200,3.413,75400,3.414,13000,3.415,83000,3.416,52600,3.417,61700
2020-09-03 10:08:02.260,3.407,9300.0,3.395,3.4069839999999996,3.411,3.398,3.407,820400,3.406,779700,3.405,332000,3.404,1144900,3.403,215700,3.402,1123100,3.401,475400,3.4,391400,3.399,19200,3.398,31900,3.408,99900,3.409,305000,3.41,194600,3.411,287400,3.412,404200,3.413,75400,3.414,13000,3.415,83000,3.416,52600,3.417,61700
2020-09-03 10:08:03.350,3.407,200.0,3.395,3.4069839999999996,3.411,3.398,3.407,820200,3.406,479700,3.405,332000,3.404,244900,3.403,1115700,3.402,1123100,3.401,475400,3.4,391400,3.399,19200,3.398,31900,3.408,99900,3.409,305000,3.41,194600,3.411,287400,3.412,404200,3.413,75400,3.414,13000,3.415,83000,3.416,52600,3.417,61700
2020-09-03 10:08:06.690,3.408,100.0,3.395,3.4069839999999996,3.411,3.398,3.407,820200,3.406,484800,3.405,332000,3.404,244900,3.403,1115700,3.402,1123100,3.401,175400,3.4,396200,3.399,19200,3.398,31900,3.408,99800,3.409,305000,3.41,194600,3.411,293000,3.412,404200,3.413,75400,3.414,13000,3.415,83000,3.416,52600,3.417,61700
2020-09-03 10:08:11.650,3.408,100.0,3.395,3.4069839999999996,3.411,3.398,3.407,1164700,3.406,184800,3.405,332000,3.404,1050800,3.403,215700,3.402,1323100,3.401,175400,3.4,396200,3.399,16200,3.398,31900,3.408,99700,3.409,305000,3.41,194600,3.411,293000,3.412,304200,3.413,175400,3.414,13000,3.415,83000,3.416,52600,3.417,61700
2020-09-03 10:08:17.550,3.407,23000.0,3.395,3.4069839999999996,3.411,3.398,3.407,1142700,3.406,184800,3.405,427600,3.404,252800,3.403,1115700,3.402,423100,3.401,175400,3.4,396200,3.399,16200,3.398,31900,3.408,98700,3.409,305000,3.41,194600,3.411,293000,3.412,304200,3.413,175400,3.414,13000,3.415,84000,3.416,52600,3.417,61700
2020-09-03 10:08:20.430,3.408,60000.0,3.395,3.4069849999999997,3.411,3.398,3.407,2002700,3.406,190700,3.405,427600,3.404,252800,3.403,1915700,3.402,523100,3.401,175400,3.4,396200,3.399,16200,3.398,31900,3.408,60000,3.409,305000,3.41,194600,3.411,293000,3.412,404200,3.413,75400,3.414,13000,3.415,84000,3.416,52600,3.417,61700
2020-09-03 10:08:23.100,3.407,5000.0,3.395,3.4069849999999997,3.411,3.398,3.407,1995200,3.406,290700,3.405,427600,3.404,252800,3.403,2015700,3.402,423100,3.401,175400,3.4,396200,3.399,16200,3.398,31900,3.408,350000,3.409,305000,3.41,234600,3.411,293000,3.412,304200,3.413,175400,3.414,13000,3.415,84000,3.416,52600,3.417,61700
2020-09-03 10:08:25.140,3.408,4100.0,3.395,3.4069849999999997,3.411,3.398,3.407,1992100,3.406,290700,3.405,334600,3.404,159800,3.403,1015700,3.402,223100,3.401,1375400,3.4,396200,3.399,16200,3.398,31900,3.408,349000,3.409,305000,3.41,141600,3.411,200000,3.412,404200,3.413,75400,3.414,13000,3.415,94000,3.416,52600,3.417,61700
2020-09-03 10:08:29.300,3.408,340000.0,3.395,3.406989,3.411,3.398,3.407,1788000,3.406,549600,3.405,434600,3.404,1059800,3.403,1415700,3.402,123100,3.401,175400,3.4,396200,3.399,16200,3.398,36900,3.408,9000,3.409,5000,3.41,41600,3.411,500000,3.412,4200,3.413,475400,3.414,13000,3.415,94000,3.416,52600,3.417,61700
2020-09-03 10:08:29.530,3.408,9000.0,3.395,3.406989,3.411,3.398,3.408,707600,3.407,2092100,3.406,509600,3.405,843500,3.404,153500,3.403,1415700,3.402,123100,3.401,175400,3.4,396200,3.399,16200,3.409,5000,3.41,134600,3.411,593000,3.412,404200,3.413,175400,3.414,13000,3.415,94000,3.416,52600,3.417,61700,3.418,88800
2020-09-03 10:08:38.230,3.408,1700.0,3.395,3.406989,3.411,3.398,3.408,381300,3.407,892100,3.406,289800,3.405,833500,3.404,1159100,3.403,1115700,3.402,123100,3.401,237200,3.4,329600,3.399,16200,3.409,5000,3.41,434600,3.411,293000,3.412,404200,3.413,113800,3.414,74600,3.415,94000,3.416,52600,3.417,61700,3.418,88800
2020-09-03 10:08:44.900,3.408,17200.0,3.395,3.406989,3.411,3.398,3.407,287000,3.406,682900,3.405,340500,3.404,1066100,3.403,1115700,3.402,123100,3.401,237200,3.4,329600,3.399,16200,3.398,36900,3.408,25500,3.409,292500,3.41,1241500,3.411,500000,3.412,104200,3.413,113800,3.414,74600,3.415,93000,3.416,52600,3.417,61700
2020-09-03 10:08:46.730,3.409,30400.0,3.395,3.40699,3.411,3.398,3.408,105900,3.407,591300,3.406,643200,3.405,933500,3.404,1159100,3.403,1415700,3.402,123100,3.401,175400,3.4,391400,3.399,16200,3.41,1034700,3.411,293000,3.412,404200,3.413,175400,3.414,13000,3.415,93000,3.416,52600,3.417,61700,3.418,88800,3.419,145400
2020-09-03 10:08:50.330,3.409,10000.0,3.395,3.40699,3.411,3.398,3.409,90000,3.408,1346200,3.407,591300,3.406,549100,3.405,740500,3.404,1259100,3.403,1315700,3.402,123100,3.401,237200,3.4,329600,3.41,341600,3.411,313000,3.412,404200,3.413,13800,3.414,113000,3.415,154500,3.416,52600,3.417,61700,3.418,88800,3.419,145400
2020-09-03 10:08:51.510,3.409,20000.0,3.395,3.40699,3.412,3.398,3.409,360000,3.408,796200,3.407,478400,3.406,549100,3.405,1140500,3.404,1559100,3.403,115700,3.402,185900,3.401,175400,3.4,329600,3.41,341600,3.411,313000,3.412,497200,3.413,13800,3.414,114000,3.415,154500,3.416,52600,3.417,61700,3.418,94800,3.419,145400
2020-09-03 10:08:55.160,3.41,11300.0,3.395,3.4069910000000005,3.412,3.398,3.409,890000,3.408,790300,3.407,478400,3.406,554100,3.405,1140500,3.404,1559100,3.403,115700,3.402,186900,3.401,175400,3.4,329600,3.41,40300,3.411,213000,3.412,497200,3.413,413800,3.414,114000,3.415,154500,3.416,52600,3.417,61700,3.418,94800,3.419,145400
2020-09-03 10:08:58.680,3.41,40700.0,3.395,3.406992,3.412,3.398,3.41,19700,3.409,349600,3.408,796200,3.407,478400,3.406,554100,3.405,1240500,3.404,1367100,3.403,115700,3.402,186900,3.401,175400,3.411,120000,3.412,497200,3.413,413800,3.414,14000,3.415,254500,3.416,52600,3.417,61700,3.418,94800,3.419,145400,3.42,487100
2020-09-03 10:09:02.650,3.41,600.0,3.395,3.406992,3.412,3.398,3.41,23400,3.409,352600,3.408,796200,3.407,471400,3.406,334300,3.405,341500,3.404,1067100,3.403,177500,3.402,125100,3.401,175400,3.411,120000,3.412,547200,3.413,415800,3.414,107000,3.415,193000,3.416,114100,3.417,61700,3.418,94800,3.419,145400,3.42,487100
2020-09-03 10:09:08.880,3.409,53700.0,3.395,3.406993,3.412,3.398,3.409,369200,3.408,1334300,3.407,833400,3.406,1235300,3.405,351500,3.404,1367100,3.403,177500,3.402,125100,3.401,175400,3.4,329600,3.411,100000,3.412,454200,3.413,508800,3.414,107000,3.415,643000,3.416,564100,3.417,61700,3.418,94800,3.419,145400,3.42,487100
2020-09-03 10:09:15.690,3.409,900.0,3.395,3.406994,3.412,3.398,3.409,328100,3.408,556900,3.407,646300,3.406,422400,3.405,1551500,3.404,267100,3.403,1015700,3.402,192900,3.401,475400,3.4,329600,3.41,7900,3.411,1329900,3.412,454200,3.413,115800,3.414,207000,3.415,604500,3.416,502600,3.417,61700,3.418,94800,3.419,145400
2020-09-03 10:09:19.450,3.41,2800.0,3.395,3.406994,3.412,3.398,3.409,328100,3.408,456900,3.407,1040300,3.406,1285300,3.405,1251500,3.404,267100,3.403,1315700,3.402,192900,3.401,175400,3.4,329600,3.41,313000,3.411,1329900,3.412,547200,3.413,15800,3.414,207000,3.415,154500,3.416,502600,3.417,61700,3.418,94800,3.419,145400
2020-09-03 10:09:26.480,3.409,13200.0,3.395,3.406994,3.412,3.398,3.409,333400,3.408,496900,3.407,1040300,3.406,1192300,3.405,451500,3.404,1067100,3.403,1315700,3.402,200900,3.401,175400,3.4,329600,3.41,306700,3.411,1030100,3.412,547200,3.413,15800,3.414,14000,3.415,254500,3.416,502600,3.417,61700,3.418,95000,3.419,145400
2020-09-03 10:09:27.070,3.41,1000.0,3.395,3.406994,3.412,3.398,3.409,429300,3.408,1070800,3.407,834400,3.406,2098200,3.405,1151500,3.404,567100,3.403,115700,3.402,200900,3.401,175400,3.4,329600,3.41,5500,3.411,680100,3.412,147200,3.413,415800,3.414,114000,3.415,154500,3.416,502600,3.417,61700,3.418,95000,3.419,145400
2020-09-03 10:09:30.650,3.411,310500.0,3.395,3.4070080000000003,3.412,3.398,3.41,3051700,3.409,747400,3.408,870800,3.407,1547300,3.406,2090700,3.405,351500,3.404,167100,3.403,115700,3.402,200900,3.401,175400,3.411,100100,3.412,4200,3.413,408800,3.414,414000,3.415,254500,3.416,502700,3.417,61700,3.418,95000,3.419,145400,3.42,487000
2020-09-03 10:09:34.490,3.412,113100.0,3.395,3.4070129999999996,3.412,3.398,3.411,900000,3.41,1275700,3.409,527600,3.408,2273800,3.407,1847300,3.406,428100,3.405,251500,3.404,167100,3.403,177500,3.402,139100,3.412,1200,3.413,501800,3.414,114000,3.415,193000,3.416,964200,3.417,61700,3.418,95000,3.419,145400,3.42,487000,3.421,93700
2020-09-03 10:09:37.420,3.411,6600.0,3.395,3.4070139999999998,3.413,3.398,3.41,629600,3.409,423500,3.408,942100,3.407,2647300,3.406,328100,3.405,1151500,3.404,528800,3.403,115700,3.402,139100,3.401,185400,3.412,1200,3.413,551800,3.414,114000,3.415,93000,3.416,802700,3.417,223200,3.418,95000,3.419,145400,3.42,487000,3.421,93700
2020-09-03 10:09:43.620,3.41,100.0,3.395,3.4070139999999998,3.413,3.398,3.41,304100,3.409,374500,3.408,555100,3.407,834400,3.406,1335100,3.405,251500,3.404,167100,3.403,177500,3.402,139100,3.401,185400,3.412,1331900,3.413,238800,3.414,107000,3.415,98000,3.416,972200,3.417,61700,3.418,95000,3.419,145400,3.42,487000,3.421,93700
2020-09-03 10:10:00.560,3.411,4300.0,3.395,3.4070139999999998,3.414,3.398,3.41,105600,3.409,1213300,3.408,654200,3.407,390300,3.406,235100,3.405,651500,3.404,167100,3.403,174500,3.402,139100,3.401,185400,3.411,14900,3.412,633600,3.413,558800,3.414,508000,3.415,203000,3.416,122200,3.417,69700,3.418,553000,3.419,145400,3.42,487000
2020-09-03 10:10:04.840,3.41,30000.0,3.395,3.4070150000000003,3.414,3.398,3.41,90900,3.409,1211300,3.408,654200,3.407,386300,3.406,1235100,3.405,251500,3.404,467100,3.403,174500,3.402,139100,3.401,185400,3.411,15900,3.412,933600,3.413,258800,3.414,508000,3.415,103000,3.416,222200,3.417,69700,3.418,553000,3.419,153400,3.42,487000
2020-09-03 10:10:07.660,3.41,30000.0,3.395,3.4070160000000005,3.414,3.398,3.41,70900,3.409,1211300,3.408,654200,3.407,386300,3.406,1135100,3.405,351500,3.404,467100,3.403,174500,3.402,139100,3.401,185400,3.411,23400,3.412,933600,3.413,558800,3.414,508000,3.415,203000,3.416,122200,3.417,69700,3.418,553000,3.419,153400,3.42,487000
2020-09-03 10:10:14.880,3.41,85100.0,3.395,3.407019,3.414,3.398,3.409,781300,3.408,467100,3.407,486700,3.406,190100,3.405,351500,3.404,167100,3.403,1074500,3.402,139100,3.401,185400,3.4,321200,3.41,625500,3.411,510200,3.412,813600,3.413,615800,3.414,108000,3.415,203000,3.416,122200,3.417,69700,3.418,553000,3.419,153400
2020-09-03 10:10:15.340,3.41,15300.0,3.395,3.407019,3.414,3.398,3.409,781300,3.408,467100,3.407,579700,3.406,283900,3.405,1351500,3.404,167100,3.403,412700,3.402,200900,3.401,185400,3.4,321200,3.41,582100,3.411,670200,3.412,1196600,3.413,315800,3.414,108000,3.415,264600,3.416,60700,3.417,69700,3.418,553000,3.419,153400
2020-09-03 10:10:19.770,3.41,44600.0,3.395,3.407021,3.414,3.398,3.409,781300,3.408,1330000,3.407,579700,3.406,285300,3.405,451500,3.404,167100,3.403,412700,3.402,200900,3.401,185400,3.4,321200,3.41,251500,3.411,744200,3.412,896600,3.413,615800,3.414,108000,3.415,264600,3.416,60700,3.417,69700,3.418,553000,3.419,154400
2020-09-03 10:10:21.990,3.41,19200.0,3.395,3.407021,3.414,3.398,3.409,781500,3.408,1330000,3.407,579700,3.406,285300,3.405,451500,3.404,167100,3.403,412700,3.402,200900,3.401,185400,3.4,321200,3.41,232300,3.411,773200,3.412,896600,3.413,315800,3.414,108000,3.415,264600,3.416,60700,3.417,69700,3.418,553000,3.419,154400
2020-09-03 10:10:26.220,3.41,28000.0,3.395,3.407022,3.414,3.398,3.409,781500,3.408,1330300,3.407,486700,3.406,378300,3.405,451500,3.404,1067100,3.403,112700,3.402,200900,3.401,185400,3.4,321200,3.41,225300,3.411,773200,3.412,896600,3.413,408800,3.414,15000,3.415,264600,3.416,60700,3.417,69700,3.418,553000,3.419,154400
2020-09-03 10:10:28.870,3.409,796700.0,3.395,3.4070400000000003,3.414,3.398,3.408,1330300,3.407,93700,3.406,678300,3.405,451500,3.404,167100,3.403,1012700,3.402,500900,3.401,185400,3.4,321200,3.399,16200,3.409,997600,3.41,243900,3.411,823200,3.412,353600,3.413,108800,3.414,15000,3.415,264600,3.416,60700,3.417,69700,3.418,553000
2020-09-03 10:10:31.300,3.408,341300.0,3.395,3.4070440000000004,3.413,3.398,3.408,300,3.407,186700,3.406,378300,3.405,651500,3.404,267100,3.403,92700,3.402,139100,3.401,547200,3.4,321200,3.399,16200,3.409,1400100,3.41,583900,3.411,73400,3.412,406600,3.413,108800,3.414,176600,3.415,103100,3.416,60700,3.417,69700,3.418,103000
2020-09-03 10:10:33.850,3.409,16800.0,3.395,3.4070440000000004,3.413,3.398,3.408,300,3.407,1048500,3.406,678300,3.405,351500,3.404,1067100,3.403,192700,3.402,439100,3.401,247200,3.4,321200,3.399,16200,3.409,1353300,3.41,283900,3.411,373400,3.412,126600,3.413,208800,3.414,76600,3.415,103100,3.416,60700,3.417,69700,3.418,103000
2020-09-03 10:10:37.370,3.407,24000.0,3.395,3.4070440000000004,3.413,3.398,3.407,1024800,3.406,585300,3.405,351500,3.404,267100,3.403,392700,3.402,139100,3.401,247200,3.4,330700,3.399,16200,3.398,36900,3.409,733300,3.41,243900,3.411,458400,3.412,1026600,3.413,15800,3.414,176600,3.415,103100,3.416,60700,3.417,69700,3.418,103000
2020-09-03 10:10:40.330,3.408,30000.0,3.395,3.4070449999999997,3.413,3.398,3.408,490000,3.407,931800,3.406,715300,3.405,351500,3.404,1160100,3.403,92700,3.402,539100,3.401,185400,3.4,392500,3.399,16200,3.409,113300,3.41,413900,3.411,158400,3.412,526600,3.413,915900,3.414,76600,3.415,103100,3.416,60700,3.417,69700,3.418,103000
2020-09-03 10:10:42.620,3.409,45200.0,3.395,3.4070449999999997,3.413,3.398,3.408,770000,3.407,1011800,3.406,808300,3.405,351500,3.404,260100,3.403,492700,3.402,139100,3.401,247200,3.4,330700,3.399,16200,3.409,98100,3.41,343900,3.411,251400,3.412,426600,3.413,115900,3.414,76600,3.415,105100,3.416,60700,3.417,69700,3.418,103000
2020-09-03 10:10:46.790,3.409,31200.0,3.395,3.407046,3.413,3.398,3.408,992200,3.407,1011800,3.406,808300,3.405,351500,3.404,360100,3.403,392700,3.402,139100,3.401,247200,3.4,330700,3.399,16200,3.409,97100,3.41,313900,3.411,211400,3.412,426600,3.413,915900,3.414,176600,3.415,105100,3.416,60700,3.417,69700,3.418,103000
2020-09-03 10:10:47.580,3.408,30000.0,3.395,3.407046,3.413,3.398,3.408,410200,3.407,931800,3.406,808300,3.405,351500,3.404,1260100,3.403,92700,3.402,439100,3.401,247200,3.4,330700,3.399,16200,3.409,397100,3.41,343900,3.411,511400,3.412,126600,3.413,915900,3.414,176600,3.415,105100,3.416,60700,3.417,69700,3.418,103000
2020-09-03 10:10:52.070,3.408,30100.0,3.395,3.407046,3.412,3.398,3.408,10600,3.407,931800,3.406,714200,3.405,251500,3.404,1067100,3.403,192700,3.402,439100,3.401,247200,3.4,330700,3.399,16200,3.409,397100,3.41,443900,3.411,511400,3.412,33600,3.413,1015900,3.414,76600,3.415,105100,3.416,60700,3.417,69700,3.418,103000
2020-09-03 10:10:53.240,3.407,20000.0,3.395,3.407046,3.412,3.398,3.407,64600,3.406,324200,3.405,644500,3.404,167100,3.403,1092700,3.402,139100,3.401,547200,3.4,330700,3.399,16200,3.398,36900,3.409,547100,3.41,383900,3.411,511400,3.412,126600,3.413,1024300,3.414,76600,3.415,105100,3.416,60700,3.417,69700,3.418,103000
2020-09-03 10:10:58.660,3.408,43000.0,3.395,3.407046,3.412,3.398,3.407,34600,3.406,714200,3.405,938600,3.404,267100,3.403,992700,3.402,534100,3.401,185400,3.4,392500,3.399,16200,3.398,36900,3.408,302900,3.409,816900,3.41,343900,3.411,511400,3.412,226600,3.413,24300,3.414,76600,3.415,105100,3.416,60700,3.417,69700
2020-09-03 10:11:00.880,3.407,600.0,3.395,3.407046,3.412,3.398,3.407,38400,3.406,714200,3.405,844500,3.404,167100,3.403,192700,3.402,134100,3.401,485400,3.4,392500,3.399,16200,3.398,36900,3.408,302900,3.409,460500,3.41,343900,3.411,511400,3.412,126600,3.413,185900,3.414,15000,3.415,105100,3.416,60700,3.417,69700
2020-09-03 10:11:04.360,3.407,49900.0,3.395,3.407047,3.412,3.398,3.407,4900,3.406,584100,3.405,344500,3.404,167100,3.403,992700,3.402,234100,3.401,485400,3.4,392500,3.399,16200,3.398,36900,3.408,286500,3.409,490500,3.41,343900,3.411,511400,3.412,226600,3.413,85900,3.414,15000,3.415,105100,3.416,60700,3.417,69700
2020-09-03 10:11:10.690,3.408,293400.0,3.395,3.40705,3.411,3.398,3.408,593500,3.407,328000,3.406,1024900,3.405,947400,3.404,1145600,3.403,392700,3.402,234100,3.401,185400,3.4,392500,3.399,16200,3.409,140500,3.41,436900,3.411,211400,3.412,433600,3.413,85900,3.414,15000,3.415,105100,3.416,60700,3.417,69700,3.418,103000
2020-09-03 10:11:12.140,3.408,30000.0,3.395,3.40705,3.411,3.398,3.408,563500,3.407,329300,3.406,920800,3.405,941500,3.404,1245600,3.403,192700,3.402,434100,3.401,247200,3.4,330700,3.399,16200,3.409,140500,3.41,436900,3.411,511400,3.412,33600,3.413,1024300,3.414,76600,3.415,105100,3.416,60700,3.417,69700,3.418,103000
2020-09-03 10:11:16.140,3.408,200.0,3.395,3.40705,3.411,3.398,3.407,329300,3.406,922800,3.405,941500,3.404,1245600,3.403,192700,3.402,434100,3.401,247200,3.4,330700,3.399,16200,3.398,36900,3.408,29800,3.409,140500,3.41,436900,3.411,511400,3.412,33600,3.413,1024300,3.414,76600,3.415,105100,3.416,60700,3.417,69700
2020-09-03 10:11:17.590,3.407,30000.0,3.395,3.40705,3.411,3.398,3.407,304300,3.406,932800,3.405,941500,3.404,252600,3.403,1086700,3.402,134100,3.401,485400,3.4,392500,3.399,16200,3.398,36900,3.408,29800,3.409,190500,3.41,436900,3.411,418400,3.412,44600,3.413,1085900,3.414,15000,3.415,105100,3.416,60700,3.417,69700
2020-09-03 10:11:20.590,3.407,30000.0,3.395,3.40705,3.411,3.398,3.407,574300,3.406,1764600,3.405,848500,3.404,345600,3.403,986700,3.402,534100,3.401,185400,3.4,392500,3.399,16200,3.398,36900,3.408,37900,3.409,490300,3.41,343900,3.411,511400,3.412,144600,3.413,985900,3.414,15000,3.415,105100,3.416,60700,3.417,69700
2020-09-03 10:11:23.600,3.407,30000.0,3.395,3.40705,3.412,3.398,3.407,544300,3.406,1444900,3.405,941500,3.404,345600,3.403,986700,3.402,234100,3.401,485400,3.4,392500,3.399,16200,3.398,36900,3.408,8100,3.409,460300,3.41,436900,3.411,511400,3.412,144600,3.413,985900,3.414,15000,3.415,103100,3.416,60700,3.417,69700
2020-09-03 10:11:28.450,3.408,3100.0,3.395,3.40705,3.412,3.398,3.407,542200,3.406,1494900,3.405,941500,3.404,345600,3.403,86700,3.402,534100,3.401,185400,3.4,392500,3.399,16200,3.398,36900,3.408,7100,3.409,360300,3.41,546900,3.411,211400,3.412,1344600,3.413,85900,3.414,15000,3.415,103100,3.416,60700,3.417,69700
2020-09-03 10:11:29.870,3.408,7600.0,3.395,3.40705,3.412,3.398,3.408,67600,3.407,550600,3.406,1494900,3.405,941500,3.404,345600,3.403,1086700,3.402,134100,3.401,185400,3.4,392500,3.399,16200,3.409,460300,3.41,438900,3.411,211400,3.412,344600,3.413,185900,3.414,15000,3.415,103100,3.416,60700,3.417,69700,3.418,103400
2020-09-03 10:11:33.340,3.408,69600.0,3.395,3.407051,3.412,3.398,3.407,14700,3.406,1064900,3.405,347400,3.404,546700,3.403,286700,3.402,1034100,3.401,266800,3.4,630700,3.399,16200,3.398,36900,3.408,480400,3.409,390300,3.41,788900,3.411,18400,3.412,44600,3.413,124300,3.414,76600,3.415,103100,3.416,60700,3.417,69700
2020-09-03 10:11:41.170,3.408,40700.0,3.395,3.407051,3.412,3.398,3.407,22400,3.406,1065500,3.405,647400,3.404,339700,3.403,1186700,3.402,134100,3.401,205000,3.4,692500,3.399,16200,3.398,36900,3.408,561900,3.409,290500,3.41,791900,3.411,111400,3.412,1023500,3.413,185900,3.414,15000,3.415,103100,3.416,60700,3.417,69700
2020-09-03 10:11:43.340,3.408,14600.0,3.395,3.407051,3.412,3.398,3.407,622100,3.406,1065500,3.405,647400,3.404,339700,3.403,1186700,3.402,134100,3.401,505000,3.4,392500,3.399,16200,3.398,36900,3.408,537600,3.409,290500,3.41,781900,3.411,111400,3.412,1029400,3.413,185900,3.414,15000,3.415,103100,3.416,60700,3.417,69700
2020-09-03 10:11:45.760,3.407,7600.0,3.395,3.407051,3.412,3.398,3.407,614500,3.406,1066000,3.405,647400,3.404,339700,3.403,1186700,3.402,134100,3.401,505000,3.4,392500,3.399,16200,3.398,36900,3.408,870000,3.409,290500,3.41,781900,3.411,111400,3.412,1029400,3.413,185900,3.414,15000,3.415,103100,3.416,60700,3.417,69700
2020-09-03 10:11:50.000,3.408,12900.0,3.395,3.4070519999999997,3.412,3.398,3.407,1064500,3.406,1146000,3.405,554400,3.404,339700,3.403,1086700,3.402,234100,3.401,205000,3.4,392500,3.399,16200,3.398,36900,3.408,857100,3.409,190500,3.41,388900,3.411,411400,3.412,1129400,3.413,85900,3.414,15000,3.415,103100,3.416,60700,3.417,69700
2020-09-03 10:11:52.280,3.407,800.0,3.395,3.4070519999999997,3.412,3.398,3.407,1064000,3.406,1446000,3.405,847400,3.404,339700,3.403,1186700,3.402,134100,3.401,505000,3.4,392500,3.399,16200,3.398,36900,3.408,856800,3.409,160500,3.41,481900,3.411,511400,3.412,129400,3.413,185900,3.414,15000,3.415,103100,3.416,60700,3.417,69700
2020-09-03 10:11:56.900,3.407,4000.0,3.395,3.4070519999999997,3.412,3.398,3.407,1060000,3.406,1146000,3.405,1142400,3.404,339700,3.403,1087700,3.402,1134100,3.401,505000,3.4,392500,3.399,16200,3.398,36900,3.408,868800,3.409,190500,3.41,781900,3.411,213400,3.412,229400,3.413,85900,3.414,15000,3.415,103100,3.416,65100,3.417,69700
2020-09-03 10:11:59.020,3.408,16000.0,3.395,3.4070519999999997,3.412,3.398,3.407,1059100,3.406,1146000,3.405,1142400,3.404,339700,3.403,1087700,3.402,234100,3.401,505000,3.4,402500,3.399,16200,3.398,36900,3.408,854700,3.409,190500,3.41,481900,3.411,511400,3.412,229400,3.413,985900,3.414,15000,3.415,103100,3.416,65100,3.417,69700
2020-09-03 10:12:01.100,3.407,20000.0,3.395,3.4070519999999997,3.411,3.398,3.407,1053400,3.406,1066000,3.405,642400,3.404,246700,3.403,287700,3.402,1034100,3.401,505000,3.4,402500,3.399,16200,3.398,36900,3.408,994700,3.409,130500,3.41,781900,3.411,48400,3.412,129400,3.413,185900,3.414,15000,3.415,103100,3.416,65100,3.417,69700
2020-09-03 10:12:04.230,3.408,20200.0,3.395,3.4070519999999997,3.411,3.398,3.407,454300,3.406,1066000,3.405,549400,3.404,339700,3.403,1087700,3.402,234100,3.401,505000,3.4,402500,3.399,16200,3.398,36900,3.408,1067400,3.409,230500,3.41,668900,3.411,141400,3.412,1129400,3.413,85900,3.414,15000,3.415,103100,3.416,65100,3.417,69700
2020-09-03 10:12:07.770,3.407,13300.0,3.395,3.4070519999999997,3.412,3.398,3.407,445900,3.406,1066500,3.405,642400,3.404,339700,3.403,1187700,3.402,134100,3.401,205000,3.4,402500,3.399,16200,3.398,36900,3.408,714700,3.409,190500,3.41,461900,3.411,441400,3.412,1029400,3.413,185900,3.414,15000,3.415,103100,3.416,65100,3.417,69700
2020-09-03 10:12:09.480,3.407,209700.0,3.395,3.4070519999999997,3.411,3.398,3.407,6300,3.406,1516500,3.405,1092400,3.404,339700,3.403,1087700,3.402,234100,3.401,505000,3.4,402500,3.399,16200,3.398,36900,3.408,724900,3.409,190500,3.41,761900,3.411,141400,3.412,229400,3.413,85900,3.414,15000,3.415,103100,3.416,65100,3.417,70700
2020-09-03 10:12:13.490,3.407,6000.0,3.395,3.4070519999999997,3.411,3.398,3.407,600,3.406,1516500,3.405,1092400,3.404,339700,3.403,1086700,3.402,234100,3.401,505000,3.4,402500,3.399,16200,3.398,36900,3.408,774900,3.409,230500,3.41,761900,3.411,141400,3.412,229400,3.413,85900,3.414,15000,3.415,103100,3.416,65100,3.417,70700
2020-09-03 10:12:14.850,3.408,1600.0,3.395,3.4070519999999997,3.411,3.398,3.407,526600,3.406,1946500,3.405,1292400,3.404,246700,3.403,1086700,3.402,534100,3.401,205000,3.4,402500,3.399,16200,3.398,36900,3.408,636100,3.409,60500,3.41,821900,3.411,148400,3.412,229400,3.413,85900,3.414,15000,3.415,103100,3.416,65100,3.417,70700
2020-09-03 10:12:19.860,3.408,639900.0,3.395,3.407059,3.411,3.398,3.408,2442400,3.407,1549300,3.406,2476300,3.405,342400,3.404,245600,3.403,186700,3.402,134100,3.401,205000,3.4,407500,3.399,16200,3.409,40500,3.41,292900,3.411,141400,3.412,329400,3.413,585900,3.414,915000,3.415,103100,3.416,65100,3.417,70700,3.418,104400
2020-09-03 10:12:21.000,3.408,3000.0,3.395,3.407059,3.412,3.398,3.408,2097300,3.407,1274700,3.406,1303600,3.405,342400,3.404,1145600,3.403,486700,3.402,134100,3.401,266800,3.4,345700,3.399,16200,3.409,40500,3.41,292500,3.411,241400,3.412,229400,3.413,524300,3.414,76600,3.415,103100,3.416,65100,3.417,70700,3.418,104400
2020-09-03 10:12:25.400,3.409,4400.0,3.395,3.407059,3.411,3.398,3.408,1154500,3.407,1264700,3.406,1403600,3.405,342600,3.404,245600,3.403,486700,3.402,134100,3.401,266800,3.4,345700,3.399,16200,3.409,42400,3.41,442500,3.411,141400,3.412,529400,3.413,124300,3.414,76600,3.415,103100,3.416,65100,3.417,70700,3.418,104400
2020-09-03 10:12:28.650,3.409,1600.0,3.395,3.407059,3.411,3.398,3.408,1154500,3.407,1234700,3.406,1403600,3.405,342600,3.404,1245600,3.403,386800,3.402,124100,3.401,266800,3.4,345700,3.399,16200,3.409,42800,3.41,412500,3.411,141400,3.412,529400,3.413,24300,3.414,176600,3.415,103100,3.416,65100,3.417,70700,3.418,104400
2020-09-03 10:12:30.570,3.409,4100.0,3.395,3.407059,3.411,3.398,3.408,1154500,3.407,1282600,3.406,1403600,3.405,342600,3.404,252600,3.403,386700,3.402,124100,3.401,266800,3.4,345700,3.399,16200,3.409,51700,3.41,319500,3.411,75200,3.412,322400,3.413,1224300,3.414,176600,3.415,103100,3.416,65100,3.417,70700,3.418,104400
2020-09-03 10:12:35.030,3.408,6000.0,3.395,3.407059,3.411,3.398,3.408,1148500,3.407,1188500,3.406,1495700,3.405,1342600,3.404,252600,3.403,386700,3.402,124100,3.401,266800,3.4,345700,3.399,16200,3.409,418700,3.41,199500,3.411,168200,3.412,322400,3.413,324300,3.414,176600,3.415,103100,3.416,65100,3.417,70700,3.418,104400
2020-09-03 10:12:38.180,3.409,419100.0,3.395,3.407068,3.411,3.398,3.409,1071400,3.408,1148500,3.407,1188500,3.406,1495700,3.405,1342600,3.404,152600,3.403,486700,3.402,124100,3.401,266800,3.4,345700,3.41,199500,3.411,168200,3.412,422400,3.413,524300,3.414,76600,3.415,103100,3.416,65100,3.417,70700,3.418,104400,3.419,148800
2020-09-03 10:12:41.110,3.41,209900.0,3.395,3.4070739999999997,3.411,3.398,3.41,90100,3.409,471400,3.408,548400,3.407,1193500,3.406,1355700,3.405,1342600,3.404,252600,3.403,386700,3.402,185900,3.401,205000,3.411,218200,3.412,422400,3.413,424300,3.414,115000,3.415,164600,3.416,65100,3.417,70700,3.418,104400,3.419,148800,3.42,523700
2020-09-03 10:12:43.120,3.41,100.0,3.395,3.4070739999999997,3.412,3.398,3.41,90000,3.409,290500,3.408,641400,3.407,1063500,3.406,1262700,3.405,449600,3.404,152600,3.403,448500,3.402,142100,3.401,205000,3.411,125200,3.412,419400,3.413,517300,3.414,15000,3.415,203100,3.416,126600,3.417,70700,3.418,104400,3.419,148800,3.42,525100
2020-09-03 10:12:47.800,3.411,90000.0,3.395,3.407078,3.412,3.398,3.409,290500,3.408,641400,3.407,1156500,3.406,1262700,3.405,1349600,3.404,152600,3.403,448500,3.402,142100,3.401,205000,3.4,345700,3.411,147200,3.412,319400,3.413,517300,3.414,108000,3.415,203100,3.416,126600,3.417,70700,3.418,104400,3.419,148800,3.42,525100
2020-09-03 10:12:52.770,3.409,100.0,3.395,3.407078,3.412,3.398,3.409,1400,3.408,351400,3.407,856500,3.406,1068600,3.405,343700,3.404,1152600,3.403,86700,3.402,503900,3.401,205000,3.4,345700,3.41,739200,3.411,493800,3.412,609400,3.413,117500,3.414,108000,3.415,164600,3.416,165100,3.417,70700,3.418,104400,3.419,148800
2020-09-03 10:12:54.430,3.409,6400.0,3.395,3.407078,3.411,3.398,3.408,351400,3.407,1156500,3.406,668600,3.405,1243700,3.404,352600,3.403,386700,3.402,203900,3.401,205000,3.4,345700,3.399,16200,3.409,4800,3.41,744500,3.411,494200,3.412,609400,3.413,117500,3.414,208000,3.415,164600,3.416,65100,3.417,70700,3.418,104400
2020-09-03 10:12:57.160,3.409,500.0,3.395,3.407078,3.411,3.398,3.408,258400,3.407,1197600,3.406,861600,3.405,249600,3.404,1152600,3.403,386700,3.402,142100,3.401,266800,3.4,345700,3.399,16200,3.409,4300,3.41,807800,3.411,587200,3.412,529700,3.413,24500,3.414,626600,3.415,553100,3.416,65100,3.417,70700,3.418,104400
2020-09-03 10:12:59.710,3.41,11000.0,3.395,3.407079,3.411,3.398,3.409,4400,3.408,258400,3.407,843500,3.406,1155700,3.405,442600,3.404,1152600,3.403,86700,3.402,442100,3.401,266800,3.4,345700,3.41,801100,3.411,587200,3.412,622700,3.413,24500,3.414,626600,3.415,553100,3.416,65100,3.417,70700,3.418,104400,3.419,148800
2020-09-03 10:13:05.340,3.409,4400.0,3.395,3.407079,3.411,3.398,3.408,268600,3.407,313500,3.406,761600,3.405,836700,3.404,252600,3.403,986700,3.402,203900,3.401,505000,3.4,345700,3.399,16200,3.409,345800,3.41,777800,3.411,580700,3.412,222700,3.413,24500,3.414,465000,3.415,714600,3.416,65100,3.417,70700,3.418,104400
2020-09-03 10:13:10.050,3.409,16800.0,3.395,3.407079,3.41,3.398,3.408,267300,3.407,313500,3.406,668600,3.405,736700,3.404,345600,3.403,986700,3.402,1042100,3.401,566800,3.4,345700,3.399,16200,3.409,536700,3.41,694100,3.411,472500,3.412,222700,3.413,24500,3.414,626600,3.415,553100,3.416,65100,3.417,70700,3.418,104400
2020-09-03 10:13:13.490,3.408,50000.0,3.395,3.40708,3.41,3.398,3.408,218700,3.407,308500,3.406,761600,3.405,549600,3.404,347700,3.403,186700,3.402,142100,3.401,566800,3.4,344900,3.399,16200,3.409,590700,3.41,994100,3.411,265500,3.412,129700,3.413,24500,3.414,626600,3.415,553100,3.416,65100,3.417,70700,3.418,104400
2020-09-03 10:13:16.400,3.408,23300.0,3.395,3.40708,3.411,3.398,3.408,195400,3.407,308500,3.406,1056600,3.405,342600,3.404,1053600,3.403,186700,3.402,442100,3.401,266800,3.4,344900,3.399,16200,3.409,351400,3.41,784100,3.411,265500,3.412,522700,3.413,124500,3.414,526600,3.415,553100,3.416,65100,3.417,70700,3.418,104400
2020-09-03 10:13:19.530,3.409,12900.0,3.395,3.40708,3.411,3.398,3.408,195500,3.407,308500,3.406,1150700,3.405,442600,3.404,1053600,3.403,186700,3.402,442100,3.401,266800,3.4,344900,3.399,8200,3.409,308900,3.41,484300,3.411,255500,3.412,522700,3.413,124500,3.414,526600,3.415,553100,3.416,65100,3.417,70700,3.418,104400
2020-09-03 10:13:26.020,3.408,7300.0,3.395,3.40708,3.411,3.398,3.408,188200,3.407,308500,3.406,1160700,3.405,349600,3.404,1153600,3.403,86700,3.402,442100,3.401,266800,3.4,344900,3.399,8200,3.409,328200,3.41,444300,3.411,255500,3.412,493000,3.413,24500,3.414,626600,3.415,553100,3.416,65100,3.417,70700,3.418,104400
2020-09-03 10:13:29.470,3.408,20000.0,3.395,3.40708,3.41,3.398,3.408,168500,3.407,308500,3.406,766600,3.405,736700,3.404,1153600,3.403,186700,3.402,142100,3.401,566800,3.4,344900,3.399,8200,3.409,458200,3.41,494300,3.411,255500,3.412,586000,3.413,124500,3.414,526600,3.415,553100,3.416,65100,3.417,70700,3.418,104400
2020-09-03 10:13:30.610,3.408,178100.0,3.395,3.407082,3.41,3.398,3.407,318700,3.406,766600,3.405,642600,3.404,247700,3.403,1194700,3.402,142100,3.401,566800,3.4,344900,3.399,8200,3.398,41900,3.408,216700,3.409,463300,3.41,794300,3.411,260700,3.412,286000,3.413,124500,3.414,526600,3.415,553100,3.416,65100,3.417,70700
2020-09-03 10:13:41.910,3.407,29500.0,3.395,3.407082,3.411,3.398,3.406,1013600,3.405,342600,3.404,246600,3.403,1094700,3.402,442100,3.401,205000,3.4,408700,3.399,8200,3.398,41900,3.397,8500,3.407,1600,3.408,131200,3.409,363300,3.41,707300,3.411,524700,3.412,193000,3.413,186100,3.414,465000,3.415,553100,3.416,65100
2020-09-03 10:13:44.420,3.407,1600.0,3.395,3.407082,3.411,3.398,3.407,899000,3.406,1013600,3.405,796500,3.404,846600,3.403,994700,3.402,542100,3.401,205000,3.4,346900,3.399,70000,3.398,41900,3.408,131200,3.409,363300,3.41,625000,3.411,524700,3.412,354600,3.413,24500,3.414,465000,3.415,553100,3.416,65100,3.417,70700
2020-09-03 10:13:46.460,3.408,4600.0,3.395,3.407082,3.411,3.398,3.407,1981000,3.406,763600,3.405,796500,3.404,1246600,3.403,94700,3.402,242100,3.401,205000,3.4,408700,3.399,8200,3.398,41900,3.408,126600,3.409,363300,3.41,625000,3.411,224700,3.412,593000,3.413,86100,3.414,465000,3.415,553100,3.416,65100,3.417,70700
2020-09-03 10:13:49.290,3.408,126600.0,3.395,3.407084,3.411,3.398,3.408,736400,3.407,1501000,3.406,1153700,3.405,1296500,3.404,346600,3.403,1094700,3.402,441000,3.401,205000,3.4,408700,3.399,8200,3.409,343300,3.41,525000,3.411,224700,3.412,593000,3.413,186100,3.414,465000,3.415,553100,3.416,65100,3.417,70700,3.418,104500
2020-09-03 10:13:51.620,3.409,4800.0,3.395,3.407084,3.411,3.398,3.408,462400,3.407,1651100,3.406,853700,3.405,1063500,3.404,1246500,3.403,494700,3.402,141000,3.401,266800,3.4,346900,3.399,8200,3.409,342500,3.41,482000,3.411,224700,3.412,593000,3.413,124500,3.414,76600,3.415,553100,3.416,65100,3.417,70700,3.418,104500
2020-09-03 10:13:53.880,3.408,5900.0,3.395,3.407084,3.411,3.398,3.408,456500,3.407,1751100,3.406,946700,3.405,656500,3.404,353500,3.403,394700,3.402,141000,3.401,266800,3.4,346900,3.399,8200,3.409,328100,3.41,487500,3.411,224700,3.412,686000,3.413,24500,3.414,176600,3.415,553100,3.416,65100,3.417,70700,3.418,104500
2020-09-03 10:13:58.440,3.409,328400.0,3.395,3.4070910000000003,3.411,3.398,3.409,271800,3.408,163500,3.407,1595200,3.406,1046700,3.405,1462400,3.404,153500,3.403,494700,3.402,141000,3.401,266800,3.4,346900,3.41,168500,3.411,224700,3.412,386000,3.413,424500,3.414,76600,3.415,553100,3.416,65100,3.417,70700,3.418,104500,3.419,148800
2020-09-03 10:14:00.450,3.409,1900.0,3.395,3.4070910000000003,3.412,3.398,3.409,12300,3.408,464200,3.407,1295200,3.406,916700,3.405,1252600,3.404,553500,3.403,94700,3.402,202800,3.401,205000,3.4,346900,3.41,68500,3.411,174700,3.412,486000,3.413,324500,3.414,115000,3.415,614600,3.416,65100,3.417,70700,3.418,104500,3.419,148800
2020-09-03 10:14:05.920,3.409,500.0,3.395,3.4070910000000003,3.412,3.398,3.409,191800,3.408,464200,3.407,1296100,3.406,823700,3.405,1252600,3.404,553500,3.403,94700,3.402,202800,3.401,205000,3.4,346900,3.41,68600,3.411,81700,3.412,486000,3.413,424500,3.414,115000,3.415,614600,3.416,65100,3.417,70700,3.418,104500,3.419,148800
2020-09-03 10:14:08.540,3.409,4000.0,3.395,3.4070910000000003,3.412,3.398,3.409,1088000,3.408,464200,3.407,1389100,3.406,823700,3.405,1159600,3.404,553500,3.403,94700,3.402,202800,3.401,205000,3.4,346900,3.41,100200,3.411,81700,3.412,487000,3.413,424500,3.414,115000,3.415,614600,3.416,65100,3.417,70700,3.418,104500,3.419,148800
2020-09-03 10:14:16.730,3.41,97500.0,3.395,3.4070940000000003,3.413,3.398,3.41,365000,3.409,475700,3.408,1044300,3.407,1139100,3.406,1366700,3.405,259600,3.404,253500,3.403,94700,3.402,202800,3.401,205000,3.411,31700,3.412,387000,3.413,217500,3.414,215000,3.415,464600,3.416,65100,3.417,520700,3.418,105000,3.419,148800,3.42,548100
2020-09-03 10:14:19.890,3.411,31700.0,3.395,3.4070949999999995,3.413,3.398,3.41,365000,3.409,605700,3.408,1358200,3.407,922000,3.406,1266700,3.405,659600,3.404,153500,3.403,156500,3.402,141000,3.401,205000,3.412,344000,3.413,217500,3.414,415000,3.415,203100,3.416,126600,3.417,520700,3.418,104500,3.419,148800,3.42,548100,3.421,85000
2020-09-03 10:14:26.100,3.411,17000.0,3.395,3.407096,3.413,3.398,3.411,18000,3.41,365100,3.409,430200,3.408,1321200,3.407,1915000,3.406,373700,3.405,559600,3.404,216200,3.403,94700,3.402,141000,3.412,354000,3.413,214500,3.414,208000,3.415,496100,3.416,165100,3.417,582200,3.418,104500,3.419,148800,3.42,548100,3.421,85000
2020-09-03 10:14:37.650,3.412,18000.0,3.395,3.4070970000000003,3.413,3.398,3.411,4200,3.41,965100,3.409,317300,3.408,1327100,3.407,1222000,3.406,373600,3.405,559600,3.404,216200,3.403,94700,3.402,141000,3.412,218100,3.413,174500,3.414,208000,3.415,597100,3.416,165100,3.417,582200,3.418,104500,3.419,148800,3.42,550600,3.421,145900
2020-09-03 10:14:41.370,3.411,4200.0,3.395,3.4070970000000003,3.413,3.398,3.41,665100,3.409,493200,3.408,1007800,3.407,1322000,3.406,273600,3.405,259600,3.404,216200,3.403,94700,3.402,141000,3.401,205000,3.411,339200,3.412,248100,3.413,214600,3.414,508000,3.415,197100,3.416,65100,3.417,682200,3.418,104500,3.419,148800,3.42,550600
2020-09-03 10:14:55.540,3.41,1000.0,3.395,3.4070970000000003,3.413,3.398,3.41,159300,3.409,200,3.408,1145900,3.407,1409100,3.406,473600,3.405,1159600,3.404,454500,3.403,156500,3.402,141000,3.401,205000,3.411,393200,3.412,398500,3.413,557600,3.414,208000,3.415,110100,3.416,238700,3.417,520700,3.418,184500,3.419,148800,3.42,555300
2020-09-03 10:15:07.520,3.41,31700.0,3.395,3.4070980000000004,3.413,3.398,3.41,146700,3.409,200,3.408,1148400,3.407,509100,3.406,1273600,3.405,369600,3.404,454500,3.403,156500,3.402,141000,3.401,205000,3.411,378500,3.412,323500,3.413,557600,3.414,208000,3.415,210100,3.416,138700,3.417,520700,3.418,184500,3.419,148800,3.42,555300
2020-09-03 10:15:11.330,3.41,20300.0,3.395,3.4070989999999997,3.412,3.398,3.41,126400,3.409,200,3.408,1148400,3.407,509100,3.406,373600,3.405,369600,3.404,454500,3.403,156500,3.402,141000,3.401,205000,3.411,378500,3.412,323500,3.413,257600,3.414,508000,3.415,210100,3.416,138700,3.417,520700,3.418,184500,3.419,148800,3.42,555300
2020-09-03 10:15:12.900,3.41,22400.0,3.395,3.4070989999999997,3.412,3.398,3.41,104000,3.409,300200,3.408,848400,3.407,509100,3.406,1273600,3.405,369500,3.404,454500,3.403,156500,3.402,141000,3.401,205000,3.411,478500,3.412,223500,3.413,557600,3.414,208000,3.415,210100,3.416,138700,3.417,520700,3.418,184500,3.419,148800,3.42,555300
2020-09-03 10:15:18.430,3.41,30000.0,3.395,3.4071,3.414,3.398,3.41,174000,3.409,10200,3.408,1148400,3.407,509100,3.406,1223600,3.405,369500,3.404,454500,3.403,156500,3.402,141000,3.401,205000,3.411,478500,3.412,323500,3.413,257600,3.414,411000,3.415,210100,3.416,138700,3.417,520700,3.418,184500,3.419,148800,3.42,555300
2020-09-03 10:15:25.800,3.409,184200.0,3.395,3.4071059999999997,3.414,3.398,3.408,1148400,3.407,415000,3.406,223600,3.405,369500,3.404,154500,3.403,1056500,3.402,441000,3.401,205000,3.4,345700,3.399,9300,3.409,39800,3.41,929900,3.411,428500,3.412,283500,3.413,417600,3.414,111000,3.415,210100,3.416,138700,3.417,520700,3.418,204500
2020-09-03 10:15:27.880,3.409,17400.0,3.395,3.4071059999999997,3.414,3.398,3.408,455400,3.407,415000,3.406,523600,3.405,363600,3.404,354500,3.403,94700,3.402,441000,3.401,266800,3.4,345700,3.399,9300,3.409,320000,3.41,800900,3.411,508500,3.412,533500,3.413,24600,3.414,272600,3.415,110300,3.416,77200,3.417,520700,3.418,204500
2020-09-03 10:15:32.130,3.409,14400.0,3.395,3.4071059999999997,3.413,3.398,3.408,459600,3.407,322000,3.406,616600,3.405,363600,3.404,1254500,3.403,94700,3.402,441000,3.401,266800,3.4,340700,3.399,9300,3.409,5600,3.41,800900,3.411,601500,3.412,533500,3.413,24600,3.414,179600,3.415,110300,3.416,77200,3.417,520700,3.418,204500
2020-09-03 10:15:35.190,3.408,36000.0,3.395,3.407107,3.413,3.398,3.408,460400,3.407,322000,3.406,616600,3.405,456600,3.404,354500,3.403,94700,3.402,441000,3.401,266800,3.4,340700,3.399,9300,3.409,100100,3.41,740900,3.411,901500,3.412,228100,3.413,24600,3.414,179600,3.415,110300,3.416,77200,3.417,520700,3.418,204500
2020-09-03 10:15:36.650,3.408,40200.0,3.395,3.407108,3.413,3.398,3.408,420700,3.407,22000,3.406,316600,3.405,756600,3.404,254500,3.403,1094700,3.402,141000,3.401,566800,3.4,340700,3.399,9300,3.409,199600,3.41,550700,3.411,871500,3.412,228100,3.413,124600,3.414,79600,3.415,110300,3.416,80300,3.417,520700,3.418,204500
2020-09-03 10:15:41.210,3.409,138700.0,3.395,3.4071089999999997,3.412,3.398,3.408,335900,3.407,22000,3.406,316600,3.405,662500,3.404,248600,3.403,294700,3.402,141000,3.401,266800,3.4,340700,3.399,9300,3.409,215700,3.41,693000,3.411,471500,3.412,228100,3.413,124600,3.414,79600,3.415,110300,3.416,80300,3.417,520700,3.418,204500
2020-09-03 10:15:42.180,3.408,335900.0,3.395,3.407113,3.412,3.398,3.407,22000,3.406,223600,3.405,662500,3.404,1248600,3.403,194700,3.402,141000,3.401,566800,3.4,340700,3.399,9300,3.398,41900,3.408,131800,3.409,123800,3.41,783000,3.411,378500,3.412,228100,3.413,24600,3.414,179600,3.415,110300,3.416,80300,3.417,70700
2020-09-03 10:15:50.550,3.407,2200.0,3.395,3.407113,3.411,3.398,3.407,22000,3.406,223600,3.405,662500,3.404,341600,3.403,1194700,3.402,141000,3.401,505000,3.4,402500,3.399,9300,3.398,41900,3.408,305400,3.409,123800,3.41,896000,3.411,521500,3.412,135100,3.413,1086200,3.414,18000,3.415,110300,3.416,80300,3.417,75700
2020-09-03 10:15:51.840,3.407,200.0,3.395,3.407113,3.411,3.398,3.407,21800,3.406,223600,3.405,662500,3.404,341600,3.403,1094700,3.402,241000,3.401,505000,3.4,402500,3.399,9300,3.398,41900,3.408,306600,3.409,124300,3.41,896000,3.411,521500,3.412,235100,3.413,986200,3.414,18000,3.415,110300,3.416,80300,3.417,75700
2020-09-03 10:15:56.620,3.407,10000.0,3.395,3.407113,3.411,3.398,3.407,11800,3.406,223600,3.405,662500,3.404,341600,3.403,194700,3.402,1141000,3.401,505000,3.4,402500,3.399,9300,3.398,41900,3.408,339700,3.409,124300,3.41,896000,3.411,521500,3.412,235100,3.413,86200,3.414,18000,3.415,110300,3.416,80300,3.417,75700
2020-09-03 10:15:57.780,3.407,13800.0,3.395,3.407113,3.411,3.398,3.406,223600,3.405,662500,3.404,341600,3.403,194700,3.402,1141000,3.401,505000,3.4,402500,3.399,9300,3.398,41900,3.397,8500,3.407,186200,3.408,439700,3.409,124300,3.41,896000,3.411,421500,3.412,235100,3.413,86200,3.414,18000,3.415,110300,3.416,80300
2020-09-03 10:16:02.210,3.407,14700.0,3.395,3.407113,3.411,3.398,3.406,234800,3.405,569500,3.404,341600,3.403,287700,3.402,1141000,3.401,205000,3.4,340700,3.399,71100,3.398,41900,3.397,8500,3.407,5500,3.408,339700,3.409,175600,3.41,816000,3.411,328500,3.412,296700,3.413,24600,3.414,18000,3.415,105300,3.416,80300
2020-09-03 10:16:04.470,3.407,35500.0,3.395,3.407112,3.411,3.398,3.406,204800,3.405,269500,3.404,641600,3.403,287700,3.402,241000,3.401,205000,3.4,641700,3.399,71100,3.398,41900,3.397,8500,3.408,339700,3.409,175600,3.41,816000,3.411,328500,3.412,296800,3.413,24600,3.414,18000,3.415,105300,3.416,80300,3.417,75700
2020-09-03 10:16:08.380,3.406,900.0,3.395,3.407112,3.411,3.398,3.406,205100,3.405,269500,3.404,547500,3.403,187700,3.402,241000,3.401,1105000,3.4,641700,3.399,71100,3.398,41900,3.397,8500,3.408,339500,3.409,175600,3.41,816000,3.411,328500,3.412,235200,3.413,86200,3.414,18000,3.415,105300,3.416,80300,3.417,75700
2020-09-03 10:16:11.280,3.406,208400.0,3.395,3.40711,3.411,3.398,3.405,269500,3.404,247500,3.403,487700,3.402,141000,3.401,1205000,3.4,1241700,3.399,371100,3.398,41900,3.397,8500,3.396,53900,3.406,94800,3.407,230900,3.408,261300,3.409,485600,3.41,1316000,3.411,428500,3.412,140500,3.413,77800,3.414,18000,3.415,105300
2020-09-03 10:16:14.580,3.405,267400.0,3.395,3.407104,3.411,3.398,3.404,154500,3.403,94700,3.402,141000,3.401,605000,3.4,435800,3.399,1009300,3.398,103800,3.397,8500,3.396,53900,3.395,236200,3.405,217500,3.406,449900,3.407,353100,3.408,91300,3.409,12600,3.41,323000,3.411,490100,3.412,140500,3.413,16200,3.414,18000
2020-09-03 10:16:17.420,3.404,205400.0,3.395,3.4070970000000003,3.411,3.398,3.403,176100,3.402,234000,3.401,298000,3.4,835800,3.399,109300,3.398,941900,3.397,70400,3.396,353900,3.395,236200,3.394,17200,3.404,94000,3.405,400100,3.406,271900,3.407,154100,3.408,184300,3.409,12600,3.41,484700,3.411,328500,3.412,140500,3.413,16200
2020-09-03 10:16:19.170,3.404,5900.0,3.395,3.4070970000000003,3.411,3.398,3.403,181100,3.402,224000,3.401,298000,3.4,735800,3.399,209300,3.398,41900,3.397,308500,3.396,115800,3.395,236200,3.394,17200,3.404,30000,3.405,200100,3.406,543100,3.407,104100,3.408,184300,3.409,174300,3.41,323100,3.411,328500,3.412,140500,3.413,16200
2020-09-03 10:16:23.240,3.404,16600.0,3.395,3.4070970000000003,3.409,3.398,3.404,16000,3.403,181100,3.402,224000,3.401,598000,3.4,435800,3.399,209300,3.398,41900,3.397,308500,3.396,115800,3.395,236200,3.405,190800,3.406,533100,3.407,144100,3.408,187300,3.409,166200,3.41,323100,3.411,328500,3.412,140500,3.413,16200,3.414,18000
2020-09-03 10:16:25.850,3.404,17000.0,3.395,3.407096,3.409,3.398,3.404,1000,3.403,1983400,3.402,266900,3.401,692100,3.4,441700,3.399,1009300,3.398,41900,3.397,370400,3.396,53900,3.395,236200,3.405,174800,3.406,663100,3.407,236100,3.408,1087300,3.409,104500,3.41,384700,3.411,328500,3.412,140500,3.413,16200,3.414,18000
2020-09-03 10:16:29.140,3.404,4500.0,3.395,3.407096,3.409,3.398,3.404,296500,3.403,183400,3.402,1466900,3.401,392100,3.4,446700,3.399,109300,3.398,341900,3.397,70400,3.396,53900,3.395,236200,3.405,174800,3.406,663100,3.407,236100,3.408,187300,3.409,1004500,3.41,384700,3.411,328500,3.412,140500,3.413,16200,3.414,18000
2020-09-03 10:16:31.500,3.404,13200.0,3.395,3.407096,3.408,3.398,3.404,288600,3.403,183400,3.402,1126900,3.401,598000,3.4,347400,3.399,1009300,3.398,41900,3.397,370400,3.396,53900,3.395,236200,3.405,170700,3.406,663100,3.407,236100,3.408,187300,3.409,1004500,3.41,384700,3.411,328500,3.412,140500,3.413,16200,3.414,18000
2020-09-03 10:16:35.170,3.404,6200.0,3.395,3.407096,3.408,3.398,3.404,302400,3.403,183400,3.402,1126900,3.401,598000,3.4,442000,3.399,1109300,3.398,51900,3.397,370400,3.396,53900,3.395,236200,3.405,160700,3.406,673100,3.407,236100,3.408,190300,3.409,104500,3.41,384700,3.411,328500,3.412,140500,3.413,16200,3.414,18000
2020-09-03 10:16:37.860,3.404,137100.0,3.395,3.4070910000000003,3.408,3.398,3.404,172400,3.403,183400,3.402,133900,3.401,205000,3.4,742000,3.399,1109300,3.398,51900,3.397,70400,3.396,353900,3.395,236200,3.405,553700,3.406,373100,3.407,43100,3.408,918700,3.409,104500,3.41,384700,3.411,328500,3.412,143500,3.413,16200,3.414,18000
2020-09-03 10:16:39.200,3.404,172400.0,3.395,3.407085,3.407,3.398,3.403,183400,3.402,1088700,3.401,298000,3.4,742000,3.399,209300,3.398,951900,3.397,70400,3.396,53900,3.395,236200,3.394,17200,3.404,566800,3.405,193700,3.406,673100,3.407,136100,3.408,111700,3.409,104500,3.41,384700,3.411,328500,3.412,143500,3.413,16200
2020-09-03 10:16:43.410,3.403,184000.0,3.395,3.407078,3.407,3.398,3.402,1088700,3.401,288000,3.4,742000,3.399,209300,3.398,951900,3.397,308500,3.396,101300,3.395,236200,3.394,17200,3.393,11000,3.403,116000,3.404,296600,3.405,493700,3.406,373100,3.407,136100,3.408,111700,3.409,167200,3.41,323100,3.411,328500,3.412,143500
2020-09-03 10:16:46.710,3.403,2000.0,3.395,3.4070769999999997,3.407,3.398,3.402,997500,3.401,713000,3.4,442300,3.399,1009300,3.398,151900,3.397,308500,3.396,39400,3.395,298100,3.394,17200,3.393,11000,3.403,114000,3.404,101200,3.405,153700,3.406,593100,3.407,43100,3.408,1173400,3.409,5500,3.41,323100,3.411,328500,3.412,126600
2020-09-03 10:16:51.020,3.402,9400.0,3.395,3.4070769999999997,3.407,3.398,3.402,1888100,3.401,663000,3.4,535300,3.399,114300,3.398,151900,3.397,308500,3.396,39400,3.395,298100,3.394,17200,3.393,11000,3.403,114000,3.404,101200,3.405,326100,3.406,593100,3.407,43100,3.408,273400,3.409,5500,3.41,323100,3.411,328500,3.412,126600
2020-09-03 10:16:53.530,3.402,15500.0,3.395,3.407076,3.407,3.398,3.402,1872600,3.401,270000,3.4,835300,3.399,113200,3.398,952000,3.397,108500,3.396,339400,3.395,298100,3.394,17200,3.393,11000,3.403,116000,3.404,131200,3.405,626100,3.406,293100,3.407,143100,3.408,80400,3.409,5500,3.41,323100,3.411,328500,3.412,126600
2020-09-03 10:16:56.440,3.403,28600.0,3.395,3.407075,3.407,3.398,3.402,1855800,3.401,190000,3.4,741200,3.399,200300,3.398,152000,3.397,1008500,3.396,39400,3.395,298100,3.394,17200,3.393,11000,3.403,369500,3.404,71200,3.405,626100,3.406,286100,3.407,143100,3.408,80400,3.409,5500,3.41,323100,3.411,328500,3.412,126600
2020-09-03 10:16:58.100,3.402,151300.0,3.395,3.4070669999999996,3.407,3.398,3.401,3695300,3.4,741200,3.399,106200,3.398,152000,3.397,8500,3.396,39400,3.395,298100,3.394,17200,3.393,11000,3.392,24300,3.402,162300,3.403,370400,3.404,71200,3.405,626100,3.406,286100,3.407,43100,3.408,176000,3.409,5500,3.41,323100,3.411,328500
2020-09-03 10:17:02.680,3.402,64300.0,3.395,3.407063,3.406,3.398,3.401,3645800,3.4,798200,3.399,199200,3.398,957000,3.397,108500,3.396,339400,3.395,237400,3.394,79100,3.393,11000,3.392,24300,3.402,13600,3.403,240400,3.404,124200,3.405,513500,3.406,286100,3.407,204800,3.408,14300,3.409,5500,3.41,323100,3.411,328500
2020-09-03 10:17:05.600,3.402,14800.0,3.395,3.4070620000000003,3.406,3.398,3.402,5880100,3.401,4845800,3.4,502100,3.399,293300,3.398,157000,3.397,408500,3.396,39400,3.395,252400,3.394,79100,3.393,11000,3.403,240400,3.404,124200,3.405,213500,3.406,686100,3.407,1104800,3.408,14300,3.409,5500,3.41,323100,3.411,328500,3.412,126800
2020-09-03 10:17:07.690,3.402,70900.0,3.395,3.407058,3.407,3.398,3.402,6109200,3.401,3945800,3.4,442100,3.399,293300,3.398,157000,3.397,113500,3.396,339400,3.395,314300,3.394,17200,3.393,11000,3.403,224100,3.404,124200,3.405,213500,3.406,684900,3.407,143100,3.408,76000,3.409,5500,3.41,323100,3.411,328500,3.412,126800
2020-09-03 10:17:08.830,3.403,12100.0,3.395,3.407058,3.407,3.398,3.402,4753700,3.401,2840500,3.4,682100,3.399,293300,3.398,157000,3.397,113500,3.396,339400,3.395,314300,3.394,17200,3.393,11000,3.403,247900,3.404,191800,3.405,513500,3.406,384900,3.407,143100,3.408,76000,3.409,5500,3.41,323100,3.411,328500,3.412,126800
2020-09-03 10:17:16.680,3.402,203400.0,3.395,3.407047,3.407,3.398,3.402,2377700,3.401,2840500,3.4,775100,3.399,208300,3.398,257000,3.397,13500,3.396,339400,3.395,314300,3.394,17200,3.393,11000,3.403,227300,3.404,198800,3.405,606500,3.406,284900,3.407,43100,3.408,176000,3.409,5500,3.41,323100,3.411,329000,3.412,126800
2020-09-03 10:17:19.550,3.402,4300.0,3.395,3.407047,3.407,3.398,3.402,582200,3.401,2840500,3.4,435100,3.399,415300,3.398,157000,3.397,1013500,3.396,39400,3.395,614300,3.394,17200,3.393,11000,3.403,252700,3.404,502200,3.405,306500,3.406,191900,3.407,143100,3.408,76000,3.409,5500,3.41,323100,3.411,329000,3.412,126800
2020-09-03 10:17:23.240,3.402,67400.0,3.395,3.4070440000000004,3.407,3.398,3.402,335800,3.401,1940500,3.4,435100,3.399,508300,3.398,157000,3.397,1013500,3.396,39400,3.395,614300,3.394,17200,3.393,11000,3.403,231700,3.404,502000,3.405,606500,3.406,284900,3.407,143200,3.408,72900,3.409,5500,3.41,323100,3.411,329000,3.412,126800
2020-09-03 10:17:24.320,3.403,5500.0,3.395,3.4070440000000004,3.406,3.398,3.402,1591000,3.401,1940500,3.4,1635100,3.399,208300,3.398,165000,3.397,1013500,3.396,339400,3.395,314300,3.394,17200,3.393,11000,3.403,226300,3.404,522000,3.405,606500,3.406,284900,3.407,143200,3.408,72900,3.409,5500,3.41,773100,3.411,329000,3.412,126800
2020-09-03 10:17:27.560,3.402,17600.0,3.395,3.407043,3.407,3.398,3.402,1593400,3.401,1940500,3.4,1548100,3.399,208300,3.398,265000,3.397,13500,3.396,339400,3.395,314300,3.394,17200,3.393,11000,3.403,226700,3.404,522000,3.405,513500,3.406,284900,3.407,43200,3.408,172900,3.409,5500,3.41,773100,3.411,329000,3.412,126800
2020-09-03 10:17:30.550,3.403,6200.0,3.395,3.4070419999999997,3.407,3.398,3.402,993600,3.401,1960500,3.4,1638100,3.399,208300,3.398,165000,3.397,1013500,3.396,339400,3.395,314300,3.394,17200,3.393,11000,3.403,230500,3.404,522000,3.405,606500,3.406,284900,3.407,143200,3.408,72900,3.409,5500,3.41,773100,3.411,329000,3.412,126800
2020-09-03 10:17:34.500,3.402,15000.0,3.395,3.4070419999999997,3.407,3.398,3.402,1883600,3.401,1960500,3.4,1338100,3.399,415300,3.398,265000,3.397,921500,3.396,39400,3.395,614300,3.394,17200,3.393,11000,3.403,255500,3.404,558600,3.405,606500,3.406,191900,3.407,50300,3.408,172900,3.409,5500,3.41,773100,3.411,329000,3.412,126800
2020-09-03 10:17:38.350,3.402,1645500.0,3.395,3.4069559999999997,3.407,3.398,3.402,1043400,3.401,1960500,3.4,1338100,3.399,114200,3.398,365000,3.397,121500,3.396,39400,3.395,1214300,3.394,317200,3.393,11000,3.403,695500,3.404,408600,3.405,206500,3.406,284900,3.407,150300,3.408,72900,3.409,5500,3.41,773100,3.411,329000,3.412,126800
2020-09-03 10:17:40.600,3.401,332900.0,3.395,3.406939,3.407,3.398,3.401,1030500,3.4,1338100,3.399,114200,3.398,159100,3.397,521500,3.396,939400,3.395,314300,3.394,17200,3.393,311000,3.392,24300,3.402,369500,3.403,363600,3.404,1368600,3.405,206500,3.406,284900,3.407,150300,3.408,72900,3.409,5500,3.41,323100,3.411,329000
2020-09-03 10:17:42.990,3.402,120000.0,3.395,3.406932,3.406,3.398,3.401,30500,3.4,1245100,3.399,207200,3.398,159100,3.397,121500,3.396,439400,3.395,252400,3.394,79100,3.393,311000,3.392,24300,3.402,671700,3.403,343600,3.404,251800,3.405,113500,3.406,384900,3.407,112000,3.408,11200,3.409,4500,3.41,323100,3.411,329000
2020-09-03 10:17:47.510,3.402,500.0,3.395,3.406932,3.406,3.398,3.401,30500,3.4,1339200,3.399,181200,3.398,365000,3.397,121500,3.396,947400,3.395,252400,3.394,379100,3.393,11000,3.392,24300,3.402,335500,3.403,263600,3.404,358800,3.405,213500,3.406,191900,3.407,212000,3.408,11200,3.409,4500,3.41,323100,3.411,329000
2020-09-03 10:17:50.990,3.401,30000.0,3.395,3.4069300000000005,3.406,3.398,3.401,900500,3.4,1339200,3.399,1005200,3.398,458000,3.397,121500,3.396,47400,3.395,1152400,3.394,379100,3.393,11000,3.392,24300,3.402,355500,3.403,573600,3.404,95200,3.405,306500,3.406,191900,3.407,208900,3.408,11200,3.409,4500,3.41,323100,3.411,329000
2020-09-03 10:17:52.040,3.402,2500.0,3.395,3.4069300000000005,3.406,3.398,3.401,901500,3.4,1329200,3.399,1020200,3.398,458000,3.397,21500,3.396,147400,3.395,1152400,3.394,379100,3.393,11000,3.392,24300,3.402,425500,3.403,454100,3.404,995200,3.405,306500,3.406,291900,3.407,108900,3.408,11200,3.409,4500,3.41,323100,3.411,329000
2020-09-03 10:17:55.320,3.401,51000.0,3.395,3.4069269999999996,3.406,3.398,3.401,855500,3.4,1235100,3.399,920200,3.398,458000,3.397,121500,3.396,47400,3.395,1160400,3.394,79100,3.393,11000,3.392,24300,3.402,412300,3.403,454100,3.404,994000,3.405,306500,3.406,191900,3.407,208900,3.408,11200,3.409,4500,3.41,323100,3.411,329000
2020-09-03 10:17:59.690,3.402,51800.0,3.395,3.4069239999999996,3.406,3.398,3.401,824300,3.4,1235100,3.399,920200,3.398,552100,3.397,121500,3.396,147400,3.395,260400,3.394,979100,3.393,11000,3.392,24300,3.402,392200,3.403,454100,3.404,1094000,3.405,306500,3.406,291900,3.407,108900,3.408,11200,3.409,4500,3.41,323100,3.411,329000
2020-09-03 10:18:01.950,3.402,314700.0,3.395,3.406908,3.405,3.398,3.401,814000,3.4,1339200,3.399,589200,3.398,158000,3.397,121500,3.396,52900,3.395,260400,3.394,79100,3.393,11000,3.392,24300,3.402,22200,3.403,124100,3.404,394000,3.405,306500,3.406,291900,3.407,208900,3.408,11200,3.409,4500,3.41,323100,3.411,329000
2020-09-03 10:18:03.730,3.402,6000.0,3.395,3.406908,3.405,3.398,3.401,861000,3.4,1339400,3.399,289200,3.398,458000,3.397,121500,3.396,952900,3.395,260400,3.394,387100,3.393,11000,3.392,24300,3.402,51200,3.403,444100,3.404,94000,3.405,306500,3.406,291900,3.407,208900,3.408,11200,3.409,4500,3.41,326100,3.411,329000
2020-09-03 10:18:07.070,3.401,1000.0,3.395,3.406908,3.405,3.398,3.401,860500,3.4,1339400,3.399,229200,3.398,458000,3.397,121500,3.396,952900,3.395,560400,3.394,87100,3.393,11000,3.392,24300,3.402,56200,3.403,450700,3.404,94000,3.405,306500,3.406,291900,3.407,208900,3.408,11200,3.409,4500,3.41,326100,3.411,329000
2020-09-03 10:18:13.800,3.401,56700.0,3.395,3.406904,3.405,3.398,3.401,813800,3.4,1339400,3.399,136200,3.398,365000,3.397,21500,3.396,1052900,3.395,560400,3.394,87100,3.393,19000,3.392,24300,3.402,27100,3.403,381800,3.404,1000,3.405,213500,3.406,1291900,3.407,108900,3.408,90400,3.409,4500,3.41,326100,3.411,331100
2020-09-03 10:18:17.380,3.401,20400.0,3.395,3.406903,3.406,3.398,3.401,795700,3.4,1339400,3.399,529200,3.398,158000,3.397,21700,3.396,152900,3.395,1460400,3.394,87100,3.393,19000,3.392,24300,3.402,27100,3.403,81800,3.404,394000,3.405,306500,3.406,391900,3.407,108900,3.408,90400,3.409,4500,3.41,326100,3.411,337700
2020-09-03 10:18:20.440,3.402,7500.0,3.395,3.406903,3.406,3.398,3.401,794700,3.4,1379400,3.399,229200,3.398,458000,3.397,21700,3.396,1052900,3.395,260400,3.394,87100,3.393,19000,3.392,24300,3.402,20600,3.403,61800,3.404,394000,3.405,306500,3.406,391900,3.407,108900,3.408,89200,3.409,4500,3.41,326100,3.411,337700
2020-09-03 10:18:21.310,3.402,5000.0,3.395,3.4069019999999997,3.406,3.398,3.401,804700,3.4,479400,3.399,229200,3.398,458000,3.397,131700,3.396,952900,3.395,260400,3.394,387100,3.393,19000,3.392,24300,3.402,41200,3.403,61800,3.404,394000,3.405,306500,3.406,291900,3.407,208900,3.408,89200,3.409,4500,3.41,326100,3.411,337700
2020-09-03 10:18:24.880,3.402,45200.0,3.395,3.4069,3.406,3.398,3.402,3800,3.401,1532200,3.4,482500,3.399,229200,3.398,458000,3.397,131700,3.396,952900,3.395,260400,3.394,387100,3.393,19000,3.403,61800,3.404,394000,3.405,306500,3.406,291900,3.407,208900,3.408,89200,3.409,4500,3.41,326100,3.411,337700,3.412,126800
2020-09-03 10:18:28.820,3.402,14300.0,3.395,3.4068989999999997,3.406,3.398,3.402,1816600,3.401,1527900,3.4,479500,3.399,436200,3.398,65000,3.397,131700,3.396,52900,3.395,622300,3.394,25200,3.393,19000,3.403,357500,3.404,91000,3.405,213500,3.406,291900,3.407,147200,3.408,150900,3.409,4500,3.41,326100,3.411,337700,3.412,132800
2020-09-03 10:18:32.240,3.402,9400.0,3.395,3.4068989999999997,3.407,3.398,3.402,3611600,3.401,1542900,3.4,572500,3.399,529200,3.398,65000,3.397,131700,3.396,952900,3.395,629600,3.394,25200,3.393,19000,3.403,50300,3.404,391000,3.405,306500,3.406,384900,3.407,147200,3.408,150900,3.409,4500,3.41,326100,3.411,337700,3.412,132800
2020-09-03 10:18:33.810,3.403,60300.0,3.395,3.4068970000000003,3.407,3.398,3.403,1556700,3.402,3621600,3.401,91900,3.4,778400,3.399,179200,3.398,65000,3.397,1031900,3.396,352900,3.395,329600,3.394,25200,3.404,71000,3.405,506500,3.406,384900,3.407,1147200,3.408,150900,3.409,4500,3.41,326100,3.411,337700,3.412,132800,3.413,16200
2020-09-03 10:18:36.410,3.404,200.0,3.395,3.4068970000000003,3.407,3.398,3.403,1574300,3.402,3621600,3.401,186000,3.4,838400,3.399,179200,3.398,165000,3.397,931900,3.396,414800,3.395,267700,3.394,25200,3.404,30800,3.405,596500,3.406,384900,3.407,1047200,3.408,189200,3.409,66200,3.41,336100,3.411,337700,3.412,132800,3.413,16200
2020-09-03 10:18:40.600,3.404,6000.0,3.395,3.4068959999999997,3.407,3.398,3.403,2489000,3.402,2723800,3.401,186000,3.4,745400,3.399,186200,3.398,65000,3.397,931900,3.396,414800,3.395,267700,3.394,25200,3.404,24800,3.405,503500,3.406,291900,3.407,147200,3.408,89200,3.409,166200,3.41,336100,3.411,337700,3.412,132800,3.413,16200
2020-09-03 10:18:44.040,3.404,73300.0,3.395,3.4068940000000003,3.407,3.398,3.403,655900,3.402,2724600,3.401,184900,3.4,543500,3.399,586200,3.398,65000,3.397,31900,3.396,1014800,3.395,567700,3.394,25200,3.404,494800,3.405,203500,3.406,384900,3.407,240200,3.408,89200,3.409,166200,3.41,336100,3.411,339800,3.412,132800,3.413,16200
2020-09-03 10:18:45.680,3.403,11100.0,3.395,3.4068940000000003,3.407,3.398,3.403,628200,3.402,1819600,3.401,194900,3.4,543500,3.399,615200,3.398,65000,3.397,31900,3.396,1014800,3.395,567700,3.394,25200,3.404,494800,3.405,203500,3.406,384900,3.407,240200,3.408,89200,3.409,166200,3.41,336100,3.411,339800,3.412,132800,3.413,16200
2020-09-03 10:18:50.220,3.404,10200.0,3.395,3.406893,3.407,3.398,3.403,618200,3.402,1819600,3.401,194900,3.4,543500,3.399,515200,3.398,165000,3.397,931700,3.396,114800,3.395,567700,3.394,25200,3.404,449800,3.405,173500,3.406,384900,3.407,240200,3.408,189200,3.409,66200,3.41,336100,3.411,337900,3.412,132800,3.413,16200
2020-09-03 10:18:52.750,3.404,482800.0,3.395,3.406879,3.407,3.398,3.404,120500,3.403,25900,3.402,1799600,3.401,194900,3.4,543500,3.399,615200,3.398,65000,3.397,931700,3.396,114800,3.395,267700,3.405,473500,3.406,384900,3.407,240200,3.408,89200,3.409,166200,3.41,336100,3.411,337900,3.412,132800,3.413,16200,3.414,21000
2020-09-03 10:18:55.060,3.404,123700.0,3.395,3.406875,3.408,3.398,3.403,756900,3.402,1892600,3.401,194900,3.4,750500,3.399,315200,3.398,65000,3.397,143600,3.396,52900,3.395,567700,3.394,25200,3.404,171900,3.405,473500,3.406,361900,3.407,240200,3.408,182200,3.409,104500,3.41,397700,3.411,337900,3.412,132800,3.413,16200
2020-09-03 10:18:58.450,3.404,5000.0,3.395,3.406875,3.408,3.398,3.403,756900,3.402,1892600,3.401,194900,3.4,750500,3.399,315200,3.398,65000,3.397,981700,3.396,114800,3.395,267700,3.394,25200,3.404,507000,3.405,473500,3.406,1261900,3.407,240200,3.408,182200,3.409,166200,3.41,336100,3.411,337900,3.412,132800,3.413,16200
2020-09-03 10:19:01.270,3.403,300.0,3.395,3.406875,3.407,3.398,3.403,30200,3.402,1892600,3.401,195900,3.4,750500,3.399,315200,3.398,65000,3.397,981700,3.396,114800,3.395,567700,3.394,25200,3.404,507000,3.405,473500,3.406,361900,3.407,240200,3.408,182200,3.409,166200,3.41,336100,3.411,337900,3.412,132800,3.413,16200
2020-09-03 10:19:03.740,3.403,62400.0,3.395,3.4068730000000005,3.407,3.398,3.402,1892600,3.401,495900,3.4,656400,3.399,115200,3.398,165000,3.397,81700,3.396,120000,3.395,567700,3.394,25200,3.393,19000,3.403,271500,3.404,506200,3.405,473500,3.406,321900,3.407,140200,3.408,282200,3.409,66200,3.41,336100,3.411,337900,3.412,132800
2020-09-03 10:19:05.750,3.403,3400.0,3.395,3.4068730000000005,3.407,3.398,3.402,1799600,3.401,402900,3.4,449400,3.399,509300,3.398,265000,3.397,81700,3.396,58100,3.395,1229600,3.394,325200,3.393,19000,3.403,589200,3.404,939400,3.405,256500,3.406,291900,3.407,47200,3.408,250900,3.409,4500,3.41,336100,3.411,340000,3.412,132800
2020-09-03 10:19:09.790,3.403,269200.0,3.395,3.4068620000000003,3.408,3.398,3.403,462300,3.402,2699600,3.401,402900,3.4,729400,3.399,302300,3.398,265000,3.397,81700,3.396,58100,3.395,629600,3.394,25200,3.404,229300,3.405,656500,3.406,384900,3.407,47200,3.408,250900,3.409,4500,3.41,336100,3.411,340000,3.412,132800,3.413,16200
2020-09-03 10:19:12.280,3.403,315200.0,3.395,3.40685,3.408,3.398,3.403,163300,3.402,2699600,3.401,402900,3.4,729400,3.399,208200,3.398,165000,3.397,81700,3.396,120000,3.395,575700,3.394,25200,3.404,213100,3.405,666500,3.406,384900,3.407,47200,3.408,189200,3.409,66200,3.41,336100,3.411,340000,3.412,132800,3.413,16200
2020-09-03 10:19:14.720,3.403,6000.0,3.395,3.40685,3.407,3.398,3.403,157800,3.402,2707400,3.401,402900,3.4,523500,3.399,608200,3.398,165000,3.397,81700,3.396,1020000,3.395,575700,3.394,25200,3.404,213100,3.405,666500,3.406,384900,3.407,47200,3.408,189200,3.409,66200,3.41,336100,3.411,340000,3.412,132800,3.413,16200
2020-09-03 10:19:17.640,3.403,1200.0,3.395,3.40685,3.408,3.398,3.403,256600,3.402,2707900,3.401,702900,3.4,430500,3.399,308200,3.398,165000,3.397,981700,3.396,420000,3.395,275700,3.394,25200,3.404,153100,3.405,163500,3.406,684900,3.407,147200,3.408,189200,3.409,66200,3.41,336100,3.411,340000,3.412,132800,3.413,16200
2020-09-03 10:19:21.220,3.403,2600.0,3.395,3.40685,3.408,3.398,3.403,257000,3.402,2708100,3.401,795900,3.4,336400,3.399,115200,3.398,165000,3.397,981700,3.396,420000,3.395,275700,3.394,25200,3.404,3200,3.405,163500,3.406,684900,3.407,1047200,3.408,189200,3.409,66200,3.41,343300,3.411,340000,3.412,132800,3.413,16200
2020-09-03 10:19:24.830,3.404,10800.0,3.395,3.406849,3.408,3.398,3.403,246800,3.402,2708100,3.401,890000,3.4,829400,3.399,115200,3.398,165000,3.397,981700,3.396,422000,3.395,275700,3.394,25200,3.404,2700,3.405,163500,3.406,684900,3.407,1140200,3.408,189200,3.409,66200,3.41,343300,3.411,348000,3.412,132800,3.413,16200
2020-09-03 10:19:27.660,3.404,20100.0,3.395,3.406849,3.408,3.398,3.403,246700,3.402,2708100,3.401,890000,3.4,829400,3.399,215200,3.398,65000,3.397,981700,3.396,422000,3.395,275700,3.394,25200,3.404,2700,3.405,163500,3.406,684900,3.407,240200,3.408,89200,3.409,166200,3.41,343300,3.411,348000,3.412,132800,3.413,16200
2020-09-03 10:19:30.570,3.404,2700.0,3.395,3.406849,3.408,3.398,3.404,1500,3.403,246700,3.402,2708100,3.401,590000,3.4,1129400,3.399,215200,3.398,65200,3.397,981700,3.396,122000,3.395,575700,3.405,173500,3.406,1584900,3.407,240200,3.408,89200,3.409,166200,3.41,343300,3.411,348000,3.412,140800,3.413,16200,3.414,21000
2020-09-03 10:19:34.550,3.404,1900.0,3.395,3.406849,3.408,3.398,3.403,246700,3.402,2708100,3.401,497000,3.4,1129400,3.399,215200,3.398,65200,3.397,143600,3.396,960100,3.395,275700,3.394,25200,3.404,638100,3.405,473500,3.406,1261900,3.407,240200,3.408,89200,3.409,104500,3.41,404900,3.411,348000,3.412,140800,3.413,16200
2020-09-03 10:19:37.510,3.404,149200.0,3.395,3.4068440000000004,3.408,3.398,3.403,103600,3.402,2708100,3.401,890000,3.4,736400,3.399,515200,3.398,65200,3.397,81700,3.396,1022000,3.395,275700,3.394,25200,3.404,451900,3.405,473500,3.406,1354900,3.407,107200,3.408,89200,3.409,166200,3.41,343300,3.411,348000,3.412,140800,3.413,16200
2020-09-03 10:19:40.390,3.404,100.0,3.395,3.4068440000000004,3.408,3.398,3.403,104100,3.402,2708100,3.401,590000,3.4,1129400,3.399,515200,3.398,65200,3.397,81700,3.396,1022000,3.395,575700,3.394,25200,3.404,453400,3.405,477200,3.406,1354900,3.407,200200,3.408,89200,3.409,166200,3.41,343300,3.411,348000,3.412,140800,3.413,16200
2020-09-03 10:19:43.510,3.404,19700.0,3.395,3.4068440000000004,3.408,3.398,3.403,103400,3.402,2708100,3.401,590000,3.4,1129400,3.399,515200,3.398,65200,3.397,81700,3.396,1022000,3.395,575700,3.394,25200,3.404,476300,3.405,477200,3.406,1354900,3.407,200200,3.408,89200,3.409,166200,3.41,343300,3.411,348000,3.412,150800,3.413,24200
2020-09-03 10:19:45.230,3.404,16900.0,3.395,3.406843,3.408,3.398,3.403,1903700,3.402,1808100,3.401,890000,3.4,829400,3.399,515200,3.398,65200,3.397,981700,3.396,122000,3.395,575700,3.394,25200,3.404,419400,3.405,477200,3.406,1354900,3.407,200200,3.408,89200,3.409,166200,3.41,343300,3.411,348000,3.412,150800,3.413,24200
2020-09-03 10:19:49.550,3.404,123600.0,3.395,3.4068400000000003,3.408,3.398,3.404,132800,3.403,1005500,3.402,1808100,3.401,797000,3.4,819200,3.399,515200,3.398,65200,3.397,981700,3.396,422000,3.395,275700,3.405,167200,3.406,661900,3.407,200200,3.408,89200,3.409,166200,3.41,343300,3.411,348000,3.412,150800,3.413,24200,3.414,21000
2020-09-03 10:20:00.560,3.405,4300.0,3.395,3.4068400000000003,3.409,3.398,3.404,1033000,3.403,108500,3.402,1002200,3.401,895900,3.4,626200,3.399,518000,3.398,65200,3.397,143600,3.396,360100,3.395,276200,3.405,182900,3.406,261900,3.407,407200,3.408,282200,3.409,104500,3.41,404900,3.411,348000,3.412,140800,3.413,24200,3.414,43700
2020-09-03 10:20:08.740,3.405,130000.0,3.395,3.4068370000000003,3.41,3.398,3.405,340000,3.404,1033000,3.403,148500,3.402,1395000,3.401,502900,3.4,1626200,3.399,418300,3.398,65200,3.397,143600,3.396,60100,3.406,191900,3.407,100200,3.408,489200,3.409,4500,3.41,504900,3.411,348000,3.412,140800,3.413,24200,3.414,43700,3.415,105300
2020-09-03 10:20:13.470,3.405,12500.0,3.395,3.4068370000000003,3.409,3.398,3.405,327500,3.404,1374100,3.403,245400,3.402,1193900,3.401,1302900,3.4,726200,3.399,418300,3.398,127100,3.397,81700,3.396,60100,3.406,191900,3.407,100200,3.408,10000,3.409,502500,3.41,1443300,3.411,409600,3.412,140800,3.413,24200,3.414,43700,3.415,105300
2020-09-03 10:20:17.670,3.405,200.0,3.395,3.4068370000000003,3.409,3.398,3.405,27300,3.404,1034100,3.403,545400,3.402,1100900,3.401,402900,3.4,726200,3.399,1318300,3.398,127100,3.397,381700,3.396,60100,3.406,191900,3.407,177200,3.408,310000,3.409,202500,3.41,443300,3.411,409600,3.412,140800,3.413,24200,3.414,43700,3.415,105300
2020-09-03 10:20:19.160,3.406,900.0,3.395,3.4068370000000003,3.409,3.398,3.405,27400,3.404,1034100,3.403,298400,3.402,1400900,3.401,397900,3.4,726200,3.399,418300,3.398,1027100,3.397,381700,3.396,60100,3.406,531200,3.407,477200,3.408,103000,3.409,202500,3.41,452300,3.411,409600,3.412,140800,3.413,24200,3.414,43700,3.415,105300
2020-09-03 10:20:21.660,3.405,1000.0,3.395,3.4068370000000003,3.41,3.398,3.405,26900,3.404,1034100,3.403,598400,3.402,1007900,3.401,497900,3.4,626200,3.399,1318300,3.398,427100,3.397,81700,3.396,60100,3.406,491200,3.407,67200,3.408,1403000,3.409,109500,3.41,352300,3.411,509600,3.412,137800,3.413,24200,3.414,43700,3.415,105300
2020-09-03 10:20:23.690,3.406,491200.0,3.395,3.4068330000000002,3.41,3.398,3.406,413800,3.405,926900,3.404,1034100,3.403,589400,3.402,1100900,3.401,397900,3.4,726200,3.399,1318300,3.398,427100,3.397,81700,3.407,67200,3.408,1403000,3.409,202500,3.41,452300,3.411,409600,3.412,137800,3.413,24200,3.414,43700,3.415,105300,3.416,78800
2020-09-03 10:20:29.280,3.406,413900.0,3.395,3.4068300000000002,3.41,3.398,3.405,926900,3.404,1034100,3.403,289400,3.402,1400900,3.401,497900,3.4,626200,3.399,1380100,3.398,65200,3.397,381700,3.396,60100,3.406,54400,3.407,677100,3.408,1173000,3.409,202500,3.41,352300,3.411,448000,3.412,199400,3.413,24200,3.414,43700,3.415,105300
2020-09-03 10:20:30.590,3.406,4200.0,3.395,3.4068300000000002,3.41,3.398,3.405,926900,3.404,1034100,3.403,289400,3.402,1393100,3.401,497900,3.4,626200,3.399,1318300,3.398,427100,3.397,81700,3.396,60100,3.406,390200,3.407,677100,3.408,1173000,3.409,202500,3.41,352300,3.411,509600,3.412,137800,3.413,24200,3.414,43700,3.415,105300
2020-09-03 10:20:33.440,3.406,300.0,3.395,3.4068300000000002,3.41,3.398,3.405,938200,3.404,1034100,3.403,589400,3.402,1093100,3.401,497900,3.4,626200,3.399,418300,3.398,1327100,3.397,81700,3.396,60100,3.406,390900,3.407,377100,3.408,1473000,3.409,202500,3.41,343300,3.411,509600,3.412,137800,3.413,24200,3.414,43700,3.415,105300
2020-09-03 10:20:37.540,3.406,133200.0,3.395,3.406828,3.41,3.398,3.405,938500,3.404,1074100,3.403,589400,3.402,1093100,3.401,497900,3.4,1526200,3.399,718300,3.398,127100,3.397,81700,3.396,60100,3.406,257700,3.407,307100,3.408,473000,3.409,202500,3.41,343300,3.411,509600,3.412,137800,3.413,24200,3.414,43700,3.415,105300
2020-09-03 10:20:38.830,3.406,257700.0,3.395,3.406826,3.41,3.398,3.406,2984400,3.405,38500,3.404,1331300,3.403,195300,3.402,993100,3.401,501700,3.4,626200,3.399,418300,3.398,127100,3.397,81700,3.407,13900,3.408,103000,3.409,102500,3.41,643300,3.411,509600,3.412,137800,3.413,24200,3.414,43700,3.415,105300,3.416,78800
2020-09-03 10:20:44.360,3.408,23900.0,3.395,3.406826,3.41,3.398,3.408,3700,3.407,316600,3.406,4271300,3.405,544900,3.404,1141200,3.403,602300,3.402,1893100,3.401,501700,3.4,926200,3.399,480100,3.409,102500,3.41,343300,3.411,848000,3.412,199400,3.413,24200,3.414,43700,3.415,105300,3.416,78800,3.417,67700,3.418,164600
2020-09-03 10:20:45.840,3.409,3800.0,3.395,3.406827,3.411,3.398,3.407,316500,3.406,2911300,3.405,132800,3.404,101200,3.403,702300,3.402,1800100,3.401,459700,3.4,626200,3.399,419300,3.398,65200,3.409,5800,3.41,413300,3.411,841000,3.412,137800,3.413,124200,3.414,105300,3.415,105300,3.416,78800,3.417,67700,3.418,164600
2020-09-03 10:20:54.100,3.409,100.0,3.395,3.406827,3.411,3.398,3.408,500,3.407,327600,3.406,535300,3.405,38700,3.404,494200,3.403,102300,3.402,897400,3.401,459700,3.4,1527400,3.399,719300,3.409,676000,3.41,1413300,3.411,601900,3.412,230800,3.413,24200,3.414,205300,3.415,105300,3.416,78800,3.417,67700,3.418,164600
2020-09-03 10:20:56.880,3.409,7300.0,3.395,3.406827,3.411,3.398,3.407,321100,3.406,535300,3.405,432800,3.404,294200,3.403,102300,3.402,897400,3.401,1359700,3.4,627400,3.399,719300,3.398,65200,3.409,375700,3.41,1713300,3.411,601900,3.412,231800,3.413,24200,3.414,205300,3.415,105300,3.416,78800,3.417,67700,3.418,164600
2020-09-03 10:20:58.030,3.409,2000.0,3.395,3.406827,3.411,3.398,3.407,321100,3.406,442300,3.405,421600,3.404,294200,3.403,102300,3.402,1797400,3.401,397900,3.4,989200,3.399,419300,3.398,65200,3.409,373700,3.41,813300,3.411,508900,3.412,231800,3.413,24200,3.414,205300,3.415,105300,3.416,78800,3.417,67700,3.418,164600
2020-09-03 10:21:02.240,3.409,34800.0,3.395,3.406827,3.412,3.398,3.408,10000,3.407,321000,3.406,442300,3.405,514500,3.404,294200,3.403,102300,3.402,897400,3.401,1307800,3.4,989200,3.399,419300,3.409,36000,3.41,1713400,3.411,601900,3.412,231800,3.413,24200,3.414,205300,3.415,105300,3.416,78800,3.417,67700,3.418,172300
2020-09-03 10:21:06.040,3.409,5300.0,3.395,3.406827,3.412,3.398,3.409,134700,3.408,10000,3.407,755100,3.406,547800,3.405,120400,3.404,194200,3.403,1002100,3.402,897400,3.401,769600,3.4,627400,3.41,343400,3.411,501900,3.412,631800,3.413,124200,3.414,205300,3.415,105300,3.416,78800,3.417,67700,3.418,172300,3.419,141300
2020-09-03 10:21:13.780,3.409,5900.0,3.395,3.406828,3.412,3.398,3.409,131500,3.408,10000,3.407,1314000,3.406,748100,3.405,27400,3.404,101200,3.403,1002100,3.402,959200,3.401,707800,3.4,627400,3.41,403400,3.411,478900,3.412,1531800,3.413,124200,3.414,143700,3.415,166800,3.416,78800,3.417,67700,3.418,172300,3.419,141300
2020-09-03 10:21:15.020,3.409,500.0,3.395,3.406828,3.413,3.398,3.409,131000,3.408,10000,3.407,1314000,3.406,935200,3.405,127400,3.404,101200,3.403,102100,3.402,970500,3.401,407800,3.4,627400,3.41,378400,3.411,779100,3.412,331800,3.413,217200,3.414,143700,3.415,166800,3.416,78800,3.417,67700,3.418,172300,3.419,141300
2020-09-03 10:21:17.760,3.409,1300.0,3.395,3.406828,3.413,3.398,3.409,129700,3.408,10000,3.407,1304000,3.406,935200,3.405,127400,3.404,101200,3.403,102100,3.402,970500,3.401,407800,3.4,627400,3.41,724400,3.411,779100,3.412,1234800,3.413,217200,3.414,148700,3.415,176800,3.416,78800,3.417,67700,3.418,172300,3.419,141300
2020-09-03 10:21:21.540,3.41,7000.0,3.395,3.406828,3.413,3.398,3.409,126700,3.408,7800,3.407,1304000,3.406,935200,3.405,127400,3.404,101200,3.403,1002100,3.402,70500,3.401,707800,3.4,628400,3.41,680400,3.411,479100,3.412,1534800,3.413,217200,3.414,148700,3.415,176800,3.416,78800,3.417,67700,3.418,172400,3.419,141300
2020-09-03 10:21:27.000,3.409,5000.0,3.395,3.406828,3.413,3.398,3.409,121900,3.408,7800,3.407,1211000,3.406,635200,3.405,527400,3.404,1200,3.403,100100,3.402,980500,3.401,707800,3.4,628400,3.41,720400,3.411,779600,3.412,241800,3.413,217200,3.414,48700,3.415,276800,3.416,78800,3.417,67700,3.418,172400,3.419,141300
2020-09-03 10:21:29.210,3.41,8300.0,3.395,3.406828,3.413,3.398,3.409,116600,3.408,7800,3.407,994000,3.406,536700,3.405,427400,3.404,101200,3.403,100100,3.402,980500,3.401,407800,3.4,928400,3.41,817400,3.411,1679600,3.412,334800,3.413,24200,3.414,147700,3.415,176800,3.416,78800,3.417,67700,3.418,172400,3.419,141300
2020-09-03 10:21:30.100,3.409,20000.0,3.395,3.406829,3.413,3.398,3.409,100800,3.408,7800,3.407,994000,3.406,629700,3.405,527400,3.404,1200,3.403,100100,3.402,980500,3.401,407800,3.4,928400,3.41,831400,3.411,718700,3.412,334800,3.413,117200,3.414,52700,3.415,276800,3.416,78800,3.417,67700,3.418,172400,3.419,141300
2020-09-03 10:21:38.870,3.41,80100.0,3.395,3.4068300000000002,3.413,3.398,3.409,20800,3.408,457800,3.407,994000,3.406,629700,3.405,427400,3.404,101200,3.403,100100,3.402,80500,3.401,1307800,3.4,928400,3.41,731300,3.411,1718700,3.412,334800,3.413,117200,3.414,161600,3.415,276800,3.416,78800,3.417,67700,3.418,164700,3.419,141300
2020-09-03 10:21:40.000,3.409,10000.0,3.395,3.4068300000000002,3.413,3.398,3.409,10800,3.408,457800,3.407,901000,3.406,629700,3.405,527400,3.404,1200,3.403,100100,3.402,980500,3.401,407800,3.4,928400,3.41,733100,3.411,1718700,3.412,241800,3.413,117200,3.414,61600,3.415,376800,3.416,78800,3.417,67700,3.418,164700,3.419,141300
2020-09-03 10:21:51.290,3.409,20800.0,3.395,3.406831,3.413,3.398,3.408,457800,3.407,994000,3.406,487400,3.405,128200,3.404,101200,3.403,100100,3.402,980500,3.401,707800,3.4,631400,3.399,419300,3.409,9200,3.41,475400,3.411,548700,3.412,635300,3.413,117200,3.414,161600,3.415,276800,3.416,78800,3.417,67700,3.418,164700
2020-09-03 10:21:58.580,3.409,10300.0,3.395,3.406831,3.413,3.398,3.408,457800,3.407,901000,3.406,487400,3.405,223200,3.404,101200,3.403,1000100,3.402,18700,3.401,769600,3.4,631400,3.399,419300,3.409,763700,3.41,475100,3.411,941700,3.412,1142300,3.413,117200,3.414,161600,3.415,276800,3.416,78800,3.417,67700,3.418,164700
2020-09-03 10:22:01.260,3.409,900.0,3.395,3.406831,3.413,3.398,3.408,462100,3.407,901000,3.406,487400,3.405,223200,3.404,101200,3.403,1000100,3.402,18700,3.401,769600,3.4,631400,3.399,419300,3.409,763000,3.41,475100,3.411,941700,3.412,1142300,3.413,117200,3.414,223200,3.415,215300,3.416,78800,3.417,67700,3.418,164700
2020-09-03 10:22:08.880,3.409,793100.0,3.395,3.406848,3.413,3.398,3.409,107500,3.408,461800,3.407,901000,3.406,394400,3.405,223200,3.404,101200,3.403,10100,3.402,916500,3.401,769600,3.4,631400,3.41,475100,3.411,851600,3.412,1142500,3.413,117200,3.414,223200,3.415,215300,3.416,78800,3.417,67700,3.418,164700,3.419,141300
2020-09-03 10:22:10.590,3.409,45000.0,3.395,3.406849,3.413,3.398,3.409,362500,3.408,466800,3.407,1334000,3.406,94400,3.405,130200,3.404,101200,3.403,910100,3.402,378300,3.401,407800,3.4,631400,3.41,475100,3.411,451600,3.412,635500,3.413,24200,3.414,161600,3.415,276800,3.416,78800,3.417,67700,3.418,164700,3.419,141300
2020-09-03 10:22:14.010,3.41,300000.0,3.395,3.406858,3.413,3.398,3.409,1113500,3.408,860900,3.407,1134000,3.406,93300,3.405,30200,3.404,1001200,3.403,310100,3.402,78300,3.401,407800,3.4,631400,3.41,118100,3.411,441600,3.412,335600,3.413,1417200,3.414,161600,3.415,276800,3.416,78800,3.417,67700,3.418,164700,3.419,141300
2020-09-03 10:22:20.690,3.41,128100.0,3.395,3.4068620000000003,3.413,3.398,3.41,440800,3.409,663500,3.408,802500,3.407,1034000,3.406,93300,3.405,130200,3.404,901200,3.403,310100,3.402,78300,3.401,407800,3.411,348700,3.412,235800,3.413,517200,3.414,1061600,3.415,378500,3.416,78800,3.417,67700,3.418,164700,3.419,141300,3.42,593200
2020-09-03 10:22:21.670,3.41,15000.0,3.395,3.4068620000000003,3.413,3.398,3.41,125800,3.409,363500,3.408,462500,3.407,1201000,3.406,93300,3.405,130200,3.404,901200,3.403,71900,3.402,316500,3.401,407800,3.411,418700,3.412,542800,3.413,217700,3.414,1061600,3.415,317000,3.416,140300,3.417,67700,3.418,164700,3.419,141300,3.42,593200
2020-09-03 10:22:24.830,3.41,50700.0,3.395,3.406864,3.413,3.398,3.41,33000,3.409,813500,3.408,555500,3.407,94000,3.406,300300,3.405,130200,3.404,1200,3.403,971900,3.402,16500,3.401,707800,3.411,548700,3.412,512800,3.413,217700,3.414,154600,3.415,317000,3.416,140300,3.417,67700,3.418,164700,3.419,141300,3.42,593200
2020-09-03 10:22:28.330,3.41,124500.0,3.395,3.4068680000000002,3.413,3.398,3.409,813500,3.408,555500,3.407,488100,3.406,100300,3.405,130200,3.404,1200,3.403,971900,3.402,316500,3.401,407300,3.4,631400,3.41,225500,3.411,448700,3.412,612800,3.413,217700,3.414,154600,3.415,319500,3.416,140300,3.417,67700,3.418,164700,3.419,141300
2020-09-03 10:22:31.140,3.41,1300.0,3.395,3.4068680000000002,3.413,3.398,3.409,517700,3.408,555500,3.407,188100,3.406,400300,3.405,130200,3.404,1200,3.403,910100,3.402,378300,3.401,407300,3.4,631400,3.41,28700,3.411,748700,3.412,313800,3.413,217700,3.414,154600,3.415,381000,3.416,528800,3.417,67700,3.418,164700,3.419,141300
2020-09-03 10:22:34.350,3.41,100.0,3.395,3.4068680000000002,3.413,3.398,3.409,517700,3.408,555500,3.407,488100,3.406,100300,3.405,130200,3.404,1200,3.403,910100,3.402,378300,3.401,407300,3.4,631400,3.41,32500,3.411,451600,3.412,613800,3.413,217700,3.414,154600,3.415,381000,3.416,528800,3.417,67700,3.418,164700,3.419,141300
2020-09-03 10:22:38.890,3.41,3900.0,3.395,3.4068680000000002,3.413,3.398,3.41,58600,3.409,456200,3.408,462500,3.407,488100,3.406,100300,3.405,130200,3.404,901200,3.403,10100,3.402,378300,3.401,407300,3.411,441600,3.412,406600,3.413,424700,3.414,61600,3.415,378500,3.416,528800,3.417,67700,3.418,164700,3.419,141300,3.42,593200
2020-09-03 10:22:41.390,3.411,60600.0,3.395,3.4068699999999996,3.414,3.398,3.41,450000,3.409,456200,3.408,12500,3.407,581100,3.406,100300,3.405,130200,3.404,1200,3.403,71900,3.402,316500,3.401,407300,3.411,411000,3.412,736600,3.413,124700,3.414,154600,3.415,317000,3.416,140300,3.417,67700,3.418,614700,3.419,141300,3.42,593200
2020-09-03 10:22:48.560,3.41,32000.0,3.395,3.4068709999999998,3.414,3.398,3.41,16500,3.409,479900,3.408,12600,3.407,488100,3.406,200300,3.405,30200,3.404,1200,3.403,910100,3.402,78300,3.401,407300,3.411,419000,3.412,543600,3.413,124700,3.414,154600,3.415,279500,3.416,178800,3.417,517700,3.418,614700,3.419,143800,3.42,593200
2020-09-03 10:22:51.950,3.41,20700.0,3.395,3.406872,3.414,3.398,3.409,475700,3.408,105600,3.407,395100,3.406,100300,3.405,130200,3.404,1200,3.403,971900,3.402,316500,3.401,407300,3.4,631400,3.41,13500,3.411,414800,3.412,643600,3.413,217700,3.414,61600,3.415,318500,3.416,140300,3.417,517700,3.418,614700,3.419,143800
2020-09-03 10:22:54.980,3.409,10500.0,3.395,3.406872,3.413,3.398,3.409,475200,3.408,106700,3.407,488100,3.406,100300,3.405,130200,3.404,1200,3.403,10100,3.402,378300,3.401,407800,3.4,631400,3.41,3500,3.411,414800,3.412,644000,3.413,217700,3.414,154600,3.415,380200,3.416,78800,3.417,517700,3.418,614700,3.419,143800
2020-09-03 10:23:02.450,3.41,5700.0,3.395,3.406872,3.413,3.398,3.409,475400,3.408,106700,3.407,488100,3.406,100300,3.405,30000,3.404,101200,3.403,910100,3.402,78300,3.401,411800,3.4,628400,3.41,30700,3.411,421300,3.412,344200,3.413,517700,3.414,266300,3.415,318289,3.416,78800,3.417,517700,3.418,614700,3.419,143800
2020-09-03 10:23:04.150,3.41,3000.0,3.395,3.406872,3.413,3.398,3.409,476700,3.408,13700,3.407,188100,3.406,100300,3.405,130000,3.404,1200,3.403,910100,3.402,78300,3.401,411800,3.4,628400,3.41,57700,3.411,421500,3.412,644200,3.413,124700,3.414,166300,3.415,418289,3.416,78800,3.417,517700,3.418,614700,3.419,143800
2020-09-03 10:23:11.990,3.41,45000.0,3.395,3.4068739999999997,3.413,3.398,3.409,475400,3.408,13700,3.407,94000,3.406,487400,3.405,230000,3.404,1200,3.403,10100,3.402,978300,3.401,711800,3.4,636100,3.41,70700,3.411,746500,3.412,407900,3.413,217700,3.414,73300,3.415,418289,3.416,78800,3.417,517700,3.418,614700,3.419,143800
2020-09-03 10:23:13.630,3.41,306300.0,3.395,3.40688,3.413,3.398,3.409,170200,3.408,23700,3.407,982700,3.406,487400,3.405,234500,3.404,1200,3.403,10100,3.402,978300,3.401,411800,3.4,636100,3.41,192900,3.411,746500,3.412,407700,3.413,117700,3.414,73300,3.415,418289,3.416,78800,3.417,517700,3.418,614700,3.419,143800
2020-09-03 10:23:15.080,3.409,170200.0,3.395,3.406883,3.413,3.398,3.408,26600,3.407,889700,3.406,393300,3.405,134500,3.404,1200,3.403,10100,3.402,978300,3.401,411800,3.4,936100,3.399,418300,3.409,55700,3.41,192900,3.411,746500,3.412,254700,3.413,117700,3.414,74300,3.415,418289,3.416,78800,3.417,67700,3.418,164700
2020-09-03 10:23:26.770,3.409,55700.0,3.395,3.406885,3.413,3.398,3.409,312800,3.408,1586600,3.407,1035900,3.406,1393300,3.405,127500,3.404,101200,3.403,910100,3.402,316500,3.401,473600,3.4,636100,3.41,21300,3.411,807800,3.412,337700,3.413,133700,3.414,235900,3.415,256789,3.416,108800,3.417,67700,3.418,164700,3.419,143800
2020-09-03 10:23:28.290,3.41,500.0,3.395,3.406885,3.413,3.398,3.409,301000,3.408,1586600,3.407,1035900,3.406,1393300,3.405,127500,3.404,101200,3.403,910100,3.402,78300,3.401,711800,3.4,636100,3.41,50800,3.411,537800,3.412,637700,3.413,133700,3.414,174300,3.415,318289,3.416,108800,3.417,67700,3.418,164700,3.419,143800
2020-09-03 10:23:32.110,3.409,7100.0,3.395,3.406885,3.413,3.398,3.409,1000,3.408,1282300,3.407,1335900,3.406,1000300,3.405,227500,3.404,1200,3.403,910100,3.402,78300,3.401,711800,3.4,636100,3.41,46700,3.411,444800,3.412,1537700,3.413,133700,3.414,74300,3.415,418289,3.416,108800,3.417,67700,3.418,164700,3.419,143800
2020-09-03 10:23:34.800,3.41,6000.0,3.395,3.406885,3.413,3.398,3.409,1000,3.408,1342300,3.407,1429400,3.406,1000300,3.405,34500,3.404,101200,3.403,910100,3.402,78300,3.401,411800,3.4,628400,3.41,40700,3.411,444800,3.412,1537700,3.413,133700,3.414,174300,3.415,318289,3.416,108800,3.417,67700,3.418,164700,3.419,143800
2020-09-03 10:23:36.990,3.408,10400.0,3.395,3.406885,3.413,3.398,3.409,17000,3.408,1333500,3.407,1429400,3.406,1093300,3.405,134500,3.404,1200,3.403,910100,3.402,78300,3.401,411800,3.4,628400,3.41,40600,3.411,444800,3.412,637700,3.413,226700,3.414,74300,3.415,418289,3.416,108800,3.417,67700,3.418,164700,3.419,143800
2020-09-03 10:23:40.430,3.41,4000.0,3.395,3.406885,3.412,3.398,3.409,15900,3.408,373500,3.407,1429400,3.406,1093300,3.405,34500,3.404,901200,3.403,110100,3.402,378300,3.401,411800,3.4,628400,3.41,7700,3.411,444600,3.412,637200,3.413,326700,3.414,74300,3.415,318289,3.416,108800,3.417,67700,3.418,164700,3.419,143800
2020-09-03 10:23:43.240,3.409,3000.0,3.395,3.406885,3.412,3.398,3.409,12900,3.408,863500,3.407,1429400,3.406,1093300,3.405,138300,3.404,16200,3.403,10100,3.402,378300,3.401,411800,3.4,628400,3.41,37700,3.411,444600,3.412,637200,3.413,226700,3.414,74300,3.415,418289,3.416,558800,3.417,517700,3.418,164700,3.419,143800
2020-09-03 10:23:47.450,3.409,12900.0,3.395,3.406885,3.413,3.398,3.408,1481500,3.407,1036400,3.406,1093300,3.405,34500,3.404,116200,3.403,10100,3.402,378300,3.401,411800,3.4,628400,3.399,418300,3.409,287100,3.41,10700,3.411,384600,3.412,144200,3.413,526700,3.414,174300,3.415,318289,3.416,558800,3.417,517700,3.418,164700
2020-09-03 10:23:48.920,3.409,287100.0,3.395,3.4068910000000003,3.413,3.398,3.409,1131000,3.408,1546300,3.407,1262100,3.406,993300,3.405,1027500,3.404,116200,3.403,310100,3.402,16500,3.401,473600,3.4,628400,3.41,12500,3.411,502600,3.412,237200,3.413,433700,3.414,334900,3.415,256789,3.416,558800,3.417,517700,3.418,164700,3.419,143800
2020-09-03 10:23:53.110,3.41,316500.0,3.395,3.406904,3.412,3.398,3.41,583600,3.409,3450500,3.408,1204900,3.407,1722100,3.406,1951900,3.405,427500,3.404,116200,3.403,10100,3.402,78300,3.401,411800,3.411,172600,3.412,237200,3.413,33700,3.414,473300,3.415,418289,3.416,658800,3.417,517700,3.418,164700,3.419,143800,3.42,595000
2020-09-03 10:23:55.720,3.41,200.0,3.395,3.406904,3.413,3.398,3.41,923400,3.409,1997500,3.408,997900,3.407,1622100,3.406,1858900,3.405,227500,3.404,316200,3.403,71900,3.402,16500,3.401,411800,3.411,79600,3.412,267200,3.413,126700,3.414,73300,3.415,756789,3.416,720300,3.417,517700,3.418,164700,3.419,143800,3.42,595000
2020-09-03 10:23:58.130,3.411,6900.0,3.395,3.406904,3.413,3.398,3.41,886400,3.409,1746200,3.408,1097900,3.407,1122100,3.406,958900,3.405,227500,3.404,316200,3.403,71900,3.402,16500,3.401,411800,3.411,72700,3.412,267200,3.413,126700,3.414,73300,3.415,756789,3.416,720300,3.417,517700,3.418,164700,3.419,143800,3.42,582600
2020-09-03 10:24:00.570,3.411,6400.0,3.395,3.406904,3.413,3.398,3.41,1184400,3.409,1446200,3.408,1097900,3.407,1122100,3.406,1958900,3.405,34500,3.404,316200,3.403,71900,3.402,16500,3.401,411800,3.411,118300,3.412,144200,3.413,126700,3.414,73300,3.415,656789,3.416,820300,3.417,520700,3.418,164700,3.419,143800,3.42,582600
2020-09-03 10:24:04.890,3.411,100800.0,3.395,3.406908,3.413,3.398,3.41,924400,3.409,1746200,3.408,1097900,3.407,1215100,3.406,1958900,3.405,34500,3.404,16200,3.403,71900,3.402,16500,3.401,411800,3.411,17500,3.412,144200,3.413,126700,3.414,166300,3.415,656789,3.416,820300,3.417,520700,3.418,164800,3.419,143800,3.42,582600
2020-09-03 10:24:07.450,3.411,33800.0,3.395,3.4069089999999997,3.413,3.398,3.411,1538900,3.41,1007400,3.409,1437500,3.408,864900,3.407,2115100,3.406,1058900,3.405,334500,3.404,16200,3.403,71900,3.402,16500,3.412,144200,3.413,33700,3.414,166300,3.415,656789,3.416,820300,3.417,520700,3.418,164800,3.419,143800,3.42,582600,3.421,108700
2020-09-03 10:24:10.460,3.411,66500.0,3.395,3.406912,3.413,3.398,3.411,1113700,3.41,666100,3.409,1630500,3.408,764900,3.407,1895300,3.406,1058900,3.405,334500,3.404,77900,3.403,10100,3.402,16500,3.412,144200,3.413,63700,3.414,259300,3.415,656789,3.416,758800,3.417,582200,3.418,164800,3.419,143800,3.42,582600,3.421,108700
2020-09-03 10:24:12.680,3.411,6000.0,3.395,3.406912,3.413,3.398,3.411,1111600,3.41,366100,3.409,1630500,3.408,764900,3.407,1895300,3.406,1058900,3.405,334500,3.404,77900,3.403,10100,3.402,16500,3.412,141200,3.413,63700,3.414,259300,3.415,356789,3.416,1058800,3.417,582200,3.418,164800,3.419,143800,3.42,582600,3.421,108700
2020-09-03 10:24:14.760,3.412,141200.0,3.395,3.4069190000000003,3.414,3.398,3.412,458800,3.411,1151600,3.41,456100,3.409,1973500,3.408,764900,3.407,1802300,3.406,1358600,3.405,34500,3.404,77900,3.403,10100,3.413,33700,3.414,166300,3.415,256789,3.416,608800,3.417,682200,3.418,164800,3.419,143800,3.42,582600,3.421,108700,3.422,87300
2020-09-03 10:24:19.070,3.413,50000.0,3.395,3.4069220000000002,3.414,3.398,3.411,511600,3.41,666100,3.409,1036500,3.408,764900,3.407,1002300,3.406,958600,3.405,396200,3.404,16200,3.403,10100,3.402,16500,3.413,73700,3.414,266300,3.415,556789,3.416,306800,3.417,720700,3.418,226300,3.419,143800,3.42,582600,3.421,108700,3.422,87300
2020-09-03 10:24:21.060,3.411,100.0,3.395,3.4069220000000002,3.414,3.398,3.411,211500,3.41,398800,3.409,943500,3.408,564900,3.407,2702300,3.406,958600,3.405,34500,3.404,77900,3.403,10100,3.402,16500,3.413,13700,3.414,168300,3.415,556789,3.416,306800,3.417,620700,3.418,326300,3.419,143800,3.42,582600,3.421,108700,3.422,87300
2020-09-03 10:24:25.190,3.412,6500.0,3.395,3.4069220000000002,3.414,3.398,3.411,900,3.41,40100,3.409,1236500,3.408,464900,3.407,902300,3.406,1958600,3.405,34500,3.404,377900,3.403,10100,3.402,16500,3.412,29700,3.413,70400,3.414,268300,3.415,649789,3.416,406800,3.417,520700,3.418,226300,3.419,143800,3.42,582600,3.421,108700
2020-09-03 10:24:27.780,3.411,900.0,3.395,3.4069220000000002,3.414,3.398,3.41,398800,3.409,1041500,3.408,464900,3.407,1002300,3.406,1858600,3.405,334500,3.404,77900,3.403,10100,3.402,16500,3.401,412300,3.411,49100,3.413,59900,3.414,171100,3.415,749289,3.416,306800,3.417,682200,3.418,164800,3.419,144300,3.42,582600,3.421,108700
2020-09-03 10:24:30.580,3.411,4300.0,3.395,3.4069220000000002,3.414,3.398,3.41,1799000,3.409,778500,3.408,14900,3.407,1895300,3.406,1058600,3.405,334500,3.404,16200,3.403,71900,3.402,16500,3.401,412300,3.411,44800,3.412,5000,3.413,59900,3.414,164100,3.415,749289,3.416,375300,3.417,70700,3.418,164800,3.419,144300,3.42,582600
2020-09-03 10:24:33.280,3.411,44800.0,3.395,3.4069239999999996,3.414,3.398,3.411,565100,3.41,1949000,3.409,778500,3.408,14900,3.407,995300,3.406,158600,3.405,334500,3.404,16200,3.403,71900,3.402,16500,3.412,5000,3.413,59900,3.414,194100,3.415,750289,3.416,376800,3.417,70700,3.418,614800,3.419,594300,3.42,582600,3.421,108700
2020-09-03 10:24:43.210,3.411,10100.0,3.395,3.406925,3.414,3.398,3.411,1051000,3.41,2249100,3.409,778500,3.408,14900,3.407,902300,3.406,1058600,3.405,334500,3.404,77900,3.403,10100,3.402,16500,3.413,78700,3.414,198100,3.415,658789,3.416,315300,3.417,132200,3.418,614800,3.419,594300,3.42,582600,3.421,108700,3.422,87300
2020-09-03 10:24:48.290,3.412,3400.0,3.395,3.406925,3.415,3.398,3.412,2580300,3.411,1092100,3.41,1690200,3.409,545500,3.408,107900,3.407,313600,3.406,158600,3.405,34500,3.404,77900,3.403,10100,3.413,58700,3.414,135100,3.415,259789,3.416,716900,3.417,232200,3.418,614800,3.419,594300,3.42,582600,3.421,108700,3.422,87300
2020-09-03 10:24:52.840,3.413,63100.0,3.395,3.4069279999999997,3.415,3.398,3.413,508800,3.412,3082900,3.411,815200,3.41,883200,3.409,455500,3.408,1007900,3.407,413600,3.406,58600,3.405,96200,3.404,16200,3.414,105100,3.415,353789,3.416,216900,3.417,570700,3.418,776300,3.419,594300,3.42,582600,3.421,108700,3.422,87300,3.423,42500
2020-09-03 10:24:56.600,3.413,2200.0,3.395,3.406929,3.415,3.398,3.413,985200,3.412,1914400,3.411,815200,3.41,543200,3.409,455500,3.408,207900,3.407,313600,3.406,120300,3.405,34500,3.404,16200,3.414,105100,3.415,383789,3.416,216900,3.417,470700,3.418,814800,3.419,655800,3.42,582600,3.421,108700,3.422,87300,3.423,42500
2020-09-03 10:24:59.300,3.414,122500.0,3.395,3.406936,3.415,3.398,3.414,130300,3.413,786200,3.412,1162900,3.411,815200,3.41,545200,3.409,2255500,3.408,114900,3.407,313600,3.406,120300,3.405,34500,3.415,383789,3.416,123900,3.417,170700,3.418,1114800,3.419,655800,3.42,582600,3.421,108700,3.422,87300,3.423,42500,3.424,269400
2020-09-03 10:25:02.210,3.414,3100.0,3.395,3.406937,3.415,3.398,3.414,131500,3.413,526200,3.412,1102100,3.411,679400,3.41,545200,3.409,2355500,3.408,314900,3.407,75300,3.406,59400,3.405,34500,3.415,290789,3.416,213900,3.417,263700,3.418,1014800,3.419,694300,3.42,644100,3.421,108700,3.422,87300,3.423,42500,3.424,269400
2020-09-03 10:25:05.370,3.414,3100.0,3.395,3.406937,3.415,3.398,3.414,128400,3.413,767600,3.412,895100,3.411,678500,3.41,1445200,3.409,1455500,3.408,14900,3.407,75300,3.406,59400,3.405,34500,3.415,260789,3.416,213900,3.417,256700,3.418,1014800,3.419,694300,3.42,644100,3.421,108700,3.422,87300,3.423,42500,3.424,269400
2020-09-03 10:25:06.600,3.414,500.0,3.395,3.406937,3.415,3.398,3.414,128700,3.413,467600,3.412,957200,3.411,828500,3.41,1445200,3.409,105500,3.408,914900,3.407,375300,3.406,59400,3.405,34500,3.415,290789,3.416,238600,3.417,656700,3.418,264800,3.419,694300,3.42,645100,3.421,108700,3.422,97300,3.423,42500,3.424,269400
2020-09-03 10:25:08.970,3.415,1700.0,3.395,3.406937,3.415,3.398,3.414,126400,3.413,467600,3.412,957200,3.411,828500,3.41,545200,3.409,105500,3.408,914900,3.407,75300,3.406,69400,3.405,34500,3.415,350589,3.416,238600,3.417,656700,3.418,264800,3.419,694300,3.42,645100,3.421,108700,3.422,97300,3.423,42500,3.424,269400
2020-09-03 10:25:13.670,3.414,42000.0,3.395,3.40694,3.415,3.398,3.414,95600,3.413,202600,3.412,358500,3.411,1180200,3.41,652200,3.409,5500,3.408,1814900,3.407,75300,3.406,369400,3.405,34500,3.415,339389,3.416,538600,3.417,263700,3.418,357800,3.419,594300,3.42,745100,3.421,108700,3.422,97300,3.423,42500,3.424,269400
2020-09-03 10:25:16.360,3.415,36300.0,3.395,3.406942,3.416,3.398,3.414,65600,3.413,202600,3.412,565500,3.411,880200,3.41,552200,3.409,105500,3.408,1814900,3.407,75300,3.406,369400,3.405,34500,3.415,333089,3.416,238600,3.417,170700,3.418,357800,3.419,694300,3.42,644400,3.421,109700,3.422,97300,3.423,42500,3.424,269400
2020-09-03 10:25:17.580,3.414,30000.0,3.395,3.406944,3.416,3.398,3.414,40900,3.413,202600,3.412,658700,3.411,880200,3.41,652200,3.409,5500,3.408,1814900,3.407,75300,3.406,369400,3.405,34500,3.415,338089,3.416,256300,3.417,563700,3.418,357800,3.419,594300,3.42,744400,3.421,109700,3.422,97300,3.423,42500,3.424,269400
2020-09-03 10:25:26.060,3.415,713089.0,3.395,3.406999,3.416,3.398,3.415,286911,3.414,40900,3.413,202600,3.412,358700,3.411,1087200,3.41,552200,3.409,105500,3.408,914900,3.407,975300,3.406,369400,3.416,851800,3.417,263700,3.418,167900,3.419,694300,3.42,644400,3.421,109700,3.422,97300,3.423,42500,3.424,269400,3.425,462700
2020-09-03 10:25:27.630,3.414,326211.0,3.395,3.407023,3.416,3.398,3.414,6600,3.413,202600,3.412,960400,3.411,1128500,3.41,102200,3.409,5500,3.408,1876600,3.407,13600,3.406,369400,3.405,34500,3.415,143089,3.416,847500,3.417,263700,3.418,267900,3.419,237300,3.42,702900,3.421,621100,3.422,97300,3.423,42500,3.424,269400
2020-09-03 10:25:31.810,3.414,15600.0,3.395,3.407024,3.415,3.398,3.413,202600,3.412,960400,3.411,873400,3.41,2200,3.409,105500,3.408,1814900,3.407,75300,3.406,369400,3.405,34500,3.404,16200,3.414,23300,3.415,147189,3.416,848100,3.417,263700,3.418,267900,3.419,337300,3.42,664400,3.421,559700,3.422,97300,3.423,42500
2020-09-03 10:25:34.060,3.414,1000.0,3.395,3.407024,3.415,3.398,3.413,202600,3.412,960400,3.411,873400,3.41,2200,3.409,105600,3.408,1814900,3.407,13600,3.406,431100,3.405,34500,3.404,16200,3.414,22300,3.415,447189,3.416,252100,3.417,563700,3.418,267900,3.419,398800,3.42,603400,3.421,559700,3.422,97300,3.423,42500
2020-09-03 10:25:37.830,3.414,46200.0,3.395,3.407027,3.416,3.398,3.413,172600,3.412,510400,3.411,873400,3.41,2200,3.409,105600,3.408,1814900,3.407,13600,3.406,431100,3.405,34500,3.404,16200,3.414,7500,3.415,360100,3.416,256100,3.417,563700,3.418,267900,3.419,398800,3.42,1055700,3.421,109700,3.422,97300,3.423,42500
2020-09-03 10:25:40.540,3.414,24600.0,3.395,3.407028,3.416,3.398,3.414,3700,3.413,214100,3.412,658700,3.411,573400,3.41,2200,3.409,105600,3.408,1814900,3.407,13600,3.406,431100,3.405,34500,3.415,381100,3.416,276100,3.417,563700,3.418,272900,3.419,305800,3.42,1055700,3.421,109700,3.422,97300,3.423,42500,3.424,269400
2020-09-03 10:25:43.110,3.414,44700.0,3.395,3.407031,3.416,3.398,3.413,183100,3.412,565700,3.411,666400,3.41,2200,3.409,105600,3.408,1814900,3.407,375300,3.406,69400,3.405,44500,3.404,17500,3.414,25600,3.415,381100,3.416,276300,3.417,465700,3.418,365900,3.419,244300,3.42,1117200,3.421,109700,3.422,97300,3.423,42500
2020-09-03 10:25:45.910,3.413,10100.0,3.395,3.407031,3.416,3.398,3.413,173000,3.412,605700,3.411,759400,3.41,7200,3.409,1005600,3.408,14900,3.407,13600,3.406,131100,3.405,44500,3.404,17500,3.414,28500,3.415,381700,3.416,369300,3.417,365700,3.418,366000,3.419,408800,3.42,1055700,3.421,109700,3.422,97300,3.423,42500
2020-09-03 10:25:49.210,3.414,600.0,3.395,3.407031,3.416,3.398,3.413,114300,3.412,605700,3.411,659400,3.41,107200,3.409,905600,3.408,114900,3.407,313600,3.406,131100,3.405,44500,3.404,17500,3.414,29500,3.415,384700,3.416,369600,3.417,365700,3.418,466000,3.419,308800,3.42,1055700,3.421,114700,3.422,97300,3.423,42500
2020-09-03 10:25:53.230,3.414,78400.0,3.395,3.4070370000000003,3.416,3.398,3.414,111600,3.413,1384300,3.412,1155700,3.411,659400,3.41,107200,3.409,1905600,3.408,14900,3.407,13600,3.406,131100,3.405,44500,3.415,384700,3.416,359600,3.417,73700,3.418,666000,3.419,408800,3.42,1055700,3.421,114700,3.422,97300,3.423,42500,3.424,269400
2020-09-03 10:26:03.710,3.414,4600.0,3.395,3.4070370000000003,3.416,3.398,3.413,1084300,3.412,1248700,3.411,566400,3.41,1007200,3.409,1005600,3.408,14900,3.407,375300,3.406,69400,3.405,45000,3.404,17500,3.414,1800,3.415,412200,3.416,276400,3.417,166900,3.418,799000,3.419,347300,3.42,1117200,3.421,120700,3.422,97300,3.423,43200
2020-09-03 10:26:07.600,3.414,32100.0,3.395,3.407039,3.416,3.398,3.414,649000,3.413,1384300,3.412,988700,3.411,566400,3.41,1907200,3.409,105600,3.408,14900,3.407,13600,3.406,131100,3.405,45000,3.415,362200,3.416,246400,3.417,166900,3.418,799000,3.419,408800,3.42,1057700,3.421,120700,3.422,97300,3.423,43200,3.424,269400
2020-09-03 10:26:10.770,3.415,100.0,3.395,3.407039,3.416,3.398,3.414,349700,3.413,1014300,3.412,1218700,3.411,666400,3.41,1007200,3.409,105600,3.408,914900,3.407,375300,3.406,69400,3.405,45000,3.415,392300,3.416,256400,3.417,466900,3.418,499000,3.419,347300,3.42,1119200,3.421,121000,3.422,97300,3.423,43200,3.424,269400
2020-09-03 10:26:12.910,3.415,20200.0,3.395,3.4070410000000004,3.416,3.398,3.414,84700,3.413,1014500,3.412,1218700,3.411,666400,3.41,1107200,3.409,905600,3.408,14900,3.407,75300,3.406,69400,3.405,45000,3.415,372100,3.416,256400,3.417,466900,3.418,499000,3.419,255300,3.42,1219200,3.421,121000,3.422,97300,3.423,43200,3.424,269400
2020-09-03 10:26:17.330,3.415,17700.0,3.395,3.4070419999999997,3.416,3.398,3.414,89700,3.413,1314500,3.412,825700,3.411,573400,3.41,1107200,3.409,905600,3.408,14900,3.407,375300,3.406,69400,3.405,45000,3.415,364400,3.416,256400,3.417,79900,3.418,706000,3.419,255300,3.42,1219200,3.421,121000,3.422,97300,3.423,43200,3.424,269400
2020-09-03 10:26:18.610,3.415,2400.0,3.395,3.4070419999999997,3.416,3.398,3.414,89700,3.413,1014500,3.412,1218700,3.411,666400,3.41,1107200,3.409,905600,3.408,14900,3.407,375300,3.406,69400,3.405,45000,3.415,372000,3.416,256400,3.417,472900,3.418,479000,3.419,255300,3.42,1219200,3.421,121000,3.422,97300,3.423,43200,3.424,269400
2020-09-03 10:26:22.880,3.415,3600.0,3.395,3.4070419999999997,3.416,3.398,3.414,207500,3.413,1014500,3.412,1218700,3.411,666400,3.41,1107200,3.409,905600,3.408,14900,3.407,375300,3.406,69400,3.405,45000,3.415,370000,3.416,256400,3.417,172900,3.418,779000,3.419,260800,3.42,1227200,3.421,121000,3.422,97300,3.423,43200,3.424,269500
2020-09-03 10:26:23.840,3.414,100.0,3.395,3.4070419999999997,3.416,3.398,3.414,217300,3.413,1014500,3.412,768700,3.411,666400,3.41,1107200,3.409,905600,3.408,14900,3.407,375300,3.406,69400,3.405,45000,3.415,373500,3.416,256400,3.417,472900,3.418,479000,3.419,710800,3.42,1227200,3.421,111000,3.422,97300,3.423,43200,3.424,269500
2020-09-03 10:26:28.120,3.414,50000.0,3.395,3.407046,3.416,3.398,3.414,204000,3.413,114500,3.412,728700,3.411,666400,3.41,107200,3.409,105600,3.408,1814900,3.407,375300,3.406,69400,3.405,45000,3.415,405500,3.416,376400,3.417,472900,3.418,479000,3.419,711800,3.42,1127500,3.421,111000,3.422,127300,3.423,43200,3.424,269500
2020-09-03 10:26:30.670,3.414,208200.0,3.395,3.407059,3.415,3.398,3.413,114500,3.412,728700,3.411,666400,3.41,107200,3.409,105600,3.408,1814900,3.407,75300,3.406,69400,3.405,45000,3.404,17500,3.414,92800,3.415,405500,3.416,382100,3.417,472900,3.418,479000,3.419,711800,3.42,1127500,3.421,111000,3.422,127300,3.423,43200
2020-09-03 10:26:38.010,3.413,114500.0,3.395,3.4070650000000002,3.415,3.398,3.412,358700,3.411,866400,3.41,107200,3.409,105600,3.408,914900,3.407,1813600,3.406,131100,3.405,345000,3.404,17500,3.403,16200,3.413,25500,3.414,192800,3.415,523400,3.416,582100,3.417,173200,3.418,379000,3.419,773300,3.42,1066000,3.421,111000,3.422,127300
2020-09-03 10:26:44.620,3.413,1000.0,3.395,3.4070650000000002,3.415,3.398,3.412,70700,3.411,913400,3.41,200200,3.409,5600,3.408,1014900,3.407,913600,3.406,369400,3.405,106700,3.404,17500,3.403,16200,3.413,4500,3.414,175800,3.415,484400,3.416,282100,3.417,480200,3.418,447500,3.419,611800,3.42,1066000,3.421,114000,3.422,127300
2020-09-03 10:26:49.750,3.413,4900.0,3.395,3.4070660000000004,3.416,3.398,3.412,631200,3.411,913400,3.41,200200,3.409,98600,3.408,1914900,3.407,13600,3.406,369400,3.405,106700,3.404,17500,3.403,16200,3.413,6600,3.414,176800,3.415,484400,3.416,675100,3.417,180200,3.418,447500,3.419,611800,3.42,1067000,3.421,115000,3.422,135300
2020-09-03 10:26:55.860,3.413,1000.0,3.395,3.4070660000000004,3.416,3.398,3.412,865000,3.411,879600,3.41,300200,3.409,98600,3.408,1014900,3.407,13600,3.406,379400,3.405,106700,3.404,17500,3.403,16200,3.413,6800,3.414,186800,3.415,490400,3.416,675100,3.417,187200,3.418,447500,3.419,611800,3.42,1067500,3.421,115000,3.422,135300
2020-09-03 10:26:59.330,3.414,9300.0,3.395,3.4070660000000004,3.416,3.398,3.413,462400,3.412,1165000,3.411,553400,3.41,200200,3.409,1805600,3.408,114900,3.407,313600,3.406,79400,3.405,106700,3.404,17500,3.414,158700,3.415,490400,3.416,182100,3.417,487200,3.418,547500,3.419,611800,3.42,1063100,3.421,115000,3.422,135300,3.423,43200
2020-09-03 10:27:01.840,3.414,24400.0,3.395,3.407068,3.416,3.398,3.413,442400,3.412,1231200,3.411,653400,3.41,200200,3.409,1998600,3.408,14900,3.407,313600,3.406,141100,3.405,45000,3.404,17500,3.414,154300,3.415,525400,3.416,275100,3.417,187200,3.418,686000,3.419,773300,3.42,1063100,3.421,115000,3.422,135300,3.423,43200
2020-09-03 10:27:07.720,3.414,140300.0,3.395,3.4070769999999997,3.416,3.398,3.414,462700,3.413,442400,3.412,931200,3.411,653400,3.41,107200,3.409,1998600,3.408,14900,3.407,313600,3.406,141100,3.405,45000,3.415,473500,3.416,277100,3.417,487300,3.418,386000,3.419,773300,3.42,1063100,3.421,115000,3.422,135300,3.423,43200,3.424,269500
2020-09-03 10:27:12.010,3.415,66900.0,3.395,3.407082,3.416,3.398,3.414,2900,3.413,442400,3.412,1024200,3.411,573400,3.41,107200,3.409,1005600,3.408,914900,3.407,380300,3.406,79400,3.405,45000,3.415,406600,3.416,246100,3.417,580300,3.418,386000,3.419,711800,3.42,1124600,3.421,115000,3.422,135300,3.423,43200,3.424,269500
2020-09-03 10:27:13.660,3.413,17900.0,3.395,3.407083,3.416,3.398,3.413,428400,3.412,724200,3.411,666400,3.41,207200,3.409,1805600,3.408,14900,3.407,380300,3.406,79400,3.405,45000,3.404,17500,3.414,100,3.415,405600,3.416,246100,3.417,580300,3.418,354000,3.419,611800,3.42,1221400,3.421,115000,3.422,135300,3.423,43200
2020-09-03 10:27:15.680,3.414,100.0,3.395,3.407083,3.416,3.398,3.414,4900,3.413,428400,3.412,764200,3.411,666400,3.41,107200,3.409,1805600,3.408,114900,3.407,318600,3.406,141100,3.405,45000,3.415,360600,3.416,246100,3.417,280300,3.418,754000,3.419,673300,3.42,1059900,3.421,115000,3.422,135300,3.423,43200,3.424,269500
2020-09-03 10:27:19.250,3.415,500.0,3.395,3.407083,3.416,3.398,3.414,104700,3.413,428400,3.412,724200,3.411,666400,3.41,107200,3.409,1005600,3.408,914900,3.407,380300,3.406,79400,3.405,45000,3.415,400600,3.416,246100,3.417,580300,3.418,354000,3.419,711800,3.42,1121400,3.421,115000,3.422,135300,3.423,43200,3.424,269500
2020-09-03 10:27:22.490,3.414,104700.0,3.395,3.407089,3.416,3.398,3.413,168400,3.412,265000,3.411,932600,3.41,307200,3.409,905600,3.408,914900,3.407,80300,3.406,379400,3.405,45000,3.404,17500,3.414,32600,3.415,352600,3.416,605100,3.417,187300,3.418,254000,3.419,611800,3.42,1221400,3.421,115000,3.422,135300,3.423,43200
2020-09-03 10:27:31.220,3.413,38900.0,3.395,3.407092,3.415,3.398,3.413,142500,3.412,93000,3.411,839600,3.41,300200,3.409,105600,3.408,914900,3.407,918600,3.406,441100,3.405,45000,3.404,17500,3.414,215900,3.415,328600,3.416,583100,3.417,373300,3.418,161000,3.419,773300,3.42,1059900,3.421,115000,3.422,135300,3.423,43200
2020-09-03 10:27:35.360,3.413,200.0,3.395,3.407092,3.415,3.398,3.413,142300,3.412,93000,3.411,839600,3.41,300200,3.409,5600,3.408,1014900,3.407,918600,3.406,441100,3.405,45000,3.404,17500,3.414,186400,3.415,328600,3.416,583400,3.417,373300,3.418,276000,3.419,673300,3.42,1059900,3.421,115000,3.422,135300,3.423,43200
2020-09-03 10:27:39.930,3.413,100.0,3.395,3.407092,3.415,3.398,3.413,142200,3.411,932600,3.41,207200,3.409,5600,3.408,1014900,3.407,918600,3.406,441100,3.405,45000,3.404,17500,3.403,16200,3.414,220500,3.415,335600,3.416,681400,3.417,187300,3.418,280000,3.419,673300,3.42,1064000,3.421,115000,3.422,135300,3.423,43200
2020-09-03 10:27:43.210,3.413,15000.0,3.395,3.407093,3.415,3.398,3.413,127200,3.411,932600,3.41,302400,3.409,5600,3.408,1914900,3.407,18600,3.406,548600,3.405,45000,3.404,17500,3.403,16200,3.414,220500,3.415,338300,3.416,681400,3.417,280300,3.418,280000,3.419,673300,3.42,1074000,3.421,115000,3.422,135300,3.423,43200
2020-09-03 10:27:51.080,3.413,2300.0,3.395,3.407093,3.415,3.398,3.413,191100,3.412,440000,3.411,566400,3.41,1102600,3.409,905600,3.408,114900,3.407,18600,3.406,248600,3.405,45000,3.404,18500,3.414,193800,3.415,371300,3.416,281400,3.417,280300,3.418,680000,3.419,673300,3.42,1074000,3.421,115000,3.422,135300,3.423,43200
2020-09-03 10:27:55.390,3.414,197100.0,3.395,3.4071050000000005,3.415,3.398,3.414,2450900,3.413,496100,3.412,240000,3.411,566400,3.41,2032600,3.409,5600,3.408,114900,3.407,18600,3.406,248600,3.405,45000,3.415,311600,3.416,281400,3.417,180300,3.418,380000,3.419,1073300,3.42,1074000,3.421,115000,3.422,135300,3.423,43200,3.424,269500
2020-09-03 10:27:58.250,3.415,304100.0,3.395,3.4071279999999997,3.415,3.398,3.414,2451000,3.413,792000,3.412,240000,3.411,566400,3.41,2032600,3.409,105600,3.408,314900,3.407,80300,3.406,186900,3.405,45000,3.415,29700,3.416,341400,3.417,180300,3.418,580000,3.419,811800,3.42,1137000,3.421,115000,3.422,135300,3.423,43200,3.424,269500
2020-09-03 10:28:01.090,3.414,13500.0,3.395,3.4071279999999997,3.416,3.398,3.414,1558800,3.413,752000,3.412,140000,3.411,566400,3.41,1232600,3.409,905600,3.408,14900,3.407,80300,3.406,186900,3.405,45000,3.415,26300,3.416,337100,3.417,180300,3.418,580000,3.419,711800,3.42,1257000,3.421,115000,3.422,135300,3.423,43200,3.424,269500
2020-09-03 10:28:04.780,3.414,2000.0,3.395,3.4071290000000003,3.416,3.398,3.414,656800,3.413,452000,3.412,440000,3.411,458400,3.41,1132600,3.409,105600,3.408,914900,3.407,380300,3.406,186900,3.405,45000,3.415,76300,3.416,244100,3.417,180300,3.418,580000,3.419,844000,3.42,1157000,3.421,115000,3.422,135300,3.423,43200,3.424,269500
2020-09-03 10:28:08.280,3.415,56000.0,3.395,3.407132,3.416,3.398,3.414,40900,3.413,447000,3.412,943000,3.411,458400,3.41,1039600,3.409,1005600,3.408,14900,3.407,383300,3.406,186900,3.405,45000,3.415,97100,3.416,228400,3.417,480300,3.418,280000,3.419,394000,3.42,1157000,3.421,115000,3.422,135300,3.423,43200,3.424,269500
2020-09-03 10:28:10.900,3.414,2300.0,3.395,3.407132,3.416,3.398,3.414,38700,3.413,182000,3.412,643000,3.411,551400,3.41,2039600,3.409,5600,3.408,314900,3.407,83300,3.406,186900,3.405,45000,3.415,41300,3.416,284300,3.417,180300,3.418,673000,3.419,294000,3.42,1257000,3.421,115000,3.422,135300,3.423,43200,3.424,269500
2020-09-03 10:28:14.230,3.415,51300.0,3.395,3.407136,3.416,3.398,3.415,123700,3.414,38700,3.413,1015800,3.412,93000,3.411,551400,3.41,1939600,3.409,105600,3.408,314900,3.407,83300,3.406,186900,3.416,284300,3.417,180300,3.418,373000,3.419,1144000,3.42,1157000,3.421,115000,3.422,160300,3.423,43200,3.424,269500,3.425,491700
2020-09-03 10:28:14.650,3.415,500.0,3.395,3.407136,3.416,3.398,3.415,128200,3.414,105800,3.413,1115800,3.412,93000,3.411,551400,3.41,2039600,3.409,5600,3.408,376600,3.407,21600,3.406,186900,3.416,258600,3.417,236000,3.418,373000,3.419,1044000,3.42,1195500,3.421,176400,3.422,160500,3.423,43200,3.424,269500,3.425,491700
2020-09-03 10:28:19.210,3.415,3000.0,3.395,3.407136,3.416,3.398,3.415,125200,3.414,39600,3.413,1175000,3.412,100000,3.411,551400,3.41,2039600,3.409,5600,3.408,376600,3.407,21600,3.406,186900,3.416,254400,3.417,117300,3.418,466000,3.419,1044000,3.42,1195500,3.421,176400,3.422,160500,3.423,43200,3.424,269500,3.425,491700
2020-09-03 10:28:21.590,3.415,50000.0,3.395,3.40714,3.416,3.398,3.415,1000,3.414,342500,3.413,1175000,3.412,100000,3.411,458400,3.41,1139600,3.409,905600,3.408,376600,3.407,21600,3.406,186900,3.416,254400,3.417,117300,3.418,673000,3.419,744000,3.42,1195500,3.421,176400,3.422,160500,3.423,43200,3.424,269500,3.425,499700
2020-09-03 10:28:25.400,3.415,14500.0,3.395,3.407141,3.416,3.398,3.414,342500,3.413,875000,3.412,193000,3.411,1358400,3.41,1139600,3.409,5600,3.408,76600,3.407,21600,3.406,128300,3.405,45000,3.415,17800,3.416,238700,3.417,143000,3.418,378100,3.419,1137000,3.42,1195500,3.421,176400,3.422,160500,3.423,43200,3.424,269500
2020-09-03 10:28:27.850,3.415,31400.0,3.395,3.407143,3.416,3.398,3.415,668600,3.414,642500,3.413,355000,3.412,643000,3.411,2258400,3.41,239600,3.409,305600,3.408,14900,3.407,83300,3.406,128300,3.416,208700,3.417,143000,3.418,278100,3.419,687000,3.42,1358000,3.421,115000,3.422,160500,3.423,43200,3.424,269500,3.425,499700
2020-09-03 10:28:31.460,3.415,200.0,3.395,3.407143,3.416,3.398,3.415,672600,3.414,642500,3.413,222000,3.412,643000,3.411,2258400,3.41,239600,3.409,5600,3.408,76600,3.407,21600,3.406,128300,3.416,198700,3.417,145000,3.418,185100,3.419,387000,3.42,1596500,3.421,176400,3.422,160500,3.423,43200,3.424,269500,3.425,509700
2020-09-03 10:28:34.930,3.415,60000.0,3.395,3.4071480000000003,3.416,3.398,3.415,660600,3.414,341600,3.413,248800,3.412,543000,3.411,2258400,3.41,239600,3.409,305600,3.408,76600,3.407,21600,3.406,128300,3.416,150700,3.417,155000,3.418,278100,3.419,387000,3.42,1596500,3.421,176400,3.422,160500,3.423,43200,3.424,269500,3.425,509700
2020-09-03 10:28:35.640,3.416,150700.0,3.395,3.4071599999999997,3.417,3.398,3.416,1097300,3.415,726800,3.414,441600,3.413,133000,3.412,1443000,3.411,1358400,3.41,239600,3.409,305600,3.408,76600,3.407,21600,3.417,155000,3.418,278100,3.419,287000,3.42,1596500,3.421,276400,3.422,160500,3.423,43200,3.424,269500,3.425,503700,3.426,379600
2020-09-03 10:28:41.540,3.417,30000.0,3.395,3.4071629999999997,3.416,3.398,3.416,797300,3.415,60600,3.414,341600,3.413,193000,3.412,1443000,3.411,1458400,3.41,139600,3.409,367300,3.408,14900,3.407,21600,3.417,125000,3.418,408100,3.419,287000,3.42,1496500,3.421,315000,3.422,221900,3.423,43200,3.424,269500,3.425,503700,3.426,379600
2020-09-03 10:28:43.480,3.416,240300.0,3.395,3.4071830000000003,3.416,3.398,3.416,90000,3.415,60600,3.414,69100,3.413,493000,3.412,643000,3.411,458400,3.41,1939600,3.409,67300,3.408,314900,3.407,21600,3.417,79300,3.418,478100,3.419,587000,3.42,1196500,3.421,115000,3.422,321900,3.423,43200,3.424,269500,3.425,523700,3.426,379600
2020-09-03 10:28:44.900,3.416,90000.0,3.395,3.40719,3.416,3.398,3.415,62700,3.414,2900,3.413,366200,3.412,643000,3.411,558400,3.41,1939600,3.409,67300,3.408,314900,3.407,21600,3.406,128300,3.416,38700,3.417,83600,3.418,685100,3.419,287000,3.42,1196500,3.421,215000,3.422,221900,3.423,43200,3.424,269500,3.425,523700
2020-09-03 10:28:49.030,3.415,68200.0,3.395,3.4071949999999998,3.416,3.398,3.414,95900,3.413,66200,3.412,850000,3.411,558400,3.41,1039600,3.409,905600,3.408,76600,3.407,21600,3.406,128300,3.405,51100,3.415,1800,3.416,76700,3.417,113600,3.418,685100,3.419,287000,3.42,1096500,3.421,276400,3.422,160500,3.423,43200,3.424,269500
2020-09-03 10:28:56.790,3.414,200.0,3.395,3.4071949999999998,3.417,3.398,3.414,82700,3.413,666200,3.412,643000,3.411,551400,3.41,2039600,3.409,5600,3.408,314900,3.407,80300,3.406,128300,3.405,51100,3.415,1900,3.416,76700,3.417,216900,3.418,778100,3.419,294000,3.42,1264000,3.421,115000,3.422,160500,3.423,33200,3.424,269500
2020-09-03 10:28:59.740,3.415,12300.0,3.395,3.407196,3.417,3.398,3.415,6900,3.414,386300,3.413,666200,3.412,643000,3.411,551400,3.41,1939600,3.409,105600,3.408,314900,3.407,80300,3.406,128300,3.416,77500,3.417,216900,3.418,778100,3.419,400000,3.42,1164200,3.421,119000,3.422,160500,3.423,33200,3.424,269500,3.425,528700
2020-09-03 10:29:00.560,3.415,500.0,3.395,3.407196,3.417,3.398,3.415,20700,3.414,686300,3.413,666200,3.412,643000,3.411,551400,3.41,1139600,3.409,5600,3.408,376600,3.407,18600,3.406,128300,3.416,61800,3.417,228600,3.418,378100,3.419,600000,3.42,1312700,3.421,180400,3.422,160500,3.423,33200,3.424,269500,3.425,528700
2020-09-03 10:29:08.870,3.415,300.0,3.395,3.407196,3.418,3.398,3.415,291500,3.414,986300,3.413,909200,3.412,203700,3.411,8400,3.41,2039600,3.409,5600,3.408,76600,3.407,318600,3.406,128300,3.416,83700,3.417,135600,3.418,378100,3.419,693000,3.42,862700,3.421,180400,3.422,610500,3.423,33200,3.424,269500,3.425,528900
2020-09-03 10:29:11.820,3.416,113900.0,3.395,3.4072050000000003,3.417,3.398,3.416,87300,3.415,297100,3.414,686300,3.413,909200,3.412,203700,3.411,8400,3.41,2039600,3.409,5600,3.408,376600,3.407,18600,3.417,119900,3.418,378100,3.419,693000,3.42,862700,3.421,180400,3.422,610500,3.423,33200,3.424,269500,3.425,528900,3.426,401600
2020-09-03 10:29:12.450,3.416,87300.0,3.395,3.4072120000000004,3.417,3.398,3.415,32100,3.414,686300,3.413,909200,3.412,203700,3.411,108400,3.41,1039600,3.409,67300,3.408,14900,3.407,318600,3.406,128300,3.416,38400,3.417,119900,3.418,677800,3.419,393000,3.42,762700,3.421,219000,3.422,671900,3.423,33200,3.424,269500,3.425,528900
2020-09-03 10:29:18.770,3.415,40000.0,3.395,3.4072150000000003,3.417,3.398,3.415,93100,3.414,86300,3.413,366200,3.412,203700,3.411,558400,3.41,1039600,3.409,5600,3.408,376600,3.407,18600,3.406,20800,3.416,38400,3.417,119900,3.418,684800,3.419,393000,3.42,664700,3.421,730400,3.422,160500,3.423,33300,3.424,269500,3.425,528900
2020-09-03 10:29:26.410,3.415,105000.0,3.395,3.407222,3.417,3.398,3.415,42800,3.414,86300,3.413,459200,3.412,203700,3.411,458400,3.41,1139600,3.409,905600,3.408,76600,3.407,18600,3.406,21800,3.416,68400,3.417,157300,3.418,777400,3.419,393000,3.42,764700,3.421,630400,3.422,160500,3.423,43300,3.424,272500,3.425,528900
2020-09-03 10:29:28.980,3.415,42800.0,3.395,3.407225,3.417,3.398,3.414,89300,3.413,459200,3.412,203700,3.411,458400,3.41,1139600,3.409,905600,3.408,76600,3.407,318600,3.406,21800,3.405,48100,3.415,9200,3.416,73800,3.417,157300,3.418,782400,3.419,393000,3.42,777700,3.421,630400,3.422,160500,3.423,43300,3.424,272500
2020-09-03 10:29:30.710,3.415,74300.0,3.395,3.407231,3.417,3.398,3.414,13000,3.413,459200,3.412,110700,3.411,458400,3.41,1139600,3.409,905600,3.408,14900,3.407,80300,3.406,21800,3.405,48100,3.415,234900,3.416,83800,3.417,457300,3.418,482400,3.419,300000,3.42,842200,3.421,570000,3.422,160500,3.423,43300,3.424,272500
2020-09-03 10:29:32.990,3.414,300.0,3.395,3.407231,3.417,3.398,3.414,17100,3.413,366200,3.412,110700,3.411,551400,3.41,1139600,3.409,905600,3.408,14900,3.407,380300,3.406,21800,3.405,48100,3.415,254900,3.416,117000,3.417,157300,3.418,782400,3.419,300000,3.42,843600,3.421,570000,3.422,160500,3.423,43300,3.424,272500
2020-09-03 10:29:38.340,3.413,27500.0,3.395,3.407232,3.417,3.398,3.414,265000,3.413,355800,3.412,203700,3.411,551400,3.41,1939600,3.409,105600,3.408,314900,3.407,80300,3.406,21800,3.405,48100,3.415,255900,3.416,139900,3.417,250300,3.418,782400,3.419,400000,3.42,743600,3.421,570000,3.422,160500,3.423,43300,3.424,272500
2020-09-03 10:29:39.260,3.414,10000.0,3.395,3.407233,3.417,3.398,3.414,555000,3.413,358600,3.412,203700,3.411,551400,3.41,1039600,3.409,905600,3.408,414900,3.407,80300,3.406,21800,3.405,48100,3.415,255900,3.416,139900,3.417,250300,3.418,908900,3.419,300000,3.42,743600,3.421,570000,3.422,160500,3.423,43300,3.424,272500
2020-09-03 10:29:47.590,3.414,6000.0,3.395,3.407233,3.417,3.398,3.414,259900,3.413,359000,3.412,110700,3.411,1451500,3.41,1039600,3.409,1005600,3.408,314900,3.407,80300,3.406,21800,3.405,48100,3.415,254300,3.416,139900,3.417,157300,3.418,808900,3.419,400000,3.42,743600,3.421,570000,3.422,160500,3.423,47300,3.424,272500
2020-09-03 10:29:48.090,3.415,1000.0,3.395,3.407233,3.417,3.398,3.414,5800,3.413,359000,3.412,203700,3.411,1451500,3.41,1039600,3.409,1005600,3.408,14900,3.407,380300,3.406,21800,3.405,48100,3.415,253300,3.416,139900,3.417,250300,3.418,808900,3.419,404000,3.42,743600,3.421,570000,3.422,160500,3.423,47300,3.424,272500
2020-09-03 10:29:55.890,3.415,1000.0,3.395,3.407233,3.417,3.398,3.414,7800,3.413,659000,3.412,203700,3.411,1451500,3.41,1140100,3.409,905600,3.408,314900,3.407,80300,3.406,21800,3.405,48200,3.415,252300,3.416,139900,3.417,250300,3.418,808900,3.419,304000,3.42,846500,3.421,570000,3.422,159300,3.423,47400,3.424,272500
2020-09-03 10:29:59.420,3.415,203400.0,3.395,3.4072480000000005,3.417,3.398,3.414,1504400,3.413,359000,3.412,203700,3.411,1451500,3.41,2040100,3.409,305600,3.408,14900,3.407,80300,3.406,21800,3.405,48200,3.415,32300,3.416,139900,3.417,250300,3.418,508900,3.419,604000,3.42,846500,3.421,570000,3.422,159300,3.423,47400,3.424,272500
2020-09-03 10:30:02.370,3.415,4500.0,3.395,3.4072480000000005,3.417,3.398,3.414,1204400,3.413,659000,3.412,110700,3.411,1451500,3.41,2040100,3.409,5600,3.408,314900,3.407,80300,3.406,21800,3.405,48200,3.415,29800,3.416,109900,3.417,157300,3.418,808900,3.419,304000,3.42,862500,3.421,570000,3.422,159300,3.423,48800,3.424,272500
2020-09-03 10:30:05.340,3.415,34000.0,3.395,3.407251,3.417,3.398,3.415,522200,3.414,1244400,3.413,390400,3.412,553700,3.411,2801500,3.41,240100,3.409,305600,3.408,14900,3.407,80300,3.406,21800,3.416,71500,3.417,220300,3.418,408900,3.419,504000,3.42,1412500,3.421,570000,3.422,159300,3.423,48800,3.424,272500,3.425,538800
2020-09-03 10:30:07.090,3.416,71500.0,3.395,3.407256,3.417,3.398,3.416,228500,3.415,1793900,3.414,494500,3.413,990400,3.412,1453700,3.411,1301500,3.41,240100,3.409,5600,3.408,76600,3.407,18600,3.417,170300,3.418,410200,3.419,204000,3.42,1651000,3.421,731400,3.422,159300,3.423,48800,3.424,272500,3.425,543800,3.426,401600
2020-09-03 10:30:09.160,3.416,10000.0,3.395,3.407257,3.417,3.398,3.416,218500,3.415,1180800,3.414,714300,3.413,900400,3.412,1360700,3.411,1101500,3.41,140100,3.409,67300,3.408,14900,3.407,18600,3.417,77300,3.418,460200,3.419,204000,3.42,1251000,3.421,1070000,3.422,220700,3.423,48800,3.424,272500,3.425,543800,3.426,401600
2020-09-03 10:30:14.050,3.417,84000.0,3.395,3.407265,3.417,3.398,3.417,819000,3.416,818500,3.415,962200,3.414,707200,3.413,900400,3.412,460700,3.411,1308500,3.41,140100,3.409,67300,3.408,14900,3.418,315500,3.419,297000,3.42,1151000,3.421,1070000,3.422,320700,3.423,48800,3.424,272500,3.425,543800,3.426,401600,3.427,270900
2020-09-03 10:30:15.700,3.417,5100.0,3.395,3.407265,3.417,3.398,3.417,1172500,3.416,918500,3.415,562200,3.414,490400,3.413,1350400,3.412,560700,3.411,308400,3.41,201700,3.409,5600,3.408,14900,3.418,315500,3.419,412700,3.42,701000,3.421,763000,3.422,659300,3.423,110200,3.424,275500,3.425,549700,3.426,401600,3.427,270900
2020-09-03 10:30:18.210,3.418,35000.0,3.395,3.407268,3.417,3.398,3.417,358600,3.416,618600,3.415,340000,3.414,490400,3.413,1350400,3.412,1460700,3.411,8400,3.41,501700,3.409,5600,3.408,14900,3.418,305500,3.419,412700,3.42,701000,3.421,1063000,3.422,359300,3.423,110200,3.424,275500,3.425,549700,3.426,401600,3.427,270900
2020-09-03 10:30:23.080,3.418,10400.0,3.395,3.4072690000000003,3.418,3.398,3.417,358600,3.416,618600,3.415,40000,3.414,490400,3.413,1450400,3.412,460700,3.411,8400,3.41,202700,3.409,5600,3.408,14900,3.418,275100,3.419,382700,3.42,701000,3.421,1063000,3.422,259300,3.423,210200,3.424,275500,3.425,549700,3.426,401600,3.427,270900
2020-09-03 10:30:27.490,3.418,2500.0,3.395,3.4072699999999996,3.418,3.398,3.416,580700,3.415,233000,3.414,4400,3.413,1543400,3.412,1360700,3.411,308400,3.41,141100,3.409,67300,3.408,15100,3.407,24900,3.417,1000,3.418,482000,3.419,289700,3.42,791000,3.421,1063000,3.422,259300,3.423,210200,3.424,275500,3.425,549800,3.426,401600
2020-09-03 10:30:30.600,3.417,1000.0,3.395,3.4072699999999996,3.418,3.398,3.417,3200,3.416,913200,3.415,233000,3.414,4400,3.413,1543400,3.412,1360700,3.411,308400,3.41,141100,3.409,67500,3.408,15100,3.418,503600,3.419,289700,3.42,791000,3.421,1063000,3.422,320700,3.423,148800,3.424,275500,3.425,549800,3.426,401600,3.427,270900
2020-09-03 10:30:33.780,3.418,6600.0,3.395,3.4072699999999996,3.418,3.398,3.417,221700,3.416,606800,3.415,233000,3.414,4400,3.413,1443400,3.412,1460700,3.411,8400,3.41,502900,3.409,5800,3.408,15100,3.418,499900,3.419,289700,3.42,793300,3.421,1063000,3.422,359300,3.423,118200,3.424,275500,3.425,549800,3.426,401600,3.427,270900
2020-09-03 10:30:37.900,3.417,7300.0,3.395,3.4072709999999997,3.418,3.398,3.417,432900,3.416,388300,3.415,140000,3.414,4400,3.413,2443400,3.412,460700,3.411,308400,3.41,202900,3.409,5800,3.408,15100,3.418,499900,3.419,289700,3.42,700300,3.421,1064600,3.422,259300,3.423,218200,3.424,275500,3.425,549800,3.426,401600,3.427,270900
2020-09-03 10:30:40.740,3.417,93100.0,3.395,3.407279,3.418,3.398,3.417,349800,3.416,379100,3.415,233000,3.414,4400,3.413,1443400,3.412,1460700,3.411,308400,3.41,202900,3.409,5800,3.408,15100,3.418,489900,3.419,289700,3.42,798300,3.421,1064600,3.422,359300,3.423,118200,3.424,275500,3.425,549800,3.426,407600,3.427,270900
2020-09-03 10:30:46.870,3.417,6800.0,3.395,3.40728,3.418,3.398,3.417,348800,3.416,62200,3.415,533000,3.414,97400,3.413,1350400,3.412,1460700,3.411,8400,3.41,500700,3.409,5800,3.408,15100,3.418,534500,3.419,289700,3.42,1415700,3.421,764600,3.422,359300,3.423,118200,3.424,283500,3.425,549800,3.426,407600,3.427,270900
2020-09-03 10:30:50.030,3.418,120100.0,3.395,3.4072910000000003,3.418,3.398,3.417,328800,3.416,62200,3.415,533000,3.414,97400,3.413,1350400,3.412,560700,3.411,308400,3.41,200700,3.409,5800,3.408,15100,3.418,404600,3.419,289700,3.42,1416700,3.421,764600,3.422,359300,3.423,118200,3.424,283500,3.425,549800,3.426,407600,3.427,270900
2020-09-03 10:30:53.820,3.417,8800.0,3.395,3.407292,3.418,3.398,3.417,320000,3.416,3600,3.415,398600,3.414,647400,3.413,1450400,3.412,910700,3.411,8400,3.41,500700,3.409,5800,3.408,15100,3.418,434700,3.419,274000,3.42,1024000,3.421,614600,3.422,259500,3.423,668200,3.424,283500,3.425,549800,3.426,407700,3.427,270900
2020-09-03 10:30:55.170,3.417,4700.0,3.395,3.407293,3.418,3.398,3.417,96800,3.416,3600,3.415,451600,3.414,554400,3.413,1350400,3.412,110700,3.411,908400,3.41,200700,3.409,5800,3.408,15100,3.418,453100,3.419,274000,3.42,1517000,3.421,221600,3.422,259500,3.423,568200,3.424,283500,3.425,549800,3.426,407700,3.427,270900
2020-09-03 10:30:59.080,3.417,61500.0,3.395,3.4072980000000004,3.418,3.398,3.417,36800,3.416,3500,3.415,451600,3.414,647400,3.413,450400,3.412,110700,3.411,1808400,3.41,200700,3.409,5800,3.408,15100,3.418,451800,3.419,277000,3.42,1204100,3.421,314600,3.422,259600,3.423,568200,3.424,283500,3.425,557800,3.426,407700,3.427,270900
2020-09-03 10:31:00.590,3.417,4300.0,3.395,3.4072980000000004,3.418,3.398,3.416,3500,3.415,93000,3.414,847400,3.413,450400,3.412,110700,3.411,1808400,3.41,200700,3.409,305800,3.408,15600,3.407,24900,3.417,106800,3.418,441100,3.419,282000,3.42,1203100,3.421,315100,3.422,260600,3.423,568200,3.424,283500,3.425,557800,3.426,407700
2020-09-03 10:31:05.500,3.416,3500.0,3.395,3.4072989999999996,3.418,3.398,3.415,93000,3.414,606000,3.413,850400,3.412,110700,3.411,908500,3.41,139100,3.409,967500,3.408,315600,3.407,24900,3.406,22500,3.416,16500,3.417,122500,3.418,441100,3.419,632000,3.42,903100,3.421,215100,3.422,322000,3.423,506800,3.424,283500,3.425,557800
2020-09-03 10:31:06.350,3.417,100000.0,3.395,3.407307,3.418,3.398,3.415,210000,3.414,547400,3.413,902000,3.412,10800,3.411,108500,3.41,1039100,3.409,5800,3.408,377300,3.407,24900,3.406,22500,3.416,45700,3.417,133100,3.418,814800,3.419,332000,3.42,710300,3.421,376500,3.422,160600,3.423,506800,3.424,283500,3.425,552800
2020-09-03 10:31:08.550,3.415,70000.0,3.395,3.407312,3.419,3.398,3.415,140000,3.414,454400,3.413,843500,3.412,210800,3.411,18500,3.41,139100,3.409,905800,3.408,1277300,3.407,24900,3.406,22500,3.416,95800,3.417,164900,3.418,784800,3.419,332000,3.42,710300,3.421,183500,3.422,260600,3.423,526800,3.424,283500,3.425,552800
2020-09-03 10:31:12.020,3.415,10000.0,3.395,3.407313,3.419,3.398,3.415,130000,3.414,454400,3.413,843500,3.412,203800,3.411,18500,3.41,239100,3.409,1805800,3.408,77300,3.407,324900,3.406,22500,3.416,87800,3.417,165000,3.418,784800,3.419,425000,3.42,810300,3.421,183500,3.422,160600,3.423,526800,3.424,183500,3.425,552800
2020-09-03 10:31:15.220,3.415,130000.0,3.395,3.407322,3.418,3.398,3.414,454400,3.413,543500,3.412,203800,3.411,318500,3.41,239100,3.409,905800,3.408,77300,3.407,24900,3.406,322500,3.405,78200,3.415,324700,3.416,372000,3.417,133200,3.418,484800,3.419,325000,3.42,815300,3.421,183500,3.422,160600,3.423,526800,3.424,183500
2020-09-03 10:31:20.080,3.414,397500.0,3.395,3.407346,3.418,3.398,3.414,56900,3.413,450500,3.412,103800,3.411,470200,3.41,339100,3.409,905800,3.408,915600,3.407,86600,3.406,322500,3.405,78200,3.415,423900,3.416,342000,3.417,226300,3.418,484800,3.419,232000,3.42,877800,3.421,122100,3.422,160600,3.423,527200,3.424,183500
2020-09-03 10:31:21.610,3.415,42400.0,3.395,3.407349,3.417,3.398,3.413,500,3.412,103800,3.411,470200,3.41,239200,3.409,1005800,3.408,20600,3.407,86600,3.406,322500,3.405,78200,3.404,18800,3.415,321500,3.416,442000,3.417,226300,3.418,484800,3.419,332000,3.42,778000,3.421,122100,3.422,160600,3.423,77200,3.424,183500
2020-09-03 10:31:25.900,3.415,33200.0,3.395,3.4073510000000002,3.417,3.398,3.413,500,3.412,103800,3.411,470200,3.41,339200,3.409,5800,3.408,20600,3.407,1824900,3.406,84200,3.405,378200,3.404,18800,3.415,591300,3.416,142000,3.417,1128300,3.418,484800,3.419,244000,3.42,878000,3.421,172200,3.422,160600,3.423,77200,3.424,183500
2020-09-03 10:31:28.780,3.415,5800.0,3.395,3.4073510000000002,3.417,3.398,3.414,5000,3.413,500,3.412,103800,3.411,111500,3.41,597900,3.409,105800,3.408,20600,3.407,1824900,3.406,84200,3.405,378200,3.415,288500,3.416,142000,3.417,429300,3.418,484800,3.419,244000,3.42,878000,3.421,172200,3.422,160600,3.423,77200,3.424,183500
2020-09-03 10:31:30.800,3.413,9600.0,3.395,3.4073519999999995,3.416,3.398,3.412,10800,3.411,18500,3.41,597900,3.409,105800,3.408,20600,3.407,986600,3.406,922500,3.405,78200,3.404,18800,3.403,17500,3.415,1933600,3.416,142500,3.417,238300,3.418,397800,3.419,244000,3.42,908000,3.421,172200,3.422,160600,3.423,87200,3.424,183500
2020-09-03 10:31:37.580,3.412,5900.0,3.395,3.4073519999999995,3.416,3.398,3.412,644900,3.411,358500,3.41,232200,3.409,98800,3.408,1920600,3.407,24900,3.406,322500,3.405,139900,3.404,18800,3.403,17500,3.414,97000,3.415,598300,3.416,555800,3.417,1328100,3.418,497800,3.419,305500,3.42,748000,3.421,172200,3.422,185600,3.423,87200
2020-09-03 10:31:41.790,3.412,1500.0,3.395,3.4073519999999995,3.416,3.398,3.412,644400,3.411,152200,3.41,632200,3.409,98800,3.408,1820600,3.407,124900,3.406,22500,3.405,439900,3.404,18800,3.403,17500,3.414,152800,3.415,598300,3.416,565800,3.417,1424000,3.418,397800,3.419,305500,3.42,748000,3.421,172200,3.422,185600,3.423,87200
2020-09-03 10:31:50.200,3.412,2300.0,3.395,3.4073519999999995,3.417,3.398,3.412,670300,3.411,1330900,3.41,239200,3.409,5800,3.408,1820600,3.407,119900,3.406,322500,3.405,139900,3.404,18800,3.403,17500,3.413,17700,3.414,197000,3.415,571300,3.416,422800,3.417,1331000,3.418,459300,3.419,244000,3.42,748000,3.421,172200,3.422,185600
2020-09-03 10:31:52.410,3.413,17800.0,3.395,3.407353,3.416,3.398,3.413,632400,3.412,982300,3.411,1030900,3.41,332200,3.409,998800,3.408,920600,3.407,419900,3.406,22500,3.405,139900,3.404,18800,3.414,194000,3.415,664300,3.416,115800,3.417,731000,3.418,559300,3.419,244000,3.42,763000,3.421,172200,3.422,185600,3.423,92200
2020-09-03 10:31:55.860,3.413,5000.0,3.395,3.407353,3.416,3.398,3.413,335500,3.412,642300,3.411,1330900,3.41,332200,3.409,998800,3.408,1030600,3.407,19900,3.406,384200,3.405,78200,3.404,18800,3.414,194000,3.415,672300,3.416,421800,3.417,331000,3.418,597800,3.419,305500,3.42,763000,3.421,172200,3.422,185600,3.423,92200
2020-09-03 10:31:58.590,3.413,2500.0,3.395,3.407353,3.416,3.398,3.412,642300,3.411,932200,3.41,232200,3.409,98800,3.408,130600,3.407,919900,3.406,984200,3.405,378200,3.404,18800,3.403,17500,3.413,201900,3.414,194000,3.415,802300,3.416,1321800,3.417,331000,3.418,497800,3.419,305500,3.42,762000,3.421,172200,3.422,195600
2020-09-03 10:32:01.330,3.413,100.0,3.395,3.407353,3.416,3.398,3.412,6600,3.411,932200,3.41,590900,3.409,198800,3.408,130600,3.407,919900,3.406,922500,3.405,439900,3.404,18800,3.403,17500,3.413,201800,3.414,224000,3.415,1122300,3.416,1121800,3.417,231000,3.418,559300,3.419,244000,3.42,762400,3.421,172200,3.422,195600
2020-09-03 10:32:03.700,3.412,3400.0,3.395,3.407354,3.416,3.398,3.412,343200,3.411,1272200,3.41,295900,3.409,198800,3.408,1930600,3.407,19900,3.406,322500,3.405,139900,3.404,18800,3.403,17500,3.413,240000,3.414,117000,3.415,702300,3.416,521800,3.417,331000,3.418,559300,3.419,244000,3.42,762400,3.421,172200,3.422,195600
2020-09-03 10:32:08.150,3.412,25800.0,3.395,3.4073550000000004,3.416,3.398,3.412,317400,3.411,1272200,3.41,295900,3.409,198800,3.408,930600,3.407,1019900,3.406,322500,3.405,139900,3.404,18800,3.403,17500,3.413,240000,3.414,120000,3.415,702300,3.416,521800,3.417,431000,3.418,459300,3.419,244000,3.42,762400,3.421,172200,3.422,195600
2020-09-03 10:32:10.750,3.413,217600.0,3.395,3.407364,3.415,3.398,3.412,143900,3.411,1272200,3.41,295900,3.409,198800,3.408,1830600,3.407,119900,3.406,22500,3.405,439900,3.404,18800,3.403,17500,3.413,30600,3.414,120000,3.415,702300,3.416,521800,3.417,1331000,3.418,459300,3.419,244000,3.42,762400,3.421,172200,3.422,195600
2020-09-03 10:32:13.210,3.412,130000.0,3.395,3.407369,3.415,3.398,3.412,13900,3.411,1232200,3.41,295900,3.409,198800,3.408,1038600,3.407,19900,3.406,322500,3.405,139900,3.404,18800,3.403,17500,3.413,30600,3.414,120000,3.415,703300,3.416,521800,3.417,331000,3.418,559300,3.419,244000,3.42,762400,3.421,172200,3.422,195600
2020-09-03 10:32:14.550,3.411,30000.0,3.395,3.40737,3.415,3.398,3.412,300000,3.411,1516100,3.41,295900,3.409,198800,3.408,938600,3.407,1019900,3.406,22500,3.405,139900,3.404,18800,3.403,17500,3.413,30600,3.414,125700,3.415,703300,3.416,521800,3.417,431000,3.418,459300,3.419,244000,3.42,762400,3.421,172200,3.422,195600
2020-09-03 10:32:17.520,3.412,30000.0,3.395,3.407372,3.415,3.398,3.412,270000,3.411,1516100,3.41,202900,3.409,105800,3.408,938600,3.407,919900,3.406,122500,3.405,439900,3.404,18800,3.403,17500,3.413,30600,3.414,125700,3.415,610300,3.416,528800,3.417,331500,3.418,459300,3.419,244000,3.42,762400,3.421,172200,3.422,195600
2020-09-03 10:32:22.150,3.412,54400.0,3.395,3.407374,3.416,3.398,3.411,916100,3.41,595900,3.409,198800,3.408,938600,3.407,1019900,3.406,22500,3.405,439900,3.404,18800,3.403,17500,3.402,11800,3.413,22600,3.414,122700,3.415,1003500,3.416,221800,3.417,431500,3.418,459300,3.419,244000,3.42,762400,3.421,172200,3.422,195600
2020-09-03 10:32:25.780,3.411,56200.0,3.395,3.407376,3.416,3.398,3.411,859900,3.41,635900,3.409,198800,3.408,938600,3.407,119900,3.406,922500,3.405,378200,3.404,80500,3.403,17500,3.402,11800,3.412,5000,3.413,25800,3.414,252700,3.415,1903500,3.416,221800,3.417,331500,3.418,459300,3.419,244000,3.42,762400,3.421,172200
2020-09-03 10:32:26.490,3.411,20000.0,3.395,3.407376,3.416,3.398,3.411,839900,3.41,635900,3.409,198800,3.408,38600,3.407,27900,3.406,1922500,3.405,78200,3.404,380500,3.403,17500,3.402,11800,3.412,5000,3.413,118500,3.414,552700,3.415,1573500,3.416,321800,3.417,293000,3.418,398800,3.419,244000,3.42,764400,3.421,172200
2020-09-03 10:32:31.830,3.412,1600.0,3.395,3.407376,3.416,3.398,3.412,2800,3.411,839900,3.41,601900,3.409,198800,3.408,48600,3.407,27900,3.406,1922500,3.405,78200,3.404,380500,3.403,17500,3.413,118500,3.414,262700,3.415,1873500,3.416,321800,3.417,293000,3.418,398800,3.419,244000,3.42,764400,3.421,172200,3.422,195600
2020-09-03 10:32:34.940,3.412,17500.0,3.395,3.407377,3.416,3.398,3.412,11300,3.411,839900,3.41,150200,3.409,364500,3.408,148600,3.407,127900,3.406,1822500,3.405,139900,3.404,318800,3.403,17500,3.413,118500,3.414,562700,3.415,1485500,3.416,128800,3.417,331500,3.418,470300,3.419,244000,3.42,764400,3.421,172200,3.422,195600
2020-09-03 10:32:37.830,3.412,36600.0,3.395,3.407379,3.415,3.398,3.411,1738800,3.41,993200,3.409,157500,3.408,148600,3.407,1027900,3.406,922500,3.405,439900,3.404,18800,3.403,17500,3.402,11800,3.412,10400,3.413,118500,3.414,162700,3.415,1078600,3.416,221800,3.417,331500,3.418,470300,3.419,244000,3.42,774400,3.421,172200
2020-09-03 10:32:41.940,3.412,3300.0,3.395,3.407379,3.415,3.398,3.411,1738800,3.41,994200,3.409,157500,3.408,148600,3.407,1027900,3.406,30500,3.405,378200,3.404,80500,3.403,17500,3.402,11800,3.412,9300,3.413,118500,3.414,162700,3.415,1078600,3.416,221800,3.417,393000,3.418,408800,3.419,244000,3.42,774400,3.421,172200
2020-09-03 10:32:45.010,3.411,40000.0,3.395,3.4073800000000003,3.415,3.398,3.411,1698800,3.41,1034200,3.409,159500,3.408,148600,3.407,1027900,3.406,930500,3.405,378200,3.404,80500,3.403,17500,3.402,11800,3.412,17300,3.413,118500,3.414,162700,3.415,1078600,3.416,221800,3.417,393000,3.418,858800,3.419,244000,3.42,774400,3.421,172200
2020-09-03 10:32:47.660,3.411,315400.0,3.395,3.4073900000000004,3.415,3.398,3.411,1383800,3.41,941200,3.409,66500,3.408,148600,3.407,1827900,3.406,130500,3.405,378200,3.404,80500,3.403,17500,3.402,11800,3.412,18900,3.413,118500,3.414,162700,3.415,985600,3.416,228800,3.417,293000,3.418,408800,3.419,244000,3.42,1224400,3.421,172200
2020-09-03 10:32:50.960,3.411,400.0,3.395,3.4073900000000004,3.415,3.398,3.411,1383400,3.41,941200,3.409,159500,3.408,241600,3.407,1827900,3.406,130500,3.405,386200,3.404,80500,3.403,17500,3.402,11800,3.412,28900,3.413,119900,3.414,225700,3.415,778600,3.416,528800,3.417,293000,3.418,408800,3.419,244000,3.42,1224400,3.421,172200
2020-09-03 10:32:52.750,3.411,20000.0,3.395,3.4073910000000005,3.415,3.398,3.411,1363400,3.41,941200,3.409,159500,3.408,241600,3.407,927900,3.406,1030500,3.405,86200,3.404,380500,3.403,17500,3.402,11800,3.412,31400,3.413,119900,3.414,225700,3.415,1078600,3.416,228800,3.417,293000,3.418,408800,3.419,244000,3.42,1224400,3.421,172200
2020-09-03 10:32:55.890,3.411,102400.0,3.395,3.407394,3.415,3.398,3.411,361000,3.41,601200,3.409,459500,3.408,241600,3.407,927900,3.406,130500,3.405,986200,3.404,80500,3.403,17500,3.402,11800,3.412,31400,3.413,189900,3.414,525700,3.415,778600,3.416,228800,3.417,293000,3.418,408800,3.419,694000,3.42,774400,3.421,172200
2020-09-03 10:32:57.890,3.412,305000.0,3.395,3.407404,3.415,3.398,3.411,61000,3.41,601200,3.409,100800,3.408,441600,3.407,27900,3.406,130500,3.405,1886200,3.404,80500,3.403,317500,3.402,11800,3.412,26400,3.413,368000,3.414,525700,3.415,778600,3.416,128800,3.417,293000,3.418,408800,3.419,694000,3.42,774400,3.421,172200
2020-09-03 10:33:01.570,3.412,700.0,3.395,3.407404,3.415,3.398,3.411,65600,3.41,1496200,3.409,7800,3.408,407300,3.407,227900,3.406,30500,3.405,986200,3.404,980500,3.403,317500,3.402,11800,3.412,65800,3.413,670000,3.414,132700,3.415,685600,3.416,28800,3.417,393000,3.418,408800,3.419,694000,3.42,774400,3.421,172200
2020-09-03 10:33:02.510,3.411,1400.0,3.395,3.407404,3.415,3.398,3.411,64200,3.41,1496200,3.409,400800,3.408,200300,3.407,227900,3.406,30500,3.405,1886200,3.404,380500,3.403,17500,3.402,11800,3.412,26900,3.413,590000,3.414,325700,3.415,778600,3.416,28800,3.417,398000,3.418,408800,3.419,694000,3.42,774400,3.421,172200
2020-09-03 10:33:08.130,3.412,1200.0,3.395,3.407404,3.415,3.398,3.411,64200,3.41,1496200,3.409,100800,3.408,500300,3.407,127900,3.406,130500,3.405,986200,3.404,980500,3.403,17500,3.402,11800,3.412,25700,3.413,290000,3.414,625700,3.415,778600,3.416,128800,3.417,298000,3.418,408800,3.419,694000,3.42,774400,3.421,172200
2020-09-03 10:33:08.840,3.412,100.0,3.395,3.407404,3.414,3.398,3.411,64200,3.41,1496200,3.409,100800,3.408,500300,3.407,227900,3.406,30500,3.405,1886200,3.404,80500,3.403,317500,3.402,11800,3.412,25600,3.413,268600,3.414,625700,3.415,778600,3.416,28800,3.417,398000,3.418,408800,3.419,694000,3.42,774400,3.421,172200
2020-09-03 10:33:14.020,3.411,11000.0,3.395,3.4074050000000002,3.414,3.398,3.411,58200,3.41,1497200,3.409,400800,3.408,200300,3.407,227900,3.406,30500,3.405,1886200,3.404,88500,3.403,317500,3.402,11800,3.412,23600,3.413,268600,3.414,625700,3.415,778600,3.416,28800,3.417,398000,3.418,408800,3.419,694000,3.42,774400,3.421,172200
2020-09-03 10:33:17.140,3.411,17000.0,3.395,3.4074050000000002,3.415,3.398,3.411,71200,3.41,1497200,3.409,307800,3.408,107300,3.407,127900,3.406,130500,3.405,1886200,3.404,388500,3.403,17500,3.402,11800,3.412,23600,3.413,268600,3.414,532700,3.415,685600,3.416,133800,3.417,298000,3.418,408800,3.419,694000,3.42,774400,3.421,172200
2020-09-03 10:33:18.980,3.411,51900.0,3.395,3.407407,3.415,3.398,3.411,19300,3.41,1497200,3.409,100800,3.408,500300,3.407,127900,3.406,130500,3.405,986200,3.404,88500,3.403,317500,3.402,11800,3.412,93600,3.413,588600,3.414,325700,3.415,778600,3.416,133800,3.417,298000,3.418,407400,3.419,694000,3.42,774400,3.421,172200
2020-09-03 10:33:26.720,3.411,94800.0,3.395,3.40741,3.415,3.398,3.411,224500,3.41,1825900,3.409,200800,3.408,141600,3.407,27900,3.406,1930500,3.405,86200,3.404,388500,3.403,25500,3.402,11800,3.412,59000,3.413,198600,3.414,325700,3.415,1078600,3.416,134800,3.417,298000,3.418,407400,3.419,694000,3.42,774400,3.421,172200
2020-09-03 10:33:29.640,3.411,2900.0,3.395,3.40741,3.415,3.398,3.411,223500,3.41,1525900,3.409,500800,3.408,141600,3.407,27900,3.406,1930500,3.405,86200,3.404,388500,3.403,25500,3.402,11800,3.412,60900,3.413,198600,3.414,316800,3.415,1079100,3.416,134800,3.417,298000,3.418,407400,3.419,694000,3.42,774400,3.421,172200
2020-09-03 10:33:39.000,3.411,20000.0,3.395,3.407411,3.414,3.398,3.411,207700,3.41,1017200,3.409,400800,3.408,650300,3.407,127900,3.406,1030500,3.405,986200,3.404,88500,3.403,325500,3.402,19800,3.412,103200,3.413,222100,3.414,610800,3.415,479100,3.416,134800,3.417,298000,3.418,857400,3.419,244000,3.42,774400,3.421,172200
2020-09-03 10:33:43.450,3.412,19100.0,3.395,3.407411,3.414,3.398,3.411,4200,3.41,117200,3.409,7800,3.408,858200,3.407,1028100,3.406,1030500,3.405,103900,3.404,88500,3.403,325500,3.402,19800,3.412,194700,3.413,517000,3.414,212800,3.415,389100,3.416,134800,3.417,298000,3.418,857400,3.419,244000,3.42,773400,3.421,172200
2020-09-03 10:33:45.840,3.412,800.0,3.395,3.407411,3.414,3.398,3.411,4100,3.41,117200,3.409,100800,3.408,951200,3.407,1128100,3.406,930500,3.405,1003900,3.404,988500,3.403,325500,3.402,19800,3.412,154000,3.413,197000,3.414,605800,3.415,484100,3.416,35200,3.417,398000,3.418,857400,3.419,244000,3.42,773400,3.421,172200
2020-09-03 10:33:50.070,3.411,2600.0,3.395,3.407411,3.414,3.398,3.411,1500,3.41,117200,3.409,100800,3.408,951200,3.407,1128100,3.406,930500,3.405,1003900,3.404,88500,3.403,25500,3.402,19800,3.412,159000,3.413,197000,3.414,605800,3.415,484100,3.416,35200,3.417,398000,3.418,857400,3.419,244000,3.42,773400,3.421,172200
2020-09-03 10:33:53.700,3.412,1000.0,3.395,3.4074120000000003,3.414,3.398,3.411,1500,3.41,117200,3.409,400800,3.408,592500,3.407,928100,3.406,1930500,3.405,103900,3.404,388500,3.403,25500,3.402,19800,3.412,158000,3.413,197000,3.414,605800,3.415,484100,3.416,135200,3.417,298000,3.418,858700,3.419,244000,3.42,773400,3.421,172200
2020-09-03 10:33:55.690,3.411,200.0,3.395,3.4074120000000003,3.414,3.398,3.411,511300,3.41,475900,3.409,500800,3.408,592500,3.407,1028100,3.406,1830500,3.405,103900,3.404,388500,3.403,25500,3.402,19800,3.412,158000,3.413,167000,3.414,305800,3.415,784100,3.416,35200,3.417,398100,3.418,858700,3.419,244000,3.42,773400,3.421,172200
2020-09-03 10:33:58.720,3.412,163800.0,3.395,3.407418,3.414,3.398,3.411,561300,3.41,775900,3.409,107800,3.408,499500,3.407,928100,3.406,1930500,3.405,103900,3.404,388500,3.403,25500,3.402,19800,3.412,3000,3.413,167000,3.414,212800,3.415,691100,3.416,135200,3.417,298100,3.418,858700,3.419,244000,3.42,773400,3.421,172200
2020-09-03 10:34:02.220,3.411,13000.0,3.395,3.4074190000000004,3.414,3.398,3.411,552600,3.41,475900,3.409,500800,3.408,592500,3.407,1028100,3.406,1830500,3.405,103900,3.404,388500,3.403,25500,3.402,19800,3.413,167000,3.414,305800,3.415,784100,3.416,35200,3.417,398100,3.418,858700,3.419,254000,3.42,773400,3.421,172200,3.422,195600
2020-09-03 10:34:12.640,3.412,1600.0,3.395,3.4074190000000004,3.413,3.398,3.411,60000,3.41,217800,3.409,400800,3.408,499500,3.407,928100,3.406,1030500,3.405,165600,3.404,926800,3.403,325500,3.402,19800,3.412,100100,3.413,197100,3.414,603000,3.415,489100,3.416,258200,3.417,236600,3.418,920200,3.419,254000,3.42,773400,3.421,172200
2020-09-03 10:34:17.540,3.412,2300.0,3.395,3.4074190000000004,3.414,3.398,3.411,60000,3.41,217800,3.409,400800,3.408,558200,3.407,1128100,3.406,930500,3.405,103900,3.404,388500,3.403,25500,3.402,19800,3.412,97800,3.413,207100,3.414,303000,3.415,789100,3.416,158200,3.417,398100,3.418,858700,3.419,254000,3.42,773400,3.421,172200
2020-09-03 10:34:21.560,3.411,200.0,3.395,3.4074190000000004,3.414,3.398,3.411,259800,3.41,557800,3.409,159500,3.408,599500,3.407,1028100,3.406,1830500,3.405,403900,3.404,88500,3.403,25500,3.402,19800,3.412,58400,3.413,177100,3.414,303000,3.415,789100,3.416,158200,3.417,398100,3.418,858700,3.419,254000,3.42,773400,3.421,172200
2020-09-03 10:34:26.630,3.411,21000.0,3.395,3.4074190000000004,3.414,3.398,3.411,238800,3.41,724800,3.409,516500,3.408,599500,3.407,928100,3.406,1930500,3.405,403900,3.404,88500,3.403,25500,3.402,19800,3.412,58400,3.413,177100,3.414,303000,3.415,696100,3.416,165200,3.417,748100,3.418,858800,3.419,254000,3.42,773400,3.421,172200
2020-09-03 10:34:28.240,3.411,5000.0,3.395,3.4074199999999997,3.414,3.398,3.411,237000,3.41,424800,3.409,909500,3.408,692500,3.407,928100,3.406,1930500,3.405,103900,3.404,388500,3.403,25500,3.402,19800,3.412,58400,3.413,207100,3.414,692800,3.415,489100,3.416,165200,3.417,748100,3.418,858800,3.419,254000,3.42,773300,3.421,172200
2020-09-03 10:34:43.230,3.412,600.0,3.395,3.4074199999999997,3.413,3.398,3.411,40900,3.41,28100,3.409,909500,3.408,692600,3.407,928100,3.406,1030500,3.405,1005900,3.404,388500,3.403,25500,3.402,19800,3.412,63300,3.413,207100,3.414,692800,3.415,489100,3.416,165200,3.417,754100,3.418,858800,3.419,254000,3.42,773300,3.421,172200
2020-09-03 10:34:47.110,3.411,4300.0,3.395,3.4074199999999997,3.413,3.398,3.411,36600,3.41,328100,3.409,609500,3.408,692600,3.407,1028100,3.406,1830500,3.405,105900,3.404,388500,3.403,25500,3.402,19800,3.412,63300,3.413,207100,3.414,392800,3.415,789100,3.416,65200,3.417,854100,3.418,858800,3.419,254000,3.42,773300,3.421,172200
2020-09-03 10:34:49.850,3.412,2500.0,3.395,3.4074199999999997,3.413,3.398,3.411,36600,3.41,328400,3.409,609500,3.408,692600,3.407,928100,3.406,1030500,3.405,1305900,3.404,88500,3.403,25500,3.402,19800,3.412,62800,3.413,207100,3.414,392800,3.415,789100,3.416,169900,3.417,754100,3.418,858800,3.419,254000,3.42,775300,3.421,172200
2020-09-03 10:34:54.880,3.412,20000.0,3.395,3.407421,3.414,3.398,3.411,236600,3.41,628400,3.409,609500,3.408,692600,3.407,1028100,3.406,1830500,3.405,405900,3.404,88500,3.403,25500,3.402,19800,3.412,42800,3.413,154500,3.414,292800,3.415,789100,3.416,69900,3.417,854100,3.418,858800,3.419,254000,3.42,775300,3.421,172200
2020-09-03 10:34:57.940,3.412,7400.0,3.395,3.407421,3.414,3.398,3.411,496600,3.41,628400,3.409,609500,3.408,692600,3.407,1028100,3.406,1830500,3.405,405900,3.404,88500,3.403,25500,3.402,19800,3.412,37400,3.413,114500,3.414,272800,3.415,789100,3.416,169900,3.417,854100,3.418,858800,3.419,254000,3.42,775300,3.421,172200
2020-09-03 10:34:59.460,3.412,37400.0,3.395,3.4074230000000005,3.414,3.398,3.412,66900,3.411,496600,3.41,632000,3.409,550800,3.408,592600,3.407,1928100,3.406,930500,3.405,405900,3.404,88500,3.403,25500,3.413,93700,3.414,272800,3.415,789100,3.416,169900,3.417,854100,3.418,853800,3.419,254000,3.42,775300,3.421,172200,3.422,195600
2020-09-03 10:35:04.220,3.414,104400.0,3.395,3.407428,3.414,3.398,3.413,800000,3.412,1066700,3.411,632400,3.41,332000,3.409,1357800,3.408,499600,3.407,1328100,3.406,30500,3.405,167600,3.404,26800,3.414,99300,3.415,296100,3.416,369600,3.417,892600,3.418,1015300,3.419,254000,3.42,775300,3.421,172200,3.422,195600,3.423,103800
2020-09-03 10:35:06.990,3.413,2900.0,3.395,3.407428,3.415,3.398,3.413,1739200,3.412,966700,3.411,1135200,3.41,2375000,3.409,107800,3.408,349600,3.407,27900,3.406,92200,3.405,105900,3.404,26800,3.414,99300,3.415,296100,3.416,162600,3.417,335600,3.418,953800,3.419,815500,3.42,775300,3.421,172200,3.422,195600,3.423,103800
2020-09-03 10:35:09.370,3.414,99300.0,3.395,3.407434,3.415,3.398,3.414,296200,3.413,735700,3.412,966700,3.411,1995200,3.41,575000,3.409,307800,3.408,149600,3.407,27900,3.406,92200,3.405,105900,3.415,296100,3.416,162600,3.417,335600,3.418,603800,3.419,726600,3.42,1225300,3.421,172200,3.422,195600,3.423,103800,3.424,197500
2020-09-03 10:35:12.130,3.414,100.0,3.395,3.407434,3.415,3.398,3.413,677100,3.412,868200,3.411,775400,3.41,1475000,3.409,1007800,3.408,49600,3.407,89600,3.406,30500,3.405,105900,3.404,26800,3.415,42500,3.416,162600,3.417,335600,3.418,803800,3.419,465100,3.42,1287100,3.421,172200,3.422,195600,3.423,103800,3.424,217500
2020-09-03 10:35:15.250,3.413,100.0,3.395,3.407434,3.416,3.398,3.413,355600,3.412,848200,3.411,775400,3.41,1475000,3.409,107800,3.408,349600,3.407,27900,3.406,92200,3.405,105900,3.404,26800,3.414,700,3.415,43300,3.416,162600,3.417,335600,3.418,503800,3.419,765100,3.42,1287100,3.421,172200,3.422,195600,3.423,103800
2020-09-03 10:35:20.790,3.414,1900.0,3.395,3.407434,3.416,3.398,3.414,2400,3.413,655600,3.412,764000,3.411,775400,3.41,575000,3.409,7800,3.408,1949600,3.407,27900,3.406,392200,3.405,105900,3.415,113300,3.416,163600,3.417,335600,3.418,803800,3.419,326600,3.42,1225600,3.421,172200,3.422,195600,3.423,103800,3.424,217500
2020-09-03 10:35:22.620,3.415,2000.0,3.395,3.407434,3.416,3.398,3.414,2400,3.413,355600,3.412,464000,3.411,775400,3.41,575000,3.409,107800,3.408,949600,3.407,389600,3.406,30500,3.405,105900,3.415,90300,3.416,233600,3.417,335600,3.418,703800,3.419,365100,3.42,1287100,3.421,172200,3.422,195600,3.423,103800,3.424,217500
2020-09-03 10:35:27.050,3.414,2400.0,3.395,3.407434,3.416,3.398,3.413,297000,3.412,64000,3.411,1175400,3.41,675000,3.409,907800,3.408,49600,3.407,389600,3.406,30500,3.405,105900,3.404,26800,3.414,2100,3.415,90300,3.416,233600,3.417,735600,3.418,403800,3.419,265100,3.42,1387600,3.421,178200,3.422,195600,3.423,103800
2020-09-03 10:35:30.410,3.414,2100.0,3.395,3.407434,3.416,3.398,3.414,202100,3.413,297000,3.412,462700,3.411,782400,3.41,482000,3.409,1907800,3.408,49600,3.407,327900,3.406,92200,3.405,105900,3.415,90400,3.416,100600,3.417,342600,3.418,803800,3.419,455600,3.42,1226100,3.421,178200,3.422,195600,3.423,103800,3.424,217500
2020-09-03 10:35:38.600,3.414,1100.0,3.395,3.407434,3.416,3.398,3.414,201000,3.413,307000,3.412,515700,3.411,875400,3.41,492000,3.409,1907800,3.408,49600,3.407,89600,3.406,30500,3.405,105900,3.415,105400,3.416,130600,3.417,735600,3.418,596800,3.419,394100,3.42,1289100,3.421,178200,3.422,195600,3.423,103800,3.424,217500
2020-09-03 10:35:40.140,3.414,100.0,3.395,3.407434,3.416,3.398,3.414,200900,3.413,307000,3.412,215700,3.411,1175400,3.41,492000,3.409,1007800,3.408,949600,3.407,89600,3.406,30500,3.405,105900,3.415,145400,3.416,150600,3.417,735600,3.418,596800,3.419,394100,3.42,1289100,3.421,178200,3.422,195600,3.423,103800,3.424,217500
2020-09-03 10:35:47.890,3.414,11500.0,3.395,3.407435,3.416,3.398,3.414,2700,3.413,307000,3.412,515700,3.411,875400,3.41,492000,3.409,1007800,3.408,949600,3.407,89600,3.406,330500,3.405,105900,3.415,157700,3.416,171300,3.417,735600,3.418,596800,3.419,394100,3.42,1291600,3.421,178200,3.422,195600,3.423,103800,3.424,217500
2020-09-03 10:35:50.950,3.415,1000.0,3.395,3.407435,3.416,3.398,3.414,2700,3.413,307000,3.412,457000,3.411,775400,3.41,492000,3.409,107800,3.408,949600,3.407,89600,3.406,330500,3.405,105900,3.415,156700,3.416,481300,3.417,435600,3.418,596800,3.419,394100,3.42,1291600,3.421,178200,3.422,195600,3.423,104900,3.424,217500
2020-09-03 10:36:00.300,3.414,8700.0,3.395,3.407436,3.416,3.398,3.413,307000,3.412,64000,3.411,1041100,3.41,692000,3.409,7800,3.408,949600,3.407,989600,3.406,330500,3.405,105900,3.404,26800,3.414,7300,3.415,186700,3.416,481300,3.417,323300,3.418,503800,3.419,294100,3.42,1391600,3.421,178200,3.422,195600,3.423,104900
2020-09-03 10:36:00.630,3.414,4300.0,3.395,3.407436,3.416,3.398,3.413,10000,3.412,64000,3.411,775400,3.41,943700,3.409,207800,3.408,49600,3.407,927900,3.406,92200,3.405,105900,3.404,326800,3.414,103000,3.415,208700,3.416,514300,3.417,416300,3.418,404100,3.419,455600,3.42,1230100,3.421,174200,3.422,195600,3.423,104900
2020-09-03 10:36:04.980,3.414,500.0,3.395,3.407436,3.416,3.398,3.413,10000,3.412,64000,3.411,1075400,3.41,643700,3.409,207800,3.408,1849600,3.407,27900,3.406,92200,3.405,105900,3.404,26800,3.414,2500,3.415,158700,3.416,214300,3.417,716300,3.418,404100,3.419,455700,3.42,1230100,3.421,174200,3.422,195600,3.423,104900
2020-09-03 10:36:14.860,3.413,10000.0,3.395,3.407436,3.416,3.398,3.413,295900,3.412,964000,3.411,741100,3.41,892000,3.409,1007800,3.408,949600,3.407,327900,3.406,92200,3.405,105900,3.404,26800,3.414,43800,3.415,158700,3.416,201300,3.417,623300,3.418,395900,3.419,453200,3.42,1230100,3.421,174200,3.422,195600,3.423,104900
2020-09-03 10:36:29.480,3.413,13900.0,3.395,3.4074370000000003,3.417,3.398,3.413,282000,3.412,1264000,3.411,875400,3.41,585500,3.409,1807800,3.408,149600,3.407,327900,3.406,92200,3.405,105900,3.404,26800,3.414,53000,3.415,100300,3.416,174300,3.417,716300,3.418,595900,3.419,356000,3.42,1231100,3.421,174200,3.422,195600,3.423,111900
2020-09-03 10:36:32.260,3.413,4300.0,3.395,3.4074370000000003,3.417,3.398,3.413,281900,3.412,1264000,3.411,875400,3.41,585500,3.409,1807800,3.408,149600,3.407,27900,3.406,92200,3.405,150300,3.404,26800,3.414,49200,3.415,100300,3.416,174300,3.417,716300,3.418,595900,3.419,356000,3.42,1231100,3.421,174200,3.422,195600,3.423,111900
2020-09-03 10:36:39.590,3.413,4000.0,3.395,3.4074370000000003,3.416,3.398,3.413,278900,3.412,1322700,3.411,875400,3.41,585500,3.409,1807800,3.408,149600,3.407,27900,3.406,392300,3.405,150300,3.404,26800,3.414,48200,3.415,170800,3.416,174300,3.417,716300,3.418,595900,3.419,359300,3.42,1231100,3.421,174200,3.422,195600,3.423,111900
2020-09-03 10:36:45.120,3.414,38200.0,3.395,3.4074400000000002,3.416,3.398,3.413,279100,3.412,1322700,3.411,875400,3.41,585500,3.409,907800,3.408,149600,3.407,927900,3.406,392300,3.405,150300,3.404,26800,3.414,99500,3.415,130800,3.416,174300,3.417,716300,3.418,595900,3.419,359300,3.42,1238700,3.421,174200,3.422,195600,3.423,111900
2020-09-03 10:36:50.770,3.414,5000.0,3.395,3.4074400000000002,3.417,3.398,3.413,337700,3.412,1264000,3.411,875400,3.41,585500,3.409,1007800,3.408,49600,3.407,327900,3.406,92300,3.405,150300,3.404,26800,3.414,94500,3.415,100800,3.416,184300,3.417,716300,3.418,495900,3.419,459300,3.42,1238700,3.421,174200,3.422,195600,3.423,111900
2020-09-03 10:36:53.350,3.413,8800.0,3.395,3.4074400000000002,3.417,3.398,3.413,333900,3.412,1304000,3.411,875400,3.41,585500,3.409,1907800,3.408,49600,3.407,327900,3.406,92300,3.405,150300,3.404,26800,3.414,89500,3.415,100800,3.416,184300,3.417,716300,3.418,505900,3.419,459300,3.42,1238700,3.421,174200,3.422,205600,3.423,111900
2020-09-03 10:36:54.360,3.414,89500.0,3.395,3.4074459999999998,3.417,3.398,3.414,1310500,3.413,633900,3.412,1044000,3.411,782400,3.41,1392500,3.409,7800,3.408,449600,3.407,27900,3.406,92300,3.405,150300,3.415,100800,3.416,91300,3.417,323300,3.418,905900,3.419,359300,3.42,1238700,3.421,174200,3.422,211600,3.423,111900,3.424,217500
2020-09-03 10:36:56.850,3.414,6000.0,3.395,3.4074459999999998,3.417,3.398,3.414,409500,3.413,941900,3.412,1137000,3.411,875400,3.41,1392500,3.409,1007800,3.408,49600,3.407,89600,3.406,30600,3.405,150300,3.415,100800,3.416,92100,3.417,416300,3.418,898900,3.419,397800,3.42,1300200,3.421,174200,3.422,211600,3.423,111900,3.424,217500
2020-09-03 10:37:01.490,3.414,11100.0,3.395,3.4074470000000003,3.417,3.398,3.414,402700,3.413,941900,3.412,1137000,3.411,875400,3.41,1392500,3.409,1007800,3.408,49600,3.407,389600,3.406,30600,3.405,150300,3.415,120800,3.416,122100,3.417,416300,3.418,898900,3.419,397800,3.42,1300200,3.421,174200,3.422,211600,3.423,111900,3.424,217500
2020-09-03 10:37:04.010,3.414,10000.0,3.395,3.4074470000000003,3.417,3.398,3.414,392700,3.413,883300,3.412,1587000,3.411,875400,3.41,942500,3.409,1007800,3.408,49600,3.407,389600,3.406,30600,3.405,150300,3.415,120800,3.416,122100,3.417,416300,3.418,898900,3.419,397800,3.42,1290200,3.421,174200,3.422,211600,3.423,111900,3.424,217500
2020-09-03 10:37:06.840,3.414,10000.0,3.395,3.4074480000000005,3.417,3.398,3.414,82700,3.413,641900,3.412,1287000,3.411,875400,3.41,942500,3.409,1007800,3.408,349600,3.407,89600,3.406,30600,3.405,150300,3.415,120800,3.416,122100,3.417,316300,3.418,898900,3.419,497800,3.42,1290200,3.421,174200,3.422,211600,3.423,111900,3.424,217500
2020-09-03 10:37:13.930,3.415,100.0,3.395,3.4074480000000005,3.417,3.398,3.414,82700,3.413,283300,3.412,1547000,3.411,875400,3.41,936500,3.409,107800,3.408,949600,3.407,389600,3.406,30600,3.405,150300,3.415,130700,3.416,152100,3.417,616300,3.418,598900,3.419,497800,3.42,1290200,3.421,174200,3.422,211600,3.423,111900,3.424,217500
2020-09-03 10:37:22.210,3.415,5700.0,3.395,3.4074480000000005,3.417,3.398,3.414,82700,3.413,736300,3.412,1114000,3.411,332400,3.41,136500,3.409,1807800,3.408,49600,3.407,389600,3.406,30600,3.405,150300,3.415,132100,3.416,122100,3.417,523300,3.418,505900,3.419,297800,3.42,941500,3.421,174200,3.422,661600,3.423,111900,3.424,218600
2020-09-03 10:37:32.000,3.415,5000.0,3.395,3.4074489999999997,3.417,3.398,3.414,109000,3.413,736800,3.412,1265700,3.411,425400,3.41,136500,3.409,907800,3.408,949600,3.407,389600,3.406,30600,3.405,150300,3.415,137100,3.416,159200,3.417,716300,3.418,598900,3.419,297800,3.42,940100,3.421,174200,3.422,661600,3.423,111900,3.424,218600
2020-09-03 10:37:35.580,3.415,1000.0,3.395,3.4074489999999997,3.418,3.398,3.414,109000,3.413,736800,3.412,1265700,3.411,425400,3.41,136500,3.409,907800,3.408,949600,3.407,389600,3.406,30600,3.405,150300,3.415,136100,3.416,159200,3.417,717900,3.418,598900,3.419,300800,3.42,940100,3.421,174200,3.422,661600,3.423,111900,3.424,218600
2020-09-03 10:37:38.600,3.415,30100.0,3.395,3.407451,3.418,3.398,3.414,108900,3.413,736800,3.412,1172700,3.411,332400,3.41,136500,3.409,907800,3.408,49600,3.407,389600,3.406,30600,3.405,150300,3.415,106100,3.416,159200,3.417,634900,3.418,505900,3.419,298300,3.42,940100,3.421,174200,3.422,661600,3.423,111900,3.424,218600
2020-09-03 10:37:50.270,3.414,400.0,3.395,3.407451,3.417,3.398,3.414,168100,3.413,1173800,3.412,907000,3.411,325400,3.41,1036500,3.409,907800,3.408,349600,3.407,89600,3.406,30600,3.405,150300,3.415,134900,3.416,59200,3.417,334300,3.418,898900,3.419,398300,3.42,945600,3.421,174200,3.422,661600,3.423,111900,3.424,218600
2020-09-03 10:37:51.450,3.414,8800.0,3.395,3.407451,3.418,3.398,3.414,159300,3.413,1173800,3.412,814000,3.411,232400,3.41,936500,3.409,1007800,3.408,349600,3.407,89600,3.406,30600,3.405,150300,3.415,144900,3.416,59200,3.417,241300,3.418,805900,3.419,498300,3.42,845600,3.421,174200,3.422,661600,3.423,111900,3.424,218600
2020-09-03 10:37:56.150,3.414,7000.0,3.395,3.4074519999999997,3.418,3.398,3.414,172300,3.413,1173300,3.412,907000,3.411,325400,3.41,1828900,3.409,107800,3.408,349600,3.407,89600,3.406,30600,3.405,150300,3.415,144900,3.416,59200,3.417,334300,3.418,898900,3.419,498300,3.42,845600,3.421,174200,3.422,661600,3.423,111900,3.424,218600
2020-09-03 10:37:57.330,3.415,144900.0,3.395,3.407461,3.418,3.398,3.415,59800,3.414,172300,3.413,1133300,3.412,907000,3.411,325400,3.41,1828700,3.409,107800,3.408,349600,3.407,89600,3.406,30600,3.416,91200,3.417,334300,3.418,898900,3.419,498300,3.42,845600,3.421,174200,3.422,661600,3.423,111900,3.424,218600,3.425,766700
2020-09-03 10:38:00.460,3.415,8800.0,3.395,3.407462,3.418,3.398,3.415,63800,3.414,105200,3.413,1091900,3.412,1007000,3.411,325400,3.41,1928700,3.409,907800,3.408,411300,3.407,27900,3.406,30600,3.416,77800,3.417,454300,3.418,898900,3.419,398300,3.42,884100,3.421,235600,3.422,661600,3.423,111900,3.424,218600,3.425,766700
2020-09-03 10:38:11.900,3.415,21700.0,3.395,3.407463,3.418,3.398,3.415,42100,3.414,63100,3.413,1184900,3.412,1007000,3.411,232400,3.41,1928700,3.409,7800,3.408,411300,3.407,27900,3.406,30600,3.416,77800,3.417,361300,3.418,1062500,3.419,491300,3.42,884100,3.421,235600,3.422,661600,3.423,111900,3.424,218600,3.425,766700
2020-09-03 10:38:15.710,3.415,77200.0,3.395,3.407468,3.418,3.398,3.414,63100,3.413,1184900,3.412,1007000,3.411,232400,3.41,1028800,3.409,907800,3.408,411300,3.407,27900,3.406,30600,3.405,150300,3.415,27800,3.416,96700,3.417,161300,3.418,1062500,3.419,491300,3.42,884100,3.421,235600,3.422,661600,3.423,111900,3.424,218600
2020-09-03 10:38:20.380,3.415,800.0,3.395,3.407468,3.418,3.398,3.414,63100,3.413,1091900,3.412,914000,3.411,232400,3.41,1028800,3.409,907800,3.408,349600,3.407,89600,3.406,30600,3.405,150300,3.415,27000,3.416,99700,3.417,161300,3.418,969500,3.419,398300,3.42,945600,3.421,174200,3.422,661600,3.423,111900,3.424,218600
2020-09-03 10:38:29.780,3.414,50000.0,3.395,3.4074709999999997,3.418,3.398,3.414,64700,3.413,733300,3.412,1207000,3.411,325400,3.41,128800,3.409,907800,3.408,949600,3.407,89600,3.406,30600,3.405,105900,3.415,192300,3.416,216700,3.417,593400,3.418,562500,3.419,398300,3.42,952500,3.421,624200,3.422,661600,3.423,111900,3.424,188600
2020-09-03 10:38:32.420,3.415,1000.0,3.395,3.4074709999999997,3.418,3.398,3.414,68800,3.413,733300,3.412,965700,3.411,725400,3.41,28800,3.409,1007800,3.408,949600,3.407,389600,3.406,30600,3.405,105900,3.415,221300,3.416,216700,3.417,603400,3.418,562500,3.419,398300,3.42,852500,3.421,624200,3.422,661600,3.423,111900,3.424,188600
2020-09-03 10:38:40.370,3.414,68800.0,3.395,3.407475,3.416,3.398,3.413,8200,3.412,665700,3.411,425400,3.41,428800,3.409,7800,3.408,49600,3.407,1889600,3.406,30600,3.405,405900,3.404,26800,3.414,11200,3.415,561900,3.416,218500,3.417,303400,3.418,462500,3.419,298300,3.42,952500,3.421,624200,3.422,211600,3.423,111900
2020-09-03 10:38:42.560,3.414,4700.0,3.395,3.4074760000000004,3.416,3.398,3.413,8200,3.412,665700,3.411,725400,3.41,28800,3.409,107800,3.408,949600,3.407,27900,3.406,1292300,3.405,105900,3.404,26800,3.414,36500,3.415,262800,3.416,518700,3.417,283400,3.418,462500,3.419,459800,3.42,791000,3.421,624200,3.422,211600,3.423,111900
2020-09-03 10:38:47.770,3.413,14300.0,3.395,3.4074760000000004,3.417,3.398,3.413,6100,3.412,665700,3.411,725400,3.41,28800,3.409,107800,3.408,1849600,3.407,27900,3.406,392300,3.405,105900,3.404,26800,3.415,240600,3.416,518700,3.417,283400,3.418,462500,3.419,459800,3.42,791000,3.421,624200,3.422,211600,3.423,111900,3.424,188600
2020-09-03 10:38:51.030,3.414,800.0,3.395,3.4074769999999996,3.417,3.398,3.413,6100,3.412,872700,3.411,425400,3.41,121800,3.409,7800,3.408,1949600,3.407,27900,3.406,392300,3.405,105900,3.404,26800,3.414,15200,3.415,210600,3.416,318700,3.417,583400,3.418,562500,3.419,298300,3.42,852500,3.421,624300,3.422,211600,3.423,111900
2020-09-03 10:38:52.030,3.412,129600.0,3.395,3.407482,3.417,3.398,3.412,449200,3.411,725400,3.41,121800,3.409,107800,3.408,949600,3.407,927900,3.406,92300,3.405,105900,3.404,26800,3.403,35500,3.413,15300,3.414,20200,3.415,240600,3.416,599500,3.417,283400,3.418,462500,3.419,459800,3.42,794700,3.421,624300,3.422,211700
2020-09-03 10:38:54.190,3.413,100.0,3.395,3.407482,3.416,3.398,3.412,729200,3.411,725400,3.41,121800,3.409,7800,3.408,949600,3.407,1027900,3.406,330600,3.405,167600,3.404,26800,3.403,35500,3.413,15200,3.414,35200,3.415,245600,3.416,479500,3.417,383400,3.418,519000,3.419,298300,3.42,794700,3.421,624300,3.422,211700
2020-09-03 10:39:00.580,3.413,4400.0,3.395,3.407482,3.416,3.398,3.412,1029200,3.411,765400,3.41,121800,3.409,7800,3.408,1949600,3.407,27900,3.406,330600,3.405,167600,3.404,26800,3.403,35500,3.413,10800,3.414,35200,3.415,255600,3.416,479500,3.417,283400,3.418,619000,3.419,298300,3.42,799700,3.421,624300,3.422,211700
2020-09-03 10:39:01.570,3.413,10800.0,3.395,3.407482,3.416,3.398,3.413,44200,3.412,970500,3.411,232400,3.41,328800,3.409,7800,3.408,149600,3.407,1827900,3.406,30600,3.405,167600,3.404,326800,3.414,135200,3.415,555600,3.416,179500,3.417,190400,3.418,526000,3.419,298300,3.42,799700,3.421,624300,3.422,211700,3.423,114000
2020-09-03 10:39:11.000,3.412,200.0,3.395,3.407482,3.416,3.398,3.412,390300,3.411,232400,3.41,480500,3.409,200800,3.408,149600,3.407,927900,3.406,930600,3.405,167600,3.404,326800,3.403,35500,3.413,5100,3.414,135200,3.415,767300,3.416,272500,3.417,90400,3.418,526000,3.419,298300,3.42,849700,3.421,624300,3.422,211700
2020-09-03 10:39:14.120,3.413,22100.0,3.395,3.4074839999999997,3.416,3.398,3.412,390300,3.411,232400,3.41,480500,3.409,200800,3.408,49600,3.407,1027900,3.406,930600,3.405,467600,3.404,26800,3.403,35500,3.413,130000,3.414,135200,3.415,469300,3.416,272500,3.417,190400,3.418,426000,3.419,298300,3.42,849700,3.421,624300,3.422,211700
2020-09-03 10:39:17.650,3.413,141900.0,3.395,3.40749,3.416,3.398,3.413,138100,3.412,750300,3.411,312400,3.41,28800,3.409,907800,3.408,1049600,3.407,27900,3.406,330600,3.405,167600,3.404,26800,3.414,35200,3.415,156300,3.416,379500,3.417,90400,3.418,526000,3.419,298300,3.42,849700,3.421,624300,3.422,211700,3.423,114000
2020-09-03 10:39:23.230,3.413,100000.0,3.395,3.4074949999999995,3.416,3.398,3.413,42100,3.412,449000,3.411,332400,3.41,421800,3.409,110800,3.408,149600,3.407,927900,3.406,992300,3.405,105900,3.404,26800,3.414,135200,3.415,384300,3.416,472500,3.417,90400,3.418,464500,3.419,359800,3.42,851700,3.421,624300,3.422,211700,3.423,114000
2020-09-03 10:39:24.270,3.413,42100.0,3.395,3.407497,3.416,3.398,3.412,449000,3.411,332400,3.41,121800,3.409,410800,3.408,149600,3.407,927900,3.406,992300,3.405,105900,3.404,26800,3.403,35500,3.413,254000,3.414,135200,3.415,678400,3.416,172500,3.417,90400,3.418,464500,3.419,359800,3.42,851700,3.421,624300,3.422,211700
2020-09-03 10:39:27.500,3.412,1000.0,3.395,3.407497,3.416,3.398,3.412,439300,3.411,232400,3.41,121800,3.409,410800,3.408,149600,3.407,1827900,3.406,30600,3.405,167600,3.404,326800,3.403,35500,3.413,284000,3.414,135200,3.415,778400,3.416,272500,3.417,90400,3.418,526000,3.419,298300,3.42,853700,3.421,624300,3.422,211700
2020-09-03 10:39:30.730,3.413,1100.0,3.395,3.407497,3.416,3.398,3.412,443500,3.411,312400,3.41,480500,3.409,210800,3.408,949600,3.407,1027900,3.406,30600,3.405,167600,3.404,26800,3.403,35500,3.413,253500,3.414,36000,3.415,628400,3.416,272500,3.417,290400,3.418,426000,3.419,298300,3.42,1303700,3.421,174300,3.422,211700
2020-09-03 10:39:43.750,3.412,202299.0,3.395,3.4075050000000005,3.415,3.398,3.412,52900,3.411,682400,3.41,328800,3.409,918000,3.408,1048700,3.407,27900,3.406,930600,3.405,467600,3.404,26800,3.403,35500,3.413,600,3.414,106000,3.415,655400,3.416,179500,3.417,130400,3.418,977500,3.419,298300,3.42,853700,3.421,174300,3.422,211700
2020-09-03 10:40:00.570,3.413,4300.0,3.395,3.4075050000000005,3.415,3.398,3.412,53100,3.411,682400,3.41,480500,3.409,1111000,3.408,48700,3.407,1027900,3.406,930600,3.405,167600,3.404,326800,3.403,35500,3.413,4000,3.414,182400,3.415,748400,3.416,272500,3.417,230400,3.418,437500,3.419,298200,3.42,1303700,3.421,176000,3.422,211700
2020-09-03 10:40:02.010,3.413,900.0,3.395,3.4075059999999997,3.415,3.398,3.412,52300,3.411,532400,3.41,180500,3.409,1561000,3.408,1048700,3.407,927900,3.406,330600,3.405,167600,3.404,26800,3.403,35500,3.413,3900,3.414,42400,3.415,348400,3.416,572500,3.417,230400,3.418,537500,3.419,748200,3.42,853700,3.421,176000,3.422,211700
2020-09-03 10:40:08.390,3.412,600.0,3.395,3.4075059999999997,3.415,3.398,3.412,51700,3.411,272400,3.41,480500,3.409,1561000,3.408,1048700,3.407,927900,3.406,30600,3.405,167600,3.404,26800,3.403,35500,3.413,3900,3.414,42400,3.415,348400,3.416,572500,3.417,220400,3.418,537500,3.419,748200,3.42,873700,3.421,176000,3.422,211700
2020-09-03 10:40:10.290,3.413,3900.0,3.395,3.4075059999999997,3.415,3.398,3.412,351700,3.411,612400,3.41,87500,3.409,1468000,3.408,1848700,3.407,127900,3.406,330600,3.405,167600,3.404,26800,3.403,35500,3.413,10000,3.414,42400,3.415,255400,3.416,479500,3.417,320400,3.418,437500,3.419,748200,3.42,873700,3.421,176000,3.422,211700
2020-09-03 10:40:14.750,3.415,96100.0,3.395,3.407512,3.415,3.398,3.412,750400,3.411,772400,3.41,121800,3.409,2361000,3.408,148700,3.407,327900,3.406,30600,3.405,167600,3.404,26800,3.403,35500,3.415,219700,3.416,172500,3.417,520400,3.418,637500,3.419,748200,3.42,873700,3.421,176000,3.422,211700,3.423,114000,3.424,188600
2020-09-03 10:40:20.340,3.413,8100.0,3.395,3.407512,3.416,3.398,3.413,294700,3.412,950900,3.411,772400,3.41,221800,3.409,2361000,3.408,948700,3.407,327900,3.406,30600,3.405,167600,3.404,26800,3.415,126700,3.416,79500,3.417,613400,3.418,632500,3.419,748200,3.42,973700,3.421,176000,3.422,211700,3.423,114000,3.424,189300
2020-09-03 10:40:21.500,3.415,4200.0,3.395,3.407512,3.416,3.398,3.413,294700,3.412,702000,3.411,1042400,3.41,121800,3.409,3261000,3.408,148700,3.407,27900,3.406,392300,3.405,105900,3.404,26800,3.415,122500,3.416,149500,3.417,608400,3.418,671000,3.419,748200,3.42,935200,3.421,176000,3.422,211700,3.423,114000,3.424,189300
2020-09-03 10:40:29.410,3.415,40000.0,3.395,3.407515,3.415,3.398,3.413,5300,3.412,983300,3.411,742400,3.41,128800,3.409,3168000,3.408,48700,3.407,27900,3.406,92300,3.405,106500,3.404,26800,3.415,288000,3.416,149500,3.417,515400,3.418,478000,3.419,748200,3.42,1030200,3.421,176000,3.422,211700,3.423,114000,3.424,189300
2020-09-03 10:40:32.070,3.413,5000.0,3.395,3.407515,3.416,3.398,3.413,63000,3.412,983300,3.411,835400,3.41,221800,3.409,3168000,3.408,48700,3.407,327900,3.406,92300,3.405,106500,3.404,26800,3.415,323000,3.416,105700,3.417,308400,3.418,871000,3.419,748200,3.42,1029700,3.421,176000,3.422,211700,3.423,114000,3.424,189300
2020-09-03 10:40:43.780,3.414,8800.0,3.395,3.407516,3.416,3.398,3.413,2300,3.412,702000,3.411,1182400,3.41,28800,3.409,1818000,3.408,1048700,3.407,27900,3.406,392300,3.405,106500,3.404,26800,3.414,43300,3.415,339900,3.416,186000,3.417,515400,3.418,578100,3.419,359700,3.42,868200,3.421,626000,3.422,211700,3.423,120000
2020-09-03 10:40:57.840,3.414,400.0,3.395,3.407516,3.417,3.398,3.413,317300,3.412,440000,3.411,1482400,3.41,28800,3.409,1017800,3.408,978700,3.407,42900,3.406,392300,3.405,106500,3.404,26800,3.414,383000,3.415,309900,3.416,126000,3.417,515400,3.418,478100,3.419,459700,3.42,871400,3.421,626000,3.422,211700,3.423,120000
2020-09-03 10:41:01.000,3.414,423200.0,3.395,3.407539,3.417,3.398,3.413,10000,3.412,440000,3.411,1575400,3.41,121800,3.409,1017800,3.408,978700,3.407,42900,3.406,392300,3.405,106500,3.404,26800,3.414,14700,3.415,309900,3.416,219000,3.417,608400,3.418,478100,3.419,459700,3.42,871400,3.421,626000,3.422,211700,3.423,120000
2020-09-03 10:41:06.580,3.413,13000.0,3.395,3.40754,3.416,3.398,3.412,344700,3.411,1095400,3.41,121800,3.409,117800,3.408,78700,3.407,1842900,3.406,92300,3.405,106500,3.404,26800,3.403,35500,3.413,87000,3.414,44700,3.415,546400,3.416,219000,3.417,608400,3.418,378100,3.419,459700,3.42,871400,3.421,626000,3.422,211700
2020-09-03 10:41:17.780,3.412,45100.0,3.395,3.407541,3.417,3.398,3.411,761100,3.41,521800,3.409,110800,3.408,178700,3.407,1842900,3.406,30600,3.405,468200,3.404,26800,3.403,35500,3.402,24100,3.412,54900,3.413,87000,3.414,45300,3.415,940900,3.416,149000,3.417,215400,3.418,539600,3.419,298200,3.42,871400,3.421,626000
2020-09-03 10:41:19.660,3.413,57200.0,3.395,3.407544,3.417,3.398,3.412,429900,3.411,1042400,3.41,201800,3.409,110800,3.408,78700,3.407,1942900,3.406,330600,3.405,106500,3.404,88500,3.403,35500,3.413,89300,3.414,34200,3.415,400900,3.416,549000,3.417,376900,3.418,378100,3.419,298200,3.42,1321400,3.421,626000,3.422,211700
2020-09-03 10:41:22.380,3.413,15800.0,3.395,3.407544,3.417,3.398,3.412,671400,3.411,1101100,3.41,301800,3.409,110800,3.408,1078700,3.407,42900,3.406,330600,3.405,168200,3.404,26800,3.403,35500,3.413,73500,3.414,34200,3.415,403800,3.416,549000,3.417,215400,3.418,539600,3.419,298200,3.42,1321400,3.421,626000,3.422,211700
2020-09-03 10:41:27.540,3.412,500.0,3.395,3.407544,3.417,3.398,3.412,680900,3.411,1101100,3.41,315000,3.409,1011000,3.408,1078700,3.407,942900,3.406,330600,3.405,168200,3.404,26800,3.403,35500,3.413,73500,3.414,34200,3.415,403800,3.416,549000,3.417,215400,3.418,539600,3.419,298200,3.42,1320400,3.421,626000,3.422,211700
2020-09-03 10:41:32.170,3.412,204500.0,3.395,3.4075519999999995,3.416,3.398,3.412,481500,3.411,761100,3.41,615000,3.409,1011000,3.408,978700,3.407,1042900,3.406,30600,3.405,168200,3.404,26800,3.403,35500,3.413,69100,3.414,64200,3.415,703800,3.416,249000,3.417,315400,3.418,439600,3.419,298200,3.42,1320400,3.421,626000,3.422,211700
2020-09-03 10:41:36.080,3.413,100.0,3.395,3.4075519999999995,3.416,3.398,3.412,481500,3.411,682400,3.41,515000,3.409,1011000,3.408,978700,3.407,1042900,3.406,30600,3.405,468200,3.404,26800,3.403,35500,3.413,69000,3.414,34200,3.415,703800,3.416,249000,3.417,315400,3.418,439600,3.419,298200,3.42,1320400,3.421,626000,3.422,211700
2020-09-03 10:41:36.730,3.413,800.0,3.395,3.4075519999999995,3.416,3.398,3.412,224200,3.411,682400,3.41,533700,3.409,1111200,3.408,178700,3.407,42900,3.406,1830600,3.405,168200,3.404,26800,3.403,35500,3.413,98200,3.414,274200,3.415,703800,3.416,252600,3.417,115400,3.418,539600,3.419,298200,3.42,1320400,3.421,626000,3.422,211700
2020-09-03 10:41:42.280,3.413,100.0,3.395,3.4075519999999995,3.416,3.398,3.412,10700,3.411,682400,3.41,493700,3.409,1111200,3.408,178700,3.407,42900,3.406,1830600,3.405,468200,3.404,26800,3.403,35500,3.413,78100,3.414,144200,3.415,803800,3.416,252600,3.417,115400,3.418,539600,3.419,298200,3.42,1320500,3.421,176000,3.422,211700
2020-09-03 10:41:46.230,3.413,4000.0,3.395,3.407553,3.416,3.398,3.412,10700,3.411,682400,3.41,493700,3.409,1111200,3.408,178700,3.407,42900,3.406,1830600,3.405,168200,3.404,326800,3.403,35500,3.413,144100,3.414,174200,3.415,803800,3.416,257600,3.417,115400,3.418,539600,3.419,298200,3.42,1320500,3.421,176000,3.422,211700
2020-09-03 10:41:49.020,3.413,200.0,3.395,3.407553,3.416,3.398,3.412,10700,3.411,482400,3.41,193700,3.409,1411200,3.408,178700,3.407,42900,3.406,1830600,3.405,168200,3.404,326800,3.403,35500,3.413,143900,3.414,474200,3.415,503800,3.416,257600,3.417,115400,3.418,539600,3.419,298200,3.42,1320500,3.421,176000,3.422,211700
2020-09-03 10:41:52.220,3.412,10700.0,3.395,3.407553,3.416,3.398,3.411,482400,3.41,135000,3.409,1311200,3.408,178700,3.407,42900,3.406,1830600,3.405,168200,3.404,26800,3.403,335500,3.402,24100,3.413,145800,3.414,477200,3.415,503800,3.416,264600,3.417,115400,3.418,539600,3.419,298200,3.42,1320500,3.421,176000,3.422,211700
2020-09-03 10:41:56.390,3.411,91800.0,3.395,3.4075559999999996,3.416,3.398,3.411,390600,3.41,42000,3.409,1369900,3.408,271700,3.407,142900,3.406,930600,3.405,106500,3.404,388500,3.403,35500,3.402,24100,3.413,186000,3.414,477200,3.415,503800,3.416,264600,3.417,215400,3.418,439600,3.419,298200,3.42,1320500,3.421,176000,3.422,211700
2020-09-03 10:42:01.570,3.412,2000.0,3.395,3.4075559999999996,3.416,3.398,3.412,11400,3.411,390600,3.41,44000,3.409,1369900,3.408,271700,3.407,42900,3.406,1030600,3.405,168200,3.404,326800,3.403,35500,3.413,148000,3.414,477200,3.415,503800,3.416,264600,3.417,115400,3.418,439600,3.419,748200,3.42,1323500,3.421,176000,3.422,211700
2020-09-03 10:42:03.720,3.412,3200.0,3.395,3.4075559999999996,3.416,3.398,3.412,8400,3.411,647900,3.41,644000,3.409,1069900,3.408,271700,3.407,142900,3.406,1830600,3.405,468200,3.404,26800,3.403,35500,3.413,77800,3.414,177200,3.415,803800,3.416,264600,3.417,215400,3.418,439600,3.419,748200,3.42,1323500,3.421,176000,3.422,211700
2020-09-03 10:42:06.520,3.413,7200.0,3.395,3.4075559999999996,3.416,3.398,3.412,1700,3.411,647900,3.41,644000,3.409,1069900,3.408,271700,3.407,142900,3.406,1830600,3.405,468200,3.404,26800,3.403,35500,3.413,77300,3.414,177200,3.415,718800,3.416,264600,3.417,215400,3.418,439900,3.419,748200,3.42,1323500,3.421,176000,3.422,211700
2020-09-03 10:42:08.830,3.411,30000.0,3.395,3.407557,3.415,3.398,3.412,10000,3.411,619600,3.41,737000,3.409,1011200,3.408,178700,3.407,1842900,3.406,930600,3.405,468200,3.404,26800,3.403,35500,3.413,77300,3.414,107200,3.415,819100,3.416,264600,3.417,115400,3.418,539900,3.419,748200,3.42,1323500,3.421,176000,3.422,211700
2020-09-03 10:42:12.860,3.412,8900.0,3.395,3.407557,3.415,3.398,3.412,1100,3.411,619600,3.41,795700,3.409,1111200,3.408,78700,3.407,942900,3.406,1030600,3.405,168200,3.404,326800,3.403,35500,3.413,80800,3.414,177200,3.415,819100,3.416,364600,3.417,115400,3.418,439900,3.419,748200,3.42,1323500,3.421,176000,3.422,211700
2020-09-03 10:42:14.980,3.413,14100.0,3.395,3.4075580000000003,3.415,3.398,3.411,619600,3.41,437000,3.409,1369900,3.408,178700,3.407,1042900,3.406,930600,3.405,168200,3.404,326800,3.403,35500,3.402,24100,3.412,3200,3.413,139800,3.414,177200,3.415,819100,3.416,264600,3.417,215400,3.418,439900,3.419,748200,3.42,1323500,3.421,176000
2020-09-03 10:42:18.370,3.412,3200.0,3.395,3.4075580000000003,3.416,3.398,3.412,900,3.411,619600,3.41,437000,3.409,1369900,3.408,278700,3.407,957900,3.406,930600,3.405,106500,3.404,388500,3.403,35500,3.413,139800,3.414,177200,3.415,816200,3.416,264600,3.417,176900,3.418,478400,3.419,748200,3.42,1323500,3.421,176000,3.422,211700
2020-09-03 10:42:24.790,3.413,69800.0,3.395,3.407561,3.415,3.398,3.413,29800,3.412,900,3.411,771000,3.41,537000,3.409,1011200,3.408,1878700,3.407,157900,3.406,330600,3.405,168200,3.404,26800,3.414,37200,3.415,416200,3.416,564600,3.417,315400,3.418,439900,3.419,748200,3.42,1323500,3.421,176000,3.422,211700,3.423,125000
2020-09-03 10:42:27.200,3.414,30200.0,3.395,3.4075629999999997,3.415,3.398,3.413,29800,3.412,900,3.411,761000,3.41,537000,3.409,1011200,3.408,1978700,3.407,57900,3.406,392300,3.405,106500,3.404,26800,3.414,7000,3.415,526200,3.416,564600,3.417,215400,3.418,478400,3.419,809700,3.42,1323500,3.421,176000,3.422,211700,3.423,125000
2020-09-03 10:42:31.380,3.413,6800.0,3.395,3.4075629999999997,3.415,3.398,3.413,27100,3.412,900,3.411,662300,3.41,495700,3.409,1211200,3.408,978700,3.407,957900,3.406,92300,3.405,406500,3.404,26800,3.414,107500,3.415,556200,3.416,564600,3.417,215400,3.418,378400,3.419,909700,3.42,1323500,3.421,176000,3.422,211700,3.423,125000
2020-09-03 10:42:37.230,3.413,6000.0,3.395,3.407564,3.415,3.398,3.413,21100,3.412,900,3.411,455300,3.41,795700,3.409,1018200,3.408,1078700,3.407,957900,3.406,92300,3.405,406500,3.404,26800,3.414,107500,3.415,463200,3.416,564600,3.417,308400,3.418,478400,3.419,809700,3.42,1323500,3.421,176000,3.422,211700,3.423,125000
2020-09-03 10:42:40.730,3.414,1500.0,3.395,3.407564,3.415,3.398,3.413,21100,3.412,900,3.411,755300,3.41,495700,3.409,1018200,3.408,1078700,3.407,957900,3.406,392300,3.405,106500,3.404,26800,3.414,106000,3.415,463200,3.416,564600,3.417,308400,3.418,478400,3.419,809700,3.42,1323500,3.421,176000,3.422,211700,3.423,125000
2020-09-03 10:42:43.720,3.413,21100.0,3.395,3.407565,3.415,3.398,3.412,900,3.411,755300,3.41,495700,3.409,1118200,3.408,987800,3.407,957900,3.406,392300,3.405,106500,3.404,26800,3.403,35500,3.413,78900,3.414,106000,3.415,463200,3.416,564600,3.417,310400,3.418,378400,3.419,909700,3.42,1323500,3.421,176000,3.422,211700
2020-09-03 10:42:54.620,3.413,5000.0,3.395,3.407565,3.416,3.398,3.412,900,3.41,795700,3.409,1111200,3.408,187800,3.407,957900,3.406,930600,3.405,168200,3.404,26800,3.403,35500,3.402,24100,3.413,108900,3.414,176000,3.415,956300,3.416,264600,3.417,117400,3.418,539900,3.419,298200,3.42,893500,3.421,176000,3.422,211700
2020-09-03 10:42:59.180,3.412,900.0,3.395,3.407565,3.416,3.398,3.41,795700,3.409,1111200,3.408,187800,3.407,957900,3.406,930600,3.405,168200,3.404,326800,3.403,35500,3.402,24100,3.401,438000,3.412,2100,3.413,149100,3.414,476000,3.415,656300,3.416,264600,3.417,117400,3.418,539900,3.419,298200,3.42,893500,3.421,176000
2020-09-03 10:43:02.910,3.412,100.0,3.395,3.407565,3.415,3.398,3.411,4400,3.41,702700,3.409,1191200,3.408,87800,3.407,1057900,3.406,930600,3.405,406500,3.404,26800,3.403,97300,3.402,24100,3.412,2100,3.413,79100,3.414,176000,3.415,723300,3.416,264600,3.417,278900,3.418,828400,3.419,298200,3.42,893500,3.421,176000
2020-09-03 10:43:04.190,3.412,2000.0,3.395,3.407565,3.416,3.398,3.411,261700,3.41,940600,3.409,1091200,3.408,87800,3.407,1957900,3.406,30600,3.405,406500,3.404,88500,3.403,35500,3.402,24100,3.412,6100,3.413,79100,3.414,269000,3.415,723300,3.416,171600,3.417,278900,3.418,828400,3.419,298200,3.42,893500,3.421,176000
2020-09-03 10:43:07.330,3.411,17700.0,3.395,3.4075660000000005,3.415,3.398,3.411,244000,3.41,852700,3.409,1451200,3.408,180800,3.407,1057900,3.406,30600,3.405,1006500,3.404,388500,3.403,35500,3.402,24100,3.412,6600,3.413,189100,3.414,569000,3.415,516300,3.416,71600,3.417,278900,3.418,828400,3.419,298200,3.42,893500,3.421,176000
2020-09-03 10:43:14.320,3.412,800.0,3.395,3.4075660000000005,3.415,3.398,3.41,552700,3.409,1451200,3.408,180800,3.407,57900,3.406,1030600,3.405,106500,3.404,326800,3.403,97300,3.402,24100,3.401,438000,3.411,5000,3.412,16800,3.413,219100,3.414,574000,3.415,514600,3.416,171600,3.417,178900,3.418,828400,3.419,298200,3.42,893500
2020-09-03 10:43:17.460,3.411,1000.0,3.395,3.4075660000000005,3.415,3.398,3.41,494000,3.409,1258200,3.408,180800,3.407,157900,3.406,1830600,3.405,106500,3.404,26800,3.403,397300,3.402,24100,3.401,438000,3.411,4000,3.412,16800,3.413,189100,3.414,441000,3.415,514600,3.416,133100,3.417,217400,3.418,828400,3.419,298200,3.42,893500
2020-09-03 10:43:23.320,3.41,4000.0,3.395,3.4075660000000005,3.415,3.398,3.41,490000,3.409,18000,3.408,480800,3.407,150900,3.406,1030600,3.405,106500,3.404,926800,3.403,397300,3.402,24100,3.401,438000,3.412,100700,3.413,612100,3.414,233500,3.415,421600,3.416,171600,3.417,178900,3.418,828400,3.419,298200,3.42,893500,3.421,176000
2020-09-03 10:43:25.030,3.41,2100.0,3.395,3.4075660000000005,3.415,3.398,3.41,487900,3.409,18000,3.408,539500,3.407,250900,3.406,30600,3.405,1106500,3.404,926800,3.403,97300,3.402,324100,3.401,438000,3.412,173700,3.413,712100,3.414,233500,3.415,421600,3.416,71600,3.417,178900,3.418,828400,3.419,298200,3.42,893500,3.421,176000
2020-09-03 10:43:29.140,3.41,5000.0,3.395,3.4075660000000005,3.415,3.398,3.41,482900,3.409,18000,3.408,539500,3.407,251000,3.406,30600,3.405,2006500,3.404,26800,3.403,397300,3.402,24100,3.401,438000,3.412,173700,3.413,712100,3.414,233500,3.415,421600,3.416,71600,3.417,178900,3.418,828400,3.419,298200,3.42,893500,3.421,176000
2020-09-03 10:43:32.700,3.41,134200.0,3.395,3.407569,3.415,3.398,3.41,352900,3.409,918000,3.408,180800,3.407,358000,3.406,30600,3.405,1106500,3.404,926800,3.403,97300,3.402,324100,3.401,438000,3.411,255700,3.412,473700,3.413,319100,3.414,133500,3.415,421600,3.416,71600,3.417,178900,3.418,828400,3.419,298200,3.42,893500
2020-09-03 10:43:34.100,3.41,300000.0,3.395,3.407575,3.415,3.398,3.41,52900,3.409,918000,3.408,180800,3.407,509800,3.406,130600,3.405,206500,3.404,26800,3.403,997300,3.402,324100,3.401,438000,3.411,285700,3.412,573700,3.413,219100,3.414,226500,3.415,421600,3.416,133100,3.417,117400,3.418,828400,3.419,298200,3.42,893500
2020-09-03 10:43:43.480,3.41,20000.0,3.395,3.407576,3.414,3.398,3.41,2300,3.409,918000,3.408,87800,3.407,509800,3.406,138600,3.405,206500,3.404,1826800,3.403,35500,3.402,385900,3.401,438000,3.411,215700,3.412,273700,3.413,1499900,3.414,133500,3.415,483100,3.416,71600,3.417,117400,3.418,378400,3.419,298200,3.42,898500
2020-09-03 10:43:46.160,3.409,4300.0,3.395,3.407576,3.413,3.398,3.409,916000,3.408,190800,3.407,451000,3.406,138600,3.405,206500,3.404,926800,3.403,1297300,3.402,24100,3.401,438000,3.4,654400,3.411,215700,3.412,273700,3.413,692900,3.414,133500,3.415,421600,3.416,133100,3.417,117400,3.418,378300,3.419,298200,3.42,898500
2020-09-03 10:43:51.190,3.409,1000.0,3.395,3.407576,3.414,3.398,3.409,915300,3.408,180800,3.407,509800,3.406,138600,3.405,106500,3.404,1026800,3.403,935500,3.402,385900,3.401,438000,3.4,654400,3.41,7900,3.411,215700,3.412,260300,3.413,1592700,3.414,233500,3.415,383100,3.416,71600,3.417,117400,3.418,378300,3.419,298200
2020-09-03 10:43:54.400,3.409,20000.0,3.395,3.407576,3.414,3.398,3.409,895300,3.408,180800,3.407,451000,3.406,138600,3.405,106500,3.404,1026800,3.403,935500,3.402,385900,3.401,438000,3.4,654400,3.41,7900,3.411,216300,3.412,560300,3.413,1292700,3.414,233500,3.415,385500,3.416,71600,3.417,117400,3.418,378300,3.419,298200
2020-09-03 10:43:59.870,3.409,200.0,3.395,3.407576,3.414,3.398,3.409,895100,3.408,446500,3.407,151000,3.406,138600,3.405,106500,3.404,1026800,3.403,935500,3.402,85900,3.401,438000,3.4,654400,3.41,7900,3.411,216400,3.412,257300,3.413,1497700,3.414,233500,3.415,385500,3.416,71600,3.417,117400,3.418,378300,3.419,298200
2020-09-03 10:44:00.790,3.409,51300.0,3.395,3.407577,3.414,3.398,3.409,882500,3.408,146500,3.407,451000,3.406,231600,3.405,106500,3.404,1026800,3.403,935500,3.402,385900,3.401,438000,3.4,654400,3.41,9700,3.411,286400,3.412,650300,3.413,1290700,3.414,140500,3.415,385600,3.416,71600,3.417,117400,3.418,378300,3.419,298200
2020-09-03 10:44:05.800,3.409,6100.0,3.395,3.407577,3.414,3.398,3.409,876400,3.408,156500,3.407,451000,3.406,231600,3.405,106500,3.404,1026800,3.403,935500,3.402,85900,3.401,438000,3.4,654400,3.41,9700,3.411,286400,3.412,655800,3.413,1290700,3.414,140500,3.415,385600,3.416,71600,3.417,117400,3.418,379300,3.419,298200
2020-09-03 10:44:10.320,3.409,20000.0,3.395,3.407577,3.414,3.398,3.409,856400,3.408,97800,3.407,416800,3.406,231600,3.405,106500,3.404,1026800,3.403,935500,3.402,385900,3.401,438000,3.4,654400,3.41,22800,3.411,286400,3.412,633100,3.413,1290700,3.414,140500,3.415,385600,3.416,71600,3.417,117400,3.418,379300,3.419,298200
2020-09-03 10:44:14.200,3.409,105000.0,3.395,3.407578,3.414,3.398,3.409,751400,3.408,97800,3.407,509800,3.406,138600,3.405,106500,3.404,1026800,3.403,935500,3.402,385900,3.401,438000,3.4,654400,3.41,22800,3.411,286400,3.412,726100,3.413,1197700,3.414,140500,3.415,385500,3.416,71600,3.417,117400,3.418,379300,3.419,298200
2020-09-03 10:44:18.480,3.409,14000.0,3.395,3.407578,3.413,3.398,3.409,737400,3.408,97800,3.407,509800,3.406,231600,3.405,115400,3.404,1026800,3.403,935500,3.402,385900,3.401,438000,3.4,654400,3.41,93100,3.411,286400,3.412,725600,3.413,1290700,3.414,140500,3.415,385500,3.416,71600,3.417,117400,3.418,379300,3.419,301800
2020-09-03 10:44:22.750,3.409,29400.0,3.395,3.407579,3.414,3.398,3.409,709200,3.408,97800,3.407,509800,3.406,231600,3.405,115400,3.404,1026800,3.403,935500,3.402,385900,3.401,438000,3.4,654400,3.41,91900,3.411,286400,3.412,725600,3.413,1290700,3.414,140500,3.415,385500,3.416,71600,3.417,117400,3.418,379300,3.419,301800
2020-09-03 10:44:24.360,3.409,20000.0,3.395,3.407579,3.413,3.398,3.409,689200,3.408,101800,3.407,358000,3.406,231600,3.405,115400,3.404,1026800,3.403,935500,3.402,385900,3.401,438000,3.4,654400,3.41,91900,3.411,246400,3.412,632600,3.413,1290700,3.414,140500,3.415,385500,3.416,71600,3.417,117400,3.418,379300,3.419,301800
2020-09-03 10:44:29.800,3.409,100.0,3.395,3.407579,3.413,3.398,3.409,689100,3.408,160500,3.407,451000,3.406,138600,3.405,116000,3.404,1026800,3.403,935500,3.402,385900,3.401,438000,3.4,654400,3.41,91900,3.411,216400,3.412,725600,3.413,1197700,3.414,140500,3.415,385500,3.416,71600,3.417,117400,3.418,379300,3.419,301800
2020-09-03 10:44:31.500,3.41,93600.0,3.395,3.407581,3.414,3.398,3.41,212200,3.409,687600,3.408,500500,3.407,151000,3.406,231600,3.405,1016000,3.404,126800,3.403,1235500,3.402,85900,3.401,438000,3.411,146400,3.412,325600,3.413,1590700,3.414,240500,3.415,405500,3.416,71600,3.417,117400,3.418,379300,3.419,301800,3.42,898500
2020-09-03 10:44:36.820,3.41,800.0,3.395,3.407581,3.414,3.398,3.41,568000,3.409,1086300,3.408,291800,3.407,151000,3.406,131600,3.405,2016000,3.404,326800,3.403,97300,3.402,24100,3.401,438000,3.411,146400,3.412,175600,3.413,290700,3.414,440500,3.415,544000,3.416,133100,3.417,117400,3.418,379300,3.419,301800,3.42,898500
2020-09-03 10:44:42.080,3.411,300.0,3.395,3.407581,3.414,3.398,3.41,600700,3.409,727600,3.408,643500,3.407,158000,3.406,38600,3.405,1116000,3.404,26800,3.403,397300,3.402,24100,3.401,438000,3.411,146100,3.412,82600,3.413,590700,3.414,140800,3.415,514000,3.416,133100,3.417,117400,3.418,379300,3.419,301800,3.42,898500
2020-09-03 10:44:42.110,3.41,400.0,3.395,3.407581,3.414,3.398,3.41,303700,3.409,690600,3.408,643500,3.407,251000,3.406,146500,3.405,1916000,3.404,26800,3.403,397300,3.402,24100,3.401,438000,3.411,146100,3.412,82600,3.413,590700,3.414,233800,3.415,414000,3.416,233100,3.417,117400,3.418,379300,3.419,301800,3.42,898500
2020-09-03 10:44:51.000,3.41,10000.0,3.395,3.407581,3.414,3.398,3.41,294200,3.409,1030900,3.408,284800,3.407,151000,3.406,1846500,3.405,216000,3.404,326800,3.403,97300,3.402,24100,3.401,438000,3.411,700,3.412,82600,3.413,291700,3.414,533800,3.415,512100,3.416,133100,3.417,117400,3.418,379300,3.419,303000,3.42,900500
2020-09-03 10:44:56.180,3.41,10200.0,3.395,3.407581,3.415,3.398,3.41,287000,3.409,1089600,3.408,384800,3.407,58000,3.406,946500,3.405,216000,3.404,326800,3.403,97300,3.402,24100,3.401,438000,3.411,700,3.412,82600,3.413,291700,3.414,440800,3.415,512100,3.416,133100,3.417,117400,3.418,379300,3.419,303000,3.42,900500
2020-09-03 10:44:58.170,3.41,600.0,3.395,3.407581,3.415,3.398,3.41,226600,3.409,1089600,3.408,384800,3.407,151000,3.406,1846500,3.405,216000,3.404,26800,3.403,397300,3.402,24100,3.401,438000,3.411,5500,3.412,82600,3.413,291700,3.414,533800,3.415,512100,3.416,133100,3.417,117400,3.418,379300,3.419,303000,3.42,900500
2020-09-03 10:45:00.600,3.411,10300.0,3.395,3.407582,3.414,3.398,3.41,220600,3.409,1089600,3.408,384800,3.407,151000,3.406,956500,3.405,216000,3.404,35700,3.403,397300,3.402,24100,3.401,438000,3.411,1400,3.412,82600,3.413,291700,3.414,533800,3.415,512100,3.416,133100,3.417,117400,3.418,379300,3.419,303000,3.42,900500
2020-09-03 10:45:07.930,3.41,7100.0,3.395,3.407582,3.414,3.398,3.41,223500,3.409,690900,3.408,700500,3.407,551000,3.406,161500,3.405,107100,3.404,935700,3.403,397300,3.402,24100,3.401,438000,3.411,1400,3.412,228100,3.413,498700,3.414,233800,3.415,412100,3.416,233100,3.417,567400,3.418,379300,3.419,303000,3.42,900500
2020-09-03 10:45:24.510,3.41,3000.0,3.395,3.407582,3.414,3.398,3.41,213700,3.409,690900,3.408,734800,3.407,509800,3.406,161500,3.405,1107100,3.404,935700,3.403,97300,3.402,324100,3.401,438000,3.411,174200,3.412,623100,3.413,291700,3.414,233800,3.415,412100,3.416,133100,3.417,567400,3.418,379300,3.419,303000,3.42,900500
2020-09-03 10:45:29.580,3.411,103000.0,3.395,3.4075839999999995,3.414,3.398,3.41,113700,3.409,690900,3.408,694800,3.407,209800,3.406,461500,3.405,207100,3.404,935700,3.403,997300,3.402,24100,3.401,738000,3.411,171200,3.412,623100,3.413,391700,3.414,133800,3.415,412100,3.416,133100,3.417,567400,3.418,389300,3.419,303000,3.42,900500
2020-09-03 10:45:35.710,3.41,13200.0,3.395,3.4075839999999995,3.414,3.398,3.41,107700,3.409,690900,3.408,603100,3.407,451000,3.406,261500,3.405,107100,3.404,935700,3.403,97300,3.402,324100,3.401,438000,3.411,104500,3.412,223100,3.413,598700,3.414,133800,3.415,312100,3.416,233100,3.417,567400,3.418,389300,3.419,303000,3.42,900500
2020-09-03 10:45:36.490,3.41,5500.0,3.395,3.4075839999999995,3.414,3.398,3.41,112200,3.409,690900,3.408,696100,3.407,416800,3.406,161500,3.405,1107100,3.404,935700,3.403,97300,3.402,24100,3.401,438000,3.411,34500,3.412,223100,3.413,591700,3.414,40800,3.415,412100,3.416,133100,3.417,567400,3.418,389300,3.419,303000,3.42,900500
2020-09-03 10:45:50.030,3.41,1000.0,3.395,3.4075839999999995,3.413,3.398,3.41,171700,3.409,690900,3.408,603100,3.407,509800,3.406,161500,3.405,207100,3.404,35700,3.403,1897300,3.402,24100,3.401,438000,3.411,187400,3.412,623100,3.413,298700,3.414,133800,3.415,412100,3.416,133100,3.417,567400,3.418,389300,3.419,303000,3.42,900500
2020-09-03 10:45:52.720,3.41,171700.0,3.395,3.4075879999999996,3.413,3.398,3.409,690900,3.408,692100,3.407,118800,3.406,461500,3.405,207100,3.404,35700,3.403,1897300,3.402,924100,3.401,738000,3.4,742400,3.41,81300,3.411,187400,3.412,623100,3.413,391700,3.414,40800,3.415,412100,3.416,133100,3.417,567400,3.418,389300,3.419,303000
2020-09-03 10:45:56.380,3.41,62200.0,3.395,3.4075889999999998,3.413,3.398,3.409,750800,3.408,692100,3.407,211800,3.406,361500,3.405,207100,3.404,35700,3.403,935500,3.402,985900,3.401,738000,3.4,742400,3.41,185700,3.411,487400,3.412,323100,3.413,391700,3.414,133800,3.415,473600,3.416,71600,3.417,567400,3.418,389300,3.419,303000
2020-09-03 10:45:56.860,3.409,300000.0,3.395,3.407593,3.413,3.398,3.409,450800,3.408,692100,3.407,153000,3.406,420300,3.405,307100,3.404,35700,3.403,935500,3.402,985900,3.401,738000,3.4,742400,3.41,200700,3.411,187400,3.412,617600,3.413,391700,3.414,133800,3.415,473600,3.416,71600,3.417,567400,3.418,389300,3.419,303000
2020-09-03 10:46:03.640,3.409,6000.0,3.395,3.407593,3.413,3.398,3.409,507800,3.408,792100,3.407,453000,3.406,61600,3.405,1907100,3.404,135700,3.403,35500,3.402,385900,3.401,438000,3.4,742400,3.41,200700,3.411,87400,3.412,447600,3.413,391700,3.414,233800,3.415,375600,3.416,71600,3.417,567400,3.418,389800,3.419,303000
2020-09-03 10:46:07.200,3.409,2000.0,3.395,3.407593,3.413,3.398,3.409,445800,3.408,1039100,3.407,153000,3.406,61600,3.405,107100,3.404,1035700,3.403,35500,3.402,85900,3.401,438200,3.4,742400,3.41,200700,3.411,47400,3.412,240600,3.413,598700,3.414,140800,3.415,375600,3.416,71600,3.417,567400,3.418,389800,3.419,303200
2020-09-03 10:46:09.160,3.409,600.0,3.395,3.407593,3.413,3.398,3.409,445200,3.408,699100,3.407,153000,3.406,454600,3.405,108000,3.404,135700,3.403,1835500,3.402,85900,3.401,738200,3.4,742400,3.41,200700,3.411,184200,3.412,540600,3.413,391700,3.414,140800,3.415,375600,3.416,71600,3.417,567400,3.418,389800,3.419,303200
2020-09-03 10:46:17.330,3.41,7000.0,3.395,3.407593,3.413,3.398,3.409,383500,3.408,599100,3.407,118800,3.406,554600,3.405,108000,3.404,135700,3.403,935500,3.402,985900,3.401,738200,3.4,742400,3.41,178700,3.411,284200,3.412,447600,3.413,391700,3.414,140800,3.415,375600,3.416,71600,3.417,567400,3.418,389800,3.419,303200
2020-09-03 10:46:19.180,3.409,800.0,3.395,3.407593,3.413,3.398,3.409,382700,3.408,599100,3.407,211900,3.406,461600,3.405,208000,3.404,35700,3.403,935500,3.402,985900,3.401,738200,3.4,742400,3.41,178700,3.411,284200,3.412,540600,3.413,298700,3.414,40800,3.415,475600,3.416,71600,3.417,567400,3.418,389800,3.419,303200
2020-09-03 10:46:23.630,3.409,1000.0,3.395,3.407593,3.413,3.398,3.409,381700,3.408,599100,3.407,211800,3.406,554600,3.405,108000,3.404,135700,3.403,1835500,3.402,85900,3.401,738200,3.4,742400,3.41,238500,3.411,584200,3.412,240600,3.413,391700,3.414,140800,3.415,375600,3.416,71600,3.417,567400,3.418,389800,3.419,303200
2020-09-03 10:46:35.240,3.41,218500.0,3.395,3.407598,3.413,3.398,3.41,35500,3.409,425900,3.408,599100,3.407,459000,3.406,156600,3.405,108000,3.404,1935700,3.403,35500,3.402,85900,3.401,438200,3.411,145300,3.412,640600,3.413,391700,3.414,140800,3.415,375600,3.416,71600,3.417,567400,3.418,389800,3.419,303200,3.42,895500
2020-09-03 10:46:38.640,3.409,319300.0,3.395,3.407602,3.413,3.398,3.409,172100,3.408,599100,3.407,217800,3.406,556600,3.405,208000,3.404,935700,3.403,997300,3.402,24100,3.401,738200,3.4,742400,3.411,171000,3.412,710600,3.413,391700,3.414,40800,3.415,414100,3.416,133100,3.417,567400,3.418,389800,3.419,303200,3.42,895500
2020-09-03 10:46:47.340,3.409,3300.0,3.395,3.407602,3.413,3.398,3.409,168800,3.408,657800,3.407,366000,3.406,256600,3.405,108000,3.404,1035700,3.403,935500,3.402,385900,3.401,438200,3.4,742400,3.41,28400,3.411,171000,3.412,617600,3.413,391700,3.414,140800,3.415,375600,3.416,76400,3.417,567400,3.418,389800,3.419,303200
2020-09-03 10:46:58.040,3.41,500.0,3.395,3.407602,3.412,3.398,3.409,168800,3.408,599100,3.407,124800,3.406,456600,3.405,108000,3.404,1035700,3.403,935500,3.402,85900,3.401,438200,3.4,742400,3.41,74400,3.411,471000,3.412,319200,3.413,391700,3.414,140800,3.415,377200,3.416,526400,3.417,567400,3.418,389800,3.419,303200
2020-09-03 10:47:10.940,3.41,8600.0,3.395,3.407602,3.412,3.398,3.409,171500,3.408,599100,3.407,159000,3.406,515400,3.405,308000,3.404,935700,3.403,35500,3.402,85900,3.401,738300,3.4,742400,3.41,107400,3.411,182700,3.412,712200,3.413,391700,3.414,40800,3.415,480700,3.416,526400,3.417,564400,3.418,389800,3.419,300200
2020-09-03 10:47:14.400,3.41,10900.0,3.395,3.407602,3.412,3.398,3.409,166500,3.408,599100,3.407,66000,3.406,515400,3.405,308000,3.404,935700,3.403,35500,3.402,985900,3.401,738300,3.4,742400,3.41,101500,3.411,182700,3.412,619200,3.413,391700,3.414,40800,3.415,480700,3.416,526400,3.417,564400,3.418,387800,3.419,300200
2020-09-03 10:47:27.310,3.41,21600.0,3.395,3.407603,3.412,3.398,3.41,51200,3.409,103700,3.408,152100,3.407,609000,3.406,556600,3.405,208000,3.404,935700,3.403,935500,3.402,385900,3.401,438200,3.411,152700,3.412,712200,3.413,391700,3.414,40800,3.415,480700,3.416,526400,3.417,114400,3.418,387800,3.419,300200,3.42,896000
2020-09-03 10:47:30.930,3.41,17000.0,3.395,3.407603,3.412,3.398,3.41,46900,3.409,95200,3.408,152100,3.407,516000,3.406,456600,3.405,208200,3.404,935700,3.403,997300,3.402,24100,3.401,738200,3.411,494200,3.412,319200,3.413,391700,3.414,40900,3.415,419200,3.416,587900,3.417,114400,3.418,387800,3.419,300200,3.42,896000
2020-09-03 10:47:32.740,3.41,46900.0,3.395,3.407604,3.413,3.398,3.409,100200,3.408,245100,3.407,516000,3.406,122400,3.405,608200,3.404,935700,3.403,97300,3.402,924100,3.401,438200,3.4,742400,3.41,43100,3.411,494200,3.412,319200,3.413,391700,3.414,40900,3.415,419200,3.416,587900,3.417,114400,3.418,387800,3.419,300200
2020-09-03 10:47:36.460,3.41,300.0,3.395,3.407604,3.412,3.398,3.409,105200,3.408,245100,3.407,516000,3.406,215400,3.405,608200,3.404,935700,3.403,935500,3.402,85900,3.401,738200,3.4,742400,3.41,72900,3.411,494200,3.412,319200,3.413,484700,3.414,40900,3.415,480700,3.416,526400,3.417,114400,3.418,387800,3.419,300200
2020-09-03 10:47:40.270,3.41,100.0,3.395,3.407604,3.412,3.398,3.409,105200,3.408,240100,3.407,516000,3.406,215400,3.405,608200,3.404,935700,3.403,35500,3.402,985900,3.401,738200,3.4,742400,3.41,72800,3.411,524700,3.412,319200,3.413,484700,3.414,40900,3.415,480700,3.416,526400,3.417,114400,3.418,387800,3.419,300200
2020-09-03 10:47:47.340,3.409,110000.0,3.395,3.407606,3.413,3.398,3.409,5200,3.408,147100,3.407,609000,3.406,422400,3.405,308200,3.404,1835700,3.403,935500,3.402,385900,3.401,438200,3.4,742400,3.41,69800,3.411,524700,3.412,412200,3.413,298700,3.414,50900,3.415,480700,3.416,526400,3.417,114400,3.418,387800,3.419,300200
2020-09-03 10:47:56.600,3.409,400.0,3.395,3.407606,3.413,3.398,3.409,4800,3.408,147100,3.407,609000,3.406,215400,3.405,508200,3.404,1035700,3.403,35500,3.402,985900,3.401,738200,3.4,742400,3.41,109800,3.411,524700,3.412,412200,3.413,391700,3.414,150900,3.415,380700,3.416,526400,3.417,114400,3.418,387800,3.419,300200
2020-09-03 10:47:59.120,3.409,100.0,3.395,3.407606,3.413,3.398,3.409,4700,3.408,147100,3.407,609000,3.406,215400,3.405,508200,3.404,1035700,3.403,935500,3.402,85900,3.401,738200,3.4,742400,3.41,409800,3.411,324700,3.412,412200,3.413,291700,3.414,150900,3.415,380700,3.416,526400,3.417,114400,3.418,387800,3.419,300200
2020-09-03 10:47:59.750,3.409,200.0,3.395,3.407606,3.412,3.398,3.409,8800,3.408,147100,3.407,609000,3.406,122400,3.405,508200,3.404,1035700,3.403,935500,3.402,85900,3.401,738200,3.4,742400,3.41,409800,3.411,324700,3.412,412200,3.413,198700,3.414,150900,3.415,380700,3.416,526400,3.417,114400,3.418,387800,3.419,300200
2020-09-03 10:48:07.690,3.41,10100.0,3.395,3.407606,3.412,3.398,3.409,8700,3.408,147100,3.407,609000,3.406,515400,3.405,208200,3.404,1035700,3.403,935500,3.402,85900,3.401,738200,3.4,742400,3.41,17100,3.411,624700,3.412,412300,3.413,291700,3.414,150900,3.415,380700,3.416,526400,3.417,114400,3.418,387800,3.419,300200
2020-09-03 10:48:11.610,3.409,8700.0,3.395,3.407606,3.413,3.398,3.408,147100,3.407,609000,3.406,156600,3.405,267000,3.404,435700,3.403,35500,3.402,1885900,3.401,438200,3.4,1042400,3.399,389300,3.409,291300,3.41,157100,3.411,324700,3.412,272300,3.413,291900,3.414,50900,3.415,480700,3.416,526400,3.417,114400,3.418,386500
2020-09-03 10:48:15.640,3.409,100.0,3.395,3.407606,3.412,3.398,3.408,147100,3.407,516000,3.406,156600,3.405,167000,3.404,535700,3.403,35500,3.402,924100,3.401,1400000,3.4,742400,3.399,689300,3.409,509900,3.41,157100,3.411,324700,3.412,79300,3.413,291900,3.414,212500,3.415,319200,3.416,526400,3.417,114400,3.418,386500
2020-09-03 10:48:17.750,3.408,149100.0,3.395,3.407606,3.412,3.398,3.407,516000,3.406,156600,3.405,201200,3.404,135700,3.403,335500,3.402,24100,3.401,500000,3.4,2542400,3.399,689300,3.398,92700,3.408,582900,3.409,239900,3.41,157100,3.411,177700,3.412,172300,3.413,198900,3.414,212500,3.415,319200,3.416,526400,3.417,114400
2020-09-03 10:48:21.030,3.407,616000.0,3.395,3.407604,3.412,3.398,3.406,156600,3.405,201200,3.404,35700,3.403,135500,3.402,324100,3.401,1338200,3.4,1704200,3.399,1289300,3.398,392700,3.397,84900,3.407,694000,3.408,210000,3.409,209900,3.41,57100,3.411,177700,3.412,172300,3.413,360500,3.414,50900,3.415,319200,3.416,526400
2020-09-03 10:48:23.520,3.407,111400.0,3.395,3.407603,3.411,3.398,3.406,900000,3.405,201200,3.404,128700,3.403,94300,3.402,524100,3.401,438200,3.4,1642400,3.399,1351100,3.398,92700,3.397,384900,3.407,692600,3.408,270400,3.409,332900,3.41,17100,3.411,84700,3.412,333900,3.413,198900,3.414,50900,3.415,319200,3.416,76400
2020-09-03 10:48:25.650,3.406,300000.0,3.395,3.407599,3.411,3.398,3.406,600000,3.405,201200,3.404,128700,3.403,394300,3.402,224100,3.401,438200,3.4,1642400,3.399,451100,3.398,392700,3.397,84900,3.407,306300,3.408,270400,3.409,1435000,3.41,10100,3.411,84700,3.412,333900,3.413,198900,3.414,51500,3.415,319200,3.416,76400
2020-09-03 10:48:32.760,3.406,11700.0,3.395,3.407599,3.411,3.398,3.406,593500,3.405,108200,3.404,1028700,3.403,487300,3.402,124100,3.401,538200,3.4,2542400,3.399,451100,3.398,392700,3.397,84900,3.407,305300,3.408,570400,3.409,1135000,3.41,103100,3.411,184700,3.412,150900,3.413,198900,3.414,51500,3.415,319500,3.416,76400
2020-09-03 10:48:37.990,3.406,72000.0,3.395,3.407598,3.411,3.398,3.406,521500,3.405,108200,3.404,2237500,3.403,228500,3.402,24100,3.401,1438200,3.4,1642400,3.399,751100,3.398,92700,3.397,84900,3.407,299000,3.408,30400,3.409,535000,3.41,203100,3.411,184700,3.412,150900,3.413,198900,3.414,61500,3.415,319500,3.416,76400
2020-09-03 10:48:41.190,3.407,300000.0,3.395,3.407596,3.411,3.398,3.407,1100,3.406,520500,3.405,108200,3.404,2237500,3.403,228500,3.402,24100,3.401,538200,3.4,742400,3.399,751100,3.398,92700,3.408,330400,3.409,135000,3.41,503100,3.411,284700,3.412,150900,3.413,198900,3.414,61500,3.415,320500,3.416,76400,3.417,114400
2020-09-03 10:48:46.570,3.406,191300.0,3.395,3.407594,3.411,3.398,3.406,350300,3.405,108200,3.404,2333400,3.403,135500,3.402,124100,3.401,438200,3.4,1704200,3.399,689300,3.398,92700,3.397,84900,3.407,30000,3.408,330400,3.409,235000,3.41,1310100,3.411,277700,3.412,189300,3.413,260500,3.414,61500,3.415,321400,3.416,76400
2020-09-03 10:48:53.150,3.406,6800.0,3.395,3.407593,3.411,3.398,3.406,344500,3.405,108700,3.404,2333400,3.403,135500,3.402,24100,3.401,538200,3.4,1627600,3.399,451100,3.398,392700,3.397,84900,3.407,35000,3.408,570400,3.409,535000,3.41,110100,3.411,277700,3.412,150900,3.413,198900,3.414,61500,3.415,321400,3.416,76400
2020-09-03 10:48:56.400,3.406,6300.0,3.395,3.407593,3.411,3.398,3.406,354100,3.405,108700,3.404,2033400,3.403,435500,3.402,24100,3.401,538200,3.4,1627600,3.399,751100,3.398,92700,3.397,84900,3.407,33300,3.408,785400,3.409,335000,3.41,110100,3.411,277700,3.412,150900,3.413,198900,3.414,61500,3.415,321400,3.416,76400
2020-09-03 10:48:59.000,3.407,1100.0,3.395,3.407593,3.411,3.398,3.406,354000,3.405,413700,3.404,2240400,3.403,135500,3.402,24100,3.401,538200,3.4,727600,3.399,751100,3.398,92700,3.397,84900,3.407,39300,3.408,415400,3.409,335000,3.41,1310100,3.411,184700,3.412,150900,3.413,198900,3.414,61500,3.415,321400,3.416,76400
2020-09-03 10:49:02.170,3.407,55800.0,3.395,3.407593,3.411,3.398,3.407,861900,3.406,340700,3.405,453700,3.404,2181600,3.403,128500,3.402,138600,3.401,1341300,3.4,1027600,3.399,451100,3.398,92700,3.408,345400,3.409,235000,3.41,503100,3.411,184700,3.412,250900,3.413,198900,3.414,71500,3.415,321400,3.416,76400,3.417,114400
2020-09-03 10:49:03.480,3.408,6600.0,3.395,3.407593,3.411,3.398,3.407,859500,3.406,336500,3.405,812500,3.404,1888600,3.403,128500,3.402,1038600,3.401,441300,3.4,1089400,3.399,389300,3.398,92700,3.408,341200,3.409,142000,3.41,504000,3.411,184700,3.412,189300,3.413,260500,3.414,71500,3.415,321400,3.416,76400,3.417,114400
2020-09-03 10:49:08.120,3.408,42500.0,3.395,3.407593,3.411,3.398,3.408,257500,3.407,859500,3.406,680500,3.405,305500,3.404,1888600,3.403,228500,3.402,938600,3.401,741300,3.4,789400,3.399,389300,3.409,2000,3.41,196900,3.411,484700,3.412,1089300,3.413,360500,3.414,71500,3.415,321400,3.416,76400,3.417,114400,3.418,393000
2020-09-03 10:49:10.820,3.408,500000.0,3.395,3.4075949999999997,3.41,3.398,3.407,859500,3.406,637100,3.405,565500,3.404,1888600,3.403,228500,3.402,938600,3.401,503100,3.4,1027600,3.399,389300,3.398,92700,3.409,72000,3.41,636900,3.411,184700,3.412,189300,3.413,298900,3.414,133100,3.415,321400,3.416,76400,3.417,114400,3.418,393000
2020-09-03 10:49:18.550,3.408,15400.0,3.395,3.4075949999999997,3.411,3.398,3.407,859500,3.406,341000,3.405,206700,3.404,2240400,3.403,235500,3.402,38600,3.401,1341500,3.4,810600,3.399,389300,3.398,92700,3.409,442000,3.41,1144100,3.411,184700,3.412,182300,3.413,370500,3.414,71500,3.415,322400,3.416,76400,3.417,114400,3.418,393000
2020-09-03 10:49:29.430,3.407,60000.0,3.395,3.4075949999999997,3.411,3.398,3.407,858300,3.406,831000,3.405,256700,3.404,1881600,3.403,135500,3.402,38600,3.401,741500,3.4,810600,3.399,389300,3.398,92700,3.409,2000,3.41,174100,3.411,184700,3.412,582300,3.413,308900,3.414,133100,3.415,321900,3.416,84400,3.417,114400,3.418,393000
2020-09-03 10:49:34.020,3.408,4200.0,3.395,3.4075949999999997,3.411,3.398,3.407,1154900,3.406,924000,3.405,163700,3.404,981600,3.403,35500,3.402,138600,3.401,803300,3.4,748800,3.399,389300,3.398,92700,3.408,37200,3.409,2000,3.41,121100,3.411,1477700,3.412,382300,3.413,208900,3.414,133100,3.415,321900,3.416,84400,3.417,114400
2020-09-03 10:49:36.400,3.408,7700.0,3.395,3.4075949999999997,3.411,3.398,3.407,799500,3.406,784000,3.405,163700,3.404,981600,3.403,135500,3.402,38600,3.401,441500,3.4,1110600,3.399,389300,3.398,92700,3.408,42700,3.409,2000,3.41,121100,3.411,577700,3.412,182300,3.413,370500,3.414,71500,3.415,321900,3.416,84400,3.417,122400
2020-09-03 10:49:40.290,3.408,52100.0,3.395,3.4075949999999997,3.411,3.398,3.408,10300,3.407,795100,3.406,444000,3.405,222500,3.404,1288600,3.403,135500,3.402,38600,3.401,1341500,3.4,810600,3.399,689300,3.409,142000,3.41,427100,3.411,277700,3.412,89300,3.413,370500,3.414,71500,3.415,331900,3.416,84400,3.417,122400,3.418,388800
2020-09-03 10:49:44.020,3.408,1000.0,3.395,3.4075949999999997,3.411,3.398,3.408,9500,3.407,795100,3.406,444000,3.405,222500,3.404,1381600,3.403,135500,3.402,38600,3.401,503300,3.4,1648800,3.399,689300,3.409,1042000,3.41,457100,3.411,370700,3.412,89300,3.413,308900,3.414,133100,3.415,333200,3.416,84400,3.417,122400,3.418,389800
2020-09-03 10:49:45.260,3.408,900.0,3.395,3.4075949999999997,3.411,3.398,3.408,8600,3.407,795100,3.406,351000,3.405,522500,3.404,1081600,3.403,135500,3.402,38600,3.401,1403300,3.4,1048800,3.399,389300,3.409,2000,3.41,157600,3.411,577700,3.412,89300,3.413,308900,3.414,133100,3.415,333200,3.416,84400,3.417,122400,3.418,389800
2020-09-03 10:49:49.520,3.408,1500.0,3.395,3.4075949999999997,3.411,3.398,3.408,7100,3.407,795100,3.406,444200,3.405,463700,3.404,981600,3.403,135500,3.402,938600,3.401,503300,3.4,1048800,3.399,389300,3.409,2000,3.41,157600,3.411,670700,3.412,89300,3.413,308900,3.414,133100,3.415,333200,3.416,84400,3.417,122400,3.418,389800
2020-09-03 10:49:51.570,3.408,1000.0,3.395,3.4075949999999997,3.411,3.398,3.408,6100,3.407,835100,3.406,803000,3.405,263700,3.404,986600,3.403,1035500,3.402,38600,3.401,803300,3.4,748800,3.399,389300,3.409,2000,3.41,17600,3.411,570700,3.412,1089300,3.413,308900,3.414,133100,3.415,333200,3.416,84400,3.417,122400,3.418,389800
2020-09-03 10:50:02.660,3.408,5600.0,3.395,3.4075949999999997,3.411,3.398,3.408,314800,3.407,800100,3.406,503000,3.405,666700,3.404,893600,3.403,1035500,3.402,38600,3.401,803300,3.4,748800,3.399,389300,3.409,22700,3.41,87600,3.411,577700,3.412,1182300,3.413,308900,3.414,133100,3.415,333200,3.416,84400,3.417,127400,3.418,397800
2020-09-03 10:50:08.200,3.408,400.0,3.395,3.4075949999999997,3.411,3.398,3.408,14400,3.407,800100,3.406,503000,3.405,573700,3.404,893600,3.403,135500,3.402,938600,3.401,503300,3.4,748800,3.399,389300,3.409,22700,3.41,157600,3.411,577700,3.412,189300,3.413,308900,3.414,133100,3.415,333200,3.416,80000,3.417,127400,3.418,397800
2020-09-03 10:50:10.700,3.408,14500.0,3.395,3.4075949999999997,3.411,3.398,3.407,800100,3.406,803000,3.405,816700,3.404,893600,3.403,135500,3.402,38600,3.401,503300,3.4,748800,3.399,389300,3.398,92700,3.408,500,3.409,22700,3.41,157800,3.411,577700,3.412,282300,3.413,308900,3.414,133100,3.415,333200,3.416,80000,3.417,127400
2020-09-03 10:50:19.960,3.408,2900.0,3.395,3.4075949999999997,3.411,3.398,3.408,298700,3.407,800100,3.406,1129000,3.405,868500,3.404,993600,3.403,135500,3.402,938600,3.401,441500,3.4,810600,3.399,389300,3.409,307700,3.41,250800,3.411,484700,3.412,182300,3.413,370500,3.414,521500,3.415,783200,3.416,80000,3.417,128000,3.418,397800
2020-09-03 10:50:22.350,3.408,2000.0,3.395,3.4075949999999997,3.411,3.398,3.408,296700,3.407,800100,3.406,829000,3.405,1075500,3.404,993600,3.403,135500,3.402,938600,3.401,503300,3.4,748800,3.399,389300,3.409,307700,3.41,250800,3.411,484700,3.412,89300,3.413,308900,3.414,583100,3.415,783200,3.416,80000,3.417,128000,3.418,397800
2020-09-03 10:50:26.660,3.408,1500.0,3.395,3.4075949999999997,3.411,3.398,3.408,295200,3.407,800100,3.406,1129000,3.405,868500,3.404,993600,3.403,135500,3.402,938600,3.401,803300,3.4,748800,3.399,389300,3.409,307700,3.41,250800,3.411,484700,3.412,182300,3.413,308900,3.414,583100,3.415,783200,3.416,80000,3.417,128000,3.418,397800
2020-09-03 10:50:28.130,3.408,5000.0,3.395,3.4075949999999997,3.411,3.398,3.408,290200,3.407,800100,3.406,1186800,3.405,816700,3.404,893600,3.403,135500,3.402,938600,3.401,503300,3.4,748800,3.399,389300,3.409,348100,3.41,157800,3.411,484700,3.412,182300,3.413,308900,3.414,583100,3.415,783200,3.416,80000,3.417,128000,3.418,397800
2020-09-03 10:50:31.530,3.408,30200.0,3.395,3.4075949999999997,3.411,3.398,3.408,560800,3.407,800100,3.406,1279800,3.405,816700,3.404,893600,3.403,135500,3.402,38600,3.401,803300,3.4,748800,3.399,389300,3.409,318100,3.41,147800,3.411,577700,3.412,282300,3.413,308900,3.414,583100,3.415,783200,3.416,80000,3.417,128000,3.418,397800
2020-09-03 10:50:33.380,3.408,2000.0,3.395,3.4075949999999997,3.41,3.398,3.408,561800,3.407,800100,3.406,1280000,3.405,816700,3.404,893600,3.403,1035500,3.402,38600,3.401,803300,3.4,748800,3.399,389300,3.409,318100,3.41,147800,3.411,577700,3.412,282300,3.413,308900,3.414,583100,3.415,783200,3.416,80000,3.417,128000,3.418,397800
2020-09-03 10:50:38.820,3.409,100000.0,3.395,3.407596,3.41,3.398,3.408,572800,3.407,800100,3.406,1280000,3.405,816700,3.404,893600,3.403,1035500,3.402,38600,3.401,803300,3.4,748800,3.399,389300,3.409,218100,3.41,147800,3.411,478000,3.412,282300,3.413,308900,3.414,583000,3.415,783200,3.416,80000,3.417,128000,3.418,397800
2020-09-03 10:50:40.480,3.409,228100.0,3.395,3.407599,3.41,3.398,3.409,1152000,3.408,1101500,3.407,1040100,3.406,881200,3.405,1616700,3.404,993600,3.403,335500,3.402,38600,3.401,503300,3.4,748800,3.41,37800,3.411,178000,3.412,182300,3.413,308900,3.414,783000,3.415,1083300,3.416,80000,3.417,128000,3.418,397800,3.419,300200
2020-09-03 10:50:43.820,3.41,37800.0,3.395,3.4076,3.41,3.398,3.41,862200,3.409,2412000,3.408,751800,3.407,1133100,3.406,788200,3.405,716700,3.404,993600,3.403,335500,3.402,100400,3.401,441500,3.411,85000,3.412,275300,3.413,308900,3.414,1021400,3.415,844800,3.416,80000,3.417,128000,3.418,397800,3.419,300200,3.42,905700
2020-09-03 10:50:46.380,3.41,30000.0,3.395,3.4076,3.412,3.398,3.41,1132200,3.409,1512000,3.408,751800,3.407,1443100,3.406,788200,3.405,1266700,3.404,893600,3.403,397300,3.402,38600,3.401,441500,3.411,85700,3.412,275300,3.413,308900,3.414,471400,3.415,883300,3.416,141500,3.417,128000,3.418,397800,3.419,300200,3.42,905700
2020-09-03 10:50:50.670,3.411,4200.0,3.395,3.4076,3.412,3.398,3.41,232200,3.409,852000,3.408,1017700,3.407,1443100,3.406,788200,3.405,1173700,3.404,893600,3.403,397300,3.402,38600,3.401,441500,3.411,81500,3.412,292300,3.413,608900,3.414,171400,3.415,883300,3.416,141500,3.417,128000,3.418,397800,3.419,300200,3.42,905700
2020-09-03 10:50:51.360,3.411,2900.0,3.395,3.4076,3.412,3.398,3.41,232200,3.409,372000,3.408,380700,3.407,1836100,3.406,888200,3.405,173700,3.404,1793600,3.403,97300,3.402,338600,3.401,441500,3.411,80200,3.412,322300,3.413,608900,3.414,264400,3.415,783300,3.416,241500,3.417,128000,3.418,397800,3.419,300200,3.42,905700
2020-09-03 10:50:56.610,3.41,80000.0,3.395,3.407602,3.412,3.398,3.41,152200,3.409,372000,3.408,322000,3.407,1701900,3.406,988200,3.405,173700,3.404,893600,3.403,997300,3.402,38600,3.401,441500,3.411,220200,3.412,529300,3.413,308900,3.414,164400,3.415,783300,3.416,241500,3.417,128000,3.418,397800,3.419,302600,3.42,905700
2020-09-03 10:51:07.340,3.411,30000.0,3.395,3.407603,3.412,3.398,3.41,4300,3.409,300100,3.408,84100,3.407,1736100,3.406,788200,3.405,273700,3.404,893600,3.403,997300,3.402,338600,3.401,441500,3.411,191700,3.412,529300,3.413,401900,3.414,164400,3.415,883300,3.416,141500,3.417,128000,3.418,392800,3.419,302600,3.42,905700
2020-09-03 10:51:09.450,3.41,4400.0,3.395,3.407603,3.412,3.398,3.409,300100,3.408,84100,3.407,1736100,3.406,888200,3.405,173700,3.404,1793600,3.403,97300,3.402,338600,3.401,441500,3.4,748800,3.41,29800,3.411,160100,3.412,529300,3.413,401900,3.414,164400,3.415,783300,3.416,241500,3.417,128000,3.418,392800,3.419,302600
2020-09-03 10:51:11.370,3.41,900.0,3.395,3.407603,3.412,3.398,3.409,600,3.408,25400,3.407,1494900,3.406,1188200,3.405,273700,3.404,893600,3.403,935500,3.402,100400,3.401,741500,3.4,748800,3.41,29000,3.411,342000,3.412,529300,3.413,401900,3.414,164400,3.415,944800,3.416,80000,3.417,128000,3.418,392800,3.419,302600
2020-09-03 10:51:24.430,3.41,20000.0,3.395,3.407603,3.412,3.398,3.409,459700,3.408,1375400,3.407,1643100,3.406,531200,3.405,273700,3.404,1793600,3.403,35500,3.402,400400,3.401,441500,3.4,748800,3.41,9100,3.411,212000,3.412,722300,3.413,401900,3.414,71400,3.415,494800,3.416,90000,3.417,583000,3.418,392800,3.419,302600
2020-09-03 10:51:29.530,3.409,10100.0,3.395,3.407603,3.412,3.398,3.409,452500,3.408,925400,3.407,1643100,3.406,531200,3.405,273700,3.404,893600,3.403,935500,3.402,400400,3.401,441500,3.4,748800,3.41,8400,3.411,212000,3.412,422300,3.413,701900,3.414,71400,3.415,944800,3.416,90000,3.417,133000,3.418,392800,3.419,302600
2020-09-03 10:51:30.580,3.41,4100.0,3.395,3.407603,3.412,3.398,3.409,452500,3.408,925400,3.407,1701900,3.406,438200,3.405,173700,3.404,1893600,3.403,935500,3.402,400400,3.401,441500,3.4,748800,3.41,4300,3.411,242000,3.412,722300,3.413,308900,3.414,171400,3.415,844800,3.416,90000,3.417,133000,3.418,392800,3.419,302600
2020-09-03 10:51:37.150,3.409,200.0,3.395,3.407603,3.413,3.398,3.409,452300,3.408,1375400,3.407,1701900,3.406,531200,3.405,273700,3.404,893600,3.403,935500,3.402,385900,3.401,441500,3.4,748800,3.41,7500,3.411,242000,3.412,722300,3.413,401900,3.414,71400,3.415,494800,3.416,90700,3.417,583200,3.418,392800,3.419,302600
2020-09-03 10:51:40.690,3.409,10000.0,3.395,3.407604,3.412,3.398,3.409,157300,3.408,1375400,3.407,1701900,3.406,531200,3.405,173700,3.404,1893600,3.403,35500,3.402,385900,3.401,441500,3.4,748800,3.41,7500,3.411,242000,3.412,722300,3.413,401900,3.414,171400,3.415,394800,3.416,90700,3.417,583200,3.418,392800,3.419,302600
2020-09-03 10:51:41.860,3.41,7500.0,3.395,3.407604,3.412,3.398,3.41,2500,3.409,157300,3.408,775400,3.407,1701900,3.406,531200,3.405,173700,3.404,1893600,3.403,35500,3.402,385900,3.401,441500,3.411,242000,3.412,722300,3.413,401900,3.414,171400,3.415,394800,3.416,90700,3.417,583200,3.418,393000,3.419,302600,3.42,899800
2020-09-03 10:51:45.490,3.41,6000.0,3.395,3.407604,3.413,3.398,3.41,1400,3.409,157300,3.408,777500,3.407,1701900,3.406,438200,3.405,273700,3.404,1793600,3.403,97300,3.402,324100,3.401,441500,3.411,242000,3.412,722300,3.413,308900,3.414,71400,3.415,433300,3.416,152200,3.417,583200,3.418,393000,3.419,302600,3.42,899800
2020-09-03 10:51:48.540,3.41,1400.0,3.395,3.407604,3.412,3.398,3.409,157300,3.408,777500,3.407,1794900,3.406,438200,3.405,273700,3.404,893600,3.403,997300,3.402,324100,3.401,441500,3.4,748800,3.41,6400,3.411,242000,3.412,726000,3.413,308900,3.414,164400,3.415,433300,3.416,152200,3.417,583200,3.418,393000,3.419,302600
2020-09-03 10:52:02.050,3.409,141400.0,3.395,3.407606,3.413,3.398,3.409,20300,3.408,836200,3.407,1643100,3.406,531200,3.405,273900,3.404,1793600,3.403,35500,3.402,385900,3.401,441500,3.4,738800,3.41,5100,3.411,106000,3.412,326000,3.413,701900,3.414,171500,3.415,494800,3.416,90700,3.417,583200,3.418,393000,3.419,302600
2020-09-03 10:52:11.920,3.409,100000.0,3.395,3.407607,3.412,3.398,3.409,1120300,3.408,777500,3.407,1701900,3.406,531200,3.405,173900,3.404,993600,3.403,935500,3.402,386000,3.401,441500,3.4,738800,3.41,5700,3.411,246000,3.412,622300,3.413,401900,3.414,176500,3.415,394800,3.416,90700,3.417,583200,3.418,393000,3.419,302600
2020-09-03 10:52:13.240,3.409,220300.0,3.395,3.4076089999999994,3.412,3.398,3.408,477500,3.407,1343100,3.406,338200,3.405,232700,3.404,1393600,3.403,35500,3.402,986000,3.401,441500,3.4,1038800,3.399,389300,3.409,529700,3.41,545700,3.411,406000,3.412,182300,3.413,208900,3.414,176500,3.415,394800,3.416,90700,3.417,583200,3.418,393000
2020-09-03 10:52:16.050,3.408,477500.0,3.395,3.407611,3.412,3.398,3.407,893100,3.406,338200,3.405,267200,3.404,1352400,3.403,135500,3.402,24200,3.401,503300,3.4,1638800,3.399,389300,3.398,92700,3.408,232500,3.409,1063100,3.41,245700,3.411,166000,3.412,275300,3.413,208900,3.414,238100,3.415,333300,3.416,90700,3.417,133200
2020-09-03 10:52:19.470,3.407,122500.0,3.395,3.40761,3.412,3.398,3.407,677600,3.406,338200,3.405,567200,3.404,952400,3.403,235500,3.402,24200,3.401,1341500,3.4,1100600,3.399,389300,3.398,92700,3.409,663100,3.41,545700,3.411,206000,3.412,182300,3.413,370500,3.414,76500,3.415,333300,3.416,90700,3.417,133200,3.418,393000
2020-09-03 10:52:23.260,3.407,200.0,3.395,3.40761,3.412,3.398,3.407,677400,3.406,340500,3.405,360200,3.404,1252400,3.403,135500,3.402,124200,3.401,1341500,3.4,800600,3.399,389300,3.398,92700,3.409,663100,3.41,545700,3.411,299000,3.412,282300,3.413,208900,3.414,138100,3.415,333300,3.416,90700,3.417,133200,3.418,393000
2020-09-03 10:52:26.340,3.407,330000.0,3.395,3.4076089999999994,3.412,3.398,3.407,347400,3.406,340500,3.405,719000,3.404,993600,3.403,35500,3.402,124200,3.401,441500,3.4,1100600,3.399,389300,3.398,92700,3.409,113400,3.41,545700,3.411,299000,3.412,282300,3.413,208900,3.414,138100,3.415,334300,3.416,90700,3.417,133200,3.418,393000
2020-09-03 10:52:27.350,3.407,30000.0,3.395,3.407608,3.412,3.398,3.407,317400,3.406,335200,3.405,626000,3.404,993600,3.403,35500,3.402,124200,3.401,1341500,3.4,1100600,3.399,389300,3.398,92700,3.409,113400,3.41,545700,3.411,1199000,3.412,189300,3.413,208900,3.414,138100,3.415,334300,3.416,90700,3.417,133200,3.418,398000
2020-09-03 10:52:43.960,3.409,11600.0,3.395,3.407608,3.411,3.398,3.407,621400,3.406,126900,3.405,567800,3.404,952400,3.403,135500,3.402,124200,3.401,503300,3.4,1938800,3.399,389300,3.398,92700,3.409,136800,3.41,549900,3.411,249000,3.412,282300,3.413,209200,3.414,114300,3.415,334800,3.416,90700,3.417,133200,3.418,398000
2020-09-03 10:52:46.480,3.409,6500.0,3.395,3.4076089999999994,3.412,3.398,3.407,621400,3.406,33900,3.405,474800,3.404,1052400,3.403,135500,3.402,24200,3.401,441500,3.4,1100600,3.399,389300,3.398,92700,3.409,130300,3.41,549900,3.411,156000,3.412,94300,3.413,209200,3.414,214300,3.415,334800,3.416,90700,3.417,133200,3.418,398000
2020-09-03 10:52:53.630,3.407,1000.0,3.395,3.4076089999999994,3.411,3.398,3.407,620400,3.406,33900,3.405,567800,3.404,1145400,3.403,135500,3.402,24200,3.401,1338400,3.4,1100600,3.399,389300,3.398,92700,3.409,146900,3.41,549900,3.411,249000,3.412,187300,3.413,209200,3.414,214300,3.415,334800,3.416,90700,3.417,133200,3.418,398000
2020-09-03 10:53:01.750,3.408,4800.0,3.395,3.4076089999999994,3.412,3.398,3.407,620600,3.406,126900,3.405,267800,3.404,1252400,3.403,135500,3.402,124200,3.401,500200,3.4,1638800,3.399,689300,3.398,92700,3.408,105900,3.409,1642900,3.41,249300,3.411,249000,3.412,287300,3.413,209200,3.414,114300,3.415,334800,3.416,90700,3.417,133200
2020-09-03 10:53:09.870,3.408,50000.0,3.395,3.4076089999999994,3.411,3.398,3.407,680700,3.406,166900,3.405,1170900,3.404,1193600,3.403,135500,3.402,924200,3.401,438400,3.4,800600,3.399,389300,3.398,92700,3.408,600,3.409,76900,3.41,249300,3.411,1449000,3.412,187300,3.413,370800,3.414,52700,3.415,334800,3.416,98000,3.417,133200
2020-09-03 10:53:14.510,3.409,20600.0,3.395,3.4076089999999994,3.411,3.398,3.409,280000,3.408,2399800,3.407,779500,3.406,573900,3.405,177900,3.404,893600,3.403,135500,3.402,24200,3.401,738400,3.4,800600,3.41,9300,3.411,156000,3.412,494300,3.413,370800,3.414,52700,3.415,334800,3.416,98000,3.417,133200,3.418,398000,3.419,302600
2020-09-03 10:53:16.720,3.409,6700.0,3.395,3.4076089999999994,3.411,3.398,3.409,273300,3.408,1979800,3.407,1113700,3.406,485700,3.405,277900,3.404,993600,3.403,35500,3.402,86000,3.401,738400,3.4,738800,3.41,9300,3.411,596000,3.412,287300,3.413,302200,3.414,152700,3.415,396300,3.416,98000,3.417,133200,3.418,398000,3.419,302600
2020-09-03 10:53:17.580,3.409,1700.0,3.395,3.4076089999999994,3.412,3.398,3.408,780000,3.407,1113700,3.406,485700,3.405,277900,3.404,993600,3.403,35500,3.402,86000,3.401,1638400,3.4,738800,3.399,389300,3.41,9300,3.411,1496000,3.412,287300,3.413,302200,3.414,152700,3.415,396300,3.416,98000,3.417,133200,3.418,398000,3.419,302600
2020-09-03 10:53:21.040,3.408,3700.0,3.395,3.4076089999999994,3.412,3.398,3.408,300300,3.407,812400,3.406,485700,3.405,277900,3.404,993600,3.403,935500,3.402,24200,3.401,800200,3.4,738800,3.399,389300,3.41,9300,3.411,596000,3.412,1187300,3.413,302200,3.414,152700,3.415,396300,3.416,98000,3.417,133200,3.418,398000,3.419,302600
2020-09-03 10:53:31.950,3.409,1000.0,3.395,3.4076089999999994,3.412,3.398,3.409,3100,3.408,300500,3.407,719400,3.406,485700,3.405,370900,3.404,894600,3.403,1035500,3.402,24200,3.401,800200,3.4,738800,3.41,49300,3.411,689000,3.412,288800,3.413,309200,3.414,114300,3.415,334800,3.416,98000,3.417,133200,3.418,398000,3.419,302600
2020-09-03 10:53:34.540,3.409,3100.0,3.395,3.4076089999999994,3.412,3.398,3.408,300500,3.407,719400,3.406,485700,3.405,370900,3.404,994600,3.403,35500,3.402,986000,3.401,438400,3.4,738800,3.399,389300,3.409,96900,3.41,9300,3.411,389000,3.412,588800,3.413,209200,3.414,152700,3.415,396300,3.416,98000,3.417,133200,3.418,398000
2020-09-03 10:53:37.540,3.409,96900.0,3.395,3.40761,3.412,3.398,3.409,170100,3.408,300500,3.407,1019400,3.406,185700,3.405,370900,3.404,994600,3.403,935500,3.402,24200,3.401,500200,3.4,738800,3.41,9300,3.411,259000,3.412,588800,3.413,309200,3.414,214300,3.415,334800,3.416,98000,3.417,133200,3.418,398000,3.419,302600
2020-09-03 10:53:56.010,3.409,400.0,3.395,3.40761,3.412,3.398,3.409,2500,3.408,300500,3.407,719400,3.406,390700,3.405,279900,3.404,994600,3.403,935500,3.402,86000,3.401,738400,3.4,738800,3.41,16800,3.411,256000,3.412,495800,3.413,309200,3.414,152700,3.415,396300,3.416,98000,3.417,133200,3.418,398000,3.419,302600
2020-09-03 10:54:08.700,3.409,90000.0,3.395,3.407611,3.413,3.398,3.409,89300,3.408,300900,3.407,719400,3.406,390700,3.405,279900,3.404,994600,3.403,35500,3.402,86000,3.401,738400,3.4,738800,3.41,108100,3.411,556000,3.412,195800,3.413,309200,3.414,152700,3.415,396500,3.416,98000,3.417,133200,3.418,398000,3.419,302600
2020-09-03 10:54:25.780,3.41,100000.0,3.395,3.4076129999999996,3.413,3.398,3.409,100100,3.408,359600,3.407,1212400,3.406,131900,3.405,179900,3.404,994600,3.403,935500,3.402,86000,3.401,438400,3.4,739800,3.41,8100,3.411,156000,3.412,588800,3.413,1302200,3.414,152700,3.415,396500,3.416,98000,3.417,133200,3.418,398000,3.419,302600
2020-09-03 10:54:27.080,3.409,12000.0,3.395,3.4076129999999996,3.413,3.398,3.409,93100,3.408,399600,3.407,1152400,3.406,131900,3.405,279900,3.404,894600,3.403,935500,3.402,386000,3.401,438400,3.4,739800,3.41,8100,3.411,116000,3.412,288800,3.413,1602200,3.414,52700,3.415,496500,3.416,98000,3.417,133200,3.418,398000,3.419,302600
2020-09-03 10:54:32.010,3.409,12600.0,3.395,3.4076129999999996,3.413,3.398,3.409,84700,3.408,400900,3.407,1052400,3.406,131900,3.405,179900,3.404,994600,3.403,935500,3.402,386000,3.401,438400,3.4,739800,3.41,3900,3.411,116000,3.412,335600,3.413,1602200,3.414,152700,3.415,396500,3.416,98000,3.417,133200,3.418,398000,3.419,302600
2020-09-03 10:54:34.470,3.409,3000.0,3.395,3.4076129999999996,3.413,3.398,3.409,981800,3.408,400900,3.407,1052400,3.406,131900,3.405,179900,3.404,995100,3.403,935500,3.402,386000,3.401,438400,3.4,739800,3.41,3800,3.411,116000,3.412,335600,3.413,702200,3.414,152700,3.415,396500,3.416,98000,3.417,133200,3.418,398000,3.419,302600
2020-09-03 10:54:37.590,3.41,3800.0,3.395,3.407614,3.413,3.398,3.41,3200,3.409,366800,3.408,300900,3.407,959400,3.406,38900,3.405,179900,3.404,995100,3.403,35500,3.402,86000,3.401,738400,3.411,256000,3.412,542600,3.413,309200,3.414,152700,3.415,396500,3.416,98000,3.417,133200,3.418,398000,3.419,302600,3.42,909300
2020-09-03 10:54:44.200,3.411,100.0,3.395,3.407614,3.413,3.398,3.41,3200,3.409,81700,3.408,394900,3.407,712600,3.406,397700,3.405,379900,3.404,895100,3.403,997300,3.402,324200,3.401,438400,3.411,225900,3.412,682600,3.413,402200,3.414,145700,3.415,435000,3.416,159500,3.417,133200,3.418,398000,3.419,302600,3.42,909300
2020-09-03 10:54:55.380,3.41,5600.0,3.395,3.407614,3.413,3.398,3.409,80000,3.408,394900,3.407,712600,3.406,500700,3.405,279200,3.404,895100,3.403,997300,3.402,24200,3.401,738400,3.4,739800,3.41,5500,3.411,224000,3.412,683200,3.413,1302200,3.414,145600,3.415,335000,3.416,259500,3.417,133100,3.418,398000,3.419,302600
2020-09-03 10:55:00.560,3.41,4300.0,3.395,3.407614,3.413,3.398,3.409,80000,3.408,394900,3.407,712600,3.406,400700,3.405,379200,3.404,895100,3.403,935500,3.402,86000,3.401,738400,3.4,739800,3.41,14200,3.411,224100,3.412,683200,3.413,1302200,3.414,145600,3.415,496500,3.416,98000,3.417,133100,3.418,397900,3.419,302600
2020-09-03 10:55:04.650,3.409,16200.0,3.395,3.407614,3.413,3.398,3.409,53100,3.408,394900,3.407,712600,3.406,400700,3.405,379200,3.404,895100,3.403,35500,3.402,86000,3.401,738400,3.4,739800,3.41,14200,3.411,224100,3.412,683200,3.413,1302200,3.414,145600,3.415,496500,3.416,98000,3.417,133100,3.418,397900,3.419,302600
2020-09-03 10:55:14.260,3.409,48100.0,3.395,3.407614,3.413,3.398,3.408,5600,3.407,712600,3.406,134900,3.405,479200,3.404,995100,3.403,35500,3.402,986000,3.401,438400,3.4,1039800,3.399,389300,3.41,432400,3.411,1255100,3.412,376200,3.413,302200,3.414,152600,3.415,396500,3.416,98000,3.417,133100,3.418,398400,3.419,307600
2020-09-03 10:55:15.600,3.41,10700.0,3.395,3.4076150000000003,3.413,3.398,3.408,5600,3.407,319600,3.406,134900,3.405,238000,3.404,1095100,3.403,335500,3.402,924200,3.401,1400200,3.4,739800,3.399,389300,3.409,370000,3.41,152200,3.411,355100,3.412,236200,3.413,302200,3.414,152600,3.415,396500,3.416,98000,3.417,133100,3.418,398400
2020-09-03 10:55:20.900,3.409,33200.0,3.395,3.4076150000000003,3.412,3.398,3.408,305600,3.407,319600,3.406,134900,3.405,731000,3.404,995100,3.403,35500,3.402,24200,3.401,1400200,3.4,739800,3.399,389300,3.409,22800,3.41,1452200,3.411,448100,3.412,236200,3.413,209200,3.414,114200,3.415,435000,3.416,98000,3.417,133100,3.418,398400
2020-09-03 10:55:23.710,3.408,300000.0,3.395,3.4076160000000004,3.412,3.398,3.408,155600,3.407,769600,3.406,134900,3.405,272200,3.404,995100,3.403,335500,3.402,24200,3.401,1400200,3.4,739800,3.399,389300,3.409,93300,3.41,1152200,3.411,408100,3.412,236200,3.413,209200,3.414,214200,3.415,335000,3.416,98000,3.417,133100,3.418,398400
2020-09-03 10:55:47.070,3.408,5100.0,3.395,3.4076160000000004,3.411,3.398,3.407,320600,3.406,436200,3.405,270200,3.404,1195100,3.403,235500,3.402,24200,3.401,1400200,3.4,739800,3.399,689300,3.398,92700,3.409,422800,3.41,252200,3.411,238100,3.412,236200,3.413,309200,3.414,114200,3.415,335000,3.416,98100,3.417,133100,3.418,398400
2020-09-03 10:55:56.030,3.407,2900.0,3.395,3.4076160000000004,3.411,3.398,3.407,317700,3.406,436200,3.405,270200,3.404,1256000,3.403,235500,3.402,24200,3.401,438400,3.4,1701700,3.399,689300,3.398,92700,3.409,522800,3.41,252200,3.411,177600,3.412,236200,3.413,309200,3.414,114200,3.415,335000,3.416,98100,3.417,133100,3.418,398400
2020-09-03 10:56:02.350,3.408,1000.0,3.395,3.4076160000000004,3.411,3.398,3.408,3400,3.407,319200,3.406,343200,3.405,270200,3.404,1349000,3.403,135800,3.402,124200,3.401,1339400,3.4,801700,3.399,689300,3.409,240800,3.41,582200,3.411,177600,3.412,336200,3.413,209200,3.414,114200,3.415,335000,3.416,98100,3.417,133100,3.418,398400
2020-09-03 10:56:04.820,3.409,277000.0,3.395,3.4076150000000003,3.41,3.398,3.407,52600,3.406,343200,3.405,570200,3.404,1049000,3.403,235800,3.402,24200,3.401,1401200,3.4,1039900,3.399,389300,3.398,92700,3.409,503800,3.41,284000,3.411,177600,3.412,236200,3.413,309200,3.414,114200,3.415,335000,3.416,98100,3.417,133100,3.418,398400
2020-09-03 10:56:10.910,3.407,7000.0,3.395,3.4076150000000003,3.41,3.398,3.407,345600,3.406,643200,3.405,270200,3.404,1449000,3.403,135800,3.402,24200,3.401,439400,3.4,1701700,3.399,689300,3.398,92700,3.409,1133800,3.41,585000,3.411,177600,3.412,236200,3.413,209200,3.414,214200,3.415,335000,3.416,98100,3.417,133100,3.418,398400
2020-09-03 10:56:17.780,3.407,3000.0,3.395,3.4076150000000003,3.41,3.398,3.407,43100,3.406,653200,3.405,1170400,3.404,1349000,3.403,135800,3.402,124200,3.401,439400,3.4,1701700,3.399,689300,3.398,92700,3.408,10000,3.409,233800,3.41,585000,3.411,179500,3.412,336200,3.413,209200,3.414,114200,3.415,335000,3.416,98100,3.417,133100
2020-09-03 10:56:22.910,3.407,600.0,3.395,3.4076150000000003,3.411,3.398,3.407,43000,3.406,653200,3.405,1170400,3.404,1349000,3.403,135800,3.402,124200,3.401,1339400,3.4,801700,3.399,689300,3.398,92700,3.408,10000,3.409,233800,3.41,1481500,3.411,179500,3.412,336200,3.413,270800,3.414,52600,3.415,335000,3.416,98100,3.417,133100
2020-09-03 10:56:24.410,3.407,4600.0,3.395,3.4076150000000003,3.411,3.398,3.407,54000,3.406,653200,3.405,1170400,3.404,1349000,3.403,135800,3.402,124200,3.401,439400,3.4,1701700,3.399,689300,3.398,92700,3.408,33300,3.409,536300,3.41,281500,3.411,179500,3.412,336200,3.413,270800,3.414,52600,3.415,335000,3.416,98100,3.417,133100
2020-09-03 10:56:27.670,3.409,61100.0,3.395,3.4076150000000003,3.411,3.398,3.407,1065500,3.406,524100,3.405,577200,3.404,895100,3.403,35800,3.402,1024200,3.401,739400,3.4,801700,3.399,389300,3.398,92700,3.409,5700,3.41,81500,3.411,1386500,3.412,343200,3.413,270800,3.414,52600,3.415,335000,3.416,98100,3.417,133100,3.418,398400
2020-09-03 10:56:32.740,3.408,30000.0,3.395,3.4076150000000003,3.411,3.398,3.408,274200,3.407,1065500,3.406,524100,3.405,670200,3.404,1088100,3.403,35800,3.402,924200,3.401,439400,3.4,801700,3.399,389300,3.409,5800,3.41,81500,3.411,579500,3.412,336200,3.413,209200,3.414,214200,3.415,335000,3.416,98100,3.417,133100,3.418,398400
2020-09-03 10:56:39.000,3.409,200.0,3.395,3.4076150000000003,3.411,3.398,3.408,4200,3.407,335500,3.406,433200,3.405,631100,3.404,1088100,3.403,135800,3.402,924200,3.401,801200,3.4,739900,3.399,389300,3.409,8700,3.41,185200,3.411,579500,3.412,336200,3.413,309200,3.414,114200,3.415,335000,3.416,98100,3.417,133100,3.418,398400
2020-09-03 10:56:40.050,3.409,100.0,3.395,3.4076150000000003,3.411,3.398,3.408,4200,3.407,325500,3.406,433200,3.405,631100,3.404,1188100,3.403,35800,3.402,24200,3.401,1401200,3.4,1039900,3.399,389300,3.409,8600,3.41,1385200,3.411,279500,3.412,336200,3.413,209200,3.414,214200,3.415,335000,3.416,98100,3.417,133100,3.418,398400
2020-09-03 10:56:49.110,3.407,49700.0,3.395,3.4076150000000003,3.411,3.398,3.408,300000,3.407,285500,3.406,496200,3.405,565200,3.404,995100,3.403,35800,3.402,24200,3.401,501200,3.4,1939800,3.399,389300,3.409,193600,3.41,1495200,3.411,279500,3.412,236200,3.413,209200,3.414,214200,3.415,335000,3.416,98100,3.417,133100,3.418,398400
2020-09-03 10:56:56.660,3.408,11000.0,3.395,3.4076150000000003,3.411,3.398,3.408,574000,3.407,285500,3.406,557100,3.405,665200,3.404,895100,3.403,35800,3.402,124200,3.401,1401200,3.4,1039800,3.399,389300,3.409,153600,3.41,596200,3.411,289500,3.412,336200,3.413,209200,3.414,114200,3.415,335000,3.416,98100,3.417,133100,3.418,398400
2020-09-03 10:57:00.570,3.409,4300.0,3.395,3.4076150000000003,3.411,3.398,3.408,289000,3.407,336000,3.406,862100,3.405,365200,3.404,895100,3.403,135800,3.402,924200,3.401,801200,3.4,739800,3.399,389300,3.409,49300,3.41,96200,3.411,1489500,3.412,236200,3.413,309200,3.414,114500,3.415,335000,3.416,98100,3.417,133100,3.418,398400
2020-09-03 10:57:05.510,3.408,12000.0,3.395,3.4076150000000003,3.411,3.398,3.408,277000,3.407,336000,3.406,801200,3.405,265200,3.404,995100,3.403,35800,3.402,924200,3.401,801200,3.4,739800,3.399,389300,3.409,49300,3.41,96200,3.411,1489500,3.412,236200,3.413,209200,3.414,214500,3.415,335000,3.416,98100,3.417,133100,3.418,398400
2020-09-03 10:57:14.130,3.409,6000.0,3.395,3.4076150000000003,3.411,3.398,3.407,286000,3.406,461200,3.405,265200,3.404,1256000,3.403,235800,3.402,24200,3.401,501200,3.4,1639800,3.399,689300,3.398,92700,3.409,285300,3.41,601200,3.411,287600,3.412,236200,3.413,309200,3.414,114500,3.415,335000,3.416,98100,3.417,133100,3.418,398400
2020-09-03 10:57:26.590,3.408,800.0,3.395,3.4076150000000003,3.411,3.398,3.407,286000,3.406,368200,3.405,172200,3.404,1356000,3.403,135800,3.402,24200,3.401,1339400,3.4,801600,3.399,689300,3.398,92700,3.408,12200,3.409,289800,3.41,1501200,3.411,194600,3.412,147200,3.413,270800,3.414,152900,3.415,135000,3.416,98100,3.417,133100
2020-09-03 10:57:30.540,3.408,4100.0,3.395,3.4076150000000003,3.411,3.398,3.407,286000,3.406,368200,3.405,265200,3.404,1349000,3.403,235800,3.402,24200,3.401,439400,3.4,1701600,3.399,689300,3.398,92700,3.408,8100,3.409,189800,3.41,694200,3.411,287600,3.412,147200,3.413,370800,3.414,52900,3.415,135000,3.416,98100,3.417,133100
2020-09-03 10:57:39.850,3.406,100000.0,3.395,3.407614,3.411,3.398,3.406,258700,3.405,172200,3.404,895100,3.403,496700,3.402,124200,3.401,439400,3.4,801600,3.399,1289300,3.398,92700,3.397,90800,3.407,80000,3.408,548100,3.409,289800,3.41,71200,3.411,94600,3.412,147200,3.413,370800,3.414,52900,3.415,135000,3.416,98100
2020-09-03 10:57:55.850,3.406,214700.0,3.395,3.407611,3.412,3.398,3.406,62100,3.405,145900,3.404,988100,3.403,489700,3.402,124200,3.401,539400,3.4,739800,3.399,451100,3.398,92700,3.397,90800,3.407,1000,3.408,548100,3.409,356900,3.41,165700,3.411,194600,3.412,208800,3.413,209200,3.414,52900,3.415,135000,3.416,98100
2020-09-03 10:57:59.460,3.406,40000.0,3.395,3.407611,3.412,3.398,3.406,322100,3.405,145900,3.404,988100,3.403,489700,3.402,124200,3.401,539400,3.4,739800,3.399,451100,3.398,392700,3.397,90800,3.407,41000,3.408,248100,3.409,656900,3.41,165700,3.411,194600,3.412,208800,3.413,209200,3.414,52900,3.415,135000,3.416,98100
2020-09-03 10:58:01.830,3.407,4400.0,3.395,3.407611,3.412,3.398,3.406,325400,3.405,146900,3.404,986800,3.403,489700,3.402,124200,3.401,539400,3.4,739800,3.399,451100,3.398,392700,3.397,90800,3.407,36600,3.408,248100,3.409,656900,3.41,165700,3.411,194600,3.412,208800,3.413,209200,3.414,52900,3.415,135000,3.416,98100
2020-09-03 10:58:07.100,3.406,22100.0,3.395,3.40761,3.411,3.398,3.406,4300,3.405,146900,3.404,986800,3.403,428800,3.402,124200,3.401,439400,3.4,739800,3.399,451100,3.398,92700,3.397,390800,3.407,136600,3.408,640000,3.409,146900,3.41,165700,3.411,34600,3.412,308800,3.413,209200,3.414,52900,3.415,135000,3.416,98100
2020-09-03 10:58:08.340,3.404,604300.0,3.395,3.407594,3.41,3.398,3.404,9400,3.403,35800,3.402,24200,3.401,600300,3.4,1139800,3.399,451100,3.398,92700,3.397,90800,3.396,960300,3.395,153900,3.405,740000,3.406,1991600,3.407,70000,3.408,100000,3.409,53900,3.41,72700,3.411,134600,3.412,208800,3.413,209200,3.414,52900
2020-09-03 10:58:11.640,3.405,1200.0,3.395,3.407594,3.41,3.398,3.404,9400,3.403,35800,3.402,117200,3.401,892300,3.4,839800,3.399,489300,3.398,92700,3.397,1052700,3.396,60300,3.395,153900,3.405,734800,3.406,1077900,3.407,163000,3.408,193000,3.409,153900,3.41,134300,3.411,34600,3.412,147200,3.413,209200,3.414,52900
2020-09-03 10:58:16.020,3.403,25100.0,3.395,3.407593,3.408,3.398,3.404,300000,3.403,20100,3.402,1287200,3.401,892300,3.4,939800,3.399,389300,3.398,992700,3.397,452700,3.396,60300,3.395,153900,3.405,298800,3.406,677900,3.407,1363000,3.408,193000,3.409,53900,3.41,234300,3.411,34600,3.412,147200,3.413,209200,3.414,52900
2020-09-03 10:58:18.340,3.404,30000.0,3.395,3.4075919999999997,3.409,3.398,3.404,270000,3.403,620100,3.402,1287200,3.401,831400,3.4,739800,3.399,389300,3.398,1092700,3.397,152700,3.396,360300,3.395,153900,3.405,298800,3.406,417900,3.407,1363000,3.408,194300,3.409,53900,3.41,134300,3.411,34600,3.412,147200,3.413,209200,3.414,52900
2020-09-03 10:58:19.510,3.404,30000.0,3.395,3.4075910000000005,3.408,3.398,3.404,240000,3.403,620100,3.402,1078100,3.401,931400,3.4,739800,3.399,489300,3.398,992700,3.397,152900,3.396,360300,3.395,153900,3.405,298800,3.406,517900,3.407,563000,3.408,94300,3.409,153900,3.41,134300,3.411,34600,3.412,147200,3.413,209200,3.414,52900
2020-09-03 10:58:24.860,3.405,65400.0,3.395,3.4075900000000003,3.408,3.398,3.403,645100,3.402,1285100,3.401,538400,3.4,742800,3.399,489300,3.398,992700,3.397,452900,3.396,60300,3.395,153900,3.394,26500,3.405,268400,3.406,717900,3.407,170000,3.408,101300,3.409,153900,3.41,134300,3.411,34600,3.412,147200,3.413,209200,3.414,52900
2020-09-03 10:58:25.320,3.403,30000.0,3.395,3.4075889999999998,3.408,3.398,3.403,615600,3.402,1365100,3.401,631400,3.4,935800,3.399,389300,3.398,92700,3.397,391000,3.396,122200,3.395,153900,3.394,26500,3.405,268400,3.406,417900,3.407,563000,3.408,1093000,3.409,53900,3.41,234300,3.411,34600,3.412,147200,3.413,209200,3.414,52900
2020-09-03 10:58:30.570,3.404,238400.0,3.395,3.407582,3.408,3.398,3.404,74200,3.403,2047200,3.402,1365100,3.401,631400,3.4,835800,3.399,389300,3.398,1092700,3.397,391000,3.396,122200,3.395,153900,3.405,268400,3.406,377900,3.407,563000,3.408,293000,3.409,53900,3.41,134300,3.411,34600,3.412,147200,3.413,209200,3.414,52900
2020-09-03 10:58:32.290,3.404,50000.0,3.395,3.4075800000000003,3.408,3.398,3.404,244200,3.403,2047400,3.402,1365100,3.401,631400,3.4,835800,3.399,1389300,3.398,92700,3.397,452900,3.396,60300,3.395,153900,3.405,268400,3.406,387900,3.407,563000,3.408,1093000,3.409,153900,3.41,134300,3.411,34600,3.412,147200,3.413,209200,3.414,58900
2020-09-03 10:58:34.390,3.404,30200.0,3.395,3.407579,3.408,3.398,3.404,874500,3.403,2117600,3.402,1365100,3.401,631400,3.4,835800,3.399,1389300,3.398,92700,3.397,152900,3.396,60300,3.395,153900,3.405,268400,3.406,344300,3.407,463000,3.408,193000,3.409,153900,3.41,134300,3.411,34600,3.412,147200,3.413,209200,3.414,58900
2020-09-03 10:58:39.850,3.405,36500.0,3.395,3.407578,3.407,3.398,3.405,553500,3.404,864500,3.403,2117600,3.402,1158100,3.401,631400,3.4,743800,3.399,1389300,3.398,92700,3.397,152900,3.396,60300,3.406,300000,3.407,163000,3.408,1393000,3.409,253900,3.41,134300,3.411,34600,3.412,147200,3.413,209200,3.414,58900,3.415,135500
2020-09-03 10:58:41.840,3.405,20100.0,3.395,3.407578,3.407,3.398,3.405,533400,3.404,855500,3.403,1218600,3.402,478100,3.401,631400,3.4,848800,3.399,389300,3.398,1043100,3.397,391000,3.396,60300,3.406,370000,3.407,233000,3.408,1393000,3.409,153900,3.41,172700,3.411,96200,3.412,147200,3.413,209200,3.414,58900,3.415,135500
2020-09-03 10:58:43.930,3.405,50000.0,3.395,3.407577,3.407,3.398,3.404,671500,3.403,1218600,3.402,478100,3.401,631400,3.4,848800,3.399,389300,3.398,1043100,3.397,391000,3.396,60300,3.395,161200,3.406,370000,3.407,233000,3.408,1393800,3.409,153900,3.41,172800,3.411,96200,3.412,147200,3.413,209200,3.414,58900,3.415,135500
2020-09-03 10:58:50.630,3.405,500400.0,3.395,3.4075629999999997,3.407,3.398,3.404,171500,3.403,318600,3.402,478100,3.401,631400,3.4,1747800,3.399,389300,3.398,81200,3.397,452900,3.396,60300,3.395,161200,3.405,299700,3.406,340000,3.407,233000,3.408,493800,3.409,153900,3.41,239400,3.411,34600,3.412,147200,3.413,209200,3.414,52700
2020-09-03 10:58:55.850,3.405,5000.0,3.395,3.4075629999999997,3.407,3.398,3.404,479200,3.403,1218600,3.402,478100,3.401,626400,3.4,877800,3.399,389300,3.398,81200,3.397,152900,3.396,60300,3.395,161200,3.405,404800,3.406,340000,3.407,533000,3.408,493800,3.409,153900,3.41,239400,3.411,34500,3.412,147200,3.413,209200,3.414,52700
2020-09-03 10:59:05.420,3.405,3000.0,3.395,3.4075620000000004,3.407,3.398,3.404,484900,3.403,349700,3.402,478100,3.401,626400,3.4,882400,3.399,1291300,3.398,81200,3.397,452900,3.396,60300,3.395,161200,3.405,411200,3.406,440500,3.407,533000,3.408,493800,3.409,153900,3.41,239500,3.411,34500,3.412,147200,3.413,209200,3.414,52700
2020-09-03 10:59:06.010,3.404,500.0,3.395,3.4075620000000004,3.407,3.398,3.404,484400,3.403,349700,3.402,528100,3.401,626400,3.4,882400,3.399,391300,3.398,981200,3.397,452900,3.396,60300,3.395,161200,3.405,411200,3.406,540500,3.407,1433000,3.408,493800,3.409,53900,3.41,239500,3.411,34500,3.412,147200,3.413,209200,3.414,52700
2020-09-03 10:59:10.340,3.404,10900.0,3.395,3.4075620000000004,3.407,3.398,3.404,481100,3.403,58000,3.402,228100,3.401,926400,3.4,782400,3.399,491300,3.398,981200,3.397,152900,3.396,60300,3.395,161200,3.405,404300,3.406,740500,3.407,1233000,3.408,493800,3.409,153900,3.41,139500,3.411,34500,3.412,147200,3.413,209200,3.414,52700
2020-09-03 10:59:15.150,3.404,5000.0,3.395,3.4075620000000004,3.407,3.398,3.404,480700,3.403,59200,3.402,978100,3.401,1076400,3.4,781400,3.399,491300,3.398,81200,3.397,152900,3.396,960300,3.395,161200,3.405,404300,3.406,440500,3.407,633000,3.408,593800,3.409,153900,3.41,139500,3.411,34500,3.412,147200,3.413,209200,3.414,52700
2020-09-03 10:59:19.960,3.404,9100.0,3.395,3.4075620000000004,3.407,3.398,3.404,621900,3.403,549200,3.402,436300,3.401,533400,3.4,781400,3.399,491300,3.398,981200,3.397,452900,3.396,60300,3.395,161200,3.405,404300,3.406,440500,3.407,540000,3.408,200800,3.409,153900,3.41,139500,3.411,34500,3.412,147200,3.413,209200,3.414,52700
2020-09-03 10:59:22.690,3.404,200.0,3.395,3.4075620000000004,3.407,3.398,3.404,171700,3.403,549200,3.402,529300,3.401,626400,3.4,775400,3.399,491300,3.398,981200,3.397,452900,3.396,60300,3.395,161200,3.405,418700,3.406,400500,3.407,1533000,3.408,293800,3.409,153900,3.41,139500,3.411,34500,3.412,147200,3.413,209200,3.414,52700
2020-09-03 10:59:30.100,3.403,810400.0,3.395,3.407542,3.407,3.398,3.403,739300,3.402,229300,3.401,627400,3.4,775400,3.399,1391300,3.398,381200,3.397,152900,3.396,60300,3.395,161200,3.394,26700,3.406,300500,3.407,233000,3.408,593800,3.409,149800,3.41,139500,3.411,34500,3.412,147200,3.413,209200,3.414,52700,3.415,131400
2020-09-03 10:59:32.330,3.404,149900.0,3.395,3.4075379999999997,3.407,3.398,3.404,1054300,3.403,449300,3.402,649300,3.401,627400,3.4,775400,3.399,1291300,3.398,181200,3.397,391000,3.396,122200,3.395,161200,3.405,5000,3.406,300000,3.407,533000,3.408,393800,3.409,149800,3.41,527900,3.411,96100,3.412,147200,3.413,209200,3.414,52700
2020-09-03 10:59:38.720,3.404,100.0,3.395,3.4075379999999997,3.407,3.398,3.404,2420200,3.403,1654000,3.402,364000,3.401,627400,3.4,1775400,3.399,491300,3.398,381200,3.397,152900,3.396,60300,3.395,161200,3.405,5000,3.406,300000,3.407,233000,3.408,593800,3.409,249800,3.41,589500,3.411,34500,3.412,147200,3.413,209200,3.414,52700
2020-09-03 10:59:41.010,3.405,5000.0,3.395,3.4075379999999997,3.407,3.398,3.405,295100,3.404,2420200,3.403,1654000,3.402,364000,3.401,627400,3.4,875400,3.399,1391300,3.398,381200,3.397,152900,3.396,60300,3.406,300000,3.407,233000,3.408,593800,3.409,249800,3.41,589500,3.411,34500,3.412,147200,3.413,209200,3.414,52700,3.415,131400
2020-09-03 10:59:42.400,3.405,100.0,3.395,3.4075379999999997,3.407,3.398,3.405,295000,3.404,2420200,3.403,1654000,3.402,245000,3.401,627400,3.4,976600,3.399,1291300,3.398,443100,3.397,91000,3.396,60300,3.406,300000,3.407,233000,3.408,493800,3.409,149800,3.41,627900,3.411,96100,3.412,147200,3.413,209200,3.414,52700,3.415,131400
2020-09-03 10:59:49.870,3.405,800.0,3.395,3.4075379999999997,3.407,3.398,3.405,294200,3.404,2120400,3.403,1747000,3.402,245000,3.401,535400,3.4,1876600,3.399,391300,3.398,443100,3.397,91000,3.396,60300,3.406,300000,3.407,140000,3.408,493800,3.409,247800,3.41,627900,3.411,92100,3.412,147200,3.413,216300,3.414,57700,3.415,131500
2020-09-03 10:59:55.260,3.405,62100.0,3.395,3.407536,3.407,3.398,3.405,232100,3.404,2110400,3.403,1747000,3.402,245000,3.401,535400,3.4,976600,3.399,1291300,3.398,443100,3.397,91000,3.396,60300,3.406,300000,3.407,140000,3.408,493800,3.409,247800,3.41,627900,3.411,92100,3.412,147200,3.413,216300,3.414,57700,3.415,131500
2020-09-03 10:59:58.740,3.406,300000.0,3.395,3.4075330000000004,3.407,3.398,3.406,630000,3.405,232100,3.404,2490400,3.403,1507900,3.402,284100,3.401,435400,3.4,976600,3.399,691300,3.398,143100,3.397,91000,3.407,40000,3.408,93800,3.409,547800,3.41,727900,3.411,92100,3.412,147200,3.413,216300,3.414,57700,3.415,131500,3.416,104100
2020-09-03 11:00:02.840,3.406,60300.0,3.395,3.407532,3.407,3.398,3.406,1104500,3.405,1333000,3.404,1536200,3.403,1274000,3.402,91100,3.401,1435400,3.4,876600,3.399,453100,3.398,81200,3.397,91000,3.407,5000,3.408,40800,3.409,54800,3.41,927900,3.411,130500,3.412,208800,3.413,216300,3.414,57700,3.415,131500,3.416,104100
2020-09-03 11:00:09.700,3.407,5000.0,3.395,3.407532,3.407,3.398,3.407,220000,3.406,665100,3.405,1640600,3.404,579200,3.403,466800,3.402,991100,3.401,535400,3.4,1176600,3.399,453100,3.398,76300,3.408,800,3.409,147800,3.41,170900,3.411,530500,3.412,758800,3.413,216300,3.414,57700,3.415,131500,3.416,104100,3.417,158100
2020-09-03 11:00:14.570,3.407,5000.0,3.395,3.407532,3.407,3.398,3.407,215000,3.406,965100,3.405,1315900,3.404,499200,3.403,466800,3.402,1091100,3.401,435400,3.4,938400,3.399,391300,3.398,76300,3.408,2800,3.409,147800,3.41,170900,3.411,430500,3.412,797200,3.413,277900,3.414,57700,3.415,131500,3.416,104100,3.417,158100
2020-09-03 11:00:16.930,3.406,100.0,3.395,3.407532,3.408,3.398,3.406,965000,3.405,1335800,3.404,406200,3.403,373800,3.402,1091100,3.401,435400,3.4,938400,3.399,391300,3.398,76300,3.397,91000,3.408,4000,3.409,494800,3.41,77900,3.411,430500,3.412,797200,3.413,277900,3.414,57700,3.415,131500,3.416,104100,3.417,158100
2020-09-03 11:00:24.710,3.407,100.0,3.395,3.407532,3.408,3.398,3.407,9900,3.406,665000,3.405,1436800,3.404,499200,3.403,373800,3.402,990100,3.401,534400,3.4,1237400,3.399,391300,3.398,60100,3.408,134000,3.409,494800,3.41,570900,3.411,323500,3.412,597200,3.413,277900,3.414,57700,3.415,131500,3.416,102100,3.417,158100
2020-09-03 11:00:32.320,3.407,2000.0,3.395,3.407532,3.409,3.398,3.407,12100,3.406,655000,3.405,1106800,3.404,799200,3.403,373800,3.402,190100,3.401,434400,3.4,1837400,3.399,691300,3.398,60100,3.408,234000,3.409,794800,3.41,270900,3.411,223500,3.412,697600,3.413,277900,3.414,57700,3.415,131500,3.416,102100,3.417,158100
2020-09-03 11:00:36.060,3.408,100.0,3.395,3.407532,3.408,3.398,3.407,12100,3.406,665000,3.405,1045900,3.404,399200,3.403,673800,3.402,190100,3.401,434400,3.4,1837400,3.399,391300,3.398,60100,3.408,273900,3.409,794800,3.41,270900,3.411,223500,3.412,697600,3.413,277900,3.414,57700,3.415,141500,3.416,102100,3.417,158100
2020-09-03 11:00:37.680,3.407,16300.0,3.395,3.407532,3.408,3.398,3.406,665000,3.405,1005900,3.404,760100,3.403,573800,3.402,90100,3.401,1334400,3.4,937400,3.399,691300,3.398,60100,3.397,91000,3.407,93700,3.408,273900,3.409,794800,3.41,270900,3.411,223500,3.412,597600,3.413,377900,3.414,57700,3.415,141500,3.416,102100
2020-09-03 11:00:42.520,3.406,5000.0,3.395,3.407532,3.409,3.398,3.406,660000,3.405,912900,3.404,667100,3.403,473800,3.402,190100,3.401,434400,3.4,1775600,3.399,753100,3.398,60100,3.397,91000,3.407,125900,3.408,273900,3.409,494800,3.41,477900,3.411,130500,3.412,759200,3.413,216300,3.414,57700,3.415,141500,3.416,102100
2020-09-03 11:00:47.410,3.406,4100.0,3.395,3.407532,3.409,3.398,3.406,656400,3.405,917900,3.404,1210100,3.403,202500,3.402,90100,3.401,1434400,3.4,875600,3.399,753100,3.398,60100,3.397,91000,3.407,125900,3.408,243900,3.409,587800,3.41,570900,3.411,230500,3.412,210200,3.413,216300,3.414,507700,3.415,141500,3.416,102100
2020-09-03 11:00:53.080,3.407,130900.0,3.395,3.4075309999999996,3.409,3.398,3.407,676700,3.406,657500,3.405,1287900,3.404,910100,3.403,202500,3.402,90100,3.401,1434400,3.4,1175600,3.399,453100,3.398,60100,3.408,173900,3.409,587800,3.41,570900,3.411,230500,3.412,210200,3.413,216300,3.414,507700,3.415,141500,3.416,102100,3.417,158100
2020-09-03 11:00:55.920,3.407,10000.0,3.395,3.4075309999999996,3.409,3.398,3.407,1266700,3.406,667500,3.405,1348800,3.404,949200,3.403,102500,3.402,1090100,3.401,434400,3.4,1237400,3.399,391300,3.398,60100,3.408,173900,3.409,287800,3.41,570900,3.411,130500,3.412,248600,3.413,277900,3.414,507700,3.415,141500,3.416,102100,3.417,158100
2020-09-03 11:00:59.340,3.407,13900.0,3.395,3.4075309999999996,3.409,3.398,3.407,952800,3.406,367500,3.405,1348800,3.404,856200,3.403,9500,3.402,1090100,3.401,1334400,3.4,1237400,3.399,391300,3.398,60100,3.408,133900,3.409,194800,3.41,477900,3.411,130500,3.412,248600,3.413,277900,3.414,507700,3.415,141500,3.416,102100,3.417,158100
2020-09-03 11:01:02.670,3.407,9400.0,3.395,3.4075309999999996,3.409,3.398,3.407,135700,3.406,357500,3.405,1050900,3.404,1149200,3.403,9500,3.402,190100,3.401,434400,3.4,1837400,3.399,691300,3.398,60100,3.408,269600,3.409,194800,3.41,570900,3.411,223500,3.412,248600,3.413,277900,3.414,507700,3.415,141500,3.416,102100,3.417,158100
2020-09-03 11:01:05.330,3.407,100.0,3.395,3.4075309999999996,3.409,3.398,3.407,5500,3.406,362500,3.405,1101800,3.404,1249200,3.403,9500,3.402,190100,3.401,434400,3.4,937400,3.399,691300,3.398,60100,3.408,269600,3.409,494800,3.41,270900,3.411,223500,3.412,248600,3.413,277900,3.414,507700,3.415,141500,3.416,102100,3.417,158100
2020-09-03 11:01:06.140,3.407,100.0,3.395,3.4075309999999996,3.409,3.398,3.407,5400,3.406,362500,3.405,1101800,3.404,1249200,3.403,9500,3.402,190100,3.401,1334400,3.4,1837400,3.399,691300,3.398,60100,3.408,269600,3.409,494800,3.41,270900,3.411,223500,3.412,248600,3.413,277900,3.414,507700,3.415,141500,3.416,102100,3.417,158100
2020-09-03 11:01:11.140,3.407,3000.0,3.395,3.4075309999999996,3.409,3.398,3.407,2400,3.406,362500,3.405,1101800,3.404,1249200,3.403,9500,3.402,190100,3.401,1334400,3.4,937400,3.399,691300,3.398,60100,3.408,169600,3.409,194800,3.41,570900,3.411,223500,3.412,248600,3.413,277900,3.414,507700,3.415,141500,3.416,102100,3.417,158100
2020-09-03 11:01:12.170,3.408,14600.0,3.395,3.4075309999999996,3.409,3.398,3.407,2400,3.406,362500,3.405,1040900,3.404,1149200,3.403,9500,3.402,190100,3.401,1334400,3.4,937400,3.399,691300,3.398,60100,3.408,185000,3.409,194800,3.41,570900,3.411,223500,3.412,248600,3.413,277900,3.414,507700,3.415,141500,3.416,102100,3.417,158100
2020-09-03 11:01:16.100,3.407,1000.0,3.395,3.4075309999999996,3.41,3.398,3.407,2400,3.406,362500,3.405,1551800,3.404,1249200,3.403,109500,3.402,90100,3.401,434400,3.4,937400,3.399,691300,3.398,60100,3.408,255000,3.409,494800,3.41,270900,3.411,223500,3.412,148600,3.413,827900,3.414,507700,3.415,141500,3.416,102100,3.417,158100
2020-09-03 11:01:19.720,3.408,20000.0,3.395,3.4075309999999996,3.41,3.398,3.407,4400,3.406,363900,3.405,1551800,3.404,1249200,3.403,9500,3.402,190100,3.401,1334400,3.4,937400,3.399,691300,3.398,60100,3.408,236900,3.409,503000,3.41,270900,3.411,223500,3.412,248600,3.413,727900,3.414,507700,3.415,141500,3.416,102100,3.417,158100
2020-09-03 11:01:26.360,3.407,100.0,3.395,3.4075309999999996,3.41,3.398,3.407,4500,3.406,363900,3.405,1697900,3.404,817100,3.403,209500,3.402,90100,3.401,1334400,3.4,1237400,3.399,391300,3.398,60100,3.408,143900,3.409,203000,3.41,477900,3.411,130500,3.412,148600,3.413,827900,3.414,507700,3.415,141500,3.416,102100,3.417,158100
2020-09-03 11:01:29.120,3.407,3600.0,3.395,3.4075309999999996,3.41,3.398,3.407,1100,3.406,363900,3.405,550900,3.404,1210100,3.403,109500,3.402,190100,3.401,434400,3.4,1837400,3.399,391300,3.398,60100,3.408,363700,3.409,503000,3.41,270900,3.411,123500,3.412,248600,3.413,727900,3.414,507700,3.415,141500,3.416,102100,3.417,158100
2020-09-03 11:01:31.000,3.407,10300.0,3.395,3.4075309999999996,3.41,3.398,3.406,103900,3.405,550900,3.404,849200,3.403,309500,3.402,190100,3.401,434400,3.4,937400,3.399,1291300,3.398,60100,3.397,91000,3.407,110500,3.408,263700,3.409,476000,3.41,270900,3.411,123500,3.412,248600,3.413,727900,3.414,507700,3.415,141500,3.416,102100
2020-09-03 11:01:34.750,3.407,200.0,3.395,3.4075309999999996,3.409,3.398,3.406,103900,3.405,551100,3.404,849200,3.403,370400,3.402,290100,3.401,434400,3.4,1775600,3.399,453100,3.398,360100,3.397,91000,3.407,150300,3.408,343700,3.409,476000,3.41,270900,3.411,123500,3.412,310200,3.413,666300,3.414,507700,3.415,141500,3.416,102100
2020-09-03 11:01:37.750,3.407,500.0,3.395,3.4075309999999996,3.409,3.398,3.406,103900,3.405,551100,3.404,849200,3.403,370400,3.402,290100,3.401,434400,3.4,875600,3.399,453100,3.398,360100,3.397,91000,3.407,149800,3.408,643700,3.409,176000,3.41,271800,3.411,123500,3.412,310200,3.413,666300,3.414,507700,3.415,141500,3.416,102100
2020-09-03 11:01:44.970,3.407,1200.0,3.395,3.4075309999999996,3.41,3.398,3.406,103900,3.405,468100,3.404,1149200,3.403,163400,3.402,290100,3.401,434400,3.4,875600,3.399,453100,3.398,60100,3.397,91000,3.407,41800,3.408,543700,3.409,369000,3.41,271700,3.411,30500,3.412,310200,3.413,666300,3.414,507700,3.415,141500,3.416,127000
2020-09-03 11:01:50.630,3.407,200.0,3.395,3.4075309999999996,3.409,3.398,3.406,103900,3.405,458100,3.404,849200,3.403,463400,3.402,290100,3.401,434400,3.4,875600,3.399,1353100,3.398,360100,3.397,91000,3.407,181600,3.408,243800,3.409,369000,3.41,174800,3.411,30500,3.412,310200,3.413,666300,3.414,507700,3.415,141500,3.416,127000
2020-09-03 11:01:51.730,3.406,12000.0,3.395,3.4075309999999996,3.408,3.398,3.406,101900,3.405,8100,3.404,756200,3.403,370400,3.402,290100,3.401,434400,3.4,875600,3.399,1353100,3.398,360100,3.397,91000,3.407,280900,3.408,543800,3.409,166000,3.41,96800,3.411,30500,3.412,310200,3.413,666300,3.414,57700,3.415,141500,3.416,127000
2020-09-03 11:02:02.050,3.406,100000.0,3.395,3.4075300000000004,3.409,3.398,3.406,6200,3.405,316100,3.404,849200,3.403,463400,3.402,190100,3.401,534400,3.4,1775600,3.399,453100,3.398,60100,3.397,91000,3.407,191200,3.408,643800,3.409,259000,3.41,189800,3.411,130500,3.412,210200,3.413,666300,3.414,57700,3.415,141500,3.416,127000
2020-09-03 11:02:04.260,3.406,6200.0,3.395,3.4075300000000004,3.408,3.398,3.405,16100,3.404,849200,3.403,463400,3.402,190100,3.401,534400,3.4,875600,3.399,1353100,3.398,360100,3.397,91000,3.396,60300,3.406,40700,3.407,241200,3.408,643800,3.409,259000,3.41,189800,3.411,130500,3.412,210200,3.413,666300,3.414,57700,3.415,141500
2020-09-03 11:02:08.750,3.406,2000.0,3.395,3.4075300000000004,3.409,3.398,3.405,16100,3.404,756200,3.403,70400,3.402,490100,3.401,534400,3.4,875600,3.399,1291300,3.398,122000,3.397,391000,3.396,60300,3.406,38700,3.407,491200,3.408,343800,3.409,176000,3.41,96800,3.411,192100,3.412,148600,3.413,666300,3.414,57700,3.415,140200
2020-09-03 11:02:14.000,3.406,16200.0,3.395,3.4075290000000003,3.409,3.398,3.404,456200,3.403,102500,3.402,544000,3.401,634400,3.4,875600,3.399,390300,3.398,1022000,3.397,91000,3.396,360300,3.395,161200,3.405,268400,3.406,238600,3.407,491300,3.408,336700,3.409,169000,3.41,96800,3.411,192100,3.412,148600,3.413,666300,3.414,57700
2020-09-03 11:02:26.770,3.404,300200.0,3.395,3.407521,3.409,3.398,3.404,156200,3.403,19500,3.402,544000,3.401,1027400,3.4,875600,3.399,390300,3.398,960100,3.397,152900,3.396,360300,3.395,161200,3.405,268400,3.406,139800,3.407,681100,3.408,296700,3.409,76000,3.41,158400,3.411,140500,3.412,148600,3.413,666300,3.414,57700
2020-09-03 11:02:29.220,3.404,2000.0,3.395,3.407521,3.409,3.398,3.403,19500,3.402,844000,3.401,627400,3.4,875600,3.399,490300,3.398,960100,3.397,452900,3.396,60300,3.395,161200,3.394,26700,3.405,268400,3.406,139800,3.407,681100,3.408,296700,3.409,176000,3.41,158400,3.411,40500,3.412,148600,3.413,216300,3.414,57700
2020-09-03 11:02:38.900,3.405,268400.0,3.395,3.407516,3.408,3.398,3.405,243600,3.404,814400,3.403,2109500,3.402,624000,3.401,627400,3.4,875600,3.399,490300,3.398,360100,3.397,152900,3.396,60300,3.406,1200,3.407,281100,3.408,596700,3.409,276000,3.41,158400,3.411,40500,3.412,148600,3.413,216300,3.414,57700,3.415,140200
2020-09-03 11:02:44.850,3.405,55000.0,3.395,3.407515,3.408,3.398,3.405,248600,3.404,614400,3.403,1809500,3.402,844000,3.401,627400,3.4,975600,3.399,390300,3.398,122000,3.397,391000,3.396,60300,3.406,1200,3.407,581100,3.408,294800,3.409,176000,3.41,196800,3.411,102100,3.412,148600,3.413,224300,3.414,57700,3.415,140200
2020-09-03 11:02:50.660,3.406,3400.0,3.395,3.407515,3.408,3.398,3.406,900,3.405,258500,3.404,310200,3.403,1809500,3.402,751000,3.401,534400,3.4,975600,3.399,1290300,3.398,122000,3.397,391000,3.407,488100,3.408,201800,3.409,176000,3.41,196800,3.411,102100,3.412,148600,3.413,224300,3.414,57700,3.415,140200,3.416,137000
2020-09-03 11:02:53.290,3.406,900.0,3.395,3.407515,3.408,3.398,3.405,258500,3.404,403200,3.403,1522500,3.402,751000,3.401,634400,3.4,878600,3.399,1352100,3.398,60100,3.397,391000,3.396,60300,3.407,188100,3.408,641800,3.409,269000,3.41,189800,3.411,140500,3.412,210200,3.413,224300,3.414,57700,3.415,140200,3.416,137000
2020-09-03 11:03:01.410,3.406,76900.0,3.395,3.407513,3.408,3.398,3.404,365100,3.403,1222500,3.402,690100,3.401,534400,3.4,878600,3.399,390300,3.398,122000,3.397,991000,3.396,360300,3.395,161200,3.405,110000,3.406,309900,3.407,418100,3.408,101800,3.409,169200,3.41,189800,3.411,202100,3.412,148600,3.413,224300,3.414,65700
2020-09-03 11:03:16.860,3.403,9500.0,3.395,3.407513,3.407,3.398,3.402,183100,3.401,627400,3.4,939500,3.399,790300,3.398,60100,3.397,91000,3.396,122200,3.395,1061200,3.394,326700,3.393,25500,3.403,290500,3.404,436000,3.405,600000,3.406,15200,3.407,141100,3.408,194800,3.409,76200,3.41,158400,3.411,140500,3.412,148600
2020-09-03 11:03:19.870,3.403,9000.0,3.395,3.407512,3.407,3.398,3.402,90100,3.401,434400,3.4,1032500,3.399,883300,3.398,160100,3.397,91000,3.396,60300,3.395,223100,3.394,326700,3.393,25500,3.403,340500,3.404,736000,3.405,293900,3.406,108200,3.407,38800,3.408,263500,3.409,76200,3.41,96800,3.411,40500,3.412,148600
2020-09-03 11:03:21.900,3.402,50000.0,3.395,3.40751,3.407,3.398,3.402,40100,3.401,744400,3.4,1032500,3.399,583300,3.398,160100,3.397,991000,3.396,60300,3.395,223100,3.394,26700,3.393,25500,3.403,282100,3.404,440000,3.405,233900,3.406,108200,3.407,38800,3.408,263500,3.409,76200,3.41,97100,3.411,40500,3.412,148600
2020-09-03 11:03:26.530,3.404,205000.0,3.395,3.4075029999999997,3.407,3.398,3.404,260000,3.403,135000,3.402,310100,3.401,814400,3.4,971600,3.399,483300,3.398,60100,3.397,191000,3.396,60300,3.395,523100,3.405,203900,3.406,408200,3.407,138800,3.408,163500,3.409,76200,3.41,97100,3.411,40500,3.412,148600,3.413,224300,3.414,65700
2020-09-03 11:03:27.720,3.404,69400.0,3.395,3.4075010000000003,3.407,3.398,3.403,135000,3.402,360100,3.401,734400,3.4,939500,3.399,590300,3.398,60100,3.397,1052900,3.396,360300,3.395,161200,3.394,26700,3.405,110900,3.406,555200,3.407,138800,3.408,101800,3.409,176200,3.41,158700,3.411,40500,3.412,148600,3.413,224300,3.414,65700
2020-09-03 11:03:30.540,3.404,4200.0,3.395,3.4075010000000003,3.407,3.398,3.403,135000,3.402,360400,3.401,527400,3.4,1332500,3.399,590300,3.398,60100,3.397,91000,3.396,1022200,3.395,461200,3.394,26700,3.404,135800,3.405,1310900,3.406,225200,3.407,231800,3.408,194800,3.409,176200,3.41,148700,3.411,40500,3.412,148600,3.413,224300
2020-09-03 11:03:35.420,3.403,121500.0,3.395,3.407497,3.407,3.398,3.403,13500,3.402,360400,3.401,527400,3.4,1329500,3.399,590300,3.398,60100,3.397,91000,3.396,1022200,3.395,461200,3.394,26700,3.404,105800,3.405,1310900,3.406,225200,3.407,231800,3.408,195000,3.409,237900,3.41,87100,3.411,41800,3.412,148600,3.413,224300
2020-09-03 11:03:38.170,3.403,13700.0,3.395,3.407497,3.407,3.398,3.402,370400,3.401,528400,3.4,1268600,3.399,390300,3.398,160100,3.397,91000,3.396,422200,3.395,161200,3.394,26700,3.393,25500,3.403,46300,3.405,142800,3.406,485200,3.407,231800,3.408,295000,3.409,137900,3.41,87100,3.411,31800,3.412,148600,3.413,224300
2020-09-03 11:03:39.070,3.403,46300.0,3.395,3.4074949999999995,3.407,3.398,3.403,203700,3.402,471300,3.401,708400,3.4,1268600,3.399,390300,3.398,1060100,3.397,91000,3.396,60300,3.395,523100,3.394,26700,3.404,4800,3.405,72800,3.406,115200,3.407,531800,3.408,356700,3.409,76200,3.41,86100,3.411,31800,3.412,148600,3.413,224300
2020-09-03 11:03:43.320,3.404,4800.0,3.395,3.4074949999999995,3.407,3.398,3.404,200,3.403,1313900,3.402,801300,3.401,748400,3.4,969000,3.399,390300,3.398,1060100,3.397,391000,3.396,122200,3.395,161200,3.405,2800,3.406,108200,3.407,531800,3.408,1102000,3.409,137900,3.41,86600,3.411,31800,3.412,148600,3.413,224300,3.414,65700
2020-09-03 11:03:53.710,3.404,12200.0,3.395,3.4074940000000002,3.406,3.398,3.403,300200,3.402,360400,3.401,589300,3.4,1069000,3.399,790300,3.398,60100,3.397,1052900,3.396,60300,3.395,461200,3.394,26700,3.404,68000,3.405,635800,3.406,218200,3.407,231800,3.408,102000,3.409,176200,3.41,148200,3.411,31800,3.412,78300,3.413,224300
2020-09-03 11:03:54.560,3.403,2000.0,3.395,3.4074940000000002,3.406,3.398,3.403,1000,3.402,90400,3.401,435400,3.4,876000,3.399,790300,3.398,60100,3.397,91000,3.396,1022200,3.395,461200,3.394,26700,3.404,368000,3.405,285800,3.406,1025200,3.407,138800,3.408,102000,3.409,237900,3.41,86600,3.411,31800,3.412,78300,3.413,224300
2020-09-03 11:04:03.490,3.403,2900.0,3.395,3.4074940000000002,3.406,3.398,3.403,2400,3.402,95400,3.401,1428400,3.4,1029900,3.399,791300,3.398,160100,3.397,91000,3.396,1022200,3.395,161200,3.394,26700,3.404,53500,3.405,485800,3.406,1178200,3.407,231800,3.408,202000,3.409,137900,3.41,86600,3.411,31800,3.412,78300,3.413,224300
2020-09-03 11:04:08.360,3.403,2400.0,3.395,3.4074940000000002,3.406,3.398,3.402,95400,3.401,1428400,3.4,1029900,3.399,791300,3.398,160100,3.397,91000,3.396,1022200,3.395,461200,3.394,26700,3.393,25500,3.404,383500,3.405,155800,3.406,1178200,3.407,231800,3.408,202000,3.409,137900,3.41,86600,3.411,31800,3.412,78300,3.413,224300
2020-09-03 11:04:24.240,3.402,200.0,3.395,3.4074940000000002,3.406,3.398,3.402,1116100,3.401,1835400,3.4,936900,3.399,791300,3.398,160100,3.397,91000,3.396,960300,3.395,523100,3.394,26700,3.393,25500,3.403,29100,3.404,453500,3.405,155800,3.406,1015200,3.407,138800,3.408,202000,3.409,137900,3.41,186600,3.411,31800,3.412,130400
2020-09-03 11:04:30.570,3.403,40900.0,3.395,3.407493,3.406,3.398,3.402,629300,3.401,935400,3.4,1029900,3.399,884300,3.398,60100,3.397,1091000,3.396,60300,3.395,523200,3.394,26700,3.393,25500,3.403,25000,3.404,453500,3.405,155800,3.406,1108200,3.407,331800,3.408,163700,3.409,76200,3.41,186600,3.411,31800,3.412,130400
2020-09-03 11:04:32.500,3.403,3000.0,3.395,3.407492,3.406,3.398,3.402,629300,3.401,935400,3.4,1029900,3.399,884300,3.398,160100,3.397,91000,3.396,960300,3.395,523200,3.394,26700,3.393,25500,3.403,22000,3.404,453500,3.405,155800,3.406,208200,3.407,231800,3.408,263700,3.409,76200,3.41,186600,3.411,31800,3.412,130400
2020-09-03 11:04:40.400,3.403,400.0,3.395,3.407492,3.406,3.398,3.402,68900,3.401,885400,3.4,969000,3.399,545200,3.398,560100,3.397,91000,3.396,60300,3.395,1123200,3.394,326700,3.393,25500,3.403,372500,3.404,1153500,3.405,246900,3.406,208200,3.407,38800,3.408,263700,3.409,76200,3.41,186600,3.411,31800,3.412,130400
2020-09-03 11:04:43.650,3.402,8600.0,3.395,3.407492,3.406,3.398,3.402,60300,3.401,885400,3.4,969000,3.399,545200,3.398,560100,3.397,91000,3.396,60300,3.395,1123200,3.394,326700,3.393,25500,3.403,372500,3.404,253500,3.405,246900,3.406,208200,3.407,38800,3.408,263700,3.409,76200,3.41,187100,3.411,31800,3.412,130400
2020-09-03 11:04:44.930,3.403,5900.0,3.395,3.407492,3.406,3.398,3.402,505300,3.401,885400,3.4,969000,3.399,845200,3.398,160100,3.397,191000,3.396,60300,3.395,1123200,3.394,26700,3.393,25500,3.403,390800,3.404,253500,3.405,246900,3.406,208200,3.407,138800,3.408,163700,3.409,76200,3.41,187100,3.411,31800,3.412,130400
2020-09-03 11:04:49.210,3.402,300000.0,3.395,3.407479,3.406,3.398,3.402,205900,3.401,885400,3.4,969000,3.399,545200,3.398,560100,3.397,91000,3.396,60300,3.395,223200,3.394,26700,3.393,25500,3.403,261200,3.404,223500,3.405,206900,3.406,108200,3.407,38800,3.408,263700,3.409,76200,3.41,187100,3.411,31800,3.412,130400
2020-09-03 11:04:52.910,3.402,10100.0,3.395,3.407479,3.406,3.398,3.402,500,3.401,885400,3.4,876000,3.399,452200,3.398,460100,3.397,191000,3.396,60300,3.395,1123200,3.394,26700,3.393,25500,3.403,561200,3.404,223500,3.405,113900,3.406,15200,3.407,138800,3.408,163700,3.409,76200,3.41,187100,3.411,31800,3.412,130400
2020-09-03 11:05:01.110,3.403,1000.0,3.395,3.407479,3.405,3.398,3.402,16400,3.401,885400,3.4,984000,3.399,845200,3.398,162100,3.397,191000,3.396,60300,3.395,1123200,3.394,326700,3.393,25500,3.403,160200,3.404,523500,3.405,276900,3.406,119000,3.407,138800,3.408,163700,3.409,526200,3.41,187100,3.411,31800,3.412,130400
2020-09-03 11:05:04.640,3.402,16500.0,3.395,3.407478,3.405,3.398,3.401,885400,3.4,984000,3.399,845200,3.398,262100,3.397,91000,3.396,60300,3.395,1123200,3.394,326700,3.393,25500,3.392,32300,3.402,13500,3.403,211600,3.404,523500,3.405,276900,3.406,119000,3.407,38800,3.408,263700,3.409,526200,3.41,187100,3.411,31800
2020-09-03 11:05:07.660,3.402,300.0,3.395,3.407478,3.405,3.398,3.401,885400,3.4,891000,3.399,391300,3.398,423000,3.397,291000,3.396,60300,3.395,161300,3.394,988600,3.393,325500,3.392,32300,3.402,58200,3.403,461600,3.404,185700,3.405,43900,3.406,26000,3.407,200500,3.408,102000,3.409,526200,3.41,187100,3.411,31800
2020-09-03 11:05:09.020,3.402,21000.0,3.395,3.4074769999999996,3.404,3.398,3.401,885400,3.4,891000,3.399,484300,3.398,516000,3.397,293000,3.396,60300,3.395,161300,3.394,88600,3.393,25500,3.392,32300,3.402,126500,3.403,531700,3.404,278700,3.405,136900,3.406,26000,3.407,200400,3.408,102000,3.409,526200,3.41,187100,3.411,31800
2020-09-03 11:05:13.580,3.402,20000.0,3.395,3.4074760000000004,3.404,3.398,3.401,436400,3.4,1341000,3.399,934300,3.398,516000,3.397,293000,3.396,60300,3.395,1061300,3.394,88600,3.393,325500,3.392,32300,3.402,36500,3.403,531400,3.404,278700,3.405,136900,3.406,26000,3.407,200400,3.408,552000,3.409,526200,3.41,187100,3.411,31800
2020-09-03 11:05:16.530,3.402,1000.0,3.395,3.4074760000000004,3.404,3.398,3.401,446100,3.4,1341000,3.399,1234300,3.398,155100,3.397,193000,3.396,60300,3.395,1061300,3.394,388600,3.393,25500,3.392,32300,3.402,48300,3.403,161500,3.404,578700,3.405,236900,3.406,26000,3.407,200400,3.408,552000,3.409,526200,3.41,187100,3.411,31800
2020-09-03 11:05:18.070,3.402,37900.0,3.395,3.407475,3.404,3.398,3.402,158100,3.401,446100,3.4,1451900,3.399,1334300,3.398,155100,3.397,193000,3.396,960300,3.395,161300,3.394,388600,3.393,25500,3.403,72400,3.404,478700,3.405,236900,3.406,26000,3.407,200400,3.408,552000,3.409,526200,3.41,187100,3.411,31800,3.412,130400
2020-09-03 11:05:21.160,3.402,200.0,3.395,3.407475,3.405,3.398,3.402,157900,3.401,456300,3.4,1844900,3.399,1034300,3.398,62100,3.397,193000,3.396,60300,3.395,523200,3.394,26700,3.393,25500,3.403,2400,3.404,155700,3.405,536900,3.406,119000,3.407,138700,3.408,613700,3.409,526200,3.41,187100,3.411,31800,3.412,130400
2020-09-03 11:05:27.490,3.402,100.0,3.395,3.407475,3.405,3.398,3.402,177800,3.401,461300,3.4,1845900,3.399,1034300,3.398,62100,3.397,193000,3.396,960300,3.395,523100,3.394,26700,3.393,25500,3.403,900,3.404,155700,3.405,536900,3.406,119000,3.407,138700,3.408,613700,3.409,526200,3.41,187100,3.411,31800,3.412,130400
2020-09-03 11:05:30.760,3.402,20000.0,3.395,3.4074739999999997,3.405,3.398,3.402,162200,3.401,1762200,3.4,1885000,3.399,934300,3.398,62100,3.397,1093000,3.396,60300,3.395,223100,3.394,26700,3.393,25500,3.404,95700,3.405,486900,3.406,219000,3.407,138700,3.408,613700,3.409,526200,3.41,192100,3.411,31800,3.412,130400,3.413,224300
2020-09-03 11:05:31.800,3.403,1500.0,3.395,3.4074739999999997,3.405,3.398,3.403,1459100,3.402,163600,3.401,2392200,3.4,1492000,3.399,841300,3.398,62100,3.397,1093000,3.396,60300,3.395,223100,3.394,26700,3.404,85700,3.405,193900,3.406,426000,3.407,238700,3.408,552000,3.409,587900,3.41,192100,3.411,31800,3.412,130400,3.413,224300
2020-09-03 11:05:37.190,3.403,4200.0,3.395,3.4074739999999997,3.405,3.398,3.403,894900,3.402,765600,3.401,2394300,3.4,1436500,3.399,841300,3.398,162100,3.397,993000,3.396,122200,3.395,161200,3.394,26700,3.404,55700,3.405,193900,3.406,519000,3.407,231700,3.408,652000,3.409,587900,3.41,192100,3.411,31800,3.412,130400,3.413,224300
2020-09-03 11:05:38.680,3.403,65100.0,3.395,3.4074709999999997,3.404,3.398,3.402,475800,3.401,2088300,3.4,1497400,3.399,1241300,3.398,162100,3.397,93000,3.396,1022200,3.395,161200,3.394,326700,3.393,25500,3.403,18300,3.404,455700,3.405,263900,3.406,219000,3.407,131700,3.408,652000,3.409,587900,3.41,192100,3.411,31800,3.412,130400
2020-09-03 11:05:42.900,3.403,700.0,3.395,3.4074709999999997,3.404,3.398,3.402,475200,3.401,2088300,3.4,1797400,3.399,941300,3.398,162100,3.397,93000,3.396,960300,3.395,523100,3.394,26700,3.393,25500,3.403,18200,3.404,155700,3.405,563900,3.406,219000,3.407,131700,3.408,713700,3.409,526200,3.41,192100,3.411,31800,3.412,130400
2020-09-03 11:05:46.390,3.403,1000.0,3.395,3.4074709999999997,3.405,3.398,3.402,195200,3.401,888300,3.4,1436500,3.399,1141300,3.398,162100,3.397,93000,3.396,60300,3.395,1123100,3.394,326700,3.393,26000,3.403,115200,3.404,425700,3.405,263900,3.406,204000,3.407,131700,3.408,713700,3.409,526200,3.41,192100,3.411,31800,3.412,134000
2020-09-03 11:05:50.290,3.402,28800.0,3.395,3.4074699999999996,3.405,3.398,3.402,164600,3.401,795300,3.4,1436500,3.399,995200,3.398,562100,3.397,93000,3.396,60300,3.395,223100,3.394,926700,3.393,26000,3.403,310200,3.404,425700,3.405,248400,3.406,104000,3.407,38700,3.408,713700,3.409,526200,3.41,192100,3.411,31800,3.412,134000
2020-09-03 11:05:53.060,3.402,16200.0,3.395,3.4074690000000003,3.405,3.398,3.402,148400,3.401,795300,3.4,1436500,3.399,1295200,3.398,162100,3.397,193000,3.396,60300,3.395,1123100,3.394,26700,3.393,326000,3.403,160200,3.404,525700,3.405,248400,3.406,104000,3.407,138700,3.408,614000,3.409,526200,3.41,192100,3.411,31800,3.412,134000
2020-09-03 11:05:54.940,3.402,46800.0,3.395,3.407467,3.405,3.398,3.402,101600,3.401,495300,3.4,1436500,3.399,1295200,3.398,162100,3.397,193000,3.396,60300,3.395,1123100,3.394,326700,3.393,26000,3.403,130200,3.404,525700,3.405,248400,3.406,104000,3.407,138700,3.408,614000,3.409,526200,3.41,192100,3.411,31800,3.412,134000
2020-09-03 11:05:57.290,3.402,5200.0,3.395,3.407467,3.405,3.398,3.402,136400,3.401,495300,3.4,1436500,3.399,1295200,3.398,162100,3.397,193000,3.396,60300,3.395,1123100,3.394,326700,3.393,26000,3.403,160200,3.404,525700,3.405,248400,3.406,104000,3.407,138700,3.408,614000,3.409,526200,3.41,192100,3.411,31800,3.412,130400
2020-09-03 11:06:04.840,3.402,49400.0,3.395,3.407465,3.405,3.398,3.402,92500,3.401,495300,3.4,1436500,3.399,995200,3.398,162400,3.397,193000,3.396,60300,3.395,1123100,3.394,26700,3.393,326000,3.403,443000,3.404,155700,3.405,248400,3.406,104000,3.407,138700,3.408,614000,3.409,526200,3.41,192100,3.411,31800,3.412,130400
2020-09-03 11:06:08.490,3.403,500.0,3.395,3.407465,3.405,3.398,3.402,92600,3.401,495300,3.4,1436500,3.399,995200,3.398,462400,3.397,193000,3.396,60300,3.395,223100,3.394,926700,3.393,326000,3.403,184500,3.404,472800,3.405,248400,3.406,104000,3.407,138700,3.408,614000,3.409,526200,3.41,192100,3.411,31800,3.412,130400
2020-09-03 11:06:16.110,3.403,1000.0,3.395,3.407465,3.405,3.398,3.402,110900,3.401,495300,3.4,1343500,3.399,841300,3.398,523300,3.397,193000,3.396,70300,3.395,1123100,3.394,26700,3.393,326000,3.403,533500,3.404,172800,3.405,155400,3.406,11000,3.407,38700,3.408,714000,3.409,526200,3.41,192100,3.411,31800,3.412,130400
2020-09-03 11:06:17.790,3.402,14800.0,3.395,3.407464,3.405,3.398,3.402,96100,3.401,498300,3.4,1436500,3.399,934300,3.398,523300,3.397,193000,3.396,70300,3.395,223100,3.394,926700,3.393,326000,3.403,635300,3.404,172800,3.405,248400,3.406,104000,3.407,40500,3.408,714000,3.409,526200,3.41,192100,3.411,31800,3.412,130700
2020-09-03 11:06:24.580,3.402,97600.0,3.395,3.40746,3.405,3.398,3.401,498300,3.4,1419900,3.399,934300,3.398,423300,3.397,293000,3.396,70300,3.395,223100,3.394,926700,3.393,326000,3.392,32300,3.402,2300,3.403,682400,3.404,155700,3.405,248400,3.406,104000,3.407,140500,3.408,614000,3.409,526200,3.41,192100,3.411,31800
2020-09-03 11:06:27.580,3.401,503300.0,3.395,3.407435,3.405,3.398,3.4,1419900,3.399,934300,3.398,62400,3.397,493000,3.396,70300,3.395,161200,3.394,88600,3.393,26000,3.392,332300,3.391,84800,3.401,101700,3.402,967300,3.403,252400,3.404,15700,3.405,148400,3.406,104000,3.407,202200,3.408,552300,3.409,526200,3.41,192100
2020-09-03 11:06:30.590,3.401,6800.0,3.395,3.407435,3.404,3.398,3.4,1326900,3.399,841300,3.398,62400,3.397,453900,3.396,270300,3.395,211200,3.394,26700,3.393,987900,3.392,32300,3.391,384800,3.401,564900,3.402,437300,3.403,235300,3.404,15700,3.405,55400,3.406,172700,3.407,40500,3.408,552300,3.409,526200,3.41,192100
2020-09-03 11:06:33.770,3.401,920200.0,3.395,3.4073830000000003,3.404,3.398,3.4,426900,3.399,841300,3.398,155400,3.397,186000,3.396,470300,3.395,211200,3.394,26700,3.393,987900,3.392,32300,3.391,384800,3.401,611800,3.402,437300,3.403,288300,3.404,108700,3.405,55400,3.406,172700,3.407,40500,3.408,552300,3.409,526200,3.41,192100
2020-09-03 11:06:36.770,3.401,432900.0,3.395,3.4073589999999996,3.404,3.398,3.4,1200,3.399,391300,3.398,155400,3.397,186100,3.396,531200,3.395,311200,3.394,26700,3.393,87900,3.392,32300,3.391,384800,3.401,536600,3.402,437300,3.403,288300,3.404,108700,3.405,55400,3.406,172700,3.407,40500,3.408,102300,3.409,76200,3.41,227100
2020-09-03 11:06:38.830,3.4,3500.0,3.395,3.4073589999999996,3.404,3.398,3.399,391300,3.398,155400,3.397,186100,3.396,531200,3.395,311200,3.394,26700,3.393,87900,3.392,932300,3.391,384800,3.39,642900,3.4,24800,3.401,457000,3.402,437300,3.403,288300,3.404,108700,3.405,55400,3.406,172700,3.407,40500,3.408,102300,3.409,76200
2020-09-03 11:06:40.970,3.399,10000.0,3.395,3.4073580000000003,3.404,3.398,3.399,381300,3.398,155400,3.397,186100,3.396,431200,3.395,411200,3.394,26700,3.393,26000,3.392,994300,3.391,384800,3.39,642900,3.4,64800,3.401,470400,3.402,437300,3.403,288300,3.404,108700,3.405,217100,3.406,11000,3.407,40500,3.408,102300,3.409,76200
2020-09-03 11:06:50.380,3.399,54700.0,3.395,3.4073559999999996,3.404,3.398,3.399,386200,3.398,62400,3.397,190500,3.396,532200,3.395,311200,3.394,126700,3.393,25500,3.392,994300,3.391,384800,3.39,642900,3.4,5000,3.401,440600,3.402,1430300,3.403,288300,3.404,115700,3.405,117100,3.406,11000,3.407,40500,3.408,102300,3.409,76200
2020-09-03 11:06:56.050,3.4,6000.0,3.395,3.4073550000000004,3.404,3.398,3.4,124000,3.399,403200,3.398,73400,3.397,190500,3.396,471300,3.395,224200,3.394,126700,3.393,925500,3.392,94300,3.391,84800,3.401,67000,3.402,730300,3.403,288300,3.404,115700,3.405,117100,3.406,11000,3.407,40500,3.408,102300,3.409,76200,3.41,233100
2020-09-03 11:07:01.900,3.4,198300.0,3.395,3.407344,3.404,3.398,3.4,200100,3.399,403700,3.398,228800,3.397,600500,3.396,78300,3.395,324200,3.394,26700,3.393,87400,3.392,332300,3.391,84800,3.401,49200,3.402,664300,3.403,303800,3.404,109700,3.405,157400,3.406,72700,3.407,40500,3.408,102300,3.409,76200,3.41,233100
2020-09-03 11:07:06.330,3.4,10000.0,3.395,3.407344,3.403,3.398,3.4,202300,3.399,403700,3.398,167900,3.397,500500,3.396,78300,3.395,324200,3.394,26700,3.393,987400,3.392,332300,3.391,84800,3.401,53600,3.402,737300,3.403,303800,3.404,109700,3.405,157400,3.406,72700,3.407,40500,3.408,102300,3.409,76200,3.41,233100
2020-09-03 11:07:27.090,3.4,78500.0,3.395,3.40734,3.403,3.398,3.4,178500,3.399,469900,3.398,63400,3.397,168400,3.396,479300,3.395,324200,3.394,32600,3.393,988100,3.392,32300,3.391,84800,3.401,377000,3.402,437300,3.403,210800,3.404,15700,3.405,162400,3.406,72700,3.407,40500,3.408,102300,3.409,76200,3.41,243100
2020-09-03 11:07:29.530,3.399,648500.0,3.395,3.4073010000000004,3.403,3.398,3.398,156400,3.397,261400,3.396,1379300,3.395,324200,3.394,32600,3.393,988100,3.392,32300,3.391,384800,3.39,643300,3.389,67600,3.399,293300,3.401,116900,3.402,737300,3.403,303800,3.404,108700,3.405,162400,3.406,72700,3.407,40500,3.408,102300,3.409,76200
2020-09-03 11:07:31.270,3.398,300.0,3.395,3.4073,3.403,3.398,3.398,67300,3.397,311400,3.396,1379300,3.395,224200,3.394,132600,3.393,976200,3.392,32300,3.391,446800,3.39,643300,3.389,67600,3.399,293300,3.4,40300,3.401,366900,3.402,397300,3.403,220800,3.404,270400,3.405,62400,3.406,11000,3.407,40500,3.408,102300
2020-09-03 11:07:38.620,3.399,17100.0,3.395,3.4072989999999996,3.403,3.398,3.398,68100,3.397,250500,3.396,1433200,3.395,324200,3.394,32600,3.393,176200,3.392,932300,3.391,446800,3.39,645300,3.389,67600,3.399,276200,3.4,107200,3.401,1333000,3.402,397300,3.403,320800,3.404,213200,3.405,67400,3.406,11000,3.407,40500,3.408,102300
2020-09-03 11:07:41.360,3.401,546200.0,3.395,3.4072690000000003,3.402,3.398,3.399,323900,3.398,818200,3.397,867500,3.396,1433200,3.395,417200,3.394,135700,3.393,976700,3.392,932300,3.391,446800,3.39,645300,3.401,93000,3.402,790300,3.403,220800,3.404,220200,3.405,67400,3.406,11000,3.407,40500,3.408,102300,3.409,76200,3.41,253100
2020-09-03 11:07:47.560,3.4,10200.0,3.395,3.407268,3.403,3.398,3.399,24400,3.398,518400,3.397,1220700,3.396,1140200,3.395,417300,3.394,35700,3.393,76700,3.392,94300,3.391,384800,3.39,645300,3.4,69800,3.401,79400,3.402,923300,3.403,203500,3.404,58500,3.405,129100,3.406,111000,3.407,40500,3.408,102300,3.409,76200
2020-09-03 11:07:50.680,3.4,21500.0,3.395,3.407267,3.402,3.398,3.399,7100,3.398,514200,3.397,1220700,3.396,1040200,3.395,517300,3.394,35700,3.393,76700,3.392,994300,3.391,384800,3.39,645300,3.4,65600,3.401,79400,3.402,883300,3.403,203500,3.404,58500,3.405,229100,3.406,11000,3.407,40500,3.408,102300,3.409,76200
2020-09-03 11:07:53.790,3.399,17900.0,3.395,3.4072660000000003,3.402,3.398,3.398,519600,3.397,1235700,3.396,1040200,3.395,434300,3.394,35700,3.393,76700,3.392,994300,3.391,384800,3.39,645300,3.389,67600,3.399,226600,3.4,166800,3.401,989400,3.402,790300,3.403,103500,3.404,58500,3.405,229100,3.406,11000,3.407,40500,3.408,98300
2020-09-03 11:07:55.600,3.399,1200.0,3.395,3.4072660000000003,3.402,3.398,3.398,519600,3.397,974300,3.396,1040200,3.395,427300,3.394,135700,3.393,976700,3.392,932300,3.391,446800,3.39,645300,3.389,67600,3.4,66800,3.401,1089400,3.402,883300,3.403,103500,3.404,220200,3.405,67400,3.406,11000,3.407,40500,3.408,98300,3.409,76200
2020-09-03 11:07:57.790,3.399,2500.0,3.395,3.407265,3.402,3.398,3.399,120000,3.398,519700,3.397,881300,3.396,1040200,3.395,427300,3.394,135700,3.393,976700,3.392,32300,3.391,446800,3.39,645300,3.4,25800,3.401,189400,3.402,790300,3.403,103500,3.404,158500,3.405,129100,3.406,11000,3.407,40500,3.408,98300,3.409,86200
2020-09-03 11:08:00.540,3.4,4300.0,3.395,3.407265,3.403,3.398,3.399,120500,3.398,519700,3.397,881300,3.396,1133200,3.395,427300,3.394,135700,3.393,76700,3.392,94300,3.391,384800,3.39,645300,3.4,24500,3.401,189400,3.402,883300,3.403,103500,3.404,158500,3.405,129100,3.406,11000,3.407,490500,3.408,98300,3.409,86200
2020-09-03 11:08:04.680,3.399,501800.0,3.395,3.407232,3.403,3.398,3.398,219000,3.397,571300,3.396,1072300,3.395,727300,3.394,96600,3.393,176700,3.392,94300,3.391,84800,3.39,1545300,3.389,367600,3.399,239100,3.4,163900,3.401,440000,3.402,483300,3.403,103500,3.404,58500,3.405,229100,3.406,11000,3.407,490500,3.408,98300
2020-09-03 11:08:08.330,3.398,226000.0,3.395,3.4072160000000005,3.402,3.398,3.397,586300,3.396,1072300,3.395,534300,3.394,196600,3.393,176700,3.392,32300,3.391,1046800,3.39,645300,3.389,367600,3.388,245200,3.398,774000,3.399,175400,3.4,167900,3.401,440000,3.402,390300,3.403,103500,3.404,220200,3.405,67400,3.406,11000,3.407,490500
2020-09-03 11:08:10.140,3.398,15700.0,3.395,3.4072150000000003,3.402,3.398,3.397,137800,3.396,1072900,3.395,534300,3.394,189600,3.393,276700,3.392,32300,3.391,84800,3.39,707300,3.389,367600,3.388,245200,3.398,758300,3.399,85400,3.4,489300,3.401,193000,3.402,390300,3.403,265300,3.404,58500,3.405,67400,3.406,11000,3.407,40500
2020-09-03 11:08:15.470,3.398,500.0,3.395,3.4072150000000003,3.402,3.398,3.397,137800,3.396,979900,3.395,627300,3.394,128700,3.393,176700,3.392,32300,3.391,984800,3.39,707300,3.389,67600,3.388,245200,3.398,757800,3.399,125400,3.4,1182300,3.401,493000,3.402,297300,3.403,265300,3.404,58500,3.405,67400,3.406,11000,3.407,40500
2020-09-03 11:08:17.750,3.398,502700.0,3.395,3.4071809999999996,3.403,3.398,3.397,451500,3.396,1959900,3.395,388200,3.394,228700,3.393,176700,3.392,32300,3.391,384800,3.39,707300,3.389,67600,3.388,245200,3.398,255100,3.399,35400,3.4,142300,3.401,193000,3.402,697300,3.403,265300,3.404,58500,3.405,67400,3.406,11000,3.407,40500
2020-09-03 11:08:19.710,3.398,10600.0,3.395,3.4071800000000003,3.403,3.398,3.397,1041500,3.396,2229900,3.395,388200,3.394,228700,3.393,176700,3.392,32300,3.391,84800,3.39,707300,3.389,67600,3.388,245200,3.398,244500,3.399,35400,3.4,142300,3.401,493000,3.402,397300,3.403,265300,3.404,58500,3.405,67400,3.406,11000,3.407,40500
2020-09-03 11:08:21.370,3.398,244500.0,3.395,3.407164,3.402,3.398,3.398,327900,3.397,1341500,3.396,1929900,3.395,388700,3.394,135700,3.393,176700,3.392,932300,3.391,384800,3.39,707300,3.389,67600,3.399,35400,3.4,142300,3.401,100000,3.402,697300,3.403,265300,3.404,58500,3.405,67400,3.406,11000,3.407,40500,3.408,98300
2020-09-03 11:08:26.070,3.399,900.0,3.395,3.407164,3.402,3.398,3.398,395900,3.397,1341500,3.396,1929900,3.395,295700,3.394,228700,3.393,176700,3.392,932300,3.391,171800,3.39,945500,3.389,67600,3.399,34500,3.4,59300,3.401,193000,3.402,697300,3.403,203500,3.404,120200,3.405,67400,3.406,11000,3.407,40500,3.408,106300
2020-09-03 11:08:32.950,3.398,38100.0,3.395,3.407161,3.402,3.398,3.398,102800,3.397,1352100,3.396,1122900,3.395,298800,3.394,328700,3.393,76700,3.392,932300,3.391,171800,3.39,645500,3.389,67600,3.399,30400,3.4,59300,3.401,286000,3.402,697300,3.403,103500,3.404,220200,3.405,67400,3.406,11000,3.407,40500,3.408,106300
2020-09-03 11:08:34.210,3.399,10000.0,3.395,3.4071599999999997,3.402,3.398,3.398,135800,3.397,1102100,3.396,1425900,3.395,298800,3.394,228700,3.393,176700,3.392,32300,3.391,1071800,3.39,945500,3.389,67600,3.399,20400,3.4,1011500,3.401,286000,3.402,697300,3.403,203500,3.404,120200,3.405,67400,3.406,11000,3.407,40500,3.408,106300
2020-09-03 11:08:39.340,3.399,900.0,3.395,3.4071599999999997,3.402,3.398,3.398,260800,3.397,1415000,3.396,1125900,3.395,330900,3.394,135700,3.393,76700,3.392,932300,3.391,471800,3.39,645500,3.389,67600,3.399,6800,3.4,71500,3.401,493000,3.402,490300,3.403,103500,3.404,220200,3.405,67400,3.406,11000,3.407,40500,3.408,106300
2020-09-03 11:08:43.890,3.398,507800.0,3.395,3.4071260000000003,3.402,3.398,3.397,1455000,3.396,1186800,3.395,430900,3.394,135700,3.393,76700,3.392,32300,3.391,471800,3.39,645500,3.389,67600,3.388,245700,3.398,128800,3.399,6800,3.4,58500,3.401,193000,3.402,790300,3.403,103500,3.404,220200,3.405,67400,3.406,11000,3.407,40500
2020-09-03 11:08:46.400,3.398,128800.0,3.395,3.407117,3.402,3.398,3.398,1072200,3.397,1455000,3.396,1216800,3.395,430900,3.394,35700,3.393,176700,3.392,932300,3.391,409800,3.39,707500,3.389,67600,3.399,6800,3.4,39400,3.401,193000,3.402,790300,3.403,265300,3.404,58500,3.405,67400,3.406,11000,3.407,40500,3.408,106300
2020-09-03 11:08:52.400,3.398,50000.0,3.395,3.407114,3.402,3.398,3.398,1396800,3.397,1155000,3.396,1123800,3.395,431000,3.394,35700,3.393,1076700,3.392,332300,3.391,171800,3.39,645500,3.389,67600,3.399,6800,3.4,39400,3.401,105000,3.402,790300,3.403,203500,3.404,120200,3.405,67400,3.406,11000,3.407,40500,3.408,106300
2020-09-03 11:08:54.240,3.399,6800.0,3.395,3.407114,3.402,3.398,3.399,563200,3.398,2517500,3.397,1225000,3.396,1105900,3.395,331000,3.394,935700,3.393,480400,3.392,32300,3.391,171800,3.39,645500,3.4,39400,3.401,98000,3.402,390300,3.403,1503500,3.404,120200,3.405,67400,3.406,11000,3.407,40500,3.408,106300,3.409,94200
2020-09-03 11:09:02.300,3.4,15400.0,3.395,3.407113,3.402,3.398,3.399,1212200,3.398,2035300,3.397,1236900,3.396,1173900,3.395,331000,3.394,1035700,3.393,1280400,3.392,94300,3.391,109800,3.39,650500,3.4,45500,3.401,98000,3.402,390300,3.403,203500,3.404,458500,3.405,129100,3.406,11000,3.407,40500,3.408,106300,3.409,94200
2020-09-03 11:09:06.500,3.4,45500.0,3.395,3.40711,3.402,3.398,3.4,74500,3.399,1172200,3.398,1575300,3.397,1626000,3.396,1073900,3.395,338000,3.394,935700,3.393,80400,3.392,94300,3.391,109800,3.401,5000,3.402,297300,3.403,296500,3.404,458500,3.405,229100,3.406,11000,3.407,40500,3.408,106300,3.409,94200,3.41,254200
2020-09-03 11:09:15.600,3.4,12700.0,3.395,3.40711,3.402,3.398,3.4,142900,3.399,2200,3.398,888300,3.397,1804800,3.396,1075900,3.395,338000,3.394,35700,3.393,142300,3.392,11000,3.391,109800,3.401,45000,3.402,456400,3.403,689500,3.404,58500,3.405,167400,3.406,72700,3.407,40500,3.408,106300,3.409,94200,3.41,254200
2020-09-03 11:09:27.150,3.401,300.0,3.395,3.40711,3.403,3.398,3.4,96500,3.399,662200,3.398,903300,3.397,1658700,3.396,1082900,3.395,1238000,3.394,35700,3.393,442300,3.392,11000,3.391,109800,3.401,4700,3.402,316400,3.403,296500,3.404,551500,3.405,117400,3.406,72700,3.407,40500,3.408,106300,3.409,94200,3.41,254200
2020-09-03 11:09:29.350,3.4,7000.0,3.395,3.4071089999999997,3.403,3.398,3.4,89500,3.399,362200,3.398,1626000,3.397,1658700,3.396,1182900,3.395,238000,3.394,935700,3.393,142300,3.392,311000,3.391,109800,3.401,9700,3.402,316400,3.403,296500,3.404,551500,3.405,17400,3.406,622700,3.407,40500,3.408,106300,3.409,94200,3.41,254200
2020-09-03 11:09:31.840,3.401,5300.0,3.395,3.4071089999999997,3.402,3.398,3.4,93000,3.399,622200,3.398,1028400,3.397,1565700,3.396,1082900,3.395,338000,3.394,935700,3.393,142300,3.392,311000,3.391,109800,3.401,4400,3.402,326400,3.403,286500,3.404,458500,3.405,117400,3.406,522700,3.407,40500,3.408,106300,3.409,94200,3.41,254200
2020-09-03 11:09:33.930,3.401,4400.0,3.395,3.4071089999999997,3.403,3.398,3.401,45600,3.4,393000,3.399,322200,3.398,1328400,3.397,1658700,3.396,1182900,3.395,238000,3.394,935700,3.393,142300,3.392,311000,3.402,326400,3.403,586500,3.404,251500,3.405,17400,3.406,622700,3.407,40500,3.408,106300,3.409,94200,3.41,254200,3.411,50300
2020-09-03 11:09:37.360,3.401,2900.0,3.395,3.4071089999999997,3.403,3.398,3.401,42700,3.4,394000,3.399,416700,3.398,2085400,3.397,1658700,3.396,282900,3.395,238000,3.394,997600,3.393,80400,3.392,311000,3.402,416400,3.403,573500,3.404,344500,3.405,17400,3.406,561000,3.407,102200,3.408,106300,3.409,94200,3.41,254200,3.411,50300
2020-09-03 11:09:40.900,3.401,42700.0,3.395,3.407107,3.402,3.398,3.4,126700,3.399,416700,3.398,2085400,3.397,1658700,3.396,282900,3.395,238000,3.394,97600,3.393,980400,3.392,311000,3.391,109800,3.401,37400,3.402,426400,3.403,573500,3.404,344500,3.405,17400,3.406,561000,3.407,73800,3.408,106300,3.409,94200,3.41,254200
2020-09-03 11:09:42.200,3.401,5000.0,3.395,3.407107,3.402,3.398,3.4,126700,3.399,663700,3.398,1942300,3.397,1697800,3.396,182900,3.395,1138000,3.394,35700,3.393,442300,3.392,11000,3.391,109800,3.401,32400,3.402,376400,3.403,366500,3.404,551500,3.405,17400,3.406,622700,3.407,12100,3.408,106300,3.409,94200,3.41,254200
2020-09-03 11:09:45.780,3.401,11200.0,3.395,3.4071059999999997,3.403,3.398,3.4,127800,3.399,663700,3.398,1940300,3.397,1697800,3.396,182900,3.395,238000,3.394,935700,3.393,442300,3.392,11000,3.391,109800,3.401,27200,3.402,376400,3.403,366500,3.404,551500,3.405,17400,3.406,622700,3.407,12100,3.408,106300,3.409,94200,3.41,254200
2020-09-03 11:09:53.460,3.401,500.0,3.395,3.4071059999999997,3.403,3.398,3.4,127800,3.399,663700,3.398,1940300,3.397,1594800,3.396,182900,3.395,238000,3.394,935700,3.393,142300,3.392,11000,3.391,116800,3.401,32700,3.402,376800,3.403,666500,3.404,251500,3.405,17400,3.406,622700,3.407,12100,3.408,106300,3.409,94200,3.41,260200
2020-09-03 11:09:56.530,3.401,34700.0,3.395,3.4071050000000005,3.403,3.398,3.401,25300,3.4,127800,3.399,663700,3.398,1847300,3.397,1601800,3.396,182900,3.395,238000,3.394,935700,3.393,442300,3.392,11000,3.402,376800,3.403,273500,3.404,458500,3.405,17400,3.406,622700,3.407,12100,3.408,106400,3.409,94200,3.41,260200,3.411,50300
2020-09-03 11:10:02.000,3.402,5500.0,3.395,3.407104,3.403,3.398,3.401,42600,3.4,128300,3.399,456700,3.398,1879400,3.397,1501800,3.396,182900,3.395,238000,3.394,997600,3.393,80400,3.392,311000,3.402,431300,3.403,283500,3.404,551500,3.405,110600,3.406,561000,3.407,73800,3.408,106400,3.409,94200,3.41,260200,3.411,50800
2020-09-03 11:10:10.750,3.401,10000.0,3.395,3.407104,3.403,3.398,3.401,39500,3.4,130300,3.399,902700,3.398,1879400,3.397,312700,3.396,182900,3.395,230700,3.394,997600,3.393,380400,3.392,11000,3.402,446300,3.403,283500,3.404,451500,3.405,110600,3.406,461000,3.407,173800,3.408,11600,3.409,94300,3.41,260200,3.411,50800
2020-09-03 11:10:14.470,3.401,28400.0,3.395,3.4071029999999998,3.403,3.398,3.401,11100,3.4,183300,3.399,902700,3.398,1879400,3.397,212700,3.396,282900,3.395,230700,3.394,997600,3.393,80400,3.392,11000,3.402,457300,3.403,284500,3.404,552500,3.405,110600,3.406,561000,3.407,73800,3.408,11600,3.409,94300,3.41,260200,3.411,50800
2020-09-03 11:10:18.250,3.402,100.0,3.395,3.4071029999999998,3.403,3.398,3.401,11100,3.4,99600,3.399,963600,3.398,1979400,3.397,157500,3.396,182900,3.395,1130700,3.394,97600,3.393,380400,3.392,11000,3.402,457300,3.403,284500,3.404,552500,3.405,111400,3.406,562000,3.407,73800,3.408,11600,3.409,94300,3.41,260200,3.411,50800
2020-09-03 11:10:20.170,3.401,10900.0,3.395,3.4071019999999996,3.404,3.398,3.401,200,3.4,454600,3.399,663600,3.398,1979400,3.397,257500,3.396,982900,3.395,230700,3.394,397600,3.393,80400,3.392,11000,3.402,438200,3.403,134500,3.404,252500,3.405,421400,3.406,462000,3.407,173800,3.408,11600,3.409,94300,3.41,260200,3.411,50800
2020-09-03 11:10:24.260,3.402,2600.0,3.395,3.4071019999999996,3.403,3.398,3.401,200,3.4,454600,3.399,570600,3.398,1886400,3.397,157500,3.396,182900,3.395,230700,3.394,397600,3.393,80400,3.392,11000,3.402,435600,3.403,134500,3.404,159500,3.405,328400,3.406,562000,3.407,73800,3.408,11600,3.409,94300,3.41,260200,3.411,50800
2020-09-03 11:10:29.770,3.401,2000.0,3.395,3.4071019999999996,3.404,3.398,3.401,1211900,3.4,185100,3.399,902700,3.398,1879400,3.397,257500,3.396,82900,3.395,530700,3.394,97600,3.393,80400,3.392,11000,3.402,375600,3.403,94500,3.404,552500,3.405,221400,3.406,12000,3.407,173800,3.408,458600,3.409,91300,3.41,260400,3.411,50800
2020-09-03 11:10:32.650,3.402,300000.0,3.395,3.4070910000000003,3.403,3.398,3.401,7800,3.4,176000,3.399,1002700,3.398,1879400,3.397,157500,3.396,182900,3.395,1130700,3.394,97600,3.393,380400,3.392,11000,3.402,75600,3.403,134500,3.404,552600,3.405,221400,3.406,112000,3.407,73800,3.408,458600,3.409,91300,3.41,260400,3.411,50800
2020-09-03 11:10:34.630,3.402,10000.0,3.395,3.40709,3.403,3.398,3.401,7800,3.4,176000,3.399,702700,3.398,2179400,3.397,257500,3.396,82900,3.395,1130700,3.394,97600,3.393,380400,3.392,11000,3.402,65800,3.403,444500,3.404,252600,3.405,221400,3.406,12000,3.407,186800,3.408,458600,3.409,91300,3.41,260400,3.411,60800
2020-09-03 11:10:44.700,3.401,122400.0,3.395,3.407085,3.403,3.398,3.4,105100,3.399,152700,3.398,1940300,3.397,357500,3.396,382900,3.395,230700,3.394,997600,3.393,80400,3.392,311000,3.391,116800,3.401,187600,3.402,390100,3.403,184500,3.404,252600,3.405,121400,3.406,12000,3.407,637000,3.408,8600,3.409,91300,3.41,260400
2020-09-03 11:10:46.740,3.4,5500.0,3.395,3.407085,3.403,3.398,3.4,100100,3.399,152700,3.398,1940300,3.397,257500,3.396,482900,3.395,230700,3.394,35700,3.393,1042300,3.392,11000,3.391,116800,3.401,187100,3.402,400100,3.403,174500,3.404,312600,3.405,121400,3.406,173700,3.407,475300,3.408,8600,3.409,91300,3.41,260400
2020-09-03 11:10:59.180,3.401,10000.0,3.395,3.407084,3.403,3.398,3.401,250000,3.4,100100,3.399,149700,3.398,1938300,3.397,650500,3.396,83900,3.395,330700,3.394,935700,3.393,442300,3.392,11000,3.402,421000,3.403,672500,3.404,312600,3.405,128400,3.406,73700,3.407,475300,3.408,8600,3.409,91300,3.41,260400,3.411,60800
2020-09-03 11:11:00.590,3.402,4300.0,3.395,3.407084,3.403,3.398,3.401,250000,3.4,100100,3.399,149700,3.398,1938300,3.397,650500,3.396,183900,3.395,230700,3.394,997600,3.393,80400,3.392,311000,3.402,416500,3.403,382500,3.404,312600,3.405,28400,3.406,112000,3.407,537000,3.408,8600,3.409,91300,3.41,260400,3.411,60800
2020-09-03 11:11:03.630,3.401,250000.0,3.395,3.4070730000000005,3.403,3.398,3.4,100100,3.399,149700,3.398,2238300,3.397,450500,3.396,83900,3.395,230700,3.394,97600,3.393,380400,3.392,11000,3.391,116800,3.402,135600,3.403,682500,3.404,312600,3.405,28400,3.406,12000,3.407,637000,3.408,8600,3.409,91300,3.41,260400,3.411,60800
2020-09-03 11:11:08.700,3.401,2600.0,3.395,3.4070730000000005,3.404,3.398,3.4,100100,3.399,152700,3.398,2238300,3.397,350500,3.396,183900,3.395,230700,3.394,935700,3.393,442300,3.392,11000,3.391,124100,3.401,8700,3.402,120600,3.403,589500,3.404,312600,3.405,121400,3.406,112000,3.407,537000,3.408,8600,3.409,91300,3.41,265700
2020-09-03 11:11:11.140,3.4,30000.0,3.395,3.4070709999999997,3.403,3.398,3.4,70300,3.399,122700,3.398,1877400,3.397,611400,3.396,283900,3.395,230700,3.394,935700,3.393,142300,3.392,311000,3.391,124100,3.401,8700,3.402,430600,3.403,279500,3.404,312600,3.405,121400,3.406,173700,3.407,480300,3.408,8600,3.409,91300,3.41,265700
2020-09-03 11:11:14.390,3.401,2800.0,3.395,3.4070709999999997,3.403,3.398,3.4,70300,3.399,122700,3.398,1877400,3.397,596400,3.396,183900,3.395,330700,3.394,35700,3.393,142300,3.392,311000,3.391,124100,3.401,5900,3.402,430600,3.403,279500,3.404,312600,3.405,221400,3.406,73700,3.407,480300,3.408,8600,3.409,91300,3.41,265700
2020-09-03 11:11:18.650,3.401,100.0,3.395,3.4070709999999997,3.404,3.398,3.4,71300,3.399,117700,3.398,1874400,3.397,596400,3.396,283900,3.395,230700,3.394,935700,3.393,142300,3.392,311000,3.391,124100,3.401,5800,3.402,470600,3.403,279500,3.404,312600,3.405,121400,3.406,173700,3.407,480300,3.408,8600,3.409,91300,3.41,265700
2020-09-03 11:11:19.880,3.4,500.0,3.395,3.4070709999999997,3.403,3.398,3.4,70800,3.399,117700,3.398,1781400,3.397,142500,3.396,483900,3.395,230700,3.394,35700,3.393,1042300,3.392,11000,3.391,424100,3.401,605900,3.402,551500,3.403,239500,3.404,119600,3.405,28400,3.406,173500,3.407,480300,3.408,8600,3.409,91300,3.41,265700
2020-09-03 11:11:25.510,3.4,75800.0,3.395,3.4070669999999996,3.403,3.398,3.399,122700,3.398,1874400,3.397,235500,3.396,383900,3.395,330700,3.394,35700,3.393,142300,3.392,11000,3.391,1024100,3.39,985000,3.4,171000,3.401,750900,3.402,241500,3.403,232500,3.404,212600,3.405,128400,3.406,73500,3.407,480300,3.408,8600,3.409,91300
2020-09-03 11:11:28.650,3.399,122900.0,3.395,3.40706,3.403,3.398,3.398,1877400,3.397,235500,3.396,83900,3.395,330700,3.394,335700,3.393,80400,3.392,73000,3.391,124100,3.39,1585000,3.389,361600,3.399,562700,3.4,906800,3.401,340900,3.402,101500,3.403,192500,3.404,212600,3.405,190100,3.406,11800,3.407,480300,3.408,8600
2020-09-03 11:11:32.740,3.399,313500.0,3.395,3.407039,3.403,3.398,3.398,1188600,3.397,235500,3.396,83900,3.395,230700,3.394,196600,3.393,480400,3.392,11000,3.391,186100,3.39,1585000,3.389,361600,3.399,524300,3.4,510800,3.401,340900,3.402,101500,3.403,99500,3.404,374300,3.405,28400,3.406,11800,3.407,480300,3.408,8600
2020-09-03 11:11:34.130,3.399,1200.0,3.395,3.407039,3.402,3.398,3.398,1188600,3.397,142500,3.396,176900,3.395,530700,3.394,196600,3.393,180400,3.392,11000,3.391,186100,3.39,1585000,3.389,361600,3.399,117900,3.4,970800,3.401,133800,3.402,111000,3.403,99500,3.404,281300,3.405,28400,3.406,11800,3.407,480300,3.408,8600
2020-09-03 11:11:37.640,3.398,237700.0,3.395,3.407024,3.402,3.398,3.398,55900,3.397,142500,3.396,176900,3.395,623700,3.394,196600,3.393,180400,3.392,11000,3.391,186100,3.39,685000,3.389,361600,3.399,127900,3.4,631000,3.401,434200,3.402,204000,3.403,99500,3.404,281300,3.405,28400,3.406,11800,3.407,480300,3.408,8600
2020-09-03 11:11:41.300,3.398,18000.0,3.395,3.407022,3.402,3.398,3.397,142500,3.396,176900,3.395,623700,3.394,96600,3.393,280400,3.392,11000,3.391,186100,3.39,685000,3.389,361600,3.388,247700,3.398,72400,3.399,100000,3.4,958900,3.401,134200,3.402,204000,3.403,199500,3.404,181300,3.405,28400,3.406,11800,3.407,30300
2020-09-03 11:11:44.960,3.397,142800.0,3.395,3.4070120000000004,3.402,3.398,3.396,1076900,3.395,623700,3.394,96600,3.393,280400,3.392,11000,3.391,124100,3.39,1647000,3.389,361600,3.388,247700,3.387,27300,3.397,157500,3.398,72100,3.399,1323900,3.4,931000,3.401,94200,3.402,204000,3.403,261300,3.404,119600,3.405,28400,3.406,11800
2020-09-03 11:11:49.720,3.397,500200.0,3.395,3.406972,3.402,3.398,3.396,483900,3.395,1280700,3.394,428700,3.393,234300,3.392,211000,3.391,116800,3.39,1585000,3.389,123600,3.388,547700,3.387,27300,3.397,172300,3.398,90000,3.399,1701000,3.4,684000,3.401,1200,3.402,272800,3.403,99500,3.404,119600,3.405,28400,3.406,11800
2020-09-03 11:11:56.340,3.397,400.0,3.395,3.406972,3.401,3.398,3.396,483900,3.395,1240700,3.394,428700,3.393,234300,3.392,211000,3.391,116800,3.39,685000,3.389,1023600,3.388,547700,3.387,27300,3.397,171900,3.398,190000,3.399,1701000,3.4,584000,3.401,1200,3.402,272800,3.403,99500,3.404,119600,3.405,28400,3.406,11800
2020-09-03 11:11:59.230,3.397,3000.0,3.395,3.406972,3.401,3.398,3.396,503900,3.395,1240700,3.394,428700,3.393,234300,3.392,211000,3.391,116800,3.39,685000,3.389,1023600,3.388,547700,3.387,27300,3.397,188900,3.398,190000,3.399,1391000,3.4,884000,3.401,1200,3.402,272800,3.403,99500,3.404,119600,3.405,28400,3.406,11800
2020-09-03 11:12:02.800,3.396,9400.0,3.395,3.406971,3.401,3.398,3.396,1399000,3.395,2180700,3.394,428700,3.393,137600,3.392,211000,3.391,116800,3.39,685000,3.389,123600,3.388,247700,3.387,27300,3.397,184400,3.398,72100,3.399,195000,3.4,891000,3.401,1200,3.402,272800,3.403,99500,3.404,119600,3.405,28400,3.406,11800
2020-09-03 11:12:06.200,3.397,1000.0,3.395,3.406971,3.401,3.398,3.396,1414000,3.395,2180700,3.394,428700,3.393,230600,3.392,111000,3.391,1116800,3.39,685000,3.389,123600,3.388,547700,3.387,27300,3.397,34000,3.398,72100,3.399,1395000,3.4,684000,3.401,101200,3.402,172800,3.403,99500,3.404,119600,3.405,28400,3.406,11800
2020-09-03 11:12:11.580,3.396,1594200.0,3.395,3.406847,3.4,3.398,3.395,1130700,3.394,128700,3.393,169700,3.392,411000,3.391,177700,3.39,785000,3.389,123600,3.388,247700,3.387,927300,3.386,122400,3.396,310400,3.397,693400,3.398,112100,3.399,95000,3.4,584000,3.401,1200,3.402,272800,3.403,119500,3.404,119600,3.405,28400
2020-09-03 11:12:14.380,3.393,1378600.0,3.395,3.406729,3.4,3.398,3.393,93000,3.392,11000,3.391,216800,3.39,685000,3.389,361600,3.388,309700,3.387,27300,3.386,1022400,3.385,542700,3.384,142900,3.394,736000,3.395,1189600,3.396,1201500,3.397,83400,3.398,165100,3.399,2000,3.4,491000,3.401,163000,3.402,111000,3.403,119500
2020-09-03 11:12:16.100,3.392,81100.0,3.395,3.406721,3.399,3.398,3.391,209800,3.39,1678000,3.389,61600,3.388,347700,3.387,327300,3.386,184500,3.385,542700,3.384,1042900,3.383,807900,3.382,952600,3.393,125800,3.394,660000,3.395,1207100,3.396,1134500,3.397,176400,3.398,172100,3.399,63800,3.4,491000,3.401,1200,3.402,111000
2020-09-03 11:12:20.830,3.392,106100.0,3.395,3.4067089999999998,3.398,3.398,3.391,11000,3.39,1677800,3.389,154600,3.388,547700,3.387,127400,3.386,122400,3.385,542700,3.384,1105000,3.383,1107900,3.382,952600,3.392,99700,3.393,60000,3.394,340000,3.395,1600100,3.396,141500,3.397,276400,3.398,134000,3.399,2000,3.4,491000,3.401,1200
2020-09-03 11:12:23.240,3.392,2600.0,3.395,3.4067089999999998,3.398,3.398,3.391,11000,3.39,1677800,3.389,454600,3.388,247700,3.387,127400,3.386,122400,3.385,542700,3.384,205000,3.383,1107900,3.382,952600,3.392,44000,3.393,60000,3.394,640000,3.395,1250100,3.396,141500,3.397,338300,3.398,72100,3.4,491000,3.401,1200,3.402,111000
2020-09-03 11:12:26.210,3.391,300000.0,3.395,3.406676,3.397,3.398,3.391,686100,3.39,1677800,3.389,215800,3.388,647700,3.387,127400,3.386,122400,3.385,542700,3.384,205000,3.383,1107900,3.382,952600,3.393,500000,3.394,440000,3.395,750100,3.396,141500,3.397,338300,3.398,72100,3.4,491000,3.401,1200,3.402,111000,3.403,119500
2020-09-03 11:12:29.440,3.393,310100.0,3.395,3.4066410000000005,3.397,3.398,3.391,2487100,3.39,1585000,3.389,215800,3.388,740700,3.387,27400,3.386,222400,3.385,542700,3.384,1105000,3.383,807900,3.382,1252600,3.393,499900,3.394,480000,3.395,750100,3.396,241500,3.397,83400,3.398,149500,3.4,491000,3.401,1200,3.402,111000,3.403,119500
2020-09-03 11:12:31.830,3.393,2900.0,3.395,3.4066410000000005,3.396,3.398,3.392,24200,3.391,2487100,3.39,1585000,3.389,122800,3.388,747700,3.387,27400,3.386,122400,3.385,542700,3.384,205000,3.383,1107900,3.393,97000,3.394,1680000,3.395,657100,3.396,141500,3.397,83400,3.398,249500,3.4,491000,3.401,1200,3.402,111000,3.403,119500
2020-09-03 11:12:35.200,3.393,2900.0,3.395,3.4066410000000005,3.396,3.398,3.392,24200,3.391,1587300,3.39,1585000,3.389,154600,3.388,654700,3.387,27400,3.386,122400,3.385,602800,3.384,142900,3.383,1107900,3.393,404100,3.394,480000,3.395,657100,3.396,234500,3.397,83400,3.398,249500,3.4,491000,3.401,1200,3.402,111000,3.403,119500
2020-09-03 11:12:37.280,3.392,512100.0,3.395,3.4065849999999998,3.396,3.398,3.392,44900,3.391,1111500,3.39,1666000,3.389,154600,3.388,718600,3.387,127400,3.386,122400,3.385,602800,3.384,1042900,3.383,807900,3.393,1123400,3.394,480000,3.395,750100,3.396,234500,3.397,33400,3.398,249500,3.4,491000,3.401,1200,3.402,111000,3.403,119500
2020-09-03 11:12:40.530,3.393,38300.0,3.395,3.4065809999999996,3.395,3.398,3.392,11800,3.391,217000,3.39,1666000,3.389,154600,3.388,618600,3.387,227400,3.386,132400,3.385,602800,3.384,143400,3.383,807900,3.393,824800,3.394,1380000,3.395,416700,3.396,234500,3.397,133400,3.398,149500,3.4,491000,3.401,1200,3.402,61000,3.403,119500
2020-09-03 11:12:43.560,3.392,32800.0,3.395,3.4065779999999997,3.395,3.398,3.391,207000,3.39,766000,3.389,604600,3.388,718600,3.387,127400,3.386,152400,3.385,602800,3.384,143400,3.383,1707900,3.382,1252600,3.392,41200,3.393,1150800,3.394,480000,3.395,316700,3.396,234500,3.398,249500,3.4,491000,3.401,1200,3.402,61000,3.403,119500
2020-09-03 11:12:46.910,3.391,77400.0,3.395,3.40657,3.395,3.398,3.39,1221000,3.389,519600,3.388,257400,3.387,427400,3.386,152400,3.385,540700,3.384,205500,3.383,807800,3.382,1852600,3.381,461100,3.391,320400,3.392,577800,3.393,720800,3.394,340000,3.395,316700,3.396,141500,3.397,611900,3.398,537600,3.4,491000,3.401,1200
2020-09-03 11:12:50.380,3.391,480100.0,3.395,3.406514,3.394,3.398,3.39,648200,3.389,524600,3.388,443400,3.387,27400,3.386,313600,3.385,940700,3.384,143400,3.383,869900,3.382,952500,3.381,161100,3.391,1196300,3.392,208200,3.393,384800,3.394,300000,3.395,316700,3.396,303400,3.397,450000,3.398,537600,3.4,491000,3.401,6200
2020-09-03 11:12:52.830,3.39,668200.0,3.395,3.4064370000000004,3.394,3.398,3.389,524600,3.388,443400,3.387,27400,3.386,313600,3.385,640700,3.384,443400,3.383,870900,3.382,952500,3.381,161100,3.38,1548100,3.39,351200,3.391,780300,3.392,50400,3.393,344800,3.394,300000,3.395,316700,3.396,303400,3.397,450000,3.398,537600,3.399,10000
2020-09-03 11:12:55.880,3.389,535600.0,3.395,3.4063730000000003,3.394,3.398,3.388,1250400,3.387,927400,3.386,606600,3.385,740700,3.384,143400,3.383,808800,3.382,1914700,3.381,161000,3.38,668100,3.379,54900,3.389,64600,3.39,91000,3.391,676300,3.392,350400,3.393,437800,3.394,300000,3.395,385600,3.396,103000,3.398,87600,3.399,10000
2020-09-03 11:12:59.320,3.389,51700.0,3.395,3.4063660000000002,3.394,3.398,3.388,1555500,3.387,1007400,3.386,306600,3.385,640700,3.384,243400,3.383,808800,3.382,952500,3.381,523200,3.38,668100,3.379,54900,3.389,12900,3.39,76900,3.391,1000,3.392,359400,3.393,437800,3.394,461900,3.395,223700,3.396,103000,3.398,87600,3.399,10000
2020-09-03 11:13:02.060,3.39,15900.0,3.395,3.406364,3.393,3.398,3.389,956100,3.388,1542500,3.387,1047400,3.386,245400,3.385,540700,3.384,243400,3.383,1708800,3.382,952500,3.381,223200,3.38,668100,3.39,25900,3.392,39400,3.393,437800,3.394,761900,3.395,223700,3.396,103000,3.398,87600,3.399,10000,3.4,525000,3.401,6200
2020-09-03 11:13:03.410,3.39,46800.0,3.395,3.4063589999999997,3.393,3.398,3.389,1982700,3.388,2068000,3.387,1338600,3.386,350400,3.385,640900,3.384,143400,3.383,808800,3.382,1914600,3.381,167000,3.38,968100,3.39,25700,3.391,40000,3.392,430400,3.393,204400,3.394,300000,3.395,385600,3.396,103000,3.398,87600,3.399,10000,3.4,531000
2020-09-03 11:13:07.250,3.389,6500.0,3.395,3.406358,3.393,3.398,3.389,1956400,3.388,2261000,3.387,977400,3.386,137400,3.385,645100,3.384,143400,3.383,2008800,3.382,1014600,3.381,167000,3.38,666100,3.39,25700,3.392,20400,3.393,111400,3.394,700000,3.395,385600,3.396,103000,3.398,87600,3.399,10000,3.4,531000,3.401,6200
2020-09-03 11:13:09.990,3.39,25700.0,3.395,3.4063550000000005,3.393,3.398,3.39,976800,3.389,1946400,3.388,2231000,3.387,977400,3.386,230400,3.385,545100,3.384,243400,3.383,1708800,3.382,1314600,3.381,167000,3.392,20400,3.393,204400,3.394,800000,3.395,285600,3.396,103000,3.398,87600,3.399,10000,3.4,531000,3.401,6200,3.402,67000
2020-09-03 11:13:14.600,3.39,1030200.0,3.395,3.406239,3.393,3.398,3.389,1641300,3.388,2186000,3.387,1227400,3.386,230400,3.385,645100,3.384,148200,3.383,870900,3.382,952500,3.381,170000,3.38,966100,3.39,58700,3.391,476000,3.392,100400,3.393,544400,3.394,300000,3.395,323700,3.396,103000,3.397,61900,3.398,87600,3.399,10000
2020-09-03 11:13:17.540,3.389,1154800.0,3.395,3.406104,3.393,3.398,3.388,2186000,3.387,927400,3.386,530400,3.385,645100,3.384,148200,3.383,808800,3.382,1014600,3.381,170000,3.38,1566100,3.379,354900,3.389,75400,3.39,178500,3.391,696000,3.392,60400,3.393,104400,3.394,300000,3.395,385600,3.396,103000,3.398,87600,3.399,10000
2020-09-03 11:13:19.330,3.389,40400.0,3.395,3.4060989999999998,3.393,3.398,3.388,2071100,3.387,1336500,3.386,237400,3.385,638300,3.384,248200,3.383,888800,3.382,1852500,3.381,532200,3.38,666100,3.379,54900,3.389,55000,3.39,53000,3.391,20000,3.392,513400,3.393,111400,3.394,461900,3.395,223700,3.396,103000,3.398,87600,3.399,10000
2020-09-03 11:13:23.340,3.389,16500.0,3.395,3.406097,3.393,3.398,3.388,3071100,3.387,327600,3.386,145400,3.385,644100,3.384,248200,3.383,888800,3.382,952500,3.381,1132200,3.38,966100,3.379,54900,3.389,38500,3.39,953000,3.391,20000,3.392,513400,3.393,111400,3.394,461900,3.395,223700,3.396,103000,3.398,87600,3.399,10000
2020-09-03 11:13:25.740,3.388,336500.0,3.395,3.406056,3.393,3.398,3.388,2765100,3.387,386700,3.386,245400,3.385,644100,3.384,248200,3.383,888800,3.382,952500,3.381,232200,3.38,1566100,3.379,54900,3.389,308000,3.39,93000,3.391,20000,3.392,413400,3.393,11400,3.394,461900,3.395,223700,3.396,103000,3.398,87600,3.399,15000
2020-09-03 11:13:29.320,3.389,977500.0,3.395,3.405937,3.393,3.398,3.388,1874500,3.387,986700,3.386,245400,3.385,944100,3.384,148200,3.383,988800,3.382,952500,3.381,232200,3.38,666700,3.379,354900,3.389,40000,3.39,93000,3.391,320000,3.392,113400,3.393,111400,3.394,361900,3.395,223700,3.396,103000,3.398,87600,3.399,15000
2020-09-03 11:13:32.270,3.389,731600.0,3.395,3.405849,3.393,3.398,3.388,1220100,3.387,987200,3.386,545400,3.385,559100,3.384,248200,3.383,878400,3.382,952500,3.381,232200,3.38,1566700,3.379,354900,3.389,895500,3.39,93000,3.391,320000,3.392,20400,3.393,11400,3.394,461900,3.395,223700,3.396,103000,3.398,87600,3.399,15000
2020-09-03 11:13:35.280,3.389,515900.0,3.395,3.405787,3.393,3.398,3.388,726800,3.387,928100,3.386,445400,3.385,711200,3.384,348200,3.383,878400,3.382,952500,3.381,232200,3.38,1571700,3.379,354900,3.389,899500,3.39,543000,3.391,120000,3.392,113400,3.393,11400,3.394,461900,3.395,223700,3.396,103000,3.398,87600,3.399,15000
2020-09-03 11:13:37.040,3.389,669500.0,3.395,3.405708,3.394,3.398,3.388,88300,3.387,928100,3.386,1048600,3.385,859100,3.384,307400,3.383,978400,3.382,952500,3.381,232200,3.38,671700,3.379,954900,3.389,918500,3.39,193000,3.391,420000,3.392,20400,3.393,11400,3.394,461900,3.395,223700,3.396,103000,3.398,87600,3.399,15000
2020-09-03 11:13:40.200,3.387,118900.0,3.395,3.4056940000000004,3.393,3.398,3.386,1048600,3.385,652100,3.384,607400,3.383,998400,3.382,952500,3.381,232200,3.38,1571700,3.379,1254900,3.378,149700,3.377,39500,3.387,181100,3.388,300000,3.389,1218500,3.39,144500,3.391,20000,3.392,113400,3.393,11400,3.394,461900,3.395,223700,3.396,103000
2020-09-03 11:13:44.140,3.388,231900.0,3.395,3.405665,3.393,3.398,3.387,1518900,3.386,1048600,3.385,1902100,3.384,220400,3.383,1001400,3.382,1052500,3.381,170000,3.38,671700,3.379,1017100,3.378,149700,3.388,955700,3.389,60000,3.39,407500,3.391,20000,3.392,275400,3.393,11400,3.394,300000,3.395,223700,3.396,103000,3.398,87600
2020-09-03 11:13:47.250,3.387,63200.0,3.395,3.4056580000000003,3.393,3.398,3.387,4166700,3.386,1058600,3.385,1902100,3.384,220400,3.383,1101400,3.382,952500,3.381,170000,3.38,1633900,3.379,354900,3.378,149700,3.388,944700,3.389,320000,3.39,107500,3.391,20000,3.392,113400,3.393,173300,3.394,300000,3.395,223700,3.396,103000,3.398,87600
2020-09-03 11:13:50.180,3.388,944700.0,3.395,3.4055470000000003,3.393,3.398,3.388,255600,3.387,7092100,3.386,287500,3.385,1929100,3.384,293800,3.383,901400,3.382,1052700,3.381,170000,3.38,1033900,3.379,54900,3.389,20000,3.39,307500,3.391,213000,3.392,220400,3.393,73300,3.394,300000,3.395,223700,3.396,103000,3.398,87600,3.399,15000
2020-09-03 11:13:55.920,3.39,375500.0,3.395,3.405506,3.393,3.398,3.389,526500,3.388,1780900,3.387,7103100,3.386,287500,3.385,1972100,3.384,200800,3.383,1009400,3.382,952700,3.381,232200,3.38,981700,3.39,16900,3.391,420000,3.392,213400,3.393,111400,3.394,361900,3.395,223700,3.396,103000,3.397,500,3.398,87600,3.399,15000
2020-09-03 11:14:02.140,3.389,304400.0,3.395,3.405473,3.393,3.398,3.389,226600,3.388,287900,3.387,5093900,3.386,300500,3.385,1844200,3.384,500800,3.383,912400,3.382,1022800,3.381,1070000,3.38,981700,3.39,312600,3.391,160000,3.392,120400,3.393,104400,3.394,300000,3.395,385600,3.396,103000,3.397,500,3.398,87600,3.399,15000
2020-09-03 11:14:04.170,3.389,231600.0,3.395,3.4054480000000003,3.393,3.398,3.388,294200,3.387,5093900,3.386,300500,3.385,2044200,3.384,300800,3.383,912400,3.382,1022800,3.381,172000,3.38,981700,3.379,54900,3.389,300000,3.39,312600,3.391,160000,3.392,120400,3.393,104400,3.394,400000,3.395,285600,3.396,103000,3.397,500,3.398,87600
2020-09-03 11:14:07.980,3.389,6100.0,3.395,3.405447,3.393,3.398,3.388,294500,3.387,5103900,3.386,300500,3.385,2054200,3.384,300800,3.383,912400,3.382,980700,3.381,234200,3.38,981700,3.379,54900,3.39,312600,3.391,160000,3.392,120400,3.393,104400,3.394,461900,3.395,223700,3.396,103000,3.397,500,3.398,87600,3.399,15000
2020-09-03 11:14:11.750,3.39,100.0,3.395,3.405447,3.393,3.398,3.388,981500,3.387,2637200,3.386,148400,3.385,1652000,3.384,702800,3.383,912400,3.382,980700,3.381,242200,3.38,1581700,3.379,354900,3.39,583800,3.391,230000,3.392,20400,3.393,104400,3.394,400000,3.395,285600,3.396,103000,3.397,500,3.398,87600,3.399,15000
2020-09-03 11:14:16.880,3.388,13000.0,3.395,3.405446,3.393,3.398,3.388,971000,3.387,2647200,3.386,448400,3.385,1754500,3.384,302800,3.383,912400,3.382,980700,3.381,242200,3.38,982700,3.379,54900,3.39,63800,3.391,530000,3.392,120400,3.393,104400,3.394,300000,3.395,385600,3.396,103000,3.397,500,3.398,93600,3.399,15000
2020-09-03 11:14:18.110,3.388,300.0,3.395,3.405446,3.393,3.398,3.388,994400,3.387,2637200,3.386,148400,3.385,1954500,3.384,302800,3.383,1013100,3.382,1005500,3.381,1142200,3.38,982700,3.379,54900,3.39,366000,3.391,230000,3.392,120400,3.393,204400,3.394,300000,3.395,285600,3.396,103000,3.397,500,3.398,93600,3.399,15000
2020-09-03 11:14:25.270,3.389,20000.0,3.395,3.405444,3.393,3.398,3.389,659300,3.388,1340200,3.387,2746300,3.386,548400,3.385,612500,3.384,205800,3.383,1013100,3.382,1067600,3.381,180000,3.38,685700,3.39,26000,3.391,360000,3.392,120400,3.393,111400,3.394,300000,3.395,285600,3.396,103000,3.397,500,3.398,93600,3.399,15000
2020-09-03 11:14:28.510,3.39,49000.0,3.395,3.405439,3.393,3.398,3.39,196300,3.389,2767000,3.388,1147900,3.387,3046300,3.386,341400,3.385,612500,3.384,305800,3.383,913100,3.382,1067600,3.381,480000,3.391,20000,3.392,420400,3.393,204400,3.394,400000,3.395,285600,3.396,103000,3.397,500,3.398,93600,3.399,15000,3.4,542700
2020-09-03 11:14:30.590,3.391,4200.0,3.395,3.4054379999999997,3.393,3.398,3.39,422400,3.389,2126600,3.388,1059600,3.387,1796300,3.386,641400,3.385,712500,3.384,205800,3.383,975200,3.382,1905500,3.381,180000,3.391,15800,3.392,530400,3.393,204400,3.394,300000,3.395,323700,3.396,164900,3.397,500,3.398,93600,3.399,15000,3.4,542700
2020-09-03 11:14:34.780,3.391,651800.0,3.395,3.4053769999999997,3.393,3.398,3.39,452400,3.389,1229000,3.388,1040200,3.387,2038200,3.386,341400,3.385,613800,3.384,205800,3.383,975200,3.382,1005500,3.381,1380000,3.392,580400,3.393,204400,3.394,300000,3.395,223700,3.396,264900,3.397,500,3.398,93600,3.399,15000,3.4,542700,3.401,11200
2020-09-03 11:14:35.550,3.39,300000.0,3.395,3.405347,3.393,3.398,3.39,158200,3.389,1229000,3.388,1041200,3.387,1571900,3.386,731400,3.385,613800,3.384,205800,3.383,975200,3.382,1905500,3.381,180000,3.391,300000,3.392,500400,3.393,314400,3.394,300000,3.395,223700,3.396,203000,3.397,62400,3.398,93600,3.399,15000,3.4,542700
2020-09-03 11:14:43.720,3.39,84700.0,3.395,3.4053379999999995,3.393,3.398,3.39,95500,3.389,989000,3.388,91200,3.387,464900,3.386,238400,3.385,713800,3.384,205800,3.383,978200,3.382,980700,3.381,493200,3.392,420400,3.393,191400,3.394,393000,3.395,323700,3.396,164900,3.397,500,3.398,93600,3.399,15000,3.4,542700,3.401,10400
2020-09-03 11:14:46.310,3.391,10000.0,3.395,3.4053370000000003,3.393,3.398,3.39,123000,3.389,86800,3.388,91200,3.387,464900,3.386,238400,3.385,713800,3.384,205800,3.383,978200,3.382,980700,3.381,493200,3.391,307000,3.392,250400,3.393,221400,3.394,393000,3.395,323700,3.396,103000,3.397,62400,3.398,93600,3.399,15000,3.4,542700
2020-09-03 11:14:50.260,3.391,28100.0,3.395,3.405335,3.393,3.398,3.39,1158100,3.389,86800,3.388,102200,3.387,464900,3.386,338400,3.385,613800,3.384,205800,3.383,978200,3.382,1880700,3.381,493200,3.391,13600,3.392,500400,3.393,221400,3.394,393000,3.395,223700,3.396,264900,3.397,500,3.398,93600,3.399,15000,3.4,542700
2020-09-03 11:14:50.650,3.39,304500.0,3.395,3.405304,3.393,3.398,3.39,860400,3.389,86800,3.388,102200,3.387,464900,3.386,338400,3.385,613800,3.384,205800,3.383,1878200,3.382,980700,3.381,493200,3.391,26500,3.392,420400,3.393,221400,3.394,393000,3.395,223700,3.396,264900,3.397,500,3.398,93600,3.399,15000,3.4,542700
2020-09-03 11:14:55.850,3.391,600700.0,3.395,3.405245,3.393,3.398,3.39,285200,3.389,329000,3.388,102200,3.387,464900,3.386,244000,3.385,713800,3.384,205800,3.383,978200,3.382,980700,3.381,193200,3.391,25800,3.392,460400,3.393,221400,3.394,393000,3.395,323700,3.396,164900,3.397,500,3.398,93600,3.399,15000,3.4,542700
2020-09-03 11:14:59.080,3.391,5400.0,3.395,3.405244,3.393,3.398,3.39,295400,3.389,329000,3.388,102200,3.387,164900,3.386,644000,3.385,613800,3.384,205800,3.383,978200,3.382,1880700,3.381,193200,3.391,20400,3.392,500400,3.393,221400,3.394,393000,3.395,223700,3.396,264900,3.397,500,3.398,93600,3.399,15000,3.4,542700
2020-09-03 11:15:02.240,3.39,307600.0,3.395,3.405214,3.393,3.398,3.389,24400,3.388,102200,3.387,164900,3.386,644000,3.385,613800,3.384,205800,3.383,978200,3.382,980700,3.381,1093200,3.38,726600,3.39,632800,3.391,443900,3.392,200400,3.393,11400,3.394,393000,3.395,223700,3.396,264900,3.397,600,3.398,103600,3.399,15000
2020-09-03 11:15:04.870,3.389,37200.0,3.395,3.40521,3.393,3.398,3.388,103200,3.387,164900,3.386,244000,3.385,713800,3.384,505800,3.383,916100,3.382,1042800,3.381,1093200,3.38,726600,3.379,54900,3.389,300000,3.39,337200,3.391,124900,3.392,60400,3.393,11400,3.394,393000,3.395,385600,3.396,103000,3.397,600,3.398,103600
2020-09-03 11:15:11.300,3.388,103300.0,3.395,3.4051980000000004,3.392,3.398,3.388,27000,3.387,12800,3.386,144000,3.385,706800,3.384,605800,3.383,916100,3.382,980700,3.381,255400,3.38,1625600,3.379,54900,3.39,1089100,3.391,224900,3.392,20400,3.393,104400,3.394,400000,3.395,285600,3.396,103000,3.397,8600,3.398,88200,3.399,15000
2020-09-03 11:15:13.970,3.39,100.0,3.395,3.4051980000000004,3.392,3.398,3.388,37300,3.387,312800,3.386,203100,3.385,1106800,3.384,205800,3.383,1016100,3.382,980700,3.381,255400,3.38,725600,3.379,954900,3.39,1154500,3.391,224900,3.392,20400,3.393,204400,3.394,300000,3.395,285600,3.396,103000,3.397,8600,3.398,88200,3.399,15100
2020-09-03 11:15:16.700,3.388,37300.0,3.395,3.4051940000000003,3.392,3.398,3.387,312800,3.386,1103100,3.385,911800,3.384,505800,3.383,916100,3.382,980700,3.381,255400,3.38,725600,3.379,954900,3.378,179700,3.388,29700,3.389,380000,3.39,893500,3.391,14900,3.392,20400,3.393,11400,3.394,300000,3.395,385800,3.396,103000,3.397,8600
2020-09-03 11:15:20.260,3.388,606600.0,3.395,3.405121,3.392,3.398,3.386,803100,3.385,1701800,3.384,205800,3.383,1316100,3.382,980700,3.381,203200,3.38,787800,3.379,54900,3.378,1079700,3.377,39500,3.388,400400,3.389,110000,3.39,743500,3.391,14900,3.392,20400,3.393,266300,3.394,300000,3.395,223900,3.396,103000,3.397,8600
2020-09-03 11:15:28.300,3.387,20000.0,3.395,3.4051190000000005,3.392,3.398,3.387,253500,3.386,1764100,3.385,1568900,3.384,565000,3.383,1016300,3.382,980700,3.381,203200,3.38,789800,3.379,954900,3.378,479700,3.388,9300,3.389,480000,3.39,712900,3.391,14900,3.392,20400,3.393,173300,3.394,300000,3.395,223900,3.396,103000,3.397,8600
2020-09-03 11:15:33.140,3.388,11900.0,3.395,3.405118,3.392,3.398,3.388,3800,3.387,1175000,3.386,1164100,3.385,1519200,3.384,658000,3.383,916300,3.382,1080700,3.381,203200,3.38,790800,3.379,954900,3.389,510000,3.39,712900,3.391,107900,3.392,120400,3.393,73300,3.394,300000,3.395,223900,3.396,103000,3.397,8600,3.398,96200
2020-09-03 11:15:35.600,3.388,707900.0,3.395,3.405036,3.392,3.398,3.387,475000,3.386,864100,3.385,1319200,3.384,318800,3.383,1316300,3.382,1039900,3.381,365400,3.38,738600,3.379,954900,3.378,179700,3.388,454400,3.389,210000,3.39,782900,3.391,107900,3.392,20400,3.393,111400,3.394,361900,3.395,223900,3.396,103000,3.397,8600
2020-09-03 11:15:38.100,3.387,479000.0,3.395,3.40498,3.391,3.398,3.386,864100,3.385,1319200,3.384,378000,3.383,1416300,3.382,980700,3.381,203200,3.38,804300,3.379,954900,3.378,479700,3.377,39500,3.387,114900,3.388,336600,3.389,210000,3.39,882900,3.391,107900,3.392,20400,3.393,173300,3.394,300000,3.395,223900,3.396,103000
2020-09-03 11:15:40.410,3.387,15800.0,3.395,3.404978,3.391,3.398,3.386,864100,3.385,1365000,3.384,618800,3.383,1016300,3.382,1080700,3.381,203200,3.38,742100,3.379,117100,3.378,479700,3.377,39500,3.387,99100,3.388,6000,3.389,480000,3.39,772900,3.391,107900,3.392,182400,3.393,11400,3.394,300000,3.395,223900,3.396,103000
2020-09-03 11:15:43.450,3.387,99100.0,3.395,3.4049669999999996,3.391,3.398,3.387,200900,3.386,1164100,3.385,1424100,3.384,1225800,3.383,1314800,3.382,1080700,3.381,203200,3.38,752100,3.379,1017100,3.378,479700,3.388,6000,3.389,80000,3.39,1072900,3.391,14900,3.392,182400,3.393,11400,3.394,300000,3.395,223900,3.396,103000,3.397,8600
2020-09-03 11:15:46.910,3.387,29400.0,3.395,3.404964,3.391,3.398,3.387,174500,3.386,2074100,3.385,1424100,3.384,1318800,3.383,1314800,3.382,1080700,3.381,203200,3.38,814300,3.379,954900,3.378,479700,3.388,6000,3.389,380000,3.39,772900,3.391,107900,3.392,122400,3.393,73300,3.394,300000,3.395,223900,3.396,103000,3.397,8600
2020-09-03 11:15:49.240,3.387,3000.0,3.395,3.4049629999999995,3.392,3.398,3.387,174500,3.386,2074100,3.385,1384100,3.384,1318800,3.383,1314800,3.382,1080700,3.381,202900,3.38,814300,3.379,954900,3.378,479700,3.388,306000,3.389,110000,3.39,772900,3.391,107900,3.392,122400,3.393,73300,3.394,300000,3.395,223900,3.396,103100,3.397,8600
2020-09-03 11:15:52.360,3.386,184500.0,3.395,3.4049419999999997,3.391,3.398,3.387,53000,3.386,1764800,3.385,1325000,3.384,1318800,3.383,1214800,3.382,1080700,3.381,202900,3.38,814300,3.379,954900,3.378,179700,3.388,406000,3.389,110000,3.39,772900,3.391,107900,3.392,122400,3.393,73300,3.394,300000,3.395,223900,3.396,103100,3.397,8600
2020-09-03 11:15:56.460,3.386,406000.0,3.395,3.404894,3.391,3.398,3.386,1414800,3.385,1315000,3.384,1318800,3.383,1214800,3.382,980700,3.381,302900,3.38,819300,3.379,54900,3.378,179700,3.377,339500,3.387,119500,3.388,45000,3.389,510000,3.39,772900,3.391,207900,3.392,22400,3.393,76400,3.394,300000,3.395,223900,3.396,103100
2020-09-03 11:15:59.450,3.387,322000.0,3.395,3.4048550000000004,3.391,3.398,3.386,216300,3.385,415600,3.384,1225800,3.383,1274000,3.382,1080700,3.381,302900,3.38,757100,3.379,117100,3.378,1079700,3.377,339500,3.387,150500,3.388,445000,3.389,210000,3.39,322900,3.391,114900,3.392,84400,3.393,14500,3.394,300000,3.395,223900,3.396,103100
2020-09-03 11:16:02.290,3.386,19300.0,3.395,3.4048529999999997,3.391,3.398,3.386,217500,3.385,415600,3.384,2125800,3.383,1367000,3.382,1180700,3.381,202900,3.38,757100,3.379,117100,3.378,1379700,3.377,39500,3.387,134500,3.388,446000,3.389,210000,3.39,415900,3.391,14900,3.392,184400,3.393,14500,3.394,300000,3.395,223900,3.396,103100
2020-09-03 11:16:05.810,3.388,6000.0,3.395,3.4048519999999995,3.391,3.398,3.388,294000,3.387,400000,3.386,829700,3.385,1417700,3.384,1525800,3.383,1007800,3.382,980700,3.381,302900,3.38,1657100,3.379,117100,3.389,300000,3.39,415900,3.391,114900,3.392,84400,3.393,14500,3.394,300000,3.395,223900,3.396,103100,3.397,8600,3.398,106200
2020-09-03 11:16:08.030,3.388,11000.0,3.395,3.4048510000000003,3.391,3.398,3.388,283000,3.387,1600000,3.386,2628700,3.385,1644700,3.384,1225800,3.383,1107800,3.382,980700,3.381,265100,3.38,1657100,3.379,354900,3.39,925900,3.391,114900,3.392,22400,3.393,114500,3.394,361900,3.395,223900,3.396,103100,3.397,8600,3.398,106200,3.399,29100
2020-09-03 11:16:09.680,3.388,10000.0,3.395,3.40485,3.391,3.398,3.388,323000,3.387,1600000,3.386,2479100,3.385,501700,3.384,1625800,3.383,1014800,3.382,980700,3.381,265100,3.38,1657100,3.379,54900,3.389,380000,3.39,532900,3.391,224900,3.392,22400,3.393,114500,3.394,300000,3.395,285800,3.396,103100,3.397,8600,3.398,106200
2020-09-03 11:16:14.380,3.388,328500.0,3.395,3.404815,3.391,3.398,3.387,100000,3.386,1587100,3.385,594700,3.384,1325800,3.383,1314800,3.382,980700,3.381,265400,3.38,757100,3.379,954900,3.378,479700,3.388,4000,3.389,389900,3.39,532900,3.391,84900,3.392,22400,3.393,207500,3.394,361900,3.395,223900,3.396,103100,3.397,8600
2020-09-03 11:16:17.740,3.388,4000.0,3.395,3.404815,3.391,3.398,3.388,42400,3.387,160000,3.386,737100,3.385,894700,3.384,1325800,3.383,1014900,3.382,980700,3.381,203200,3.38,1719300,3.379,54900,3.389,312400,3.39,462900,3.391,14900,3.392,22400,3.393,269400,3.394,300000,3.395,223900,3.396,103100,3.397,8600,3.398,106200
2020-09-03 11:16:18.250,3.388,100.0,3.395,3.404815,3.391,3.398,3.388,42300,3.387,110000,3.386,737800,3.385,840600,3.384,1225800,3.383,1014900,3.382,980700,3.381,1165400,3.38,762100,3.379,354900,3.389,12400,3.39,762900,3.391,114900,3.392,22400,3.393,207500,3.394,361900,3.395,223900,3.396,103100,3.397,8600,3.398,106200
2020-09-03 11:16:22.520,3.389,7200.0,3.395,3.404814,3.391,3.398,3.388,343200,3.387,1020500,3.386,1037800,3.385,704700,3.384,1286200,3.383,1014900,3.382,980700,3.381,1165400,3.38,1462800,3.379,54900,3.389,5200,3.39,425900,3.391,414900,3.392,22400,3.393,207500,3.394,361900,3.395,223900,3.396,103100,3.397,8600,3.398,106200
2020-09-03 11:16:30.520,3.389,4200.0,3.395,3.404814,3.392,3.398,3.388,329800,3.387,1070500,3.386,656900,3.385,1058600,3.384,1286200,3.383,914900,3.382,980700,3.381,265400,3.38,1463100,3.379,54900,3.389,21000,3.39,325900,3.391,414900,3.392,215400,3.393,14500,3.394,471900,3.395,223900,3.396,103100,3.397,8600,3.398,106200
2020-09-03 11:16:35.660,3.389,1100.0,3.395,3.404813,3.392,3.398,3.388,350000,3.387,120500,3.386,597800,3.385,958600,3.384,1286200,3.383,916900,3.382,980700,3.381,265400,3.38,1162900,3.379,354900,3.389,20900,3.39,705900,3.391,114900,3.392,215400,3.393,14500,3.394,471900,3.395,223900,3.396,103100,3.397,8600,3.398,106200
2020-09-03 11:16:38.410,3.389,1400.0,3.395,3.404813,3.392,3.398,3.388,352000,3.387,120500,3.386,597800,3.385,924700,3.384,1386200,3.383,916900,3.382,980700,3.381,265400,3.38,1163200,3.379,354900,3.389,19500,3.39,805900,3.391,114900,3.392,22400,3.393,14500,3.394,471900,3.395,223900,3.396,103100,3.397,8600,3.398,106200
2020-09-03 11:16:41.080,3.389,122700.0,3.395,3.4048010000000004,3.391,3.398,3.388,352500,3.387,125500,3.386,597900,3.385,717700,3.384,1686200,3.383,916900,3.382,980700,3.381,275400,3.38,1163200,3.379,954900,3.389,196800,3.39,535900,3.391,114900,3.392,115400,3.393,14500,3.394,471900,3.395,223900,3.396,103100,3.397,8600,3.398,106200
2020-09-03 11:16:43.390,3.389,2300.0,3.395,3.4048010000000004,3.391,3.398,3.388,552600,3.387,125500,3.386,597900,3.385,1017700,3.384,1386200,3.383,916900,3.382,980700,3.381,275400,3.38,2063200,3.379,354900,3.39,805900,3.391,114900,3.392,115400,3.393,14500,3.394,471900,3.395,223900,3.396,103100,3.397,8600,3.398,106200,3.399,35100
2020-09-03 11:16:53.650,3.389,3200.0,3.395,3.4048,3.392,3.398,3.389,1500,3.388,125000,3.387,125900,3.386,640900,3.385,934200,3.384,1386200,3.383,916900,3.382,1042800,3.381,1113200,3.38,1473200,3.39,332900,3.391,494900,3.392,122400,3.393,107500,3.394,410000,3.395,285800,3.396,103100,3.397,8600,3.398,106200,3.399,35100
2020-09-03 11:17:00.960,3.39,15600.0,3.395,3.4047989999999997,3.392,3.398,3.389,143700,3.388,128200,3.387,25900,3.386,1386500,3.385,639200,3.384,1386200,3.383,916900,3.382,1042800,3.381,1113200,3.38,1173200,3.39,301800,3.391,504900,3.392,122400,3.393,107500,3.394,410000,3.395,285800,3.396,103100,3.397,8600,3.398,106200,3.399,35100
2020-09-03 11:17:06.120,3.389,154400.0,3.395,3.404784,3.393,3.398,3.388,128200,3.387,35900,3.386,993500,3.385,1039200,3.384,1286200,3.383,917200,3.382,1042800,3.381,214200,3.38,2073200,3.379,54900,3.389,289400,3.39,598800,3.391,234900,3.392,122400,3.393,14500,3.394,310000,3.395,385800,3.396,103100,3.397,8600,3.398,106200
2020-09-03 11:17:08.600,3.389,1000.0,3.395,3.404783,3.392,3.398,3.388,128200,3.387,935900,3.386,993500,3.385,1032000,3.384,1386200,3.383,917700,3.382,980700,3.381,276400,3.38,2073200,3.379,54900,3.389,432100,3.39,678800,3.391,234900,3.392,215400,3.393,14500,3.394,471900,3.395,223900,3.396,111100,3.397,8600,3.398,106200
2020-09-03 11:17:11.180,3.388,600700.0,3.395,3.4047169999999998,3.392,3.398,3.387,464100,3.386,393500,3.385,672900,3.384,1645400,3.383,1017700,3.382,980700,3.381,276400,3.38,1173200,3.379,954900,3.378,482700,3.388,128100,3.389,737800,3.39,408800,3.391,134900,3.392,115400,3.393,14500,3.394,471900,3.395,223900,3.396,111100,3.397,8600
2020-09-03 11:17:14.370,3.388,300100.0,3.395,3.4046839999999996,3.392,3.398,3.387,164300,3.386,393500,3.385,672900,3.384,1245400,3.383,1417900,3.382,980700,3.381,214200,3.38,1240400,3.379,954900,3.378,182700,3.388,468000,3.389,507800,3.39,408800,3.391,24900,3.392,115400,3.393,176400,3.394,310000,3.395,183900,3.396,101100,3.397,8600
2020-09-03 11:17:17.540,3.387,177800.0,3.395,3.404664,3.391,3.398,3.387,500,3.386,393500,3.385,672900,3.384,1245400,3.383,1317900,3.382,980700,3.381,239200,3.38,1230400,3.379,54900,3.378,1082700,3.388,454500,3.389,507800,3.39,408800,3.391,24900,3.392,115400,3.393,165000,3.394,310000,3.395,133900,3.396,101100,3.397,8600
2020-09-03 11:17:18.770,3.387,307100.0,3.395,3.4046279999999998,3.391,3.398,3.386,29800,3.385,579900,3.384,1245400,3.383,1217900,3.382,1080700,3.381,239100,3.38,1230400,3.379,54900,3.378,182700,3.377,342600,3.387,307900,3.388,80000,3.389,507800,3.39,384300,3.391,24900,3.392,122400,3.393,65000,3.394,310000,3.395,133900,3.396,101100
2020-09-03 11:17:22.270,3.386,40800.0,3.395,3.4046230000000004,3.391,3.398,3.385,579900,3.384,1186200,3.383,1010900,3.382,1139900,3.381,639100,3.38,1168200,3.379,117100,3.378,182700,3.377,42600,3.376,106800,3.386,325200,3.387,187900,3.388,80000,3.389,337800,3.39,407300,3.391,24900,3.392,184400,3.393,3100,3.394,310000,3.395,133900
2020-09-03 11:17:26.260,3.386,34800.0,3.395,3.4046190000000003,3.391,3.398,3.385,580000,3.384,1186200,3.383,1010900,3.382,980700,3.381,639100,3.38,1138200,3.379,54900,3.378,244900,3.377,42600,3.376,106800,3.386,290400,3.387,517900,3.388,210000,3.389,297800,3.39,407800,3.391,186900,3.392,20400,3.393,3100,3.394,310000,3.395,133900
2020-09-03 11:17:28.570,3.386,1300.0,3.395,3.4046190000000003,3.391,3.398,3.385,650000,3.384,1236200,3.383,1010900,3.382,1039900,3.381,739100,3.38,1138400,3.379,54900,3.378,244900,3.377,42600,3.376,406800,3.386,612000,3.387,7900,3.388,180000,3.389,297800,3.39,407800,3.391,186900,3.392,20400,3.393,3100,3.394,310000,3.395,133900
2020-09-03 11:17:31.680,3.386,310000.0,3.395,3.404583,3.39,3.398,3.386,84100,3.385,616600,3.384,1236200,3.383,1010900,3.382,1339900,3.381,442100,3.38,1139400,3.379,54900,3.378,244900,3.377,342600,3.387,307900,3.388,140000,3.389,297800,3.39,407800,3.391,186900,3.392,20400,3.393,3100,3.394,310000,3.395,133900,3.396,101100
2020-09-03 11:17:33.520,3.386,75100.0,3.395,3.4045739999999998,3.391,3.398,3.386,910000,3.385,2411000,3.384,2136200,3.383,1217900,3.382,1039900,3.381,442100,3.38,1139400,3.379,117100,3.378,182700,3.377,42600,3.387,7900,3.388,400000,3.389,297800,3.39,314800,3.391,124900,3.392,82400,3.393,3100,3.394,310000,3.395,133900,3.396,101100
2020-09-03 11:17:36.390,3.386,310000.0,3.395,3.4045389999999998,3.391,3.398,3.386,1500500,3.385,2481100,3.384,2136200,3.383,1310900,3.382,980700,3.381,342100,3.38,1139500,3.379,117100,3.378,182700,3.377,42600,3.387,7900,3.388,300000,3.389,110000,3.39,507800,3.391,124900,3.392,82400,3.393,3100,3.394,310000,3.395,133900,3.396,101100
2020-09-03 11:17:41.130,3.387,351600.0,3.395,3.4045,3.39,3.398,3.387,569100,3.386,2425500,3.385,1590300,3.384,2236200,3.383,1310900,3.382,980700,3.381,342100,3.38,1139500,3.379,117100,3.378,182700,3.389,410000,3.39,507800,3.391,124900,3.392,82400,3.393,3100,3.394,310000,3.395,133900,3.396,101100,3.397,8600,3.398,34100
2020-09-03 11:17:41.940,3.387,300000.0,3.395,3.404468,3.39,3.398,3.387,269100,3.386,945500,3.385,1587300,3.384,1286200,3.383,1310900,3.382,1080700,3.381,242100,3.38,1201700,3.379,54900,3.378,182700,3.388,340000,3.389,220000,3.39,517800,3.391,24900,3.392,120400,3.393,3100,3.394,371900,3.395,133900,3.396,101100,3.397,8600
2020-09-03 11:17:47.350,3.387,313600.0,3.395,3.4044339999999997,3.39,3.398,3.387,273800,3.386,945500,3.385,1587300,3.384,1291200,3.383,1310900,3.382,1080700,3.381,242100,3.38,1201700,3.379,54900,3.378,182700,3.388,40000,3.389,220000,3.39,517800,3.391,24900,3.392,120400,3.393,65000,3.394,310000,3.395,133900,3.396,101100,3.397,8600
2020-09-03 11:17:47.760,3.386,600000.0,3.395,3.4043669999999997,3.39,3.398,3.386,619800,3.385,1528200,3.384,1287200,3.383,1217900,3.382,1080700,3.381,243100,3.38,1201700,3.379,54900,3.378,182700,3.377,42600,3.387,259200,3.389,520000,3.39,354800,3.391,117900,3.392,120400,3.393,65200,3.394,310000,3.395,133900,3.396,101100,3.397,8600
2020-09-03 11:17:53.150,3.388,3400.0,3.395,3.4043669999999997,3.39,3.398,3.387,10000,3.386,1219800,3.385,1597200,3.384,1646400,3.383,1017900,3.382,970700,3.381,343100,3.38,1139500,3.379,117100,3.378,182700,3.388,97100,3.389,520000,3.39,315800,3.391,217900,3.392,82400,3.393,3300,3.394,310000,3.395,133900,3.396,101100,3.397,8600
2020-09-03 11:17:59.240,3.387,402000.0,3.395,3.404322,3.39,3.398,3.386,340200,3.385,1588200,3.384,1285000,3.383,1382100,3.382,1070700,3.381,243100,3.38,1201700,3.379,54900,3.378,182700,3.377,42600,3.387,152600,3.388,510000,3.389,120000,3.39,315800,3.391,117900,3.392,20400,3.393,165200,3.394,310000,3.395,133900,3.396,101100
2020-09-03 11:18:03.130,3.386,152000.0,3.395,3.4043050000000004,3.39,3.398,3.386,199600,3.385,688200,3.384,1192000,3.383,982100,3.382,1470700,3.381,243100,3.38,1139500,3.379,117100,3.378,182700,3.377,42600,3.387,819500,3.388,10000,3.389,10000,3.39,315800,3.391,24900,3.392,182400,3.393,3300,3.394,310000,3.395,133900,3.396,101100
2020-09-03 11:18:05.930,3.387,1452500.0,3.395,3.4041410000000005,3.39,3.398,3.387,501600,3.384,2031500,3.383,982100,3.382,1070700,3.381,343100,3.38,1139500,3.379,117100,3.378,482700,3.377,42600,3.376,106800,3.388,10000,3.389,10000,3.39,315800,3.391,124900,3.392,82400,3.393,3300,3.394,310000,3.395,133900,3.396,101100,3.397,8600
2020-09-03 11:18:08.700,3.384,714000.0,3.395,3.404063,3.389,3.398,3.384,1024500,3.383,922900,3.382,1070700,3.381,243100,3.38,1501700,3.379,54900,3.378,182700,3.377,42600,3.376,106800,3.375,598100,3.385,183730,3.386,10000,3.387,40000,3.388,8100,3.389,10000,3.39,317800,3.391,117900,3.392,120400,3.393,65200,3.394,310000
2020-09-03 11:18:11.630,3.386,45200.0,3.395,3.404057,3.389,3.398,3.385,100000,3.384,981500,3.383,1822900,3.382,1270700,3.381,336100,3.38,1139500,3.379,154900,3.378,242000,3.377,104800,3.376,106800,3.386,4000,3.387,340000,3.388,101100,3.389,110000,3.39,379800,3.391,24900,3.392,20400,3.393,3300,3.394,310000,3.395,133900
2020-09-03 11:18:14.060,3.387,15000.0,3.395,3.4040559999999997,3.389,3.398,3.385,1173700,3.384,981500,3.383,1822900,3.382,1270700,3.381,436100,3.38,1139500,3.379,54900,3.378,304200,3.377,42600,3.376,106800,3.387,39000,3.388,401100,3.389,10000,3.39,317800,3.391,186900,3.392,20400,3.393,3300,3.394,310000,3.395,133900,3.396,101100
2020-09-03 11:18:16.690,3.386,440000.0,3.395,3.404005,3.388,3.398,3.386,870000,3.385,5000,3.384,981500,3.383,2122900,3.382,1070700,3.381,356100,3.38,1139500,3.379,54900,3.378,304200,3.377,42600,3.387,69000,3.388,401100,3.389,10000,3.39,317800,3.391,24900,3.392,182400,3.393,3300,3.394,310000,3.395,133900,3.396,101100
2020-09-03 11:18:19.950,3.386,556500.0,3.395,3.4039449999999998,3.388,3.398,3.386,320000,3.385,13400,3.384,981500,3.383,1825900,3.382,1270700,3.381,556100,3.38,1139500,3.379,117100,3.378,182700,3.377,42600,3.387,462500,3.388,201100,3.389,10000,3.39,317800,3.391,124900,3.392,82400,3.393,3300,3.394,310000,3.395,133900,3.396,101100
2020-09-03 11:18:23.150,3.387,736300.0,3.395,3.403868,3.388,3.398,3.387,486200,3.386,1000,3.385,88600,3.384,981500,3.383,2185100,3.382,1070700,3.381,456100,3.38,1139500,3.379,117100,3.378,182700,3.388,497600,3.389,110000,3.39,317800,3.391,124900,3.392,82400,3.393,3300,3.394,310000,3.395,133900,3.396,101100,3.397,38600
2020-09-03 11:18:26.630,3.386,384900.0,3.395,3.403829,3.388,3.398,3.386,901200,3.385,88600,3.384,1074500,3.383,2185100,3.382,1170700,3.381,263100,3.38,1201700,3.379,55000,3.378,182700,3.377,42600,3.388,399800,3.389,110000,3.39,317800,3.391,117900,3.392,120400,3.393,65200,3.394,310000,3.395,133900,3.396,101100,3.397,38600
2020-09-03 11:18:29.700,3.388,726100.0,3.395,3.4037580000000003,3.388,3.398,3.388,393900,3.386,800,3.385,94600,3.384,1374500,3.383,985100,3.382,1070700,3.381,363100,3.38,1141500,3.379,117200,3.378,182700,3.389,410000,3.39,417800,3.391,217900,3.392,20400,3.393,65200,3.394,310000,3.395,143900,3.396,107100,3.397,38600,3.398,34100
2020-09-03 11:18:32.310,3.388,85700.0,3.395,3.40375,3.388,3.398,3.388,312400,3.386,10800,3.385,94600,3.384,1374500,3.383,1085100,3.382,1070700,3.381,325100,3.38,1141500,3.379,55000,3.378,182700,3.389,410000,3.39,417800,3.391,117900,3.392,20400,3.393,103300,3.394,371900,3.395,143900,3.396,107100,3.397,38600,3.398,34100
2020-09-03 11:18:34.390,3.389,520000.0,3.395,3.4037040000000003,3.388,3.398,3.389,440000,3.388,4200,3.387,7200,3.386,310800,3.385,158700,3.384,1174500,3.383,1025900,3.382,970700,3.381,325100,3.38,1141500,3.39,417800,3.391,517900,3.392,20400,3.393,103300,3.394,371900,3.395,143900,3.396,107100,3.397,38600,3.398,34100,3.399,45100
2020-09-03 11:18:38.780,3.39,848200.0,3.395,3.403635,3.389,3.398,3.39,182200,3.389,309600,3.388,9200,3.387,7200,3.386,10800,3.385,460700,3.384,1181500,3.383,925900,3.382,1032800,3.381,262900,3.391,124900,3.392,20400,3.393,3300,3.394,410000,3.395,205800,3.396,107100,3.397,38600,3.398,34100,3.399,45100,3.4,405100
2020-09-03 11:18:39.720,3.389,182300.0,3.395,3.4036199999999996,3.388,3.398,3.388,9200,3.387,103000,3.386,369900,3.385,206600,3.384,981500,3.383,989000,3.382,970700,3.381,262900,3.38,1141500,3.379,55000,3.389,63800,3.39,14300,3.391,424900,3.392,120400,3.393,3300,3.394,403000,3.395,243900,3.396,169000,3.397,38600,3.398,34100
2020-09-03 11:18:43.770,3.387,37400.0,3.395,3.4036160000000004,3.388,3.398,3.386,10900,3.385,165700,3.384,1481500,3.383,926900,3.382,970700,3.381,325100,3.38,1141500,3.379,55000,3.378,183100,3.377,52600,3.388,6900,3.389,107200,3.39,603000,3.391,124900,3.392,120400,3.393,6400,3.394,471900,3.395,143900,3.396,107100,3.397,38600
2020-09-03 11:18:46.260,3.388,55200.0,3.395,3.403611,3.388,3.398,3.386,260900,3.385,106600,3.384,981600,3.383,926900,3.382,1070700,3.381,262900,3.38,1141500,3.379,117200,3.378,183100,3.377,52600,3.388,1700,3.389,47200,3.39,303000,3.391,424900,3.392,220400,3.393,68300,3.394,318000,3.395,143900,3.396,107100,3.397,38600
2020-09-03 11:18:50.500,3.387,172300.0,3.395,3.403593,3.387,3.398,3.387,7900,3.386,254400,3.385,106600,3.384,978600,3.383,1119900,3.382,970700,3.381,262900,3.38,1142500,3.379,117200,3.378,183100,3.389,297200,3.39,303000,3.391,517900,3.392,120400,3.393,173300,3.394,318000,3.395,148900,3.396,107100,3.397,38600,3.398,34100
2020-09-03 11:18:53.580,3.386,114100.0,3.395,3.403581,3.388,3.398,3.386,79800,3.385,466800,3.384,978600,3.383,1019900,3.382,1070700,3.381,262900,3.38,1204700,3.379,55000,3.378,183100,3.377,52600,3.389,297200,3.39,633000,3.391,217900,3.392,220400,3.393,11400,3.394,379900,3.395,148900,3.396,107100,3.397,38600,3.398,34100
2020-09-03 11:18:56.070,3.385,169200.0,3.395,3.4035629999999997,3.387,3.398,3.385,78400,3.384,1278600,3.383,1019900,3.382,970700,3.381,362900,3.38,1142500,3.379,117200,3.378,183100,3.377,52600,3.376,106800,3.386,19900,3.387,400,3.389,297200,3.39,633000,3.391,217900,3.392,20400,3.393,11400,3.394,379900,3.395,148900,3.396,107100
2020-09-03 11:18:58.720,3.385,19900.0,3.395,3.403561,3.387,3.398,3.385,61600,3.384,979200,3.383,1319900,3.382,970700,3.381,262900,3.38,1242700,3.379,55000,3.378,245300,3.377,52600,3.376,106800,3.386,25000,3.387,400,3.388,300000,3.389,297200,3.39,403000,3.391,179900,3.392,20400,3.393,11400,3.394,318000,3.395,148900
2020-09-03 11:19:02.590,3.384,176200.0,3.395,3.403541,3.387,3.398,3.384,887500,3.383,926900,3.382,1363700,3.381,262900,3.38,1242700,3.379,55000,3.378,245300,3.377,52600,3.376,106800,3.375,600100,3.385,3100,3.386,155600,3.387,400400,3.389,390200,3.39,103000,3.391,86900,3.392,20400,3.393,11400,3.394,318000,3.395,148900
2020-09-03 11:19:05.350,3.384,116100.0,3.395,3.4035279999999997,3.387,3.398,3.384,788000,3.383,1226900,3.382,1063700,3.381,262900,3.38,1142700,3.379,155000,3.378,183100,3.377,114800,3.376,106800,3.375,600300,3.386,44400,3.387,300400,3.389,490200,3.39,65000,3.391,24900,3.392,20400,3.393,11400,3.394,318000,3.395,148900,3.396,107100
2020-09-03 11:19:08.980,3.385,6600.0,3.395,3.4035269999999995,3.387,3.398,3.385,893400,3.384,1088200,3.383,927200,3.382,1063700,3.381,262900,3.38,1152700,3.379,155000,3.378,183100,3.377,114800,3.376,106800,3.386,64400,3.387,400,3.389,490200,3.39,403000,3.391,86900,3.392,20400,3.393,11400,3.394,318000,3.395,156900,3.396,107100
2020-09-03 11:19:11.340,3.386,262300.0,3.395,3.4034989999999996,3.387,3.398,3.386,903000,3.385,300200,3.384,847400,3.383,1027200,3.382,1063700,3.381,269200,3.38,1252700,3.379,55000,3.378,245300,3.377,52600,3.387,98500,3.389,490200,3.39,503000,3.391,86900,3.392,20400,3.393,11400,3.394,318000,3.395,156900,3.396,107100,3.397,38600
2020-09-03 11:19:12.990,3.386,130000.0,3.395,3.403486,3.387,3.398,3.386,827400,3.385,20200,3.384,849400,3.383,1335800,3.382,970700,3.381,369200,3.38,1152700,3.379,117200,3.378,184100,3.377,52600,3.387,42600,3.388,340000,3.389,397200,3.39,3000,3.391,124900,3.392,82400,3.393,11400,3.394,318000,3.395,156900,3.396,107100
2020-09-03 11:19:17.040,3.387,92400.0,3.395,3.4034769999999996,3.387,3.398,3.387,860600,3.386,14000,3.385,20200,3.384,1159900,3.383,1133800,3.382,971000,3.381,369200,3.38,1152700,3.379,117200,3.378,184100,3.388,58600,3.389,397200,3.39,396000,3.391,124900,3.392,82400,3.393,11400,3.394,318000,3.395,156900,3.396,107100,3.397,38600
2020-09-03 11:19:20.720,3.388,48600.0,3.395,3.4034720000000003,3.387,3.398,3.388,851400,3.387,903200,3.386,14000,3.385,20200,3.384,1159900,3.383,1133800,3.382,1071000,3.381,269200,3.38,1214900,3.379,55000,3.389,367200,3.39,396000,3.391,11000,3.392,120400,3.393,73300,3.394,318000,3.395,156900,3.396,107100,3.397,38600,3.398,34100
2020-09-03 11:19:21.720,3.388,70000.0,3.395,3.4034660000000003,3.387,3.398,3.388,840000,3.387,1000,3.386,13000,3.385,380300,3.384,903700,3.383,1133800,3.382,971000,3.381,331400,3.38,1152700,3.379,55000,3.389,327200,3.39,196000,3.391,411000,3.392,20400,3.393,111400,3.394,379900,3.395,156900,3.396,107100,3.397,38600,3.398,34100
2020-09-03 11:19:26.760,3.389,569800.0,3.395,3.403418,3.387,3.398,3.389,380100,3.388,6900,3.387,1000,3.386,13200,3.385,321200,3.384,803700,3.383,1040800,3.382,971000,3.381,331400,3.38,1152700,3.39,400000,3.391,111000,3.392,20400,3.393,111400,3.394,379900,3.395,156900,3.396,107100,3.397,38600,3.398,34100,3.399,45100
2020-09-03 11:19:29.250,3.388,394300.0,3.395,3.4033849999999997,3.387,3.398,3.387,1000,3.386,106200,3.385,31200,3.384,1263000,3.383,1040800,3.382,1033100,3.381,269200,3.38,1152700,3.379,55000,3.378,184100,3.388,86700,3.389,430000,3.39,740000,3.391,51000,3.392,20400,3.393,104400,3.394,118000,3.395,218800,3.396,107100,3.397,38600
2020-09-03 11:19:32.700,3.389,728000.0,3.395,3.4033230000000003,3.387,3.398,3.389,177100,3.388,986700,3.387,100000,3.386,106200,3.385,331200,3.384,803800,3.383,1140800,3.382,971000,3.381,269200,3.38,1214900,3.39,740000,3.391,11000,3.392,20400,3.393,269400,3.394,18000,3.395,156900,3.396,107100,3.397,38600,3.398,34100,3.399,45100
2020-09-03 11:19:38.410,3.389,117400.0,3.395,3.403314,3.387,3.398,3.388,1079400,3.387,105200,3.386,106700,3.385,96800,3.384,903800,3.383,940800,3.382,971000,3.381,346400,3.38,1151700,3.379,55000,3.389,452600,3.39,640000,3.391,51000,3.392,20400,3.393,107500,3.394,179900,3.395,156900,3.396,107100,3.397,38600,3.398,34100
2020-09-03 11:19:41.780,3.388,35600.0,3.395,3.40331,3.387,3.398,3.388,1043800,3.387,105200,3.386,15700,3.385,492900,3.384,953800,3.383,940800,3.382,971000,3.381,346400,3.38,1151700,3.379,55000,3.389,392600,3.39,340000,3.391,351000,3.392,113400,3.393,14500,3.394,179900,3.395,166200,3.396,107100,3.397,38600,3.398,34100
2020-09-03 11:19:44.510,3.389,113400.0,3.395,3.4033,3.387,3.398,3.388,943800,3.387,105200,3.386,74800,3.385,543800,3.384,853800,3.383,1050800,3.382,971000,3.381,346400,3.38,1151700,3.379,55000,3.389,465500,3.39,690000,3.391,151000,3.392,213400,3.393,114500,3.394,79900,3.395,166200,3.396,107100,3.397,38600,3.398,34100
2020-09-03 11:19:47.850,3.388,56500.0,3.395,3.403296,3.387,3.398,3.388,898800,3.387,105200,3.386,15700,3.385,443800,3.384,953800,3.383,950800,3.382,971000,3.381,346400,3.38,1151800,3.379,55000,3.389,368500,3.39,690000,3.391,151000,3.392,213400,3.393,14500,3.394,179900,3.395,166200,3.396,107100,3.397,38600,3.398,34100
2020-09-03 11:19:50.830,3.389,12900.0,3.395,3.4032940000000003,3.387,3.398,3.388,898800,3.387,5200,3.386,74600,3.385,543800,3.384,853600,3.383,1050800,3.382,971000,3.381,346400,3.38,1152300,3.379,55000,3.389,328600,3.39,650000,3.391,151000,3.392,213400,3.393,114500,3.394,79900,3.395,166200,3.396,107100,3.397,38600,3.398,34100
2020-09-03 11:19:53.350,3.389,338600.0,3.395,3.4032660000000003,3.387,3.398,3.389,577100,3.388,6000,3.387,5200,3.386,74600,3.385,450800,3.384,953600,3.383,950800,3.382,971000,3.381,346400,3.38,1149300,3.39,650000,3.391,151000,3.392,120400,3.393,14500,3.394,179900,3.395,166200,3.396,107100,3.397,38600,3.398,34100,3.399,45100
2020-09-03 11:19:56.940,3.389,138700.0,3.395,3.403255,3.388,3.398,3.389,438400,3.388,20900,3.387,5200,3.386,167700,3.385,450800,3.384,954100,3.383,950800,3.382,1033100,3.381,285700,3.38,1149300,3.39,707000,3.391,191000,3.392,120400,3.393,107500,3.394,118000,3.395,228100,3.396,107100,3.397,38600,3.398,34100,3.399,45100
2020-09-03 11:19:59.760,3.389,438400.0,3.395,3.4032190000000004,3.388,3.398,3.388,23900,3.387,5200,3.386,108600,3.385,51800,3.384,1254100,3.383,950800,3.382,1033100,3.381,289700,3.38,1149300,3.379,55500,3.389,152000,3.39,407000,3.391,191000,3.392,20400,3.393,107500,3.394,118000,3.395,228100,3.396,107100,3.397,38600,3.398,34100
2020-09-03 11:20:03.050,3.389,38100.0,3.395,3.4032160000000005,3.387,3.398,3.388,21100,3.387,15200,3.386,325900,3.385,110900,3.384,1054100,3.383,950800,3.382,971000,3.381,351900,3.38,1149400,3.379,55500,3.389,89300,3.39,407500,3.391,491000,3.392,20400,3.393,14500,3.394,179900,3.395,166200,3.396,107100,3.397,38600,3.398,34100
2020-09-03 11:20:07.370,3.389,57500.0,3.395,3.403211,3.387,3.398,3.387,5800,3.386,28300,3.385,503900,3.384,1053500,3.383,950800,3.382,971000,3.381,351900,3.38,1149400,3.379,55500,3.378,184100,3.389,411800,3.39,107500,3.391,411000,3.392,113400,3.393,14500,3.394,179900,3.395,166200,3.396,107100,3.397,38600,3.398,34100
2020-09-03 11:20:10.970,3.389,1500.0,3.395,3.403211,3.387,3.398,3.387,6300,3.386,87400,3.385,552800,3.384,953500,3.383,950800,3.382,971000,3.381,289700,3.38,1211600,3.379,55500,3.378,184100,3.389,410900,3.39,507500,3.391,111000,3.392,113400,3.393,14500,3.394,179900,3.395,166200,3.396,107100,3.397,38600,3.398,34100
2020-09-03 11:20:12.200,3.386,10000.0,3.395,3.40321,3.387,3.398,3.387,5000,3.386,83700,3.385,252800,3.384,1254000,3.383,950800,3.382,971000,3.381,289700,3.38,1211600,3.379,55500,3.378,184100,3.388,21000,3.389,710900,3.39,207500,3.391,111000,3.392,113400,3.393,14500,3.394,179900,3.395,166200,3.396,107100,3.397,38600
2020-09-03 11:20:16.690,3.387,1900.0,3.395,3.40321,3.387,3.398,3.387,3100,3.386,83700,3.385,460800,3.384,854000,3.383,950800,3.382,971000,3.381,389700,3.38,1211600,3.379,55500,3.378,184100,3.388,21000,3.389,410900,3.39,407500,3.391,211000,3.392,20400,3.393,76400,3.394,18000,3.395,166200,3.396,107100,3.397,38600
2020-09-03 11:20:20.250,3.388,3300.0,3.395,3.4032089999999995,3.387,3.398,3.387,3100,3.386,85900,3.385,460800,3.384,946500,3.383,950800,3.382,1071000,3.381,289700,3.38,1211600,3.379,55500,3.378,184100,3.388,17700,3.389,410900,3.39,407500,3.391,204000,3.392,120400,3.393,76400,3.394,18000,3.395,166200,3.396,107100,3.397,38600
2020-09-03 11:20:20.980,3.388,1900.0,3.395,3.4032089999999995,3.388,3.398,3.387,3100,3.386,26800,3.385,419900,3.384,946500,3.383,1050800,3.382,971000,3.381,289700,3.38,1211600,3.379,55500,3.378,184100,3.388,115800,3.389,410900,3.39,507500,3.391,204000,3.392,20400,3.393,176400,3.394,18000,3.395,166200,3.396,107100,3.397,38600
2020-09-03 11:20:29.850,3.388,8100.0,3.395,3.4032080000000002,3.387,3.398,3.387,3300,3.386,26100,3.385,366600,3.384,853500,3.383,1050800,3.382,971000,3.381,289700,3.38,1211500,3.379,55500,3.378,184100,3.388,74500,3.389,380600,3.39,467500,3.391,111000,3.392,20400,3.393,176400,3.394,18000,3.395,166200,3.396,107100,3.397,38600
2020-09-03 11:20:32.850,3.387,4900.0,3.395,3.4032080000000002,3.387,3.398,3.387,2600,3.386,26100,3.385,125700,3.384,1346500,3.383,1050800,3.382,971000,3.381,289700,3.38,1211500,3.379,55500,3.378,184100,3.388,74500,3.389,680600,3.39,167500,3.391,204000,3.392,20400,3.393,176400,3.394,18000,3.395,166200,3.396,107100,3.397,38600
2020-09-03 11:20:34.430,3.386,28700.0,3.395,3.4032050000000003,3.387,3.398,3.385,135700,3.384,1366500,3.383,950800,3.382,1071000,3.381,289700,3.38,1211500,3.379,55500,3.378,184100,3.377,52600,3.376,107400,3.388,374500,3.389,680600,3.39,127500,3.391,204000,3.392,120400,3.393,76400,3.394,18000,3.395,166200,3.396,107100,3.397,38600
2020-09-03 11:20:38.210,3.387,2500.0,3.395,3.4032050000000003,3.387,3.398,3.386,15000,3.385,134700,3.384,1366500,3.383,950800,3.382,971000,3.381,389700,3.38,1159900,3.379,55500,3.378,246300,3.377,52600,3.387,38000,3.388,414500,3.389,720600,3.39,127500,3.391,304000,3.392,20400,3.393,76400,3.394,18000,3.395,166200,3.396,107100
2020-09-03 11:20:41.230,3.386,19500.0,3.395,3.403203,3.387,3.398,3.385,127700,3.384,1066500,3.383,1250800,3.382,1071000,3.381,289700,3.38,1162500,3.379,117700,3.378,184100,3.377,52600,3.376,107400,3.386,22500,3.387,76000,3.388,714500,3.389,380600,3.39,127500,3.391,104000,3.392,182400,3.393,14500,3.394,18000,3.395,166200
2020-09-03 11:20:44.150,3.386,5000.0,3.395,3.403202,3.387,3.398,3.385,129000,3.384,973500,3.383,1250800,3.382,971000,3.381,389700,3.38,1162500,3.379,55500,3.378,246300,3.377,52600,3.376,107400,3.386,18000,3.387,326000,3.388,94500,3.389,640600,3.39,127500,3.391,173000,3.392,20400,3.393,14500,3.394,18000,3.395,166200
2020-09-03 11:20:47.390,3.386,12000.0,3.395,3.403201,3.387,3.398,3.385,74900,3.384,873500,3.383,1250800,3.382,1064000,3.381,389700,3.38,1162500,3.379,55500,3.378,246300,3.377,52600,3.376,107400,3.386,16000,3.387,326000,3.388,494500,3.389,433600,3.39,127500,3.391,173000,3.392,20400,3.393,14500,3.394,18000,3.395,166200
2020-09-03 11:20:49.700,3.386,500.0,3.395,3.403201,3.387,3.398,3.385,124900,3.384,873500,3.383,1310000,3.382,1164000,3.381,389700,3.38,1162500,3.379,55500,3.378,246300,3.377,52600,3.376,107400,3.386,315500,3.387,326000,3.388,454500,3.389,533600,3.39,27500,3.391,173000,3.392,20400,3.393,14500,3.394,18000,3.395,166200
2020-09-03 11:20:53.510,3.385,124900.0,3.395,3.4031879999999997,3.387,3.398,3.384,873800,3.383,1010000,3.382,1464000,3.381,389700,3.38,1162500,3.379,55500,3.378,246300,3.377,52600,3.376,107400,3.375,600300,3.385,200100,3.386,315500,3.387,626000,3.388,154500,3.389,533600,3.39,27500,3.391,173000,3.392,20400,3.393,14500,3.394,18000
2020-09-03 11:20:55.760,3.385,301100.0,3.395,3.4031550000000004,3.386,3.398,3.384,573800,3.383,2210000,3.382,1164000,3.381,284700,3.38,1262500,3.379,55500,3.378,184100,3.377,114800,3.376,107400,3.375,600300,3.385,199000,3.386,315500,3.387,286000,3.388,414500,3.389,533600,3.39,189500,3.391,11000,3.392,20400,3.393,14500,3.394,18000
2020-09-03 11:20:59.070,3.384,275800.0,3.395,3.403125,3.386,3.398,3.384,314300,3.383,1310000,3.382,1971000,3.381,299600,3.38,1260500,3.379,55500,3.378,184100,3.377,114800,3.376,107400,3.375,600300,3.385,193200,3.386,315500,3.387,286000,3.388,414500,3.389,440600,3.39,189500,3.391,11000,3.392,20400,3.393,14500,3.394,48000
2020-09-03 11:21:01.950,3.384,2000.0,3.395,3.4031239999999996,3.386,3.398,3.384,317100,3.383,1310000,3.382,1071000,3.381,1292600,3.38,1100500,3.379,155500,3.378,184100,3.377,114800,3.376,107400,3.375,600300,3.385,193200,3.386,315500,3.387,286000,3.388,507500,3.389,540600,3.39,79500,3.391,11000,3.392,20400,3.393,14500,3.394,48000
2020-09-03 11:21:05.640,3.385,1800.0,3.395,3.4031239999999996,3.386,3.398,3.384,317600,3.383,950800,3.382,1271000,3.381,1292600,3.38,1100700,3.379,155500,3.378,184100,3.377,114800,3.376,107400,3.375,600300,3.385,201400,3.386,355500,3.387,586000,3.388,207500,3.389,540600,3.39,79500,3.391,11000,3.392,20400,3.393,14500,3.394,48000
2020-09-03 11:21:07.270,3.385,300600.0,3.395,3.4030910000000003,3.385,3.398,3.384,37600,3.383,950800,3.382,1330200,3.381,492600,3.38,2100700,3.379,55500,3.378,184100,3.377,114800,3.376,107400,3.375,600300,3.385,535500,3.386,455500,3.387,250000,3.388,207500,3.389,340600,3.39,179500,3.391,11000,3.392,20400,3.393,14500,3.394,48000
2020-09-03 11:21:10.090,3.384,40000.0,3.395,3.403087,3.385,3.398,3.384,2600,3.383,950800,3.382,971000,3.381,692600,3.38,2090900,3.379,55500,3.378,184100,3.377,114800,3.376,107400,3.375,600300,3.385,615800,3.386,345500,3.387,250000,3.388,207500,3.389,340600,3.39,179500,3.391,11000,3.392,20400,3.393,14500,3.394,48000
2020-09-03 11:21:14.190,3.385,700.0,3.395,3.403087,3.385,3.398,3.384,6600,3.383,952300,3.382,1330200,3.381,1392600,3.38,1084000,3.379,155500,3.378,184100,3.377,114800,3.376,107400,3.375,600300,3.385,834800,3.386,45500,3.387,650000,3.388,207500,3.389,440600,3.39,79500,3.391,11000,3.392,20400,3.393,14500,3.394,48000
2020-09-03 11:21:16.100,3.385,14100.0,3.395,3.403086,3.385,3.398,3.384,301900,3.383,1257300,3.382,1871000,3.381,392600,3.38,1184300,3.379,55500,3.378,184100,3.377,114800,3.376,107400,3.375,600300,3.385,785400,3.386,5500,3.387,250000,3.388,507500,3.389,440600,3.39,179500,3.391,11000,3.392,20400,3.393,14500,3.394,48000
2020-09-03 11:21:19.840,3.385,700.0,3.395,3.403085,3.385,3.398,3.384,312400,3.383,1316500,3.382,1971000,3.381,392600,3.38,1205200,3.379,55500,3.378,184100,3.377,114800,3.376,107400,3.375,600300,3.385,784700,3.386,5500,3.387,250000,3.388,507500,3.389,440600,3.39,179500,3.391,11000,3.392,20400,3.393,14500,3.394,48000
2020-09-03 11:21:23.220,3.385,638100.0,3.395,3.4030199999999997,3.385,3.398,3.384,178800,3.383,1862500,3.382,971000,3.381,392600,3.38,1205200,3.379,55500,3.378,184100,3.377,114800,3.376,107400,3.375,600300,3.385,146800,3.386,500,3.387,250000,3.388,107500,3.389,640600,3.39,279500,3.391,11000,3.392,20400,3.393,14500,3.394,48000
2020-09-03 11:21:23.540,3.385,146800.0,3.395,3.4030050000000003,3.386,3.398,3.385,211300,3.384,1149300,3.383,1116800,3.382,971000,3.381,390500,3.38,1205200,3.379,55500,3.378,184100,3.377,114800,3.376,107400,3.386,500,3.387,250000,3.388,14500,3.389,340600,3.39,579500,3.391,111000,3.392,20400,3.393,14500,3.394,48000,3.395,166300
2020-09-03 11:21:30.800,3.385,70500.0,3.395,3.402997,3.386,3.398,3.386,1217800,3.385,163200,3.384,109300,3.383,1117300,3.382,1064000,3.381,390500,3.38,1206800,3.379,63500,3.378,246300,3.377,52600,3.387,250000,3.388,14500,3.389,433600,3.39,117500,3.391,473000,3.392,120400,3.393,14500,3.394,48000,3.395,166300,3.396,107100
2020-09-03 11:21:34.720,3.387,100.0,3.395,3.402997,3.388,3.398,3.386,1276900,3.385,283800,3.384,559400,3.383,1122300,3.382,1064000,3.381,390500,3.38,1206800,3.379,125700,3.378,184100,3.377,52600,3.387,289900,3.388,54500,3.389,433600,3.39,117500,3.391,411000,3.392,182400,3.393,14500,3.394,48000,3.395,166300,3.396,107100
2020-09-03 11:21:40.640,3.387,61900.0,3.395,3.402992,3.387,3.398,3.386,364100,3.385,1134000,3.384,559900,3.383,1216900,3.382,1071000,3.381,391500,3.38,1136800,3.379,125700,3.378,192600,3.377,52600,3.387,228000,3.388,41000,3.389,340600,3.39,410500,3.391,111000,3.392,282400,3.393,14500,3.394,48100,3.395,166300,3.396,107100
2020-09-03 11:21:44.530,3.386,206600.0,3.395,3.402972,3.387,3.398,3.386,1006500,3.385,249000,3.384,559900,3.383,1216900,3.382,1071000,3.381,391500,3.38,1136800,3.379,125700,3.378,192600,3.377,52600,3.387,223000,3.388,41000,3.389,340600,3.39,110500,3.391,411000,3.392,282400,3.393,14500,3.394,48100,3.395,166300,3.396,107100
2020-09-03 11:21:46.100,3.387,223000.0,3.395,3.4029519999999995,3.386,3.398,3.387,906000,3.386,166100,3.385,249300,3.384,559900,3.383,1216900,3.382,971000,3.381,491500,3.38,1136800,3.379,125700,3.378,192600,3.388,41000,3.389,1340600,3.39,110500,3.391,511000,3.392,182400,3.393,14500,3.394,48100,3.395,166400,3.396,107100,3.397,38600
2020-09-03 11:21:50.650,3.388,1000.0,3.395,3.4029519999999995,3.387,3.398,3.387,26200,3.386,62200,3.385,551300,3.384,559900,3.383,2023900,3.382,1071000,3.381,391500,3.38,1199000,3.379,63500,3.378,192600,3.388,40000,3.389,1380600,3.39,317500,3.391,111000,3.392,220400,3.393,76400,3.394,48100,3.395,166400,3.396,107100,3.397,38600
2020-09-03 11:21:51.090,3.388,300.0,3.395,3.4029519999999995,3.387,3.398,3.387,26200,3.386,65200,3.385,551300,3.384,652900,3.383,1223900,3.382,971000,3.381,391500,3.38,1199000,3.379,63500,3.378,192600,3.388,39700,3.389,1380600,3.39,317500,3.391,104000,3.392,120400,3.393,276400,3.394,48100,3.395,166400,3.396,107100,3.397,38600
2020-09-03 11:21:56.190,3.388,59100.0,3.395,3.402947,3.387,3.398,3.387,144200,3.386,316100,3.385,151400,3.384,652900,3.383,1223900,3.382,971000,3.381,391500,3.38,1199000,3.379,63500,3.378,192600,3.388,240900,3.389,1380600,3.39,17500,3.391,404000,3.392,120400,3.393,276400,3.394,48100,3.395,166400,3.396,107100,3.397,38600
2020-09-03 11:21:58.980,3.388,5600.0,3.395,3.402946,3.387,3.398,3.387,153100,3.386,316100,3.385,151500,3.384,1552900,3.383,1223900,3.382,971000,3.381,391500,3.38,1199000,3.379,63500,3.378,192600,3.388,235400,3.389,1380600,3.39,17500,3.391,404000,3.392,120400,3.393,276400,3.394,48100,3.395,166400,3.396,107100,3.397,38600
2020-09-03 11:22:01.270,3.388,3000.0,3.395,3.402946,3.387,3.398,3.387,164700,3.386,316100,3.385,151500,3.384,1552900,3.383,1223900,3.382,971000,3.381,391500,3.38,1219000,3.379,63500,3.378,192600,3.388,232400,3.389,1380600,3.39,17500,3.391,404000,3.392,120400,3.393,276400,3.394,48100,3.395,166400,3.396,107100,3.397,38600
2020-09-03 11:22:09.170,3.387,40000.0,3.395,3.402942,3.388,3.398,3.387,99800,3.386,126600,3.385,465700,3.384,654900,3.383,1223900,3.382,971000,3.381,391500,3.38,1220000,3.379,963500,3.378,192600,3.388,272400,3.389,1440600,3.39,17500,3.391,504000,3.392,120400,3.393,176400,3.394,48100,3.395,166400,3.396,107100,3.397,38600
2020-09-03 11:22:11.590,3.387,100000.0,3.395,3.402933,3.387,3.398,3.386,126600,3.385,173700,3.384,954900,3.383,1123900,3.382,1071000,3.381,391500,3.38,1222000,3.379,63500,3.378,192600,3.377,60600,3.387,42700,3.388,272300,3.389,1680600,3.39,17500,3.391,204000,3.392,120400,3.393,76400,3.394,48100,3.395,166400,3.396,107600
2020-09-03 11:22:13.740,3.386,55000.0,3.395,3.4029279999999997,3.387,3.398,3.386,131800,3.385,474700,3.384,654900,3.383,1123900,3.382,1071000,3.381,390500,3.38,1156900,3.379,125700,3.378,1092600,3.377,60600,3.388,265000,3.389,1380600,3.39,317500,3.391,204000,3.392,182400,3.393,14500,3.394,48100,3.395,166400,3.396,107600,3.397,38600
2020-09-03 11:22:17.300,3.388,47000.0,3.395,3.4029239999999996,3.387,3.398,3.387,114500,3.386,35300,3.385,174700,3.384,861900,3.383,1128900,3.382,971000,3.381,490500,3.38,1156900,3.379,125700,3.378,192600,3.388,258000,3.389,1380600,3.39,417500,3.391,211000,3.392,20400,3.393,76400,3.394,48100,3.395,166400,3.396,107600,3.397,38600
2020-09-03 11:22:19.620,3.387,50600.0,3.395,3.4029190000000002,3.387,3.398,3.387,63900,3.386,38300,3.385,236800,3.384,961900,3.383,1228900,3.382,971000,3.381,390500,3.38,1219100,3.379,63500,3.378,192600,3.388,218000,3.389,1380600,3.39,417500,3.391,111000,3.392,20400,3.393,176400,3.394,48100,3.395,166400,3.396,107600,3.397,38600
2020-09-03 11:22:25.220,3.387,100.0,3.395,3.4029190000000002,3.387,3.398,3.386,48300,3.385,536800,3.384,754900,3.383,1128900,3.382,1071000,3.381,390500,3.38,2059400,3.379,125700,3.378,192600,3.377,60600,3.387,3900,3.388,295700,3.389,1340600,3.39,317500,3.391,204000,3.392,282400,3.393,14500,3.394,48100,3.395,166400,3.396,107600
2020-09-03 11:22:29.410,3.387,1300.0,3.395,3.4029190000000002,3.387,3.398,3.386,58300,3.385,536800,3.384,754900,3.383,1128900,3.382,1071000,3.381,835500,3.38,1160000,3.379,125700,3.378,192600,3.377,60600,3.387,2600,3.388,295700,3.389,1340600,3.39,317500,3.391,204000,3.392,282400,3.393,14500,3.394,48100,3.395,166400,3.396,107600
2020-09-03 11:22:30.800,3.387,3100.0,3.395,3.4029190000000002,3.387,3.398,3.387,31900,3.386,58300,3.385,536800,3.384,661900,3.383,1128900,3.382,1521000,3.381,835500,3.38,1160000,3.379,1025700,3.378,192600,3.388,295400,3.389,1340600,3.39,317500,3.391,111000,3.392,282400,3.393,14500,3.394,48100,3.395,166400,3.396,107600,3.397,38600
2020-09-03 11:22:32.450,3.388,200.0,3.395,3.4029190000000002,3.388,3.398,3.387,39500,3.386,358300,3.385,237100,3.384,754900,3.383,1579100,3.382,1521000,3.381,385500,3.38,2123000,3.379,63500,3.378,192600,3.388,222500,3.389,1340600,3.39,17500,3.391,504000,3.392,220400,3.393,76400,3.394,48100,3.395,166400,3.396,107600,3.397,38600
2020-09-03 11:22:37.620,3.388,31000.0,3.395,3.4029160000000003,3.387,3.398,3.387,44500,3.386,57800,3.385,478000,3.384,654900,3.383,1239100,3.382,1421000,3.381,385500,3.38,2123000,3.379,63500,3.378,192600,3.388,191500,3.389,1340600,3.39,17500,3.391,504000,3.392,120400,3.393,176400,3.394,48100,3.395,166400,3.396,107600,3.397,38600
2020-09-03 11:22:40.080,3.387,2500.0,3.395,3.4029160000000003,3.388,3.398,3.387,103100,3.386,457800,3.385,178000,3.384,654900,3.383,1239100,3.382,1420700,3.381,385500,3.38,1223000,3.379,63500,3.378,192600,3.388,189500,3.389,1340600,3.39,17500,3.391,504000,3.392,120400,3.393,176400,3.394,48100,3.395,166400,3.396,107600,3.397,38600
2020-09-03 11:22:42.030,3.388,900.0,3.395,3.4029160000000003,3.388,3.398,3.387,463100,3.386,157800,3.385,181000,3.384,654900,3.383,1589100,3.382,1520400,3.381,1285500,3.38,1223000,3.379,63500,3.378,192600,3.388,188600,3.389,1340600,3.39,17500,3.391,104000,3.392,520400,3.393,176400,3.394,48100,3.395,166400,3.396,107600,3.397,38600
2020-09-03 11:22:48.630,3.389,247700.0,3.395,3.4028959999999997,3.388,3.398,3.388,100000,3.387,119000,3.386,357800,3.385,181000,3.384,654900,3.383,1538800,3.382,2067100,3.381,385500,3.38,1223000,3.379,63500,3.389,1281500,3.39,17500,3.391,104000,3.392,320400,3.393,276400,3.394,148100,3.395,166400,3.396,107600,3.397,38600,3.398,34100
2020-09-03 11:22:52.060,3.389,1005000.0,3.395,3.4028169999999998,3.388,3.398,3.388,155900,3.387,358100,3.386,57800,3.385,196300,3.384,1204900,3.383,2338800,3.382,717100,3.381,447700,3.38,1160800,3.379,63500,3.389,280600,3.39,17500,3.391,104000,3.392,320400,3.393,114500,3.394,310000,3.395,166400,3.396,107600,3.397,38600,3.398,34100
2020-09-03 11:22:56.100,3.388,13300.0,3.395,3.4028160000000005,3.389,3.398,3.388,143600,3.387,358200,3.386,69800,3.385,196300,3.384,1251500,3.383,1438800,3.382,1617100,3.381,447700,3.38,1160800,3.379,63500,3.389,279600,3.39,500,3.391,104000,3.392,320400,3.393,114500,3.394,310000,3.395,166400,3.396,107600,3.397,38600,3.398,34100
2020-09-03 11:22:59.320,3.389,8000.0,3.395,3.4028150000000004,3.389,3.398,3.387,385700,3.386,86300,3.385,196300,3.384,1151500,3.383,1538800,3.382,1617100,3.381,1347700,3.38,1160800,3.379,63500,3.378,192600,3.389,281600,3.39,500,3.391,104000,3.392,320400,3.393,114500,3.394,110000,3.395,167600,3.396,107600,3.397,38600,3.398,34100
2020-09-03 11:23:01.570,3.389,2800.0,3.395,3.4028150000000004,3.389,3.398,3.388,39800,3.387,85700,3.386,145400,3.385,596300,3.384,1251500,3.383,1438800,3.382,717100,3.381,1285500,3.38,1223000,3.379,63500,3.389,278800,3.39,300500,3.391,21000,3.392,213400,3.393,114500,3.394,210000,3.395,167600,3.396,107600,3.397,38600,3.398,34100
2020-09-03 11:23:03.130,3.389,1700.0,3.395,3.4028150000000004,3.389,3.398,3.388,42400,3.387,85700,3.386,435400,3.385,299400,3.384,1251500,3.383,1438500,3.382,717100,3.381,1347700,3.38,1160800,3.379,63500,3.389,277100,3.39,500,3.391,321000,3.392,213400,3.393,114500,3.394,210000,3.395,167600,3.396,107600,3.397,38600,3.398,34100
2020-09-03 11:23:07.380,3.389,140700.0,3.395,3.402804,3.389,3.398,3.388,42400,3.387,95700,3.386,435400,3.385,299600,3.384,1251500,3.383,1438500,3.382,717100,3.381,1347700,3.38,1160800,3.379,63500,3.389,136400,3.39,500,3.391,21000,3.392,513400,3.393,114500,3.394,210000,3.395,167600,3.396,107600,3.397,38600,3.398,34100
2020-09-03 11:23:11.110,3.389,14500.0,3.395,3.402803,3.39,3.398,3.388,42400,3.387,95700,3.386,425400,3.385,749600,3.384,1251500,3.383,988500,3.382,1617100,3.381,441400,3.38,1170700,3.379,63500,3.389,121900,3.39,500,3.391,21000,3.392,513400,3.393,114500,3.394,210000,3.395,167600,3.396,107600,3.397,38600,3.398,34100
2020-09-03 11:23:12.940,3.389,12300.0,3.395,3.402802,3.39,3.398,3.388,44000,3.387,95700,3.386,425400,3.385,1003600,3.384,1158500,3.383,988500,3.382,1617100,3.381,441400,3.38,1170700,3.379,63500,3.389,111600,3.39,500,3.391,321000,3.392,120400,3.393,114500,3.394,210000,3.395,167600,3.396,107600,3.397,38600,3.398,34100
2020-09-03 11:23:26.800,3.389,500.0,3.395,3.402802,3.391,3.398,3.388,75300,3.387,95700,3.386,875400,3.385,1096400,3.384,715200,3.383,979500,3.382,1617100,3.381,431400,3.38,1171200,3.379,63500,3.389,111100,3.39,500,3.391,321000,3.392,213400,3.393,124500,3.394,210000,3.395,167600,3.396,107600,3.397,38600,3.398,34100
2020-09-03 11:23:28.260,3.389,1000.0,3.395,3.402802,3.391,3.398,3.388,75300,3.387,95700,3.386,865900,3.385,1023400,3.384,715200,3.383,979500,3.382,717100,3.381,441400,3.38,1171200,3.379,63500,3.389,110100,3.39,500,3.391,421000,3.392,120400,3.393,24500,3.394,210000,3.395,167600,3.396,107600,3.397,38600,3.398,34100
2020-09-03 11:23:31.590,3.389,24300.0,3.395,3.4028,3.391,3.398,3.388,57300,3.387,95700,3.386,865900,3.385,1117500,3.384,715200,3.383,979500,3.382,1617100,3.381,441400,3.38,1171200,3.379,63500,3.389,110600,3.39,500,3.391,21000,3.392,513400,3.393,124500,3.394,210000,3.395,167600,3.396,107600,3.397,38600,3.398,34100
2020-09-03 11:23:33.400,3.389,6600.0,3.395,3.402799,3.391,3.398,3.388,67300,3.387,95700,3.386,865900,3.385,1117500,3.384,715200,3.383,979600,3.382,717100,3.381,441900,3.38,1171200,3.379,63500,3.389,97200,3.39,500,3.391,21000,3.392,513400,3.393,124500,3.394,210000,3.395,167600,3.396,107600,3.397,38600,3.398,34100
2020-09-03 11:23:37.060,3.389,11400.0,3.395,3.402799,3.391,3.398,3.388,195900,3.387,495700,3.386,507800,3.385,1017500,3.384,715200,3.383,1879600,3.382,717100,3.381,441900,3.38,1171200,3.379,63500,3.389,85800,3.39,2000,3.391,21000,3.392,513400,3.393,124500,3.394,210000,3.395,167600,3.396,107600,3.397,38600,3.398,34100
2020-09-03 11:23:43.360,3.388,200.0,3.395,3.402799,3.391,3.398,3.388,376900,3.387,95700,3.386,507800,3.385,1017500,3.384,1615400,3.383,979600,3.382,717100,3.381,441900,3.38,1171200,3.379,63500,3.389,85800,3.39,10100,3.391,21000,3.392,113400,3.393,424500,3.394,310000,3.395,167600,3.396,107600,3.397,38600,3.398,34100
2020-09-03 11:23:45.570,3.389,85800.0,3.395,3.402792,3.391,3.398,3.389,446300,3.388,79100,3.387,125700,3.386,507800,3.385,1017500,3.384,615400,3.383,1079600,3.382,717100,3.381,441900,3.38,1171200,3.39,10100,3.391,21000,3.392,113400,3.393,224500,3.394,510000,3.395,167600,3.396,107600,3.397,38600,3.398,34100,3.399,45100
2020-09-03 11:23:51.070,3.39,12100.0,3.395,3.4027910000000006,3.392,3.398,3.389,418600,3.388,75300,3.387,545700,3.386,507800,3.385,467500,3.384,1615400,3.383,979300,3.382,783700,3.381,379700,3.38,1166200,3.39,4800,3.391,21000,3.392,113400,3.393,124500,3.394,548100,3.395,229500,3.396,107600,3.397,38600,3.398,34100,3.399,45100
2020-09-03 11:23:53.360,3.39,600.0,3.395,3.4027910000000006,3.391,3.398,3.389,119100,3.388,75500,3.387,846900,3.386,507800,3.385,567500,3.384,615400,3.383,1879300,3.382,783700,3.381,379700,3.38,1166200,3.39,104200,3.391,61000,3.392,413400,3.393,124500,3.394,48100,3.395,329500,3.396,107600,3.397,38600,3.398,34100,3.399,45100
2020-09-03 11:23:57.230,3.39,500.0,3.395,3.4027910000000006,3.391,3.398,3.389,60500,3.388,375500,3.387,96900,3.386,509000,3.385,475400,3.384,625400,3.383,979300,3.382,783700,3.381,379700,3.38,1166200,3.39,503700,3.391,61000,3.392,20400,3.393,424500,3.394,48100,3.395,329500,3.396,107600,3.397,38600,3.398,34100,3.399,45100
2020-09-03 11:24:03.200,3.39,2100.0,3.395,3.4027910000000006,3.391,3.398,3.389,79900,3.388,375400,3.387,546900,3.386,602000,3.385,475400,3.384,125400,3.383,1879300,3.382,783700,3.381,379700,3.38,1169800,3.39,511600,3.391,71000,3.392,130900,3.393,517500,3.394,48100,3.395,329500,3.396,107600,3.397,38600,3.398,34100,3.399,45100
2020-09-03 11:24:05.720,3.39,200.0,3.395,3.4027910000000006,3.391,3.398,3.389,79900,3.388,75500,3.387,846900,3.386,661100,3.385,575400,3.384,125400,3.383,979300,3.382,783700,3.381,379700,3.38,1169800,3.39,511400,3.391,71000,3.392,430900,3.393,227500,3.394,58100,3.395,329500,3.396,107600,3.397,38600,3.398,34100,3.399,45100
2020-09-03 11:24:07.700,3.39,30100.0,3.395,3.4027879999999997,3.391,3.398,3.389,50200,3.388,75500,3.387,397000,3.386,661100,3.385,575400,3.384,125400,3.383,979300,3.382,1684200,3.381,379700,3.38,1167800,3.39,551300,3.391,71000,3.392,430900,3.393,127500,3.394,58100,3.395,329500,3.396,107600,3.397,38600,3.398,34100,3.399,45100
2020-09-03 11:24:09.500,3.389,2100.0,3.395,3.4027879999999997,3.391,3.398,3.389,53100,3.388,75500,3.387,97000,3.386,902000,3.385,534500,3.384,225400,3.383,979300,3.382,784200,3.381,379700,3.38,1167800,3.39,549300,3.391,171000,3.392,430900,3.393,127500,3.394,58100,3.395,329500,3.396,107600,3.397,38600,3.398,34100,3.399,45100
2020-09-03 11:24:14.020,3.389,67400.0,3.395,3.4027830000000003,3.39,3.398,3.388,75500,3.387,102500,3.386,902000,3.385,367100,3.384,225400,3.383,979300,3.382,784200,3.381,379700,3.38,2067800,3.379,64900,3.389,335000,3.39,985000,3.391,211000,3.392,30900,3.393,127500,3.394,158100,3.395,229500,3.396,107600,3.397,38600,3.398,34100
2020-09-03 11:24:26.360,3.389,10000.0,3.395,3.4027819999999998,3.39,3.398,3.388,78500,3.387,100000,3.386,59000,3.385,1249200,3.384,777400,3.383,979300,3.382,722100,3.381,441900,3.38,2068300,3.379,64900,3.389,290000,3.39,645000,3.391,431000,3.392,123900,3.393,34500,3.394,220000,3.395,167600,3.396,107600,3.397,38600,3.398,34100
2020-09-03 11:24:28.790,3.389,2400.0,3.395,3.4027819999999998,3.39,3.398,3.388,71000,3.387,100000,3.386,364000,3.385,949200,3.384,777400,3.383,979300,3.382,722100,3.381,1341900,3.38,1168300,3.379,64900,3.389,327600,3.39,645000,3.391,431000,3.392,123900,3.393,34500,3.394,220000,3.395,167600,3.396,107600,3.397,38600,3.398,34100
2020-09-03 11:24:38.210,3.389,1000.0,3.395,3.4027819999999998,3.389,3.398,3.388,79600,3.387,101200,3.386,43300,3.385,647000,3.384,675400,3.383,979300,3.382,722100,3.381,1341900,3.38,1168300,3.379,64900,3.389,326600,3.39,645000,3.391,431000,3.392,30900,3.393,34500,3.394,220000,3.395,167600,3.396,107600,3.397,38600,3.398,34100
2020-09-03 11:24:39.920,3.388,30000.0,3.395,3.4027800000000004,3.389,3.398,3.388,49600,3.387,101200,3.386,343300,3.385,499100,3.384,775400,3.383,979300,3.382,722100,3.381,441900,3.38,1168300,3.379,64900,3.389,327600,3.39,645000,3.391,431000,3.392,123900,3.393,34500,3.394,220000,3.395,167600,3.396,107600,3.397,38600,3.398,34100
2020-09-03 11:24:48.300,3.388,69100.0,3.395,3.402774,3.389,3.398,3.387,101200,3.386,43300,3.385,804600,3.384,675400,3.383,1079300,3.382,722100,3.381,441900,3.38,2068300,3.379,64900,3.378,192600,3.388,150900,3.389,288400,3.39,905000,3.391,131000,3.392,123900,3.393,134500,3.394,120000,3.395,167600,3.396,107600,3.397,38600
2020-09-03 11:24:49.070,3.388,24800.0,3.395,3.402772,3.389,3.398,3.387,101200,3.386,43300,3.385,804600,3.384,675600,3.383,1079300,3.382,722100,3.381,379700,3.38,1729800,3.379,64900,3.378,192600,3.388,269500,3.389,288400,3.39,645000,3.391,431000,3.392,123900,3.393,196400,3.394,58100,3.395,167600,3.396,107600,3.397,38600
2020-09-03 11:24:58.640,3.388,900.0,3.395,3.402772,3.388,3.398,3.387,101700,3.386,43300,3.385,731600,3.384,769600,3.383,1084300,3.382,722100,3.381,379700,3.38,829800,3.379,64900,3.378,192600,3.388,268600,3.389,288400,3.39,605000,3.391,524000,3.392,30900,3.393,196400,3.394,68100,3.395,167600,3.396,107600,3.397,38600
2020-09-03 11:25:03.080,3.388,5400.0,3.395,3.402771,3.389,3.398,3.387,101700,3.386,43300,3.385,674500,3.384,669600,3.383,1084300,3.382,722100,3.381,379700,3.38,829800,3.379,64900,3.378,192600,3.388,265700,3.389,388400,3.39,805000,3.391,124000,3.392,30900,3.393,196400,3.394,68100,3.395,167600,3.396,107600,3.397,38600
2020-09-03 11:25:03.740,3.388,1900.0,3.395,3.402771,3.388,3.398,3.387,101300,3.386,43300,3.385,374500,3.384,935800,3.383,1184300,3.382,722100,3.381,379700,3.38,829800,3.379,64900,3.378,192600,3.388,264200,3.389,388400,3.39,805000,3.391,31000,3.392,30900,3.393,196400,3.394,68100,3.395,167600,3.396,107600,3.397,38600
2020-09-03 11:25:08.120,3.388,1000.0,3.395,3.402771,3.389,3.398,3.387,101300,3.386,43300,3.385,374500,3.384,1028800,3.383,1184300,3.382,722100,3.381,379700,3.38,1729800,3.379,64900,3.378,192600,3.388,263200,3.389,388400,3.39,310000,3.391,124000,3.392,30900,3.393,196400,3.394,68100,3.395,167600,3.396,107600,3.397,38600
2020-09-03 11:25:10.540,3.388,263200.0,3.395,3.4027489999999996,3.388,3.398,3.388,16900,3.387,97300,3.386,46300,3.385,374500,3.384,578800,3.383,1635400,3.382,1172100,3.381,379700,3.38,829800,3.379,64900,3.389,688400,3.39,10000,3.391,124000,3.392,30900,3.393,196400,3.394,68100,3.395,167600,3.396,107600,3.397,38600,3.398,34100
2020-09-03 11:25:12.910,3.388,17700.0,3.395,3.4027480000000003,3.388,3.398,3.387,97300,3.386,52700,3.385,374500,3.384,586800,3.383,1637400,3.382,1172100,3.381,441900,3.38,772600,3.379,964900,3.378,192600,3.388,100100,3.389,708400,3.39,30000,3.391,124000,3.392,30900,3.393,134500,3.394,130000,3.395,167600,3.396,107600,3.397,38600
2020-09-03 11:25:15.700,3.387,3200.0,3.395,3.4027480000000003,3.388,3.398,3.387,94100,3.386,52700,3.385,380000,3.384,527600,3.383,1596600,3.382,1272100,3.381,379700,3.38,834800,3.379,64900,3.378,192600,3.388,100000,3.389,708400,3.39,30000,3.391,124000,3.392,30900,3.393,196400,3.394,68100,3.395,167600,3.396,107600,3.397,38600
2020-09-03 11:25:19.690,3.388,5600.0,3.395,3.402747,3.388,3.398,3.387,89100,3.386,53800,3.385,380000,3.384,434600,3.383,1511300,3.382,1372100,3.381,379700,3.38,824800,3.379,964900,3.378,192600,3.388,100500,3.389,718400,3.39,30000,3.391,31000,3.392,130900,3.393,96400,3.394,68100,3.395,167600,3.396,107600,3.397,38600
2020-09-03 11:25:23.920,3.388,500.0,3.395,3.402747,3.388,3.398,3.388,500,3.387,100100,3.386,54800,3.385,680000,3.384,227600,3.383,1552100,3.382,1172100,3.381,1279700,3.38,825800,3.379,64900,3.389,398400,3.39,130000,3.391,424000,3.392,30900,3.393,196400,3.394,68100,3.395,167600,3.396,107600,3.397,38600,3.398,34100
2020-09-03 11:25:25.850,3.388,9100.0,3.395,3.402746,3.388,3.398,3.388,400,3.387,100100,3.386,354800,3.385,380000,3.384,227600,3.383,1552100,3.382,1172100,3.381,441900,3.38,763600,3.379,964900,3.389,298400,3.39,430000,3.391,124000,3.392,30900,3.393,134500,3.394,130000,3.395,167600,3.396,107600,3.397,38600,3.398,34100
2020-09-03 11:25:39.560,3.389,100.0,3.395,3.402746,3.388,3.398,3.388,14600,3.387,388900,3.386,118000,3.385,573000,3.384,134600,3.383,2452100,3.382,722100,3.381,441900,3.38,756900,3.379,64900,3.389,11800,3.39,10000,3.391,130000,3.392,223900,3.393,434500,3.394,130000,3.395,167600,3.396,107600,3.397,38600,3.398,34100
2020-09-03 11:25:43.890,3.389,1000.0,3.395,3.402746,3.388,3.398,3.388,104600,3.387,88900,3.386,358900,3.385,483000,3.384,234600,3.383,2352100,3.382,722100,3.381,441900,3.38,756900,3.379,64900,3.389,10800,3.39,10000,3.391,45000,3.392,523900,3.393,134500,3.394,230000,3.395,167600,3.396,107600,3.397,38600,3.398,34100
2020-09-03 11:25:44.960,3.389,10800.0,3.395,3.402745,3.389,3.398,3.388,521300,3.387,188000,3.386,158900,3.385,483000,3.384,1584600,3.383,1442100,3.382,722100,3.381,441900,3.38,756900,3.379,64900,3.39,10000,3.391,45000,3.392,223900,3.393,434500,3.394,230000,3.395,167600,3.396,107600,3.397,38600,3.398,34100,3.399,95100
2020-09-03 11:25:49.630,3.39,10000.0,3.395,3.402745,3.389,3.398,3.39,80000,3.388,521300,3.387,188000,3.386,158900,3.385,483000,3.384,1584600,3.383,1442100,3.382,722100,3.381,441900,3.38,756900,3.391,62100,3.392,130900,3.393,527500,3.394,168100,3.395,229500,3.396,107600,3.397,38600,3.398,34100,3.399,95100,3.4,406100
2020-09-03 11:25:51.210,3.391,4200.0,3.395,3.402744,3.389,3.398,3.39,80000,3.388,528100,3.387,148000,3.386,158900,3.385,583000,3.384,1484600,3.383,2404200,3.382,722100,3.381,379700,3.38,756900,3.391,57900,3.392,30900,3.393,527500,3.394,168100,3.395,267600,3.396,169500,3.397,38600,3.398,34100,3.399,95100,3.4,406100
2020-09-03 11:25:58.250,3.39,1800.0,3.395,3.402744,3.389,3.398,3.39,84100,3.388,162700,3.387,378900,3.386,215000,3.385,583000,3.384,584600,3.383,2404200,3.382,722100,3.381,379700,3.38,756900,3.391,450900,3.392,450900,3.393,127500,3.394,68100,3.395,167600,3.396,269500,3.397,38600,3.398,34100,3.399,95100,3.4,406100
2020-09-03 11:26:03.230,3.39,88300.0,3.395,3.402738,3.389,3.398,3.39,400,3.388,462900,3.387,78900,3.386,115000,3.385,1040000,3.384,584600,3.383,1054200,3.382,1622100,3.381,379700,3.38,756900,3.391,350900,3.392,150900,3.393,434500,3.394,68100,3.395,267600,3.396,169500,3.397,38600,3.398,34100,3.399,95400,3.4,406100
2020-09-03 11:26:05.720,3.39,600.0,3.395,3.402738,3.389,3.398,3.388,162900,3.387,171900,3.386,415000,3.385,1040000,3.384,584600,3.383,1054200,3.382,722100,3.381,1279700,3.38,756600,3.379,64900,3.39,17100,3.391,350900,3.392,450900,3.393,134500,3.394,161100,3.395,267600,3.396,169500,3.397,38600,3.398,34100,3.399,95400
2020-09-03 11:26:12.160,3.39,71800.0,3.395,3.402733,3.389,3.398,3.388,162900,3.387,466900,3.386,115000,3.385,1040000,3.384,134600,3.383,992100,3.382,722100,3.381,441900,3.38,756600,3.379,64900,3.39,59000,3.391,349700,3.392,450900,3.393,134500,3.394,161600,3.395,329500,3.396,107600,3.397,38600,3.398,34100,3.399,95400
2020-09-03 11:26:13.020,3.39,8000.0,3.395,3.402732,3.389,3.398,3.388,162900,3.387,466900,3.386,115000,3.385,1034500,3.384,134600,3.383,992100,3.382,722100,3.381,1341900,3.38,756600,3.379,64900,3.39,151000,3.391,349700,3.392,450900,3.393,134500,3.394,161600,3.395,329500,3.396,107600,3.397,38600,3.398,34100,3.399,95400
2020-09-03 11:26:19.350,3.388,13800.0,3.395,3.4027309999999997,3.39,3.398,3.388,464000,3.387,219400,3.386,510900,3.385,1007500,3.384,1034600,3.383,992100,3.382,784200,3.381,379700,3.38,756700,3.379,64900,3.39,145600,3.391,349700,3.392,30900,3.393,527500,3.394,168600,3.395,329500,3.396,107600,3.397,38600,3.398,34100,3.399,95400
2020-09-03 11:26:23.440,3.39,1000.0,3.395,3.4027309999999997,3.39,3.398,3.389,10500,3.388,466200,3.387,219400,3.386,60900,3.385,907500,3.384,1034600,3.383,1092100,3.382,722100,3.381,441900,3.38,756700,3.39,144600,3.391,349700,3.392,30900,3.393,327500,3.394,468600,3.395,229500,3.396,107600,3.397,38600,3.398,34100,3.399,95400
2020-09-03 11:26:25.030,3.39,45000.0,3.395,3.4027279999999998,3.39,3.398,3.389,13500,3.388,471200,3.387,219400,3.386,60900,3.385,1007500,3.384,1034600,3.383,992100,3.382,786200,3.381,379700,3.38,756700,3.39,109600,3.391,349700,3.392,30900,3.393,527500,3.394,168600,3.395,329500,3.396,107600,3.397,38600,3.398,34100,3.399,95400
2020-09-03 11:26:38.870,3.39,300.0,3.395,3.4027279999999998,3.39,3.398,3.389,41500,3.388,412100,3.387,79400,3.386,148900,3.385,464500,3.384,134600,3.383,992100,3.382,1236200,3.381,829700,3.38,756700,3.39,129300,3.391,349700,3.392,30900,3.393,527500,3.394,168600,3.395,329500,3.396,107600,3.397,38600,3.398,34100,3.399,95400
2020-09-03 11:26:44.920,3.389,137600.0,3.395,3.402717,3.39,3.398,3.388,112100,3.387,379400,3.386,115000,3.385,564500,3.384,134600,3.383,2342100,3.382,1236200,3.381,379700,3.38,757200,3.379,64900,3.389,155800,3.39,129200,3.391,449700,3.392,330900,3.393,134500,3.394,68600,3.395,329500,3.396,107600,3.397,38600,3.398,34100
2020-09-03 11:26:50.600,3.389,900.0,3.395,3.402717,3.39,3.398,3.388,412100,3.387,79400,3.386,115000,3.385,557500,3.384,234600,3.383,992100,3.382,1174100,3.381,441900,3.38,757200,3.379,64900,3.389,175600,3.39,129200,3.391,349700,3.392,223900,3.393,434500,3.394,230500,3.395,177600,3.396,107600,3.397,38600,3.398,34100
2020-09-03 11:26:53.020,3.389,13800.0,3.395,3.4027160000000003,3.389,3.398,3.388,112700,3.387,379400,3.386,115000,3.385,557500,3.384,234600,3.383,1892100,3.382,1174100,3.381,441900,3.38,757200,3.379,64900,3.389,161800,3.39,129200,3.391,349700,3.392,223900,3.393,434500,3.394,230500,3.395,177600,3.396,107600,3.397,38600,3.398,34100
2020-09-03 11:26:59.780,3.389,100000.0,3.395,3.4027089999999998,3.39,3.398,3.388,413300,3.387,138500,3.386,155900,3.385,457500,3.384,1134600,3.383,1442100,3.382,1174100,3.381,441900,3.38,757200,3.379,64900,3.389,61800,3.39,129200,3.391,349700,3.392,223400,3.393,434500,3.394,230500,3.395,177600,3.396,107600,3.397,38600,3.398,34100
2020-09-03 11:27:00.570,3.389,4300.0,3.395,3.402708,3.39,3.398,3.388,413600,3.387,138500,3.386,155900,3.385,457500,3.384,234600,3.383,2342100,3.382,1174100,3.381,441900,3.38,1157900,3.379,64900,3.389,57500,3.39,129200,3.391,349600,3.392,223400,3.393,434500,3.394,200500,3.395,177600,3.396,107600,3.397,38600,3.398,34100
2020-09-03 11:27:07.960,3.389,20700.0,3.395,3.402707,3.391,3.398,3.389,69300,3.388,113600,3.387,438500,3.386,160900,3.385,457500,3.384,234600,3.383,1442100,3.382,1174100,3.381,441900,3.38,1158000,3.39,130000,3.391,349600,3.392,523400,3.393,134500,3.394,200500,3.395,177600,3.396,107600,3.397,38600,3.398,34100,3.399,95400
2020-09-03 11:27:11.580,3.389,20000.0,3.395,3.402705,3.39,3.398,3.389,49300,3.388,111800,3.387,379400,3.386,120000,3.385,464500,3.384,234600,3.383,2342100,3.382,1236200,3.381,379700,3.38,1158000,3.39,130000,3.391,349600,3.392,430400,3.393,134500,3.394,138600,3.395,239500,3.396,107600,3.397,38600,3.398,34100,3.399,95400
2020-09-03 11:27:12.870,3.389,54200.0,3.395,3.4027010000000004,3.39,3.398,3.388,111800,3.387,379400,3.386,213000,3.385,464500,3.384,234600,3.383,1442100,3.382,1236200,3.381,379700,3.38,1158000,3.379,64900,3.389,75800,3.39,130000,3.391,349600,3.392,130400,3.393,527500,3.394,138600,3.395,239500,3.396,107600,3.397,38600,3.398,34100
2020-09-03 11:27:16.280,3.388,121800.0,3.395,3.4026910000000004,3.391,3.398,3.387,79400,3.386,453900,3.385,364500,3.384,234600,3.383,1442100,3.382,1174100,3.381,441900,3.38,1156400,3.379,64900,3.378,201900,3.389,191000,3.39,468200,3.391,449600,3.392,430400,3.393,127500,3.394,200500,3.395,177600,3.396,107600,3.397,38600,3.398,34100
2020-09-03 11:27:20.110,3.389,1700.0,3.395,3.4026910000000004,3.39,3.398,3.387,79500,3.386,360900,3.385,364200,3.384,134600,3.383,2442100,3.382,1174100,3.381,379700,3.38,1218600,3.379,64900,3.378,201900,3.389,189300,3.39,498700,3.391,749600,3.392,130400,3.393,134500,3.394,100500,3.395,177600,3.396,107600,3.397,38600,3.398,34100
2020-09-03 11:27:23.700,3.389,2000.0,3.395,3.4026910000000004,3.39,3.398,3.387,79500,3.386,356000,3.385,364200,3.384,327600,3.383,1442100,3.382,2074100,3.381,379700,3.38,1218600,3.379,64900,3.378,201900,3.389,187500,3.39,498700,3.391,449600,3.392,223400,3.393,334500,3.394,200500,3.395,177600,3.396,107600,3.397,38600,3.398,34100
2020-09-03 11:27:31.440,3.388,6000.0,3.395,3.40269,3.39,3.398,3.388,3300,3.387,79500,3.386,356000,3.385,425400,3.384,435600,3.383,992100,3.382,1174100,3.381,1341900,3.38,1156400,3.379,64900,3.389,184500,3.39,498700,3.391,449600,3.392,523400,3.393,34500,3.394,200500,3.395,177600,3.396,107600,3.397,38600,3.398,34100
2020-09-03 11:27:34.170,3.389,18400.0,3.395,3.402689,3.39,3.398,3.388,200,3.387,79500,3.386,356000,3.385,425400,3.384,242600,3.383,1092100,3.382,1172100,3.381,1341900,3.38,1156400,3.379,64900,3.389,169500,3.39,498700,3.391,456400,3.392,130400,3.393,134500,3.394,100500,3.395,177600,3.396,107600,3.397,38600,3.398,34100
2020-09-03 11:27:37.620,3.389,50000.0,3.395,3.402685,3.39,3.398,3.388,5200,3.387,381500,3.386,56000,3.385,518400,3.384,342600,3.383,993100,3.382,2072100,3.381,441900,3.38,1156400,3.379,64900,3.389,119500,3.39,498700,3.391,156400,3.392,523400,3.393,34500,3.394,200500,3.395,177600,3.396,107600,3.397,38600,3.398,34100
2020-09-03 11:27:41.870,3.389,200.0,3.395,3.402685,3.389,3.398,3.388,5200,3.387,140600,3.386,156000,3.385,759300,3.384,242600,3.383,1893100,3.382,722100,3.381,441900,3.38,1606400,3.379,64900,3.389,119300,3.39,498700,3.391,456400,3.392,223400,3.393,34500,3.394,200500,3.395,177600,3.396,107600,3.397,38600,3.398,34100
2020-09-03 11:27:49.390,3.389,99200.0,3.395,3.4026769999999997,3.39,3.398,3.388,14800,3.387,81500,3.386,55000,3.385,459900,3.384,1442600,3.383,1443100,3.382,1172100,3.381,441900,3.38,1156400,3.379,64900,3.389,20500,3.39,768200,3.391,56400,3.392,224400,3.393,134500,3.394,200500,3.395,177600,3.396,108100,3.397,38600,3.398,34100
2020-09-03 11:27:53.880,3.389,16000.0,3.395,3.402676,3.39,3.398,3.388,73900,3.387,171500,3.386,55000,3.385,459900,3.384,542600,3.383,1443100,3.382,1172100,3.381,441900,3.38,1157200,3.379,64900,3.389,4500,3.39,768200,3.391,56400,3.392,224400,3.393,134500,3.394,200500,3.395,177600,3.396,108100,3.397,38600,3.398,34100
2020-09-03 11:27:59.930,3.389,3000.0,3.395,3.402676,3.39,3.398,3.388,19800,3.387,71500,3.386,55000,3.385,460900,3.384,1442600,3.383,1443100,3.382,1172100,3.381,441900,3.38,1157200,3.379,64900,3.389,1500,3.39,768200,3.391,56400,3.392,124400,3.393,134500,3.394,300500,3.395,177600,3.396,108100,3.397,38600,3.398,34100
2020-09-03 11:28:00.580,3.389,1500.0,3.395,3.402676,3.39,3.398,3.389,3700,3.388,80900,3.387,169500,3.386,55000,3.385,367900,3.384,542600,3.383,1893100,3.382,1172100,3.381,441900,3.38,1158400,3.39,768200,3.391,56400,3.392,31400,3.393,134500,3.394,200500,3.395,177600,3.396,108100,3.397,38600,3.398,34100,3.399,95400
2020-09-03 11:28:04.590,3.389,16400.0,3.395,3.402675,3.39,3.398,3.388,69700,3.387,169500,3.386,55000,3.385,367900,3.384,242600,3.383,1293100,3.382,1234200,3.381,379700,3.38,1158400,3.379,64900,3.39,768200,3.391,56400,3.392,31400,3.393,134500,3.394,138600,3.395,239500,3.396,108100,3.397,38600,3.398,34100,3.399,95400
2020-09-03 11:28:12.120,3.39,3400.0,3.395,3.4026739999999998,3.389,3.398,3.389,20000,3.388,69700,3.387,164000,3.386,55000,3.385,460900,3.384,542600,3.383,996100,3.382,1234200,3.381,379700,3.38,1158400,3.39,764800,3.391,56400,3.392,131400,3.393,227500,3.394,138600,3.395,239500,3.396,108100,3.397,38600,3.398,34100,3.399,95400
2020-09-03 11:28:15.380,3.389,2100.0,3.395,3.4026739999999998,3.389,3.398,3.389,17900,3.388,13200,3.387,123100,3.386,165000,3.385,560900,3.384,2242600,3.383,996100,3.382,784200,3.381,829700,3.38,1608400,3.39,764800,3.391,56400,3.392,31400,3.393,227500,3.394,38600,3.395,339500,3.396,108100,3.397,38600,3.398,34100,3.399,95400
2020-09-03 11:28:21.020,3.39,1000.0,3.395,3.4026739999999998,3.389,3.398,3.389,79200,3.388,113200,3.387,64000,3.386,458000,3.385,1267900,3.384,242600,3.383,996100,3.382,1234200,3.381,829700,3.38,1159500,3.39,463800,3.391,56400,3.392,331400,3.393,127500,3.394,238600,3.395,239500,3.396,108100,3.397,38600,3.398,34100,3.399,95400
2020-09-03 11:28:30.890,3.39,463900.0,3.395,3.4026410000000005,3.389,3.398,3.39,5200,3.389,64500,3.388,53200,3.387,64000,3.386,458000,3.385,1392900,3.384,142700,3.383,996100,3.382,1234200,3.381,829700,3.391,56400,3.392,331400,3.393,127500,3.394,38600,3.395,339500,3.396,108100,3.397,38600,3.398,34100,3.399,95400,3.4,406100
2020-09-03 11:28:34.570,3.393,340000.0,3.395,3.402623,3.39,3.398,3.391,52000,3.39,129000,3.389,194500,3.388,948200,3.387,364000,3.386,65000,3.385,492900,3.384,142700,3.383,1058200,3.382,1172100,3.393,82300,3.394,38600,3.395,277600,3.396,170000,3.397,38600,3.398,34100,3.399,95400,3.4,406100,3.401,16100,3.402,105000
2020-09-03 11:28:40.250,3.395,216200.0,3.395,3.4026129999999997,3.392,3.398,3.395,83900,3.393,40000,3.392,370000,3.391,30000,3.39,1059000,3.389,124500,3.388,211200,3.387,64000,3.386,127400,3.385,392900,3.396,201100,3.397,38600,3.398,434100,3.399,157200,3.4,406100,3.401,16100,3.402,105000,3.403,130800,3.404,129700,3.405,80900
2020-09-03 11:28:44.700,3.395,83900.0,3.395,3.4026099999999997,3.392,3.398,3.393,59000,3.392,400000,3.39,202000,3.389,24500,3.388,980200,3.387,64000,3.386,65300,3.385,392300,3.384,592700,3.383,1296100,3.395,246100,3.396,108100,3.397,38600,3.398,134100,3.399,495400,3.4,506100,3.401,77900,3.402,105000,3.403,130800,3.404,129700
2020-09-03 11:28:47.630,3.39,300.0,3.395,3.4026099999999997,3.393,3.398,3.39,694700,3.389,24500,3.388,918200,3.387,64000,3.386,127400,3.385,842300,3.384,592700,3.383,996100,3.382,722100,3.381,379700,3.395,246400,3.396,108100,3.397,338600,3.398,227100,3.399,195400,3.4,567900,3.401,16100,3.402,105000,3.403,130800,3.404,129700
2020-09-03 11:28:50.770,3.395,9500.0,3.395,3.4026089999999996,3.393,3.398,3.394,27700,3.393,15400,3.391,101000,3.39,571700,3.389,90300,3.388,18200,3.387,63900,3.386,65300,3.385,942100,3.384,582700,3.395,339200,3.396,408100,3.397,38600,3.398,134100,3.399,645400,3.4,467900,3.401,16100,3.402,105000,3.403,130800,3.404,129700
2020-09-03 11:28:56.860,3.391,77700.0,3.395,3.4026050000000003,3.393,3.398,3.391,26400,3.39,303000,3.389,20300,3.388,318200,3.387,126000,3.386,65300,3.385,844100,3.384,582700,3.383,996100,3.382,722100,3.394,272300,3.395,239200,3.396,108100,3.397,38600,3.398,34100,3.399,545400,3.4,567900,3.401,16100,3.402,105000,3.403,130800
2020-09-03 11:29:06.170,3.394,5000.0,3.395,3.4026050000000003,3.393,3.398,3.393,90000,3.392,14300,3.391,61000,3.39,1146900,3.389,320300,3.388,28200,3.387,514000,3.386,165300,3.385,456200,3.384,132700,3.394,44000,3.395,539200,3.396,208100,3.397,138600,3.398,134100,3.399,157200,3.4,406100,3.401,466100,3.402,105000,3.403,130800
2020-09-03 11:29:08.200,3.394,100.0,3.395,3.4026050000000003,3.393,3.398,3.393,90000,3.392,14300,3.391,102000,3.39,106900,3.389,120300,3.388,328200,3.387,964000,3.386,577400,3.385,394100,3.384,132700,3.394,43900,3.395,539200,3.396,208100,3.397,138600,3.398,484100,3.399,257200,3.4,406100,3.401,16100,3.402,105000,3.403,130800
2020-09-03 11:29:11.420,3.393,90000.0,3.395,3.4026,3.392,3.398,3.392,314300,3.391,102000,3.39,165900,3.389,220300,3.388,328200,3.387,63900,3.386,577400,3.385,394100,3.384,132700,3.383,996100,3.393,178900,3.394,343900,3.395,20300,3.396,208100,3.397,138600,3.398,484100,3.399,257200,3.4,406100,3.401,16100,3.402,105000
2020-09-03 11:29:14.490,3.394,216000.0,3.395,3.402589,3.392,3.398,3.393,171600,3.392,18300,3.391,102000,3.39,168900,3.389,120300,3.388,428200,3.387,63900,3.386,965300,3.385,906200,3.384,582700,3.394,312800,3.395,20300,3.396,208100,3.397,138600,3.398,646000,3.399,95400,3.4,406100,3.401,16100,3.402,105000,3.403,130800
2020-09-03 11:29:20.740,3.393,90000.0,3.395,3.4025839999999996,3.393,3.398,3.393,81600,3.392,18300,3.391,103100,3.39,168900,3.389,220300,3.388,328200,3.387,963900,3.386,587400,3.385,849100,3.384,132700,3.394,312800,3.395,20300,3.396,208100,3.397,146600,3.398,34100,3.399,257200,3.4,856100,3.401,16100,3.402,105000,3.403,130800
2020-09-03 11:29:28.920,3.394,9800.0,3.395,3.4025830000000004,3.393,3.398,3.393,81900,3.392,18300,3.391,103100,3.39,164200,3.389,428300,3.388,128200,3.387,963900,3.386,137400,3.385,849100,3.384,132700,3.394,305500,3.395,29900,3.396,208100,3.397,146600,3.398,134100,3.399,597200,3.4,406100,3.401,16100,3.402,105000,3.403,130800
2020-09-03 11:29:31.070,3.394,13800.0,3.395,3.4025830000000004,3.393,3.398,3.393,72400,3.392,18300,3.391,103100,3.39,164200,3.389,210400,3.388,328200,3.387,63900,3.386,1037400,3.385,849100,3.384,132700,3.394,305400,3.395,29900,3.396,208100,3.397,146600,3.398,34100,3.399,697200,3.4,406100,3.401,16100,3.402,105000,3.403,130800
2020-09-03 11:29:38.930,3.394,400.0,3.395,3.4025830000000004,3.393,3.398,3.393,72400,3.392,8300,3.391,103100,3.39,207200,3.389,410400,3.388,28200,3.387,963900,3.386,137400,3.385,849100,3.384,132700,3.394,55000,3.395,360400,3.396,208100,3.397,146600,3.398,54100,3.399,697200,3.4,406100,3.401,16100,3.402,105000,3.403,130800
2020-09-03 11:29:41.040,3.393,200.0,3.395,3.4025830000000004,3.393,3.398,3.393,72700,3.392,8300,3.391,162100,3.39,217300,3.389,110400,3.388,1228200,3.387,963900,3.386,137400,3.385,849100,3.384,132700,3.394,355000,3.395,60400,3.396,208100,3.397,156600,3.398,54100,3.399,697200,3.4,406100,3.401,16100,3.402,105000,3.403,130800
2020-09-03 11:29:55.980,3.394,10000.0,3.395,3.4025819999999998,3.393,3.398,3.393,72700,3.392,8400,3.391,103100,3.39,181600,3.389,110400,3.388,428200,3.387,63900,3.386,137400,3.385,850100,3.384,132700,3.394,45000,3.395,329900,3.396,208100,3.397,156600,3.398,164100,3.399,597200,3.4,406100,3.401,16100,3.402,105000,3.403,130800
2020-09-03 11:29:57.750,3.393,4500.0,3.395,3.4025819999999998,3.393,3.398,3.393,68200,3.392,8400,3.391,103100,3.39,122600,3.389,110400,3.388,28200,3.387,363900,3.386,137400,3.385,845100,3.384,132700,3.394,345000,3.395,29900,3.396,208100,3.397,56600,3.398,64100,3.399,697200,3.4,406100,3.401,16100,3.402,105000,3.403,130800
2020-09-03 13:00:02.990,3.393,372800.0,3.395,3.402561,3.394,3.398,3.392,100,3.391,19500,3.39,116200,3.389,2400,3.388,429900,3.387,63900,3.386,137800,3.385,412700,3.384,141000,3.383,991200,3.393,36500,3.394,366400,3.395,59600,3.396,108100,3.397,56600,3.398,166400,3.399,597100,3.4,415400,3.401,26100,3.402,117800
2020-09-03 13:00:05.960,3.39,411600.0,3.395,3.4025309999999998,3.394,3.398,3.388,109200,3.387,63900,3.386,149000,3.385,425600,3.384,435000,3.383,993800,3.382,722300,3.381,384900,3.38,1171800,3.379,64900,3.39,51600,3.393,116100,3.394,97000,3.395,59600,3.396,109100,3.397,57600,3.398,173900,3.399,163100,3.4,423100,3.401,31300
2020-09-03 13:00:08.660,3.391,118700.0,3.395,3.402525,3.394,3.398,3.389,1400,3.388,81100,3.387,63900,3.386,86900,3.385,825600,3.384,135000,3.383,995000,3.382,722300,3.381,447100,3.38,1181800,3.391,298400,3.393,72000,3.394,97000,3.395,222500,3.396,109100,3.397,54600,3.398,103300,3.399,101300,3.4,423100,3.401,53800
2020-09-03 13:00:11.940,3.393,16000.0,3.395,3.4025239999999997,3.393,3.398,3.39,59000,3.389,101400,3.388,81100,3.387,363900,3.386,194400,3.385,435600,3.384,135000,3.383,980300,3.382,784400,3.381,384900,3.393,373800,3.394,97000,3.395,160600,3.396,371000,3.397,54600,3.398,103300,3.399,101300,3.4,423100,3.401,53800,3.402,118800
2020-09-03 13:00:14.970,3.392,48900.0,3.395,3.402521,3.393,3.398,3.389,60500,3.388,281100,3.387,62900,3.386,94400,3.385,435600,3.384,135000,3.383,1042400,3.382,722300,3.381,384900,3.38,1202800,3.392,251800,3.393,74900,3.394,97000,3.395,160600,3.396,214100,3.397,54600,3.398,265200,3.399,101300,3.4,423100,3.401,53800
2020-09-03 13:00:15.610,3.393,6200.0,3.395,3.4025199999999995,3.394,3.398,3.389,54500,3.388,181100,3.387,462900,3.386,94400,3.385,435600,3.384,135000,3.383,990300,3.382,784400,3.381,384900,3.38,1202800,3.392,300000,3.393,114700,3.394,97000,3.395,160600,3.396,214100,3.397,216500,3.398,103300,3.399,101300,3.4,423100,3.401,53800
2020-09-03 13:00:18.700,3.392,14800.0,3.395,3.4025199999999995,3.392,3.398,3.389,54500,3.388,181100,3.387,362900,3.386,94400,3.385,435600,3.384,135000,3.383,990300,3.382,784400,3.381,384900,3.38,1202800,3.393,414800,3.394,97000,3.395,160600,3.396,214100,3.397,116500,3.398,203300,3.399,101300,3.4,423100,3.401,53800,3.402,118800
2020-09-03 13:00:26.540,3.391,40000.0,3.395,3.402517,3.392,3.398,3.389,1700,3.388,81100,3.387,162900,3.386,394400,3.385,435600,3.384,135000,3.383,990300,3.382,722300,3.381,462800,3.38,1202800,3.392,40000,3.393,74800,3.394,97000,3.395,160600,3.396,176000,3.397,154600,3.398,103300,3.399,101300,3.4,423100,3.401,31300
2020-09-03 13:00:30.490,3.391,28400.0,3.395,3.402515,3.392,3.398,3.388,160600,3.387,162900,3.386,644400,3.385,735600,3.384,135000,3.383,990300,3.382,784400,3.381,400600,3.38,1202800,3.379,64900,3.391,295800,3.393,174800,3.394,197000,3.395,60600,3.396,664100,3.397,116500,3.398,103300,3.399,101300,3.4,424100,3.401,31300
2020-09-03 13:00:32.550,3.388,1700.0,3.395,3.402515,3.391,3.398,3.388,79400,3.387,62900,3.386,1544600,3.385,435600,3.384,435000,3.383,990300,3.382,1622300,3.381,462800,3.38,1202800,3.379,64900,3.391,295800,3.393,174800,3.394,647000,3.395,60600,3.396,276000,3.397,54600,3.398,103300,3.399,101300,3.4,424100,3.401,31300
2020-09-03 13:00:36.460,3.388,79400.0,3.395,3.402509,3.39,3.398,3.387,62900,3.386,544400,3.385,735600,3.384,135000,3.383,1090300,3.382,722300,3.381,462800,3.38,1202800,3.379,64900,3.378,201900,3.39,300000,3.392,100000,3.393,274800,3.394,547000,3.395,60600,3.396,176000,3.397,54600,3.398,103300,3.399,101300,3.4,424100
2020-09-03 13:00:42.760,3.389,20300.0,3.395,3.402507,3.391,3.398,3.387,62900,3.386,544400,3.385,515100,3.384,235000,3.383,1400300,3.382,722300,3.381,462800,3.38,1202800,3.379,64900,3.378,201900,3.389,598300,3.39,300000,3.391,140000,3.392,100000,3.393,174800,3.394,608900,3.395,60600,3.396,114100,3.397,54600,3.398,103300
2020-09-03 13:00:49.020,3.387,6000.0,3.395,3.402506,3.389,3.398,3.387,179700,3.386,194400,3.385,735600,3.384,235000,3.383,1450300,3.382,722300,3.381,434800,3.38,1265000,3.379,64900,3.378,201900,3.389,298300,3.391,300000,3.392,550000,3.393,174800,3.394,258900,3.395,60600,3.396,114100,3.397,54600,3.398,103300,3.399,101300
2020-09-03 13:00:56.000,3.391,37000.0,3.395,3.402504,3.388,3.398,3.389,10000,3.387,93200,3.386,94400,3.385,435600,3.384,435000,3.383,1450300,3.382,822300,3.381,434800,3.38,1265000,3.379,64900,3.39,320000,3.391,60000,3.392,650000,3.393,174800,3.394,97000,3.395,122500,3.396,114100,3.397,54600,3.398,103300,3.399,101300
2020-09-03 13:01:00.480,3.389,14300.0,3.395,3.402503,3.388,3.398,3.387,93200,3.386,194400,3.385,735700,3.384,135000,3.383,1451300,3.382,784400,3.381,434800,3.38,1206800,3.379,64900,3.378,201900,3.389,284000,3.391,360000,3.392,550000,3.393,174800,3.394,97000,3.395,122500,3.396,214100,3.397,54600,3.398,103300,3.399,101300
2020-09-03 13:01:12.060,3.387,6000.0,3.395,3.4025019999999997,3.389,3.398,3.387,187400,3.386,209400,3.385,735700,3.384,1135200,3.383,1451300,3.382,722300,3.381,434800,3.38,1269400,3.379,64900,3.378,201900,3.391,320000,3.392,570000,3.393,174800,3.394,197000,3.395,31000,3.396,176000,3.397,54600,3.398,103300,3.399,101300,3.4,424100
2020-09-03 13:01:15.420,3.389,9100.0,3.395,3.4025019999999997,3.389,3.398,3.389,5900,3.387,102900,3.386,109400,3.385,735700,3.384,1035200,3.383,1451300,3.382,1722300,3.381,434800,3.38,1269400,3.379,64900,3.392,870000,3.393,174800,3.394,197000,3.395,31000,3.396,176000,3.397,54600,3.398,103300,3.399,101300,3.4,424100,3.401,31300
2020-09-03 13:01:21.760,3.39,1000.0,3.395,3.4025019999999997,3.389,3.398,3.389,5900,3.388,110000,3.387,522900,3.386,109400,3.385,435700,3.384,2035200,3.383,1531300,3.382,784400,3.381,434800,3.38,1207200,3.392,450000,3.393,374800,3.394,297000,3.395,192900,3.396,114100,3.397,54600,3.398,103300,3.399,101300,3.4,424100,3.401,31300
2020-09-03 13:01:24.070,3.39,29600.0,3.395,3.4025,3.389,3.398,3.39,49900,3.389,105900,3.388,30500,3.387,422900,3.386,109400,3.385,1435700,3.384,1035200,3.383,1531300,3.382,784400,3.381,434800,3.392,450000,3.393,374800,3.394,97000,3.395,231000,3.396,114100,3.397,116500,3.398,103300,3.399,101300,3.4,424100,3.401,31300
2020-09-03 13:01:42.300,3.392,20000.0,3.395,3.4024980000000005,3.39,3.398,3.392,10300,3.391,9200,3.39,22500,3.389,65000,3.388,223500,3.387,392600,3.386,104400,3.385,986300,3.384,647100,3.383,1081300,3.393,845800,3.394,667000,3.395,324000,3.396,114100,3.397,116500,3.398,103300,3.399,101300,3.4,424100,3.401,31300,3.402,118800
2020-09-03 13:01:44.870,3.39,31600.0,3.395,3.4024959999999997,3.39,3.398,3.39,10400,3.389,5900,3.388,123500,3.387,192600,3.386,104400,3.385,1248400,3.384,585000,3.383,1081300,3.382,722300,3.381,434800,3.391,300000,3.392,200000,3.393,575800,3.394,667000,3.395,124000,3.396,114100,3.397,154600,3.398,165200,3.399,101300,3.4,424100
2020-09-03 13:01:53.240,3.392,30000.0,3.395,3.4024949999999996,3.39,3.398,3.39,10400,3.389,5900,3.388,89600,3.387,285600,3.386,104400,3.385,1286300,3.384,585000,3.383,1143400,3.382,722300,3.381,434800,3.392,477200,3.393,655800,3.394,740000,3.395,331000,3.396,114100,3.397,116500,3.398,103100,3.399,101300,3.4,424100,3.401,31300
2020-09-03 13:02:05.520,3.389,22800.0,3.395,3.402493,3.39,3.398,3.388,30600,3.387,241700,3.386,204400,3.385,886300,3.384,585000,3.383,1443800,3.382,722300,3.381,467200,3.38,1220400,3.379,64900,3.389,578100,3.39,317800,3.391,120000,3.392,177200,3.393,555800,3.394,547000,3.395,231000,3.396,176000,3.397,154600,3.398,103100
2020-09-03 13:02:15.690,3.388,5400.0,3.395,3.402493,3.39,3.398,3.388,75500,3.387,82600,3.386,104400,3.385,979300,3.384,985000,3.383,1081700,3.382,722300,3.381,529400,3.38,1220400,3.379,64900,3.389,284000,3.39,617800,3.391,120000,3.392,370200,3.393,555800,3.394,708900,3.395,231000,3.396,114100,3.397,54600,3.398,103100
2020-09-03 13:02:17.070,3.389,2000.0,3.395,3.4024919999999996,3.389,3.398,3.388,105500,3.387,141700,3.386,204400,3.385,529300,3.384,885000,3.383,1181700,3.382,722300,3.381,529400,3.38,1220400,3.379,64900,3.389,282000,3.39,617800,3.391,120000,3.392,370200,3.393,655800,3.394,158900,3.395,231000,3.396,114100,3.397,54600,3.398,103100
2020-09-03 13:02:22.410,3.389,5000.0,3.395,3.4024919999999996,3.39,3.398,3.388,106500,3.387,141700,3.386,204400,3.385,529300,3.384,685000,3.383,1382200,3.382,722300,3.381,529400,3.38,1220400,3.379,64900,3.389,577000,3.39,317800,3.391,120000,3.392,370200,3.393,555800,3.394,258900,3.395,231000,3.396,114100,3.397,54600,3.398,103100
2020-09-03 13:02:25.050,3.388,2300.0,3.395,3.4024919999999996,3.389,3.398,3.388,104200,3.387,82600,3.386,104400,3.385,529300,3.384,685000,3.383,1382200,3.382,722300,3.381,529400,3.38,1220400,3.379,64900,3.389,277000,3.39,617800,3.391,120000,3.392,370200,3.393,555800,3.394,258900,3.395,243000,3.396,114100,3.397,54600,3.398,103100
2020-09-03 13:02:29.000,3.388,17900.0,3.395,3.4024910000000004,3.389,3.398,3.388,86300,3.387,82600,3.386,163500,3.385,629300,3.384,885000,3.383,1182200,3.382,722300,3.381,529400,3.38,1220400,3.379,64900,3.389,277000,3.39,617800,3.391,120000,3.392,370200,3.393,655800,3.394,158900,3.395,243000,3.396,114100,3.397,54600,3.398,103100
2020-09-03 13:02:39.110,3.388,1000.0,3.395,3.4024900000000002,3.39,3.398,3.388,98400,3.387,82600,3.386,153400,3.385,629300,3.384,885000,3.383,1182200,3.382,725300,3.381,529400,3.38,1220400,3.379,64900,3.389,283000,3.39,320000,3.391,120000,3.392,370200,3.393,655800,3.394,158900,3.395,243000,3.396,114100,3.397,54600,3.398,103100
2020-09-03 13:02:41.600,3.388,800.0,3.395,3.4024900000000002,3.39,3.398,3.388,97600,3.387,82600,3.386,153400,3.385,629300,3.384,885000,3.383,1182200,3.382,725300,3.381,529400,3.38,1220400,3.379,64900,3.389,283000,3.39,320000,3.391,120000,3.392,370200,3.393,655800,3.394,158900,3.395,243000,3.396,114100,3.397,54600,3.398,103100
2020-09-03 13:02:44.060,3.388,34900.0,3.395,3.402488,3.39,3.398,3.388,82700,3.387,82600,3.386,153400,3.385,632300,3.384,885000,3.383,1182200,3.382,725300,3.381,529400,3.38,1220400,3.379,64900,3.389,263000,3.39,320000,3.391,120000,3.392,370200,3.393,655800,3.394,158900,3.395,243000,3.396,114100,3.397,54600,3.398,103100
2020-09-03 13:02:50.070,3.388,300.0,3.395,3.402488,3.389,3.398,3.388,82600,3.387,82600,3.386,164000,3.385,539300,3.384,885000,3.383,1182200,3.382,725300,3.381,529400,3.38,1220400,3.379,64900,3.389,263000,3.391,320000,3.392,277200,3.393,755800,3.394,158900,3.395,243000,3.396,114100,3.397,54600,3.398,103100,3.399,301300
2020-09-03 13:03:00.470,3.389,6400.0,3.395,3.4024870000000003,3.389,3.398,3.388,161900,3.387,177600,3.386,114900,3.385,832300,3.384,585000,3.383,1182300,3.382,725300,3.381,529400,3.38,1220400,3.379,64900,3.389,1600,3.392,570200,3.393,755800,3.394,258900,3.395,243000,3.396,114100,3.397,54600,3.398,103100,3.399,301300,3.4,424100
2020-09-03 13:03:04.060,3.389,2200.0,3.395,3.4024870000000003,3.389,3.398,3.388,169900,3.387,177600,3.386,414900,3.385,532300,3.384,685000,3.383,1082300,3.382,725300,3.381,529400,3.38,1220400,3.379,964900,3.392,270200,3.393,855800,3.394,358900,3.395,343000,3.396,114100,3.397,54600,3.398,103100,3.399,301300,3.4,424100,3.401,31300
2020-09-03 13:03:13.910,3.39,5000.0,3.395,3.4024870000000003,3.389,3.398,3.388,111900,3.387,136700,3.386,215000,3.385,832600,3.384,685000,3.383,1087300,3.382,725300,3.381,529400,3.38,1220400,3.379,64900,3.39,25000,3.391,320000,3.392,197200,3.393,643500,3.394,197000,3.395,397900,3.396,114100,3.397,54600,3.398,103100,3.399,301300
2020-09-03 13:03:17.830,3.389,1000.0,3.395,3.4024870000000003,3.389,3.398,3.388,116900,3.387,136700,3.386,215000,3.385,932600,3.384,585000,3.383,1087300,3.382,725300,3.381,529400,3.38,1220400,3.379,64900,3.389,256000,3.39,25000,3.391,300000,3.392,197200,3.393,643500,3.394,197000,3.395,497900,3.396,114100,3.397,54600,3.398,103100
2020-09-03 13:03:18.540,3.388,1400.0,3.395,3.4024870000000003,3.389,3.398,3.388,115500,3.387,136700,3.386,215000,3.385,832600,3.384,685000,3.383,1087300,3.382,725300,3.381,529400,3.38,1220400,3.379,64900,3.389,256000,3.39,25600,3.391,300000,3.392,177200,3.393,643500,3.394,358900,3.395,336000,3.396,114100,3.397,54600,3.398,103100
2020-09-03 13:03:28.060,3.39,4100.0,3.395,3.402486,3.39,3.398,3.389,59200,3.388,213400,3.387,79100,3.386,415000,3.385,532600,3.384,585000,3.383,1187300,3.382,725300,3.381,529400,3.38,1220400,3.39,23700,3.392,570200,3.393,743500,3.394,258900,3.395,243000,3.396,114100,3.397,54600,3.398,103100,3.399,301300,3.4,424100
2020-09-03 13:03:29.170,3.388,12300.0,3.395,3.402485,3.389,3.398,3.389,4200,3.388,160300,3.387,179100,3.386,415000,3.385,632600,3.384,585000,3.383,1087300,3.382,787400,3.381,467200,3.38,1220400,3.39,23700,3.392,570200,3.393,643500,3.394,197000,3.395,404900,3.396,114100,3.397,54600,3.398,103100,3.399,301300,3.4,424100
2020-09-03 13:03:39.840,3.389,7200.0,3.395,3.402485,3.389,3.398,3.388,101200,3.387,138200,3.386,215000,3.385,439600,3.384,885000,3.383,1187300,3.382,787400,3.381,467200,3.38,1220400,3.379,64900,3.389,251000,3.39,323700,3.391,120000,3.392,177200,3.393,743500,3.394,97000,3.395,304900,3.396,114100,3.397,54600,3.398,103100
2020-09-03 13:03:54.290,3.388,6100.0,3.395,3.402484,3.389,3.398,3.388,95400,3.387,138200,3.386,215000,3.385,532600,3.384,985000,3.383,1087300,3.382,725300,3.381,529900,3.38,1230400,3.379,64900,3.389,258400,3.39,43700,3.391,300000,3.392,370200,3.393,643500,3.394,258900,3.395,249000,3.396,114100,3.397,54600,3.398,103100
2020-09-03 13:03:56.210,3.389,1500.0,3.395,3.402484,3.389,3.398,3.388,95400,3.387,138200,3.386,215000,3.385,832600,3.384,585000,3.383,1187300,3.382,725300,3.381,529900,3.38,1230400,3.379,64900,3.389,256900,3.39,23700,3.391,300000,3.392,370200,3.393,743500,3.394,158900,3.395,249000,3.396,114100,3.397,54600,3.398,103100
2020-09-03 13:04:14.540,3.389,23000.0,3.395,3.402482,3.389,3.398,3.388,149500,3.387,149200,3.386,215600,3.385,833600,3.384,685000,3.383,1087300,3.382,725300,3.381,529900,3.38,1230400,3.379,64900,3.389,253900,3.39,23700,3.391,300000,3.392,270200,3.393,643500,3.394,358900,3.395,249000,3.396,114100,3.397,54600,3.398,103100
2020-09-03 13:04:16.670,3.389,200.0,3.395,3.402482,3.39,3.398,3.388,159500,3.387,179700,3.386,215600,3.385,833600,3.384,685000,3.383,1087300,3.382,725300,3.381,529900,3.38,1230400,3.379,64900,3.389,253700,3.39,23700,3.391,300000,3.392,270200,3.393,643500,3.394,358900,3.395,249000,3.396,114100,3.397,54600,3.398,103100
2020-09-03 13:04:26.690,3.389,50300.0,3.395,3.402479,3.389,3.398,3.388,159500,3.387,180600,3.386,205600,3.385,533600,3.384,985000,3.383,1087300,3.382,725300,3.381,529900,3.38,1230400,3.379,65700,3.39,348800,3.392,270200,3.393,643500,3.394,358900,3.395,249000,3.396,114100,3.397,54600,3.398,103100,3.399,302100,3.4,432000
2020-09-03 13:04:31.310,3.39,4400.0,3.395,3.402478,3.39,3.398,3.389,269600,3.388,155200,3.387,180600,3.386,215600,3.385,533600,3.384,985000,3.383,1087300,3.382,787400,3.381,467700,3.38,1230400,3.39,344500,3.391,20000,3.392,270200,3.393,643500,3.394,297000,3.395,310900,3.396,114100,3.397,54600,3.398,103100,3.399,302100
2020-09-03 13:04:45.160,3.39,500.0,3.395,3.402478,3.39,3.398,3.389,275600,3.388,163000,3.387,180600,3.386,308600,3.385,540600,3.384,885000,3.383,1090200,3.382,787400,3.381,467700,3.38,1230400,3.39,643400,3.391,21000,3.392,177200,3.393,736500,3.394,197000,3.395,410900,3.396,114100,3.397,54600,3.398,103100,3.399,302100
2020-09-03 13:04:47.490,3.39,1500.0,3.395,3.402478,3.389,3.398,3.389,275600,3.388,163000,3.387,180600,3.386,215600,3.385,540600,3.384,885000,3.383,1090200,3.382,787400,3.381,467700,3.38,1230400,3.39,342900,3.391,321000,3.392,177200,3.393,643500,3.394,197000,3.395,415900,3.396,114100,3.397,54600,3.398,103100,3.399,302100
2020-09-03 13:04:52.880,3.389,65400.0,3.395,3.4024730000000005,3.39,3.398,3.389,210200,3.388,153000,3.387,180600,3.386,308600,3.385,541600,3.384,885000,3.383,1090200,3.382,787400,3.381,467700,3.38,1230400,3.39,642900,3.391,21000,3.392,177200,3.393,736500,3.394,197000,3.395,415900,3.396,114100,3.397,54600,3.398,103100,3.399,302100
2020-09-03 13:04:58.760,3.39,1600.0,3.395,3.4024730000000005,3.389,3.398,3.389,216700,3.388,158000,3.387,180600,3.386,308600,3.385,441600,3.384,985000,3.383,1090200,3.382,787400,3.381,467700,3.38,1230400,3.39,641300,3.391,21000,3.392,177200,3.393,736500,3.394,297000,3.395,315900,3.396,114100,3.397,54600,3.398,103100,3.399,302100
2020-09-03 13:05:02.120,3.389,216700.0,3.395,3.402457,3.39,3.398,3.388,158000,3.387,180600,3.386,215600,3.385,541600,3.384,885000,3.383,1090200,3.382,787400,3.381,467700,3.38,1230400,3.379,65700,3.389,58500,3.39,641300,3.391,21000,3.392,177200,3.393,643500,3.394,197000,3.395,415900,3.396,114100,3.397,54600,3.398,103100
2020-09-03 13:05:04.730,3.389,20000.0,3.395,3.402456,3.39,3.398,3.388,217100,3.387,221500,3.386,115600,3.385,741600,3.384,685000,3.383,1090200,3.382,725300,3.381,529900,3.38,1230400,3.379,65700,3.389,25700,3.39,322100,3.391,321000,3.392,177200,3.393,543500,3.394,358900,3.395,254000,3.396,114100,3.397,54600,3.398,103100
2020-09-03 13:05:07.730,3.389,55700.0,3.395,3.402452,3.39,3.398,3.388,217100,3.387,221500,3.386,115600,3.385,534600,3.384,985000,3.383,1090200,3.382,725300,3.381,529900,3.38,1230400,3.379,65700,3.39,322200,3.391,321000,3.392,270200,3.393,543500,3.394,358900,3.395,354000,3.396,114100,3.397,54600,3.398,103100,3.399,302100
2020-09-03 13:05:10.790,3.39,50300.0,3.395,3.402448,3.389,3.398,3.388,260000,3.387,121500,3.386,115600,3.385,834600,3.384,685000,3.383,1090200,3.382,725300,3.381,529900,3.38,1230400,3.379,65700,3.39,271900,3.391,21000,3.392,477200,3.393,636500,3.394,297000,3.395,415900,3.396,114100,3.397,54600,3.398,103100,3.399,302100
2020-09-03 13:05:14.720,3.39,61000.0,3.395,3.402444,3.389,3.398,3.389,91900,3.388,260000,3.387,121500,3.386,415600,3.385,634600,3.384,585000,3.383,1090200,3.382,725300,3.381,530400,3.38,1230400,3.39,211900,3.391,1000,3.392,477200,3.393,636500,3.394,197000,3.395,515900,3.396,114100,3.397,54600,3.398,103100,3.399,302100
2020-09-03 13:05:28.720,3.39,4900.0,3.395,3.402444,3.391,3.398,3.389,24000,3.388,258400,3.387,190500,3.386,509200,3.385,991600,3.384,135000,3.383,1090200,3.382,787400,3.381,468200,3.38,1230500,3.39,207000,3.391,1000,3.392,477200,3.393,186500,3.394,197000,3.395,515900,3.396,114100,3.397,54600,3.398,103100,3.399,302100
2020-09-03 13:05:30.150,3.39,2800.0,3.395,3.402444,3.391,3.398,3.389,26400,3.388,258400,3.387,190500,3.386,961500,3.385,991600,3.384,135000,3.383,1090200,3.382,787400,3.381,468200,3.38,1230500,3.39,221000,3.391,1000,3.392,477200,3.393,186500,3.394,197000,3.395,965900,3.396,114100,3.397,54600,3.398,103100,3.399,302100
2020-09-03 13:05:32.780,3.39,3000.0,3.395,3.402443,3.391,3.398,3.389,27400,3.388,258400,3.387,187500,3.386,661500,3.385,1291600,3.384,135000,3.383,1090200,3.382,787400,3.381,468200,3.38,1230500,3.39,218000,3.391,1000,3.392,477200,3.393,191500,3.394,197000,3.395,865900,3.396,114100,3.397,54600,3.398,103100,3.399,302100
2020-09-03 13:05:34.990,3.389,5000.0,3.395,3.402443,3.391,3.398,3.389,22400,3.388,258400,3.387,187500,3.386,961500,3.385,991600,3.384,135000,3.383,1090200,3.382,787400,3.381,468200,3.38,1230500,3.39,218000,3.391,301000,3.392,177200,3.393,291500,3.394,197000,3.395,865900,3.396,114100,3.397,54600,3.398,103100,3.399,302100
2020-09-03 13:05:40.420,3.39,400.0,3.395,3.402443,3.391,3.398,3.389,22400,3.388,258400,3.387,190500,3.386,961500,3.385,891600,3.384,235000,3.383,1090200,3.382,787400,3.381,468200,3.38,1230500,3.39,217600,3.391,1000,3.392,477200,3.393,291500,3.394,297000,3.395,765900,3.396,114100,3.397,54600,3.398,103100,3.399,302100
2020-09-03 13:05:42.970,3.39,200.0,3.395,3.402443,3.391,3.398,3.389,22700,3.388,258400,3.387,190500,3.386,960500,3.385,992100,3.384,135000,3.383,1090200,3.382,787400,3.381,468200,3.38,1230500,3.39,217400,3.391,1000,3.392,477200,3.393,291500,3.394,197000,3.395,865900,3.396,114100,3.397,54600,3.398,103100,3.399,302100
2020-09-03 13:05:53.750,3.39,2200.0,3.395,3.402443,3.392,3.398,3.389,22700,3.388,162500,3.387,181400,3.386,770500,3.385,1292100,3.384,135000,3.383,1090200,3.382,787400,3.381,468200,3.38,1230500,3.39,219200,3.391,301000,3.392,177200,3.393,291500,3.394,197000,3.395,865900,3.396,114100,3.397,54600,3.398,103100,3.399,302100
2020-09-03 13:05:59.770,3.39,400.0,3.395,3.402443,3.392,3.398,3.389,22700,3.388,162500,3.387,180500,3.386,770500,3.385,1292100,3.384,135000,3.383,1090200,3.382,787400,3.381,468200,3.38,1250500,3.39,218800,3.391,301000,3.392,177200,3.393,291500,3.394,197000,3.395,865900,3.396,114100,3.397,54600,3.398,103100,3.399,302100
2020-09-03 13:06:02.150,3.389,100.0,3.395,3.402443,3.391,3.398,3.389,26900,3.388,162500,3.387,180500,3.386,770500,3.385,1292100,3.384,135000,3.383,1090200,3.382,787400,3.381,468200,3.38,1250500,3.39,218800,3.391,301000,3.392,177200,3.393,291500,3.394,197000,3.395,865900,3.396,114100,3.397,54600,3.398,103100,3.399,302100
2020-09-03 13:06:08.950,3.389,12900.0,3.395,3.4024419999999997,3.391,3.398,3.389,14100,3.388,168500,3.387,180500,3.386,770500,3.385,892100,3.384,535000,3.383,1090200,3.382,787400,3.381,468200,3.38,1250500,3.39,218700,3.391,321000,3.392,177200,3.393,291500,3.394,197000,3.395,765900,3.396,114100,3.397,54600,3.398,103100,3.399,302100
2020-09-03 13:06:14.720,3.389,15100.0,3.395,3.4024410000000005,3.391,3.398,3.388,168500,3.387,89600,3.386,761400,3.385,992100,3.384,235000,3.383,1390200,3.382,787400,3.381,468200,3.38,1250500,3.379,65700,3.39,525100,3.391,21000,3.392,277200,3.393,291500,3.394,197000,3.395,765900,3.396,114100,3.397,54600,3.398,103100,3.399,302100
2020-09-03 13:06:18.680,3.388,84900.0,3.395,3.4024339999999995,3.39,3.398,3.388,86600,3.387,89600,3.386,311400,3.385,992100,3.384,535000,3.383,1090200,3.382,725300,3.381,530400,3.38,1250500,3.379,65700,3.39,545100,3.391,21000,3.392,277200,3.393,191500,3.394,647000,3.395,315900,3.396,114100,3.397,54600,3.398,113100,3.399,302100
2020-09-03 13:06:34.030,3.388,5000.0,3.395,3.4024339999999995,3.39,3.398,3.388,90800,3.387,89600,3.386,131200,3.385,535400,3.384,135000,3.383,1860200,3.382,725300,3.381,530400,3.38,1252000,3.379,65700,3.389,524500,3.39,48300,3.391,121000,3.392,370200,3.393,648500,3.394,158900,3.395,254000,3.396,114100,3.397,54600,3.398,113100
2020-09-03 13:06:38.960,3.388,90800.0,3.395,3.402427,3.39,3.398,3.387,89600,3.386,131200,3.385,626300,3.384,235000,3.383,1860200,3.382,725300,3.381,530400,3.38,1259000,3.379,65700,3.378,191900,3.388,106000,3.389,327700,3.39,48300,3.391,121000,3.392,370200,3.393,648500,3.394,158900,3.395,254000,3.396,114100,3.397,54600
2020-09-03 13:06:44.760,3.388,11700.0,3.395,3.402426,3.389,3.398,3.387,89600,3.386,138200,3.385,626300,3.384,235000,3.383,1860200,3.382,725300,3.381,468200,3.38,1322200,3.379,65700,3.378,191900,3.388,95300,3.389,27700,3.39,348300,3.391,101000,3.392,370200,3.393,710400,3.394,97000,3.395,254000,3.396,114100,3.397,54600
2020-09-03 13:06:58.300,3.388,95500.0,3.395,3.402418,3.389,3.398,3.388,2200,3.387,174500,3.386,233500,3.385,542400,3.384,528000,3.383,1560200,3.382,725300,3.381,468200,3.38,1324200,3.379,65700,3.389,27700,3.39,348300,3.391,194000,3.392,277200,3.393,710400,3.394,97000,3.395,254000,3.396,114100,3.397,54600,3.398,113100
2020-09-03 13:07:07.870,3.389,31900.0,3.395,3.4024160000000006,3.389,3.398,3.388,90900,3.387,272500,3.386,142600,3.385,835500,3.384,135000,3.383,1560200,3.382,725300,3.381,560400,3.38,1263300,3.379,65700,3.39,24300,3.391,300000,3.392,370200,3.393,748500,3.394,158900,3.395,254000,3.396,114100,3.397,54600,3.398,113100,3.399,312100
2020-09-03 13:07:12.740,3.392,72300.0,3.395,3.4024120000000004,3.389,3.398,3.388,90900,3.387,272500,3.386,442600,3.385,535500,3.384,235000,3.383,1460200,3.382,725300,3.381,560400,3.38,1263300,3.379,65700,3.392,522200,3.393,648500,3.394,297000,3.395,315900,3.396,114100,3.397,54600,3.398,113100,3.399,312100,3.4,432800,3.401,26300
2020-09-03 13:07:20.860,3.392,5100.0,3.395,3.402411,3.39,3.398,3.389,90000,3.388,95200,3.387,340100,3.386,142600,3.385,835200,3.384,135000,3.383,1460200,3.382,787400,3.381,498200,3.38,1263600,3.391,300000,3.392,144800,3.393,568500,3.394,197000,3.395,347000,3.396,114100,3.397,216500,3.398,113100,3.399,312100,3.4,432800
2020-09-03 13:07:28.440,3.391,2000.0,3.395,3.402411,3.389,3.398,3.389,90300,3.388,98900,3.387,340100,3.386,442600,3.385,545200,3.384,135000,3.383,1510200,3.382,787400,3.381,498200,3.38,1268600,3.391,41300,3.392,144800,3.393,868500,3.394,197000,3.395,447000,3.396,176000,3.397,154600,3.398,113100,3.399,312100,3.4,432800
2020-09-03 13:07:33.440,3.391,2700.0,3.395,3.402411,3.39,3.398,3.39,4200,3.389,90300,3.388,103900,3.387,250100,3.386,635600,3.385,454500,3.384,185000,3.383,1510200,3.382,787400,3.381,498200,3.391,38600,3.392,449800,3.393,568500,3.394,290000,3.395,354000,3.396,276000,3.397,54600,3.398,113100,3.399,312100,3.4,432800
2020-09-03 13:07:35.780,3.391,6300.0,3.395,3.402411,3.39,3.398,3.39,4200,3.389,90300,3.388,103900,3.387,250200,3.386,635600,3.385,454500,3.384,185000,3.383,1572300,3.382,725300,3.381,498200,3.391,32300,3.392,449800,3.393,568500,3.394,290000,3.395,354000,3.396,276000,3.397,54600,3.398,113100,3.399,312100,3.4,432800
2020-09-03 13:07:40.600,3.389,71300.0,3.395,3.4024050000000003,3.39,3.398,3.39,100,3.389,23200,3.388,123900,3.387,250200,3.386,542600,3.385,454500,3.384,185000,3.383,1572300,3.382,725300,3.381,498200,3.391,32300,3.392,149800,3.393,868500,3.394,197000,3.395,354000,3.396,276000,3.397,54600,3.398,113100,3.399,332100,3.4,434900
2020-09-03 13:07:48.220,3.391,1200.0,3.395,3.4024050000000003,3.39,3.398,3.39,100,3.389,23200,3.388,124900,3.387,343200,3.386,142600,3.385,754500,3.384,290000,3.383,1572300,3.382,725400,3.381,498200,3.391,31100,3.392,449800,3.393,668500,3.394,390000,3.395,254000,3.396,176000,3.397,54600,3.398,113100,3.399,332100,3.4,434900
2020-09-03 13:07:59.100,3.39,9100.0,3.395,3.4024050000000003,3.39,3.398,3.39,4300,3.389,63700,3.388,134900,3.387,343200,3.386,542800,3.385,454500,3.384,190000,3.383,1577300,3.382,725400,3.381,498200,3.391,26100,3.392,449800,3.393,668500,3.394,290000,3.395,254000,3.396,276000,3.397,54600,3.398,116200,3.399,332100,3.4,434900
2020-09-03 13:08:01.430,3.39,4300.0,3.395,3.402404,3.39,3.398,3.389,64700,3.388,139900,3.387,343200,3.386,442800,3.385,554500,3.384,190000,3.383,1577300,3.382,725400,3.381,498200,3.38,1268600,3.39,5700,3.391,26100,3.392,129800,3.393,868500,3.394,290000,3.395,354000,3.396,176000,3.397,54600,3.398,116200,3.399,332100
2020-09-03 13:08:06.030,3.39,4000.0,3.395,3.402404,3.39,3.398,3.389,154900,3.388,149700,3.387,150200,3.386,535800,3.385,554500,3.384,190000,3.383,1515200,3.382,787400,3.381,498200,3.38,1268600,3.39,1700,3.391,26100,3.392,129800,3.393,941500,3.394,197000,3.395,515900,3.396,114100,3.397,54600,3.398,116200,3.399,332100
2020-09-03 13:08:10.070,3.39,1700.0,3.395,3.402404,3.39,3.398,3.39,8300,3.389,154900,3.388,149700,3.387,150200,3.386,536500,3.385,554500,3.384,190000,3.383,1518200,3.382,787400,3.381,498700,3.391,26100,3.392,429800,3.393,641500,3.394,197000,3.395,515900,3.396,114100,3.397,54600,3.398,116200,3.399,332100,3.4,434900
2020-09-03 13:08:23.140,3.39,4200.0,3.395,3.402404,3.391,3.398,3.39,19700,3.389,64700,3.388,139900,3.387,343200,3.386,148500,3.385,854500,3.384,190000,3.383,1580300,3.382,725300,3.381,498800,3.391,26100,3.392,449800,3.393,548500,3.394,290000,3.395,454000,3.396,176000,3.397,54600,3.398,116200,3.399,332100,3.4,434900
2020-09-03 13:08:35.400,3.39,700.0,3.395,3.402404,3.39,3.398,3.39,30300,3.389,64700,3.388,139900,3.387,344200,3.386,448500,3.385,554500,3.384,190000,3.383,1580100,3.382,725300,3.381,498800,3.391,26100,3.392,499800,3.393,648500,3.394,257200,3.395,354000,3.396,176000,3.397,54600,3.398,116200,3.399,332100,3.4,434900
2020-09-03 13:08:37.900,3.391,10000.0,3.395,3.402403,3.39,3.398,3.39,30900,3.389,64700,3.388,139900,3.387,344200,3.386,449100,3.385,554500,3.384,190000,3.383,1580100,3.382,735300,3.381,498800,3.391,16100,3.392,479800,3.393,548500,3.394,257200,3.395,454000,3.396,176000,3.397,54600,3.398,116200,3.399,332100,3.4,434900
2020-09-03 13:08:40.200,3.39,3300.0,3.395,3.402403,3.391,3.398,3.39,67600,3.389,64700,3.388,139900,3.387,294200,3.386,249100,3.385,1204500,3.384,190000,3.383,1130100,3.382,735300,3.381,498800,3.391,16100,3.392,479800,3.393,98500,3.394,257200,3.395,804000,3.396,276000,3.397,54600,3.398,116200,3.399,332100,3.4,434900
2020-09-03 13:08:50.890,3.39,58500.0,3.395,3.402399,3.391,3.398,3.39,39100,3.389,64700,3.388,139900,3.387,294200,3.386,149100,3.385,1304500,3.384,190000,3.383,1155000,3.382,735300,3.381,498800,3.391,316100,3.392,199800,3.393,98500,3.394,257200,3.395,904000,3.396,176000,3.397,54600,3.398,116200,3.399,332100,3.4,434900
2020-09-03 13:08:56.900,3.39,2000.0,3.395,3.402399,3.391,3.398,3.39,127300,3.389,164700,3.388,49700,3.387,490700,3.386,149100,3.385,1004500,3.384,190000,3.383,1155000,3.382,735300,3.381,468800,3.391,16100,3.392,179800,3.393,398500,3.394,157200,3.395,904000,3.396,276000,3.397,54600,3.398,116200,3.399,332100,3.4,434900
2020-09-03 13:09:00.500,3.391,4300.0,3.395,3.402399,3.391,3.398,3.39,127300,3.389,134200,3.388,349700,3.387,97700,3.386,149100,3.385,1004500,3.384,190000,3.383,1155000,3.382,735300,3.381,468800,3.391,11800,3.392,179800,3.393,98500,3.394,364200,3.395,804000,3.396,276000,3.397,154600,3.398,116200,3.399,332100,3.4,434900
2020-09-03 13:09:15.210,3.39,48500.0,3.395,3.402395,3.391,3.398,3.389,34200,3.388,49700,3.387,97700,3.386,249100,3.385,904100,3.384,490000,3.383,1154500,3.382,735300,3.381,478800,3.38,1268600,3.39,327800,3.391,59600,3.392,199800,3.393,98500,3.394,64200,3.395,704000,3.396,276000,3.397,54600,3.398,116200,3.399,332100
2020-09-03 13:09:17.190,3.39,600.0,3.395,3.402395,3.391,3.398,3.389,34200,3.388,50700,3.387,280900,3.386,249100,3.385,1004100,3.384,195000,3.383,1394900,3.382,797400,3.381,478800,3.38,1268600,3.39,256000,3.391,109600,3.392,299800,3.393,98500,3.394,157200,3.395,865900,3.396,114100,3.397,54600,3.398,116200,3.399,332100
2020-09-03 13:09:29.040,3.389,2000.0,3.395,3.402395,3.39,3.398,3.389,42400,3.388,150900,3.387,197700,3.386,149100,3.385,1304100,3.384,195000,3.383,1094900,3.382,797400,3.381,478800,3.38,1268600,3.391,389600,3.392,199800,3.393,198500,3.394,164200,3.395,804000,3.396,176000,3.397,54600,3.398,116200,3.399,332100,3.4,434900
2020-09-03 13:09:30.490,3.39,4200.0,3.395,3.402395,3.39,3.398,3.389,62400,3.388,150900,3.387,197700,3.386,242100,3.385,917100,3.384,595000,3.383,1094900,3.382,797400,3.381,478800,3.38,1268600,3.39,295800,3.391,89600,3.392,199800,3.393,198500,3.394,357200,3.395,704000,3.396,176000,3.397,54600,3.398,116200,3.399,332100
2020-09-03 13:09:39.540,3.389,5000.0,3.395,3.402394,3.391,3.398,3.389,58800,3.388,115700,3.387,187900,3.386,342400,3.385,1017100,3.384,496000,3.383,1094900,3.382,797400,3.381,478800,3.38,1268600,3.39,295800,3.391,89600,3.392,199800,3.393,198500,3.394,257200,3.395,865900,3.396,114100,3.397,54600,3.398,116500,3.399,337900
2020-09-03 13:09:43.820,3.389,59100.0,3.395,3.40239,3.391,3.398,3.388,115700,3.387,97700,3.386,332700,3.385,1017100,3.384,296000,3.383,1394900,3.382,797400,3.381,478800,3.38,1268600,3.379,65700,3.39,300000,3.391,134600,3.392,299800,3.393,291500,3.394,164200,3.395,765900,3.396,114100,3.397,54600,3.398,116500,3.399,337900
2020-09-03 13:09:50.610,3.389,100.0,3.395,3.40239,3.39,3.398,3.388,115800,3.387,97700,3.386,332700,3.385,1017100,3.384,296000,3.383,1394900,3.382,735300,3.381,541000,3.38,1268600,3.379,65700,3.389,299900,3.391,134600,3.392,299800,3.393,291500,3.394,164200,3.395,765900,3.396,114100,3.397,54600,3.398,116500,3.399,337900
2020-09-03 13:09:59.280,3.389,1000.0,3.395,3.40239,3.39,3.398,3.388,115100,3.387,102700,3.386,149500,3.385,1013100,3.384,596000,3.383,1094900,3.382,735300,3.381,541000,3.38,1268700,3.379,65700,3.389,49000,3.39,300000,3.391,114600,3.392,179800,3.393,291500,3.394,326100,3.395,704000,3.396,114100,3.397,54600,3.398,116500
2020-09-03 13:10:08.030,3.389,100.0,3.395,3.40239,3.39,3.398,3.388,110100,3.387,182900,3.386,249500,3.385,1024100,3.384,599000,3.383,1094900,3.382,735300,3.381,541000,3.38,1268700,3.379,65700,3.389,48900,3.39,300000,3.391,114600,3.392,179800,3.393,291500,3.394,326100,3.395,704000,3.396,114100,3.397,54600,3.398,116500
2020-09-03 13:10:14.860,3.389,11900.0,3.395,3.402389,3.39,3.398,3.388,120100,3.387,182900,3.386,249500,3.385,1024100,3.384,599000,3.383,1094900,3.382,735300,3.381,541000,3.38,1268700,3.379,65700,3.389,37000,3.39,300000,3.391,114600,3.392,272800,3.393,198500,3.394,326100,3.395,704000,3.396,114100,3.397,54600,3.398,116500
2020-09-03 13:10:18.660,3.389,30500.0,3.395,3.402387,3.39,3.398,3.388,120100,3.387,182900,3.386,249500,3.385,1024100,3.384,599000,3.383,1094900,3.382,735300,3.381,541000,3.38,1268700,3.379,65700,3.389,6500,3.391,414600,3.392,272800,3.393,198500,3.394,326100,3.395,704000,3.396,114100,3.397,54600,3.398,116500,3.399,337900
2020-09-03 13:10:21.100,3.389,6500.0,3.395,3.402387,3.391,3.398,3.39,90200,3.389,93500,3.388,150700,3.387,162700,3.386,449500,3.385,1024100,3.384,299000,3.383,1094900,3.382,735300,3.381,541000,3.391,114600,3.392,572800,3.393,98500,3.394,326100,3.395,804000,3.396,114100,3.397,54600,3.398,116500,3.399,337900,3.4,434900
2020-09-03 13:10:21.710,3.391,4300.0,3.395,3.402386,3.391,3.398,3.389,83700,3.388,256400,3.387,92700,3.386,149500,3.385,931100,3.384,599000,3.383,1157000,3.382,735300,3.381,478800,3.38,1268700,3.391,410300,3.392,199800,3.393,98500,3.394,264200,3.395,704000,3.396,176000,3.397,54600,3.398,116500,3.399,337900,3.4,434900
2020-09-03 13:10:41.200,3.39,100.0,3.395,3.402386,3.391,3.398,3.39,4100,3.389,2100,3.388,270500,3.387,285700,3.386,249500,3.385,1231100,3.384,199000,3.383,1160000,3.382,737300,3.381,478800,3.391,460400,3.392,199800,3.393,198500,3.394,257200,3.395,704000,3.396,276000,3.397,54600,3.398,116500,3.399,337900,3.4,434900
2020-09-03 13:10:47.550,3.39,30300.0,3.395,3.4023839999999996,3.391,3.398,3.389,3100,3.388,300400,3.387,285700,3.386,149500,3.385,1031100,3.384,499000,3.383,1160000,3.382,737300,3.381,478800,3.38,1269700,3.39,269700,3.391,160400,3.392,192600,3.393,198500,3.394,257200,3.395,804000,3.396,176000,3.397,54600,3.398,116500,3.399,337900
2020-09-03 13:10:53.200,3.389,3100.0,3.395,3.4023839999999996,3.391,3.398,3.388,216700,3.387,176400,3.386,342500,3.385,1031100,3.384,499000,3.383,1097900,3.382,799400,3.381,478800,3.38,1276000,3.379,65700,3.389,296900,3.39,70000,3.391,180400,3.392,292600,3.393,291500,3.394,64200,3.395,865900,3.396,114100,3.397,54600,3.398,116500
2020-09-03 13:11:01.230,3.388,23300.0,3.395,3.402382,3.391,3.398,3.388,217700,3.387,176400,3.386,342500,3.385,931100,3.384,599000,3.383,1097900,3.382,799400,3.381,478800,3.38,1276000,3.379,65700,3.39,370000,3.391,162400,3.392,172600,3.393,291500,3.394,264200,3.395,765900,3.396,114100,3.397,54600,3.398,116500,3.399,337900
2020-09-03 13:11:04.520,3.39,1800.0,3.395,3.402382,3.391,3.398,3.388,217700,3.387,176400,3.386,249500,3.385,1231300,3.384,199000,3.383,1197900,3.382,737300,3.381,541000,3.38,1276000,3.379,65700,3.39,68200,3.391,462400,3.392,172600,3.393,298500,3.394,164200,3.395,765900,3.396,115100,3.397,54600,3.398,116500,3.399,337900
2020-09-03 13:11:20.170,3.388,1700.0,3.395,3.402382,3.39,3.398,3.388,216000,3.387,176400,3.386,251500,3.385,1031300,3.384,499000,3.383,1097900,3.382,737300,3.381,541000,3.38,1273000,3.379,65700,3.389,300200,3.39,75400,3.391,182400,3.392,272600,3.393,198500,3.394,126100,3.395,804000,3.396,115100,3.397,54600,3.398,176500
2020-09-03 13:11:27.560,3.388,1000.0,3.395,3.402382,3.39,3.398,3.388,215000,3.387,92700,3.386,235200,3.385,1124200,3.384,499000,3.383,1196700,3.382,737300,3.381,541000,3.38,1273000,3.379,65700,3.389,200,3.39,375400,3.391,182400,3.392,365600,3.393,298500,3.394,126100,3.395,704000,3.396,115100,3.397,54600,3.398,176500
2020-09-03 13:11:28.700,3.389,200.0,3.395,3.402382,3.39,3.398,3.389,14000,3.388,215000,3.387,92700,3.386,235200,3.385,1129200,3.384,499000,3.383,1196700,3.382,737300,3.381,541000,3.38,1273000,3.39,375400,3.391,182400,3.392,365600,3.393,298500,3.394,126100,3.395,704000,3.396,115100,3.397,54600,3.398,176500,3.399,337900
2020-09-03 13:11:31.570,3.39,100.0,3.395,3.402382,3.389,3.398,3.389,14000,3.388,215000,3.387,92700,3.386,240200,3.385,1129200,3.384,599000,3.383,1096700,3.382,799400,3.381,478800,3.38,1273000,3.39,375300,3.391,182400,3.392,365600,3.393,198500,3.394,164200,3.395,765900,3.396,115100,3.397,54600,3.398,176500,3.399,337900
2020-09-03 13:11:36.540,3.389,5900.0,3.395,3.4023809999999997,3.39,3.398,3.389,8400,3.388,219100,3.387,92700,3.386,333200,3.385,1136200,3.384,499000,3.383,1096700,3.382,799400,3.381,478800,3.38,1273000,3.39,375300,3.391,182400,3.392,272600,3.393,291500,3.394,64200,3.395,865900,3.396,115100,3.397,54600,3.398,176500,3.399,337900
2020-09-03 13:11:37.630,3.389,8400.0,3.395,3.4023809999999997,3.39,3.398,3.388,219100,3.387,92700,3.386,333200,3.385,1036200,3.384,299000,3.383,1096700,3.382,1099400,3.381,478800,3.38,1273000,3.379,65700,3.389,492600,3.39,80300,3.391,182400,3.392,272600,3.393,291500,3.394,164200,3.395,765900,3.396,115100,3.397,54600,3.398,176500
2020-09-03 13:11:57.020,3.389,200.0,3.395,3.4023809999999997,3.39,3.398,3.388,219000,3.387,176300,3.386,276500,3.385,1038500,3.384,589000,3.383,1097700,3.382,737300,3.381,541000,3.38,1273100,3.379,65700,3.389,192500,3.39,385300,3.391,182400,3.392,265600,3.393,198500,3.394,326100,3.395,704000,3.396,115100,3.397,54600,3.398,176500
2020-09-03 13:11:57.970,3.389,30500.0,3.395,3.4023790000000003,3.39,3.398,3.388,223300,3.387,176300,3.386,276700,3.385,1038500,3.384,589000,3.383,1097700,3.382,737300,3.381,541000,3.38,1273100,3.379,65700,3.389,162000,3.39,385300,3.391,162400,3.392,265600,3.393,198500,3.394,326100,3.395,704000,3.396,115100,3.397,54600,3.398,176500
2020-09-03 13:12:05.870,3.388,2400.0,3.395,3.4023779999999997,3.39,3.398,3.388,221300,3.387,166300,3.386,276700,3.385,1038500,3.384,289000,3.383,1097700,3.382,1037300,3.381,541000,3.38,1273100,3.379,65700,3.389,461600,3.39,85300,3.391,162400,3.392,265600,3.393,198500,3.394,326100,3.395,704000,3.396,115100,3.397,54600,3.398,176500
2020-09-03 13:12:09.220,3.389,5000.0,3.395,3.4023779999999997,3.39,3.398,3.388,221300,3.387,166300,3.386,276700,3.385,1038700,3.384,489000,3.383,1197700,3.382,737300,3.381,506800,3.38,1273100,3.379,65700,3.389,156600,3.39,385300,3.391,162400,3.392,265600,3.393,298500,3.394,226100,3.395,704000,3.396,115100,3.397,54600,3.398,176500
2020-09-03 13:12:21.160,3.389,20100.0,3.395,3.4023769999999995,3.39,3.398,3.388,221300,3.387,166300,3.386,276700,3.385,1042500,3.384,290500,3.383,1397700,3.382,737300,3.381,506800,3.38,1273100,3.379,65700,3.389,436500,3.39,115200,3.391,162400,3.392,267700,3.393,198500,3.394,326100,3.395,704000,3.396,115100,3.397,54600,3.398,176500
2020-09-03 13:12:26.240,3.389,10000.0,3.395,3.4023760000000003,3.39,3.398,3.388,221300,3.387,166300,3.386,276100,3.385,1042500,3.384,291500,3.383,1397700,3.382,737300,3.381,506800,3.38,1273100,3.379,65700,3.389,426500,3.39,115200,3.391,162400,3.392,267700,3.393,198500,3.394,326100,3.395,704000,3.396,115100,3.397,54600,3.398,176500
2020-09-03 13:12:30.520,3.389,4200.0,3.395,3.4023760000000003,3.39,3.398,3.388,221300,3.387,166300,3.386,276100,3.385,949500,3.384,291500,3.383,1397700,3.382,737300,3.381,506800,3.38,1273100,3.379,65700,3.389,422300,3.39,115200,3.391,162400,3.392,174700,3.393,198500,3.394,326100,3.395,704000,3.396,115100,3.397,54600,3.398,176500
2020-09-03 13:12:31.170,3.389,100.0,3.395,3.4023760000000003,3.39,3.398,3.388,221300,3.387,166300,3.386,276100,3.385,1042500,3.384,291700,3.383,1397700,3.382,737300,3.381,506800,3.38,1273100,3.379,65700,3.389,422200,3.39,115200,3.391,162400,3.392,267700,3.393,198500,3.394,326100,3.395,704000,3.396,115100,3.397,54600,3.398,176500
2020-09-03 13:12:49.830,3.389,123900.0,3.395,3.402367,3.39,3.398,3.389,259800,3.388,321300,3.387,82600,3.386,181100,3.385,1047500,3.384,591700,3.383,1098100,3.382,737300,3.381,506800,3.38,1313100,3.39,415200,3.391,162400,3.392,272700,3.393,648600,3.394,326100,3.395,254000,3.396,115100,3.397,54600,3.398,176500,3.399,397900
2020-09-03 13:12:54.140,3.389,5600.0,3.395,3.4023660000000002,3.39,3.398,3.389,258500,3.388,317500,3.387,82600,3.386,181100,3.385,1347500,3.384,291700,3.383,1098100,3.382,799400,3.381,444600,3.38,1613100,3.39,110900,3.391,462400,3.392,272700,3.393,548600,3.394,264200,3.395,415900,3.396,115100,3.397,54600,3.398,176500,3.399,397900
2020-09-03 13:12:57.940,3.39,100.0,3.395,3.4023660000000002,3.39,3.398,3.389,174800,3.388,219500,3.387,82600,3.386,274100,3.385,954500,3.384,591700,3.383,1098100,3.382,799400,3.381,444600,3.38,1313100,3.39,410800,3.391,162400,3.392,179700,3.393,641600,3.394,264200,3.395,415900,3.396,115100,3.397,54600,3.398,176500,3.399,397900
2020-09-03 13:13:05.000,3.39,1700.0,3.395,3.4023660000000002,3.391,3.398,3.389,179100,3.388,303200,3.387,187600,3.386,274100,3.385,1354500,3.384,191700,3.383,1098100,3.382,799400,3.381,444600,3.38,1314100,3.39,109100,3.391,462400,3.392,179700,3.393,641600,3.394,164200,3.395,515900,3.396,115100,3.397,54600,3.398,176500,3.399,397900
2020-09-03 13:13:14.850,3.389,6000.0,3.395,3.4023660000000002,3.391,3.398,3.389,173100,3.388,303200,3.387,187600,3.386,727100,3.385,1056500,3.384,491700,3.383,1098100,3.382,799400,3.381,444600,3.38,1294100,3.39,409100,3.391,162400,3.392,179700,3.393,632900,3.394,164200,3.395,965900,3.396,115100,3.397,54600,3.398,176500,3.399,397900
2020-09-03 13:13:15.960,3.389,32600.0,3.395,3.402363,3.391,3.398,3.389,140500,3.388,302200,3.387,187600,3.386,727100,3.385,956500,3.384,591700,3.383,1098100,3.382,799400,3.381,444600,3.38,1294100,3.39,409100,3.391,162400,3.392,179700,3.393,182900,3.394,264200,3.395,865900,3.396,115100,3.397,54600,3.398,176500,3.399,397900
2020-09-03 13:13:21.250,3.389,140500.0,3.395,3.4023529999999997,3.391,3.398,3.388,218500,3.387,171300,3.386,827100,3.385,956500,3.384,291700,3.383,1398100,3.382,799400,3.381,444600,3.38,1294100,3.379,65700,3.389,161000,3.39,109100,3.391,182400,3.392,179700,3.393,282800,3.394,264200,3.395,765900,3.396,115100,3.397,54600,3.398,176500
2020-09-03 13:13:22.190,3.389,400.0,3.395,3.4023529999999997,3.391,3.398,3.388,218500,3.387,171300,3.386,837100,3.385,956500,3.384,291700,3.383,1398100,3.382,737300,3.381,506800,3.38,1294100,3.379,65700,3.389,1500,3.39,417800,3.391,182400,3.392,179700,3.393,282800,3.394,326100,3.395,704000,3.396,115100,3.397,54600,3.398,176500
2020-09-03 13:13:35.160,3.389,6200.0,3.395,3.4023529999999997,3.39,3.398,3.388,238500,3.387,171300,3.386,294100,3.385,1056200,3.384,591700,3.383,1098100,3.382,799400,3.381,444600,3.38,1294100,3.379,65700,3.389,24800,3.39,417800,3.391,192700,3.392,272700,3.393,189800,3.394,714200,3.395,315900,3.396,115100,3.397,54600,3.398,176500
2020-09-03 13:13:37.020,3.389,1000.0,3.395,3.4023529999999997,3.39,3.398,3.388,237800,3.387,171300,3.386,294100,3.385,1056200,3.384,591700,3.383,1108100,3.382,737300,3.381,506800,3.38,1293100,3.379,65700,3.389,24500,3.39,417800,3.391,192700,3.392,272700,3.393,189800,3.394,776100,3.395,254000,3.396,115100,3.397,54600,3.398,176500
2020-09-03 13:13:41.050,3.389,10000.0,3.395,3.4023519999999996,3.39,3.398,3.388,237800,3.387,171300,3.386,294100,3.385,963200,3.384,591700,3.383,1108100,3.382,737300,3.381,506800,3.38,1299100,3.379,65700,3.389,14500,3.39,417800,3.391,192700,3.392,179700,3.393,189800,3.394,776100,3.395,254000,3.396,115100,3.397,54600,3.398,176500
2020-09-03 13:13:57.340,3.389,1000.0,3.395,3.4023519999999996,3.39,3.398,3.388,237800,3.387,171300,3.386,291100,3.385,1056200,3.384,591700,3.383,1126100,3.382,737300,3.381,506800,3.38,1300100,3.379,65700,3.389,13500,3.39,110600,3.391,492700,3.392,272700,3.393,183800,3.394,776100,3.395,254000,3.396,115100,3.397,54600,3.398,176500
2020-09-03 13:13:58.360,3.389,2000.0,3.395,3.4023519999999996,3.39,3.398,3.388,237900,3.387,171300,3.386,291100,3.385,1056200,3.384,591700,3.383,1126100,3.382,737300,3.381,506800,3.38,1314800,3.379,65700,3.389,11500,3.39,110600,3.391,492700,3.392,272700,3.393,183800,3.394,776100,3.395,254000,3.396,115100,3.397,54600,3.398,176500
2020-09-03 13:14:00.500,3.389,4300.0,3.395,3.4023510000000003,3.39,3.398,3.388,237900,3.387,171300,3.386,291100,3.385,1056200,3.384,591700,3.383,1126100,3.382,737300,3.381,506800,3.38,1314800,3.379,65700,3.389,7200,3.39,410600,3.391,192700,3.392,272700,3.393,183800,3.394,776100,3.395,270000,3.396,115100,3.397,54600,3.398,176500
2020-09-03 13:14:08.500,3.388,60000.0,3.395,3.4023470000000002,3.39,3.398,3.388,177900,3.387,171300,3.386,291100,3.385,963200,3.384,591700,3.383,1126100,3.382,737300,3.381,506800,3.38,1314800,3.379,65700,3.389,7200,3.39,410600,3.391,192700,3.392,279700,3.393,168700,3.394,676100,3.395,270000,3.396,115100,3.397,54600,3.398,176500
2020-09-03 13:14:10.900,3.388,8100.0,3.395,3.402346,3.39,3.398,3.388,169800,3.387,171300,3.386,291100,3.385,1056200,3.384,191700,3.383,1526100,3.382,737300,3.381,506800,3.38,1314800,3.379,65700,3.389,7200,3.39,410600,3.391,192700,3.392,372700,3.393,268700,3.394,576100,3.395,270000,3.396,115100,3.397,54600,3.398,176500
2020-09-03 13:14:13.510,3.389,15200.0,3.395,3.4023449999999995,3.39,3.398,3.388,154700,3.387,170300,3.386,291100,3.385,1056200,3.384,191700,3.383,1526100,3.382,737300,3.381,506800,3.38,1314800,3.379,65700,3.389,314300,3.39,121900,3.391,192700,3.392,372700,3.393,268700,3.394,576100,3.395,270100,3.396,115100,3.397,54600,3.398,176500
2020-09-03 13:14:17.410,3.388,2500.0,3.395,3.4023449999999995,3.39,3.398,3.388,154100,3.387,86600,3.386,274800,3.385,1156200,3.384,291700,3.383,1426100,3.382,737300,3.381,506800,3.38,1314800,3.379,65700,3.389,312300,3.39,121900,3.391,192700,3.392,372700,3.393,168700,3.394,676100,3.395,270100,3.396,115100,3.397,54600,3.398,176500
2020-09-03 13:14:24.440,3.388,18700.0,3.395,3.402343,3.39,3.398,3.388,135400,3.387,170300,3.386,291100,3.385,1056200,3.384,491700,3.383,1226100,3.382,737300,3.381,506800,3.38,1314800,3.379,65700,3.389,16200,3.39,401900,3.391,192700,3.392,372700,3.393,268700,3.394,576100,3.395,270100,3.396,115100,3.397,54600,3.398,176500
2020-09-03 13:14:27.290,3.388,3000.0,3.395,3.402343,3.39,3.398,3.388,132400,3.387,86600,3.386,191100,3.385,1056200,3.384,191700,3.383,1526100,3.382,737300,3.381,506800,3.38,1314800,3.379,65700,3.389,316200,3.39,121900,3.391,192700,3.392,372700,3.393,268700,3.394,576100,3.395,270100,3.396,115100,3.397,54600,3.398,176500
2020-09-03 13:14:39.120,3.388,18800.0,3.395,3.4023410000000003,3.389,3.398,3.388,117800,3.387,86600,3.386,267900,3.385,706200,3.384,191700,3.383,1976100,3.382,737300,3.381,506800,3.38,1314900,3.379,65700,3.389,316200,3.39,121900,3.391,192700,3.392,372700,3.393,718700,3.394,126100,3.395,270100,3.396,115100,3.397,54600,3.398,176500
2020-09-03 13:14:46.850,3.388,6000.0,3.395,3.4023410000000003,3.389,3.398,3.388,111800,3.387,86600,3.386,267900,3.385,706200,3.384,191700,3.383,1976100,3.382,737300,3.381,506800,3.38,1314900,3.379,65700,3.389,316200,3.39,121900,3.391,192700,3.392,372700,3.393,718700,3.394,126100,3.395,270100,3.396,115100,3.397,54600,3.398,176500
2020-09-03 13:14:49.170,3.388,112000.0,3.395,3.402332,3.389,3.398,3.387,86600,3.386,267900,3.385,706200,3.384,191700,3.383,1676100,3.382,1037300,3.381,506800,3.38,1314900,3.379,65700,3.378,194600,3.388,188000,3.389,16200,3.39,121900,3.391,192700,3.392,372700,3.393,618700,3.394,126100,3.395,270100,3.396,115100,3.397,54600
2020-09-03 13:14:52.960,3.388,2500.0,3.395,3.402332,3.389,3.398,3.388,500,3.387,86600,3.386,267900,3.385,613200,3.384,284700,3.383,1676100,3.382,1037300,3.381,444600,3.38,1377100,3.379,65700,3.389,316200,3.39,121900,3.391,365700,3.392,279700,3.393,680600,3.394,64200,3.395,270100,3.396,115100,3.397,54600,3.398,176500
2020-09-03 13:14:53.640,3.388,700.0,3.395,3.402332,3.389,3.398,3.387,86600,3.386,267900,3.385,615800,3.384,284700,3.383,1976100,3.382,737300,3.381,506800,3.38,1314900,3.379,65700,3.378,194600,3.388,5500,3.389,326200,3.39,123900,3.391,365700,3.392,279700,3.393,618700,3.394,126100,3.395,270100,3.396,115100,3.397,54600
2020-09-03 13:14:56.280,3.389,11300.0,3.395,3.4023309999999998,3.389,3.398,3.387,86600,3.386,267900,3.385,615800,3.384,284700,3.383,1976100,3.382,737300,3.381,444600,3.38,1377100,3.379,65700,3.378,194600,3.389,320400,3.39,123900,3.391,365700,3.392,279700,3.393,680600,3.394,64200,3.395,270100,3.396,115100,3.397,54600,3.398,176500
2020-09-03 13:15:07.450,3.388,4500.0,3.395,3.4023309999999998,3.389,3.398,3.387,286600,3.386,267900,3.385,713800,3.384,291700,3.383,1576100,3.382,1037300,3.381,506800,3.38,1314900,3.379,65700,3.378,194600,3.388,295500,3.389,40400,3.39,123900,3.391,272700,3.392,372700,3.393,518700,3.394,226100,3.395,270100,3.396,115100,3.397,54600
2020-09-03 13:15:09.980,3.388,100.0,3.395,3.4023309999999998,3.389,3.398,3.387,286600,3.386,182200,3.385,697500,3.384,291700,3.383,1676100,3.382,1037300,3.381,474600,3.38,1377100,3.379,65700,3.378,194600,3.388,295400,3.389,40400,3.39,123900,3.391,272700,3.392,372700,3.393,680600,3.394,64200,3.395,270100,3.396,115100,3.397,54600
2020-09-03 13:15:10.920,3.388,2000.0,3.395,3.4023309999999998,3.389,3.398,3.387,286600,3.386,182200,3.385,697500,3.384,291700,3.383,1676100,3.382,1037300,3.381,474600,3.38,1377100,3.379,66200,3.378,194600,3.388,293400,3.389,40400,3.39,123900,3.391,272700,3.392,372700,3.393,680600,3.394,64200,3.395,270100,3.396,115100,3.397,54600
2020-09-03 13:15:16.450,3.387,900.0,3.395,3.4023309999999998,3.389,3.398,3.387,285800,3.386,179900,3.385,604500,3.384,384700,3.383,1676100,3.382,1037300,3.381,474600,3.38,1377100,3.379,66200,3.378,194600,3.388,293300,3.389,40400,3.39,123900,3.391,365700,3.392,279700,3.393,680600,3.394,64200,3.395,270100,3.396,115100,3.397,54600
2020-09-03 13:15:19.170,3.387,286500.0,3.395,3.402307,3.388,3.398,3.386,184900,3.385,604500,3.384,384700,3.383,1576100,3.382,1137300,3.381,474600,3.38,1377100,3.379,66200,3.378,194600,3.377,61100,3.387,19200,3.388,294600,3.389,50400,3.39,123900,3.391,365700,3.392,379700,3.393,580600,3.394,64200,3.395,270100,3.396,115100
2020-09-03 13:15:19.820,3.387,200.0,3.395,3.402307,3.388,3.398,3.386,184900,3.385,596500,3.384,384700,3.383,1576100,3.382,837300,3.381,774600,3.38,1315900,3.379,128400,3.378,194600,3.377,61100,3.387,19000,3.388,312600,3.389,50400,3.39,103900,3.391,365700,3.392,441700,3.393,518700,3.394,64200,3.395,270100,3.396,115100
2020-09-03 13:15:26.360,3.387,5000.0,3.395,3.402307,3.388,3.398,3.386,184900,3.385,596500,3.384,291700,3.383,1576100,3.382,837300,3.381,774600,3.38,1315900,3.379,128400,3.378,194600,3.377,61100,3.387,314000,3.388,20000,3.389,150400,3.39,103900,3.391,272700,3.392,341700,3.393,518700,3.394,64200,3.395,270100,3.396,115100
2020-09-03 13:15:30.530,3.387,12700.0,3.395,3.402305,3.388,3.398,3.386,186300,3.385,598000,3.384,291700,3.383,1670100,3.382,837300,3.381,774600,3.38,1315900,3.379,128400,3.378,194600,3.377,61100,3.387,312900,3.388,20000,3.389,150400,3.39,196900,3.391,272700,3.392,341700,3.393,518700,3.394,64200,3.395,270100,3.396,115100
2020-09-03 13:15:34.980,3.386,3000.0,3.395,3.402305,3.388,3.398,3.386,183300,3.385,598000,3.384,295700,3.383,1673100,3.382,837300,3.381,774600,3.38,1325900,3.379,128400,3.378,194600,3.377,61100,3.387,312900,3.388,20000,3.389,50400,3.39,296900,3.391,272700,3.392,341700,3.393,518700,3.394,64200,3.395,270100,3.396,115100
2020-09-03 13:15:35.850,3.387,200.0,3.395,3.402305,3.388,3.398,3.386,183300,3.385,598000,3.384,295700,3.383,1673100,3.382,1037300,3.381,574600,3.38,1325900,3.379,128400,3.378,194600,3.377,61100,3.387,12700,3.388,320000,3.389,50400,3.39,296900,3.391,372700,3.392,241700,3.393,518700,3.394,64200,3.395,270100,3.396,115100
2020-09-03 13:15:46.240,3.387,54000.0,3.395,3.4023,3.388,3.398,3.386,142900,3.385,598000,3.384,295700,3.383,1580100,3.382,837300,3.381,774600,3.38,1325900,3.379,128400,3.378,194600,3.377,61100,3.387,3200,3.388,320000,3.389,50400,3.39,203900,3.391,722700,3.392,341700,3.393,68700,3.394,64200,3.395,271400,3.396,115100
2020-09-03 13:15:48.840,3.387,100.0,3.395,3.4023,3.388,3.398,3.386,143900,3.385,598000,3.384,295700,3.383,1670100,3.382,1137300,3.381,474600,3.38,1325900,3.379,128400,3.378,194600,3.377,61100,3.387,3100,3.388,320000,3.389,50400,3.39,299300,3.391,722700,3.392,341700,3.393,68700,3.394,64200,3.395,271400,3.396,115100
2020-09-03 13:15:54.930,3.386,4000.0,3.395,3.4023,3.388,3.398,3.386,140000,3.385,598000,3.384,306700,3.383,1670100,3.382,837300,3.381,775100,3.38,1325900,3.379,128400,3.378,194600,3.377,61100,3.387,303100,3.388,44000,3.389,50400,3.39,299300,3.391,722700,3.392,341700,3.393,68700,3.394,64200,3.395,271400,3.396,115100
2020-09-03 13:15:57.410,3.387,2200.0,3.395,3.4023,3.388,3.398,3.386,138400,3.385,598000,3.384,306700,3.383,1670100,3.382,737300,3.381,875100,3.38,1325900,3.379,128400,3.378,194600,3.377,61100,3.387,302500,3.388,44000,3.389,50400,3.39,299300,3.391,822700,3.392,241700,3.393,68700,3.394,64200,3.395,271400,3.396,115100
2020-09-03 13:16:01.310,3.386,149000.0,3.395,3.4022870000000003,3.388,3.398,3.385,514300,3.384,206700,3.383,1577100,3.382,837300,3.381,474100,3.38,1624600,3.379,128400,3.378,194600,3.377,61100,3.376,121700,3.386,259000,3.387,20000,3.388,144000,3.389,50400,3.39,206300,3.391,622700,3.392,341700,3.393,68700,3.394,64200,3.395,271400
2020-09-03 13:16:08.280,3.386,4000.0,3.395,3.4022870000000003,3.387,3.398,3.385,514300,3.384,206700,3.383,1210800,3.382,1380300,3.381,1024100,3.38,1624600,3.379,66200,3.378,256800,3.377,61100,3.376,122700,3.386,269100,3.387,20000,3.388,44000,3.389,128400,3.39,656300,3.391,784700,3.392,179700,3.393,68700,3.394,64200,3.395,271400
2020-09-03 13:16:12.400,3.385,29200.0,3.395,3.402284,3.387,3.398,3.385,485100,3.384,206700,3.383,1127100,3.382,1280300,3.381,1024100,3.38,1625100,3.379,66200,3.378,256800,3.377,61100,3.376,122700,3.386,124100,3.387,300000,3.388,44000,3.389,228400,3.39,656300,3.391,784700,3.392,179700,3.393,68700,3.394,64200,3.395,271400
2020-09-03 13:16:15.250,3.385,156900.0,3.395,3.4022690000000004,3.387,3.398,3.385,410200,3.384,306700,3.383,1127100,3.382,1487300,3.381,924100,3.38,1425100,3.379,66200,3.378,256800,3.377,61100,3.376,122700,3.386,124100,3.388,324000,3.389,35400,3.39,756300,3.391,784700,3.392,179700,3.393,68700,3.394,64200,3.395,271400,3.396,115100
2020-09-03 13:16:21.770,3.386,103600.0,3.395,3.40226,3.387,3.398,3.385,411200,3.384,306700,3.383,1127100,3.382,1580300,3.381,924100,3.38,1425100,3.379,66200,3.378,256800,3.377,61100,3.376,122700,3.386,19700,3.388,324000,3.389,128400,3.39,656300,3.391,784700,3.392,279700,3.393,68700,3.394,64200,3.395,271400,3.396,115100
2020-09-03 13:16:24.650,3.385,20000.0,3.395,3.4022580000000002,3.387,3.398,3.385,391200,3.384,306700,3.383,1427100,3.382,1280300,3.381,1024100,3.38,1325100,3.379,66200,3.378,256800,3.377,61100,3.376,422700,3.386,21400,3.388,24000,3.389,428400,3.39,556300,3.391,884700,3.392,279700,3.393,68700,3.394,64200,3.395,271400,3.396,115100
2020-09-03 13:16:25.750,3.386,26400.0,3.395,3.402256,3.387,3.398,3.386,24200,3.385,391200,3.384,306700,3.383,1127100,3.382,1270300,3.381,1224100,3.38,1425100,3.379,66200,3.378,256800,3.377,61100,3.387,300000,3.388,24000,3.389,128400,3.39,656300,3.391,784700,3.392,179700,3.393,68700,3.394,64200,3.395,271400,3.396,115100
2020-09-03 13:16:36.160,3.386,21300.0,3.395,3.402254,3.387,3.398,3.386,116600,3.385,391200,3.384,305700,3.383,1220100,3.382,1177300,3.381,1324100,3.38,1325100,3.379,128400,3.378,204600,3.377,61100,3.388,324000,3.389,55400,3.39,749300,3.391,822700,3.392,179700,3.393,130600,3.394,74200,3.395,271400,3.396,115100,3.397,54600
2020-09-03 13:16:37.920,3.386,6200.0,3.395,3.402254,3.387,3.398,3.386,110900,3.385,391200,3.384,305700,3.383,1220100,3.382,1477300,3.381,1024100,3.38,1325100,3.379,128400,3.378,204600,3.377,61100,3.387,300000,3.388,24000,3.389,45400,3.39,749300,3.391,822700,3.392,179700,3.393,130600,3.394,74200,3.395,271400,3.396,115100
2020-09-03 13:16:41.780,3.387,15000.0,3.395,3.402252,3.387,3.398,3.386,110900,3.385,391200,3.384,305700,3.383,1127100,3.382,1177300,3.381,1324100,3.38,1325100,3.379,128400,3.378,204600,3.377,61100,3.387,285000,3.388,24000,3.389,45400,3.39,656300,3.391,822700,3.392,241700,3.393,68700,3.394,74200,3.395,271400,3.396,115100
2020-09-03 13:16:48.980,3.386,10000.0,3.395,3.402251,3.387,3.398,3.386,102400,3.385,391700,3.384,316400,3.383,1220100,3.382,1577300,3.381,921100,3.38,1365100,3.379,128400,3.378,204600,3.377,61100,3.388,324000,3.389,45400,3.39,749300,3.391,722700,3.392,341700,3.393,68700,3.394,74200,3.395,271400,3.396,115100,3.397,54600
2020-09-03 13:16:56.500,3.386,4100.0,3.395,3.402251,3.387,3.398,3.386,197000,3.385,408000,3.384,216400,3.383,1427100,3.382,1177300,3.381,1021100,3.38,1365100,3.379,128400,3.378,204600,3.377,61100,3.388,24000,3.389,325400,3.39,556300,3.391,822700,3.392,279700,3.393,130600,3.394,74200,3.395,271400,3.396,115100,3.397,54600
2020-09-03 13:16:59.620,3.388,17500.0,3.395,3.40225,3.387,3.398,3.387,34800,3.386,231100,3.385,408600,3.384,216400,3.383,1517200,3.382,1177300,3.381,1021100,3.38,1365100,3.379,128400,3.378,204600,3.388,19600,3.389,325400,3.39,556300,3.391,815700,3.392,279700,3.393,230600,3.394,74200,3.395,271400,3.396,115100,3.397,54600
2020-09-03 13:17:02.880,3.388,10800.0,3.395,3.402249,3.387,3.398,3.387,28400,3.386,183600,3.385,408600,3.384,226400,3.383,1617200,3.382,1177300,3.381,921100,3.38,1427300,3.379,66200,3.378,204600,3.388,15200,3.389,328400,3.39,556300,3.391,715700,3.392,279700,3.393,330600,3.394,74200,3.395,271400,3.396,115100,3.397,54600
2020-09-03 13:17:05.010,3.388,1200.0,3.395,3.402249,3.387,3.398,3.387,28400,3.386,183600,3.385,408600,3.384,226400,3.383,1617200,3.382,1177300,3.381,921600,3.38,1427300,3.379,66200,3.378,204600,3.388,14000,3.389,328400,3.39,556300,3.391,815700,3.392,279700,3.393,230600,3.394,74200,3.395,271400,3.396,115100,3.397,54600
2020-09-03 13:17:08.590,3.387,1000.0,3.395,3.402249,3.387,3.398,3.387,32400,3.386,184600,3.385,408600,3.384,226400,3.383,1317300,3.382,1477300,3.381,921600,3.38,1427300,3.379,66200,3.378,204600,3.388,14000,3.389,328400,3.39,556300,3.391,815700,3.392,279700,3.393,230600,3.394,74200,3.395,271400,3.396,115100,3.397,54600
2020-09-03 13:17:12.160,3.387,400.0,3.395,3.402249,3.387,3.398,3.387,32000,3.386,184600,3.385,408000,3.384,319400,3.383,1124300,3.382,1577300,3.381,921600,3.38,1427300,3.379,66200,3.378,204600,3.388,314000,3.389,48400,3.39,556300,3.391,815700,3.392,379700,3.393,130600,3.394,74200,3.395,271400,3.396,115100,3.397,54600
2020-09-03 13:17:23.780,3.388,1500.0,3.395,3.402248,3.387,3.398,3.387,32500,3.386,188700,3.385,410900,3.384,226400,3.383,1120300,3.382,1577300,3.381,921600,3.38,1433300,3.379,66200,3.378,204600,3.388,308500,3.389,69400,3.39,556300,3.391,722700,3.392,379700,3.393,130600,3.394,74200,3.395,271400,3.396,115100,3.397,54600
2020-09-03 13:17:26.350,3.388,100.0,3.395,3.402248,3.387,3.398,3.387,32500,3.386,188800,3.385,428600,3.384,318900,3.383,1520300,3.382,1177300,3.381,921600,3.38,1433300,3.379,66200,3.378,204600,3.388,8400,3.389,349400,3.39,556300,3.391,815700,3.392,279700,3.393,230600,3.394,74200,3.395,271400,3.396,115100,3.397,54600
2020-09-03 13:17:27.400,3.387,5000.0,3.395,3.402248,3.387,3.398,3.387,27500,3.386,188800,3.385,429600,3.384,318900,3.383,1520300,3.382,1177300,3.381,921600,3.38,1433300,3.379,66200,3.378,204600,3.388,8400,3.389,349400,3.39,556300,3.391,815700,3.392,279700,3.393,230600,3.394,74200,3.395,271400,3.396,115100,3.397,54600
2020-09-03 13:17:49.610,3.388,29900.0,3.395,3.402246,3.387,3.398,3.388,53800,3.387,140500,3.386,117800,3.385,329600,3.384,624900,3.383,1120300,3.382,1277300,3.381,921600,3.38,1433300,3.379,66200,3.389,49400,3.39,829300,3.391,715700,3.392,379700,3.393,230600,3.394,74200,3.395,271400,3.396,115100,3.397,54600,3.398,196500
2020-09-03 13:17:51.020,3.389,8400.0,3.395,3.4022449999999997,3.387,3.398,3.388,53800,3.387,132100,3.386,117800,3.385,329600,3.384,539900,3.383,1220300,3.382,1177300,3.381,983800,3.38,1371100,3.379,66200,3.389,41000,3.39,829300,3.391,622700,3.392,279700,3.393,268700,3.394,136100,3.395,271400,3.396,115100,3.397,54600,3.398,196500
2020-09-03 13:18:00.470,3.388,5000.0,3.395,3.4022449999999997,3.387,3.398,3.388,2400,3.387,88200,3.386,217800,3.385,423300,3.384,339900,3.383,1421300,3.382,1177300,3.381,921600,3.38,1444300,3.379,66200,3.389,341000,3.39,549300,3.391,622700,3.392,372700,3.393,230600,3.394,174200,3.395,271400,3.396,115100,3.397,54600,3.398,196500
2020-09-03 13:18:04.480,3.389,1000.0,3.395,3.4022449999999997,3.387,3.398,3.388,2400,3.387,29100,3.386,117800,3.385,423300,3.384,239900,3.383,1521300,3.382,1177300,3.381,983800,3.38,1382100,3.379,66200,3.389,340000,3.39,549300,3.391,622700,3.392,372700,3.393,268700,3.394,136100,3.395,271400,3.396,115100,3.397,54600,3.398,196500
2020-09-03 13:18:12.660,3.389,200000.0,3.395,3.4022300000000003,3.387,3.398,3.388,22700,3.387,29100,3.386,176900,3.385,523300,3.384,339900,3.383,1421300,3.382,1177300,3.381,983800,3.38,1382100,3.379,66200,3.389,150200,3.39,588500,3.391,622700,3.392,372700,3.393,168700,3.394,236100,3.395,271400,3.396,115100,3.397,54600,3.398,196500
2020-09-03 13:18:17.040,3.388,43600.0,3.395,3.402227,3.387,3.398,3.387,29100,3.386,176900,3.385,523300,3.384,639900,3.383,1121300,3.382,1177300,3.381,983800,3.38,1382100,3.379,66200,3.378,214600,3.388,256400,3.389,10200,3.39,888500,3.391,622700,3.392,372700,3.393,168700,3.394,236100,3.395,271400,3.396,115100,3.397,54600
2020-09-03 13:18:21.410,3.388,1500.0,3.395,3.402227,3.387,3.398,3.387,29100,3.386,191900,3.385,730300,3.384,239900,3.383,1221300,3.382,1177300,3.381,921600,3.38,1444300,3.379,66200,3.378,214600,3.388,263800,3.389,10200,3.39,588500,3.391,922700,3.392,279700,3.393,330600,3.394,74200,3.395,271400,3.396,115100,3.397,54600
2020-09-03 13:18:22.790,3.388,10500.0,3.395,3.402226,3.387,3.398,3.387,29100,3.386,191900,3.385,730300,3.384,332900,3.383,1221300,3.382,1177300,3.381,921600,3.38,1444300,3.379,66200,3.378,214600,3.388,253300,3.389,10200,3.39,588500,3.391,1015700,3.392,279700,3.393,330600,3.394,74200,3.395,271400,3.396,115100,3.397,54600
2020-09-03 13:18:25.840,3.388,4400.0,3.395,3.402226,3.387,3.398,3.387,88200,3.386,234300,3.385,630300,3.384,362900,3.383,1221300,3.382,1177300,3.381,926600,3.38,1444300,3.379,66200,3.378,514600,3.388,256300,3.389,10200,3.39,568500,3.391,1015700,3.392,279700,3.393,330600,3.394,74200,3.395,271400,3.396,115100,3.397,54600
2020-09-03 13:18:29.330,3.387,100.0,3.395,3.402226,3.387,3.398,3.387,88100,3.386,234300,3.385,680300,3.384,362900,3.383,1221300,3.382,1177300,3.381,926600,3.38,1444300,3.379,66200,3.378,214600,3.388,256300,3.389,10200,3.39,568500,3.391,1015700,3.392,279700,3.393,330600,3.394,74200,3.395,271400,3.396,115100,3.397,54600
2020-09-03 13:18:33.100,3.387,4400.0,3.395,3.402225,3.387,3.398,3.387,94000,3.386,234300,3.385,680300,3.384,362900,3.383,1121300,3.382,1277300,3.381,926600,3.38,1444300,3.379,66200,3.378,214600,3.388,252000,3.389,10200,3.39,568500,3.391,1015700,3.392,379700,3.393,230600,3.394,74200,3.395,271400,3.396,115100,3.397,54600
2020-09-03 13:18:37.770,3.387,100.0,3.395,3.402225,3.388,3.398,3.387,93900,3.386,234300,3.385,680300,3.384,362900,3.383,1121300,3.382,1277300,3.381,926600,3.38,1434300,3.379,66200,3.378,214600,3.388,262000,3.389,310200,3.39,568500,3.391,1015700,3.392,379700,3.393,230600,3.394,74200,3.395,271400,3.396,115100,3.397,54600
2020-09-03 13:18:50.190,3.387,1400.0,3.395,3.402225,3.387,3.398,3.387,118800,3.386,334300,3.385,680300,3.384,367900,3.383,1123300,3.382,1277300,3.381,926600,3.38,1434300,3.379,66200,3.378,214600,3.388,262000,3.389,310200,3.39,568500,3.391,1015700,3.392,379700,3.393,230600,3.394,74200,3.395,271400,3.396,115100,3.397,54600
2020-09-03 13:18:53.680,3.387,8700.0,3.395,3.402225,3.388,3.398,3.387,118100,3.386,634300,3.385,380300,3.384,367900,3.383,1123300,3.382,1277300,3.381,926600,3.38,1434300,3.379,66200,3.378,514600,3.388,254000,3.389,310200,3.39,568500,3.391,1015700,3.392,279700,3.393,230600,3.394,74200,3.395,271400,3.396,115100,3.397,54600
2020-09-03 13:18:56.690,3.388,159200.0,3.395,3.4022129999999997,3.388,3.398,3.387,59000,3.386,534300,3.385,400300,3.384,367900,3.383,1123700,3.382,1277300,3.381,926600,3.38,1434300,3.379,66200,3.378,514600,3.388,84800,3.389,310200,3.39,568500,3.391,715700,3.392,579700,3.393,230600,3.394,74200,3.395,271400,3.396,115100,3.397,54600
2020-09-03 13:19:00.470,3.388,4300.0,3.395,3.4022120000000005,3.388,3.398,3.387,61000,3.386,699000,3.385,500300,3.384,367900,3.383,1228700,3.382,1177300,3.381,926600,3.38,1434300,3.379,66200,3.378,514600,3.388,80500,3.389,310200,3.39,568500,3.391,815700,3.392,479700,3.393,330600,3.394,74200,3.395,271400,3.396,115100,3.397,54600
2020-09-03 13:19:05.960,3.388,200.0,3.395,3.4022120000000005,3.388,3.398,3.387,107200,3.386,699000,3.385,500300,3.384,367900,3.383,1228700,3.382,1177300,3.381,926600,3.38,1434300,3.379,66200,3.378,214600,3.388,80300,3.389,310200,3.39,529300,3.391,715700,3.392,599300,3.393,332400,3.394,74200,3.395,271400,3.396,115100,3.397,54600
2020-09-03 13:19:09.790,3.388,30000.0,3.395,3.4022099999999997,3.388,3.398,3.387,107700,3.386,699000,3.385,500300,3.384,367900,3.383,1228700,3.382,1177300,3.381,926600,3.38,1434300,3.379,66200,3.378,514600,3.388,50300,3.389,310200,3.39,559300,3.391,715700,3.392,618900,3.393,332400,3.394,74200,3.395,271400,3.396,115100,3.397,54600
2020-09-03 13:19:15.560,3.388,500.0,3.395,3.4022099999999997,3.388,3.398,3.387,121100,3.386,699000,3.385,501300,3.384,367900,3.383,1678700,3.382,1177300,3.381,478600,3.38,1435300,3.379,66200,3.378,214600,3.388,74800,3.389,310200,3.39,109300,3.391,715700,3.392,618900,3.393,332400,3.394,74200,3.395,271400,3.396,115100,3.397,54600
2020-09-03 13:19:21.800,3.388,30000.0,3.395,3.4022080000000003,3.388,3.398,3.387,133300,3.386,699000,3.385,501300,3.384,367900,3.383,1688700,3.382,1177300,3.381,478600,3.38,1435300,3.379,66200,3.378,514600,3.388,46800,3.389,310200,3.39,109300,3.391,715700,3.392,618900,3.393,332400,3.394,74200,3.395,271400,3.396,115100,3.397,54600
2020-09-03 13:19:22.490,3.387,6000.0,3.395,3.4022069999999998,3.388,3.398,3.387,67300,3.386,399000,3.385,801300,3.384,367900,3.383,1688700,3.382,1177300,3.381,478600,3.38,1435300,3.379,66200,3.378,514600,3.388,47800,3.389,310200,3.39,209300,3.391,1015700,3.392,318900,3.393,232400,3.394,74200,3.395,271400,3.396,115100,3.397,54600
2020-09-03 13:19:30.470,3.388,4100.0,3.395,3.4022069999999998,3.388,3.398,3.387,67300,3.386,534200,3.385,401300,3.384,274900,3.383,1588700,3.382,1277300,3.381,478600,3.38,1435300,3.379,66200,3.378,214600,3.388,43700,3.389,310200,3.39,109300,3.391,1022700,3.392,318900,3.393,132400,3.394,74200,3.395,271400,3.396,115100,3.397,54600
2020-09-03 13:19:31.600,3.388,10000.0,3.395,3.4022059999999996,3.388,3.398,3.387,63900,3.386,234200,3.385,796000,3.384,465900,3.383,1688700,3.382,1177300,3.381,478600,3.38,1435300,3.379,69900,3.378,214600,3.388,33700,3.389,310200,3.39,209300,3.391,1115700,3.392,179700,3.393,232400,3.394,74200,3.395,271400,3.396,115100,3.397,54600
2020-09-03 13:19:36.090,3.388,2000.0,3.395,3.4022059999999996,3.388,3.398,3.387,64300,3.386,234200,3.385,796000,3.384,465900,3.383,1688700,3.382,1177300,3.381,478600,3.38,1435300,3.379,69900,3.378,214600,3.388,31700,3.389,310200,3.39,248500,3.391,1115700,3.392,179700,3.393,232400,3.394,74200,3.395,271400,3.396,115100,3.397,54600
2020-09-03 13:19:40.630,3.387,500.0,3.395,3.4022059999999996,3.388,3.398,3.387,63800,3.386,235200,3.385,796000,3.384,465900,3.383,1688700,3.382,1177300,3.381,478600,3.38,1435300,3.379,69900,3.378,214600,3.388,34000,3.389,310200,3.39,248500,3.391,1115700,3.392,179700,3.393,232400,3.394,74200,3.395,271400,3.396,115100,3.397,54600
2020-09-03 13:19:42.110,3.388,5400.0,3.395,3.4022050000000004,3.388,3.398,3.387,63800,3.386,236000,3.385,796000,3.384,465900,3.383,1588700,3.382,1277300,3.381,478600,3.38,1435300,3.379,69900,3.378,514600,3.388,28600,3.389,310200,3.39,248500,3.391,1115700,3.392,279700,3.393,132400,3.394,74200,3.395,271400,3.396,115100,3.397,54600
2020-09-03 13:19:51.450,3.388,28600.0,3.395,3.402203,3.388,3.398,3.388,278900,3.387,83800,3.386,660700,3.385,501300,3.384,365900,3.383,1688700,3.382,1177300,3.381,478600,3.38,1435400,3.379,69900,3.389,310200,3.39,109300,3.391,815700,3.392,618900,3.393,232400,3.394,74200,3.395,271400,3.396,115100,3.397,54600,3.398,167300
2020-09-03 13:19:52.690,3.388,2500.0,3.395,3.402203,3.389,3.398,3.388,276700,3.387,83800,3.386,665700,3.385,501300,3.384,365900,3.383,1688700,3.382,1177300,3.381,540800,3.38,1373200,3.379,69900,3.389,310200,3.39,109300,3.391,815700,3.392,618900,3.393,170500,3.394,136100,3.395,271400,3.396,115100,3.397,54600,3.398,167300
2020-09-03 13:19:56.460,3.388,2000.0,3.395,3.402203,3.389,3.398,3.388,275700,3.387,83800,3.386,635700,3.385,501300,3.384,273400,3.383,1688700,3.382,1177300,3.381,540800,3.38,1373200,3.379,69900,3.389,310200,3.39,109300,3.391,722700,3.392,618900,3.393,170500,3.394,136100,3.395,271400,3.396,115100,3.397,54600,3.398,167300
2020-09-03 13:20:00.710,3.389,20000.0,3.395,3.4022010000000003,3.388,3.398,3.388,280100,3.387,94300,3.386,335700,3.385,894300,3.384,273400,3.383,1688700,3.382,1177300,3.381,540800,3.38,1373200,3.379,369900,3.389,290200,3.39,109300,3.391,722700,3.392,711900,3.393,170500,3.394,136100,3.395,271400,3.396,115100,3.397,54600,3.398,167300
2020-09-03 13:20:10.840,3.389,2500.0,3.395,3.4022010000000003,3.389,3.398,3.388,282600,3.387,100400,3.386,531000,3.385,496900,3.384,373400,3.383,1588700,3.382,1174300,3.381,540800,3.38,1373200,3.379,369900,3.389,287700,3.39,109300,3.391,622700,3.392,711900,3.393,170500,3.394,236100,3.395,271400,3.396,117100,3.397,54600,3.398,167300
2020-09-03 13:20:12.570,3.389,94700.0,3.395,3.402195,3.389,3.398,3.388,452600,3.387,470400,3.386,231000,3.385,403900,3.384,373400,3.383,1588700,3.382,1174300,3.381,540800,3.38,1373200,3.379,369900,3.389,193000,3.39,109300,3.391,622700,3.392,218900,3.393,470500,3.394,336100,3.395,271400,3.396,117100,3.397,54600,3.398,167300
2020-09-03 13:20:16.540,3.388,21100.0,3.395,3.402193,3.39,3.398,3.388,402000,3.387,470400,3.386,228500,3.385,496900,3.384,373400,3.383,1588700,3.382,1174300,3.381,540800,3.38,1673200,3.379,69900,3.389,193000,3.39,109300,3.391,622700,3.392,311900,3.393,470500,3.394,336100,3.395,271400,3.396,117100,3.397,54600,3.398,167300
2020-09-03 13:20:19.450,3.389,3500.0,3.395,3.402193,3.389,3.398,3.388,402000,3.387,170400,3.386,528500,3.385,496900,3.384,723400,3.383,1238700,3.382,724300,3.381,540800,3.38,1673200,3.379,69900,3.389,189500,3.39,109300,3.391,172700,3.392,611900,3.393,720500,3.394,236100,3.395,273400,3.396,117100,3.397,54600,3.398,167300
2020-09-03 13:20:22.680,3.389,9300.0,3.395,3.402192,3.389,3.398,3.388,264100,3.387,135400,3.386,528500,3.385,496900,3.384,823400,3.383,1138700,3.382,724300,3.381,540800,3.38,1676200,3.379,69900,3.389,180200,3.39,109300,3.391,172700,3.392,611900,3.393,620500,3.394,336100,3.395,273400,3.396,117100,3.397,54600,3.398,167300
2020-09-03 13:20:25.670,3.389,35000.0,3.395,3.40219,3.389,3.398,3.388,321100,3.387,555500,3.386,228500,3.385,496900,3.384,823400,3.383,1138700,3.382,724300,3.381,540800,3.38,1676200,3.379,69900,3.389,145200,3.39,109300,3.391,172700,3.392,311900,3.393,920500,3.394,336100,3.395,273400,3.396,117100,3.397,54600,3.398,167300
2020-09-03 13:20:28.770,3.389,800.0,3.395,3.40219,3.389,3.398,3.388,336100,3.387,255500,3.386,528500,3.385,496900,3.384,823400,3.383,1138700,3.382,724300,3.381,540800,3.38,1376200,3.379,69900,3.389,144700,3.39,109300,3.391,172700,3.392,611900,3.393,620500,3.394,336100,3.395,273400,3.396,117100,3.397,54600,3.398,167300
2020-09-03 13:20:33.350,3.388,400.0,3.395,3.40219,3.389,3.398,3.388,324900,3.387,214600,3.386,628500,3.385,496900,3.384,823400,3.383,1138700,3.382,724300,3.381,540800,3.38,1376200,3.379,369900,3.389,144700,3.39,109300,3.391,172700,3.392,611900,3.393,620500,3.394,336100,3.395,273400,3.396,117100,3.397,54600,3.398,167300
2020-09-03 13:20:35.920,3.389,10000.0,3.395,3.402189,3.389,3.398,3.388,348600,3.387,214100,3.386,628500,3.385,496900,3.384,723400,3.383,1238700,3.382,724300,3.381,540800,3.38,1376200,3.379,369900,3.389,134700,3.39,109300,3.391,172700,3.392,611900,3.393,720500,3.394,236100,3.395,273400,3.396,117100,3.397,54600,3.398,167300
2020-09-03 13:20:45.460,3.389,3000.0,3.395,3.402189,3.39,3.398,3.388,358600,3.387,214100,3.386,628500,3.385,947300,3.384,823400,3.383,1138700,3.382,724300,3.381,540800,3.38,1376400,3.379,369900,3.389,146900,3.39,109300,3.391,192700,3.392,1061900,3.393,620500,3.394,336100,3.395,273400,3.396,117100,3.397,54600,3.398,167300
2020-09-03 13:20:48.150,3.389,10000.0,3.395,3.4021879999999998,3.39,3.398,3.388,359800,3.387,214100,3.386,628500,3.385,947300,3.384,823400,3.383,1158700,3.382,724300,3.381,540800,3.38,1376400,3.379,369900,3.389,136900,3.39,109300,3.391,192700,3.392,1061900,3.393,620500,3.394,336100,3.395,273400,3.396,117100,3.397,54600,3.398,167300
2020-09-03 13:21:00.720,3.389,7300.0,3.395,3.402187,3.39,3.398,3.388,469300,3.387,255000,3.386,528500,3.385,947300,3.384,823400,3.383,1158700,3.382,724300,3.381,540800,3.38,1676400,3.379,69900,3.389,138400,3.39,109300,3.391,192700,3.392,1022700,3.393,620500,3.394,375300,3.395,273400,3.396,117100,3.397,54600,3.398,147300
2020-09-03 13:21:09.780,3.389,37000.0,3.395,3.402185,3.39,3.398,3.388,476400,3.387,555000,3.386,232700,3.385,854300,3.384,823400,3.383,1158700,3.382,724300,3.381,540800,3.38,1377400,3.379,69900,3.389,108300,3.39,109300,3.391,192700,3.392,179700,3.393,920500,3.394,375300,3.395,273400,3.396,117100,3.397,54600,3.398,147300
2020-09-03 13:21:10.460,3.388,400.0,3.395,3.402185,3.39,3.398,3.388,476500,3.387,555000,3.386,232700,3.385,956200,3.384,823400,3.383,1158700,3.382,724300,3.381,540800,3.38,1677400,3.379,69900,3.389,108300,3.39,109300,3.391,192700,3.392,272700,3.393,920500,3.394,375300,3.395,273400,3.396,117100,3.397,54600,3.398,147300
2020-09-03 13:21:14.980,3.389,39100.0,3.395,3.402182,3.39,3.398,3.388,476500,3.387,555000,3.386,232700,3.385,956200,3.384,723400,3.383,1258700,3.382,724300,3.381,540800,3.38,1678400,3.379,69900,3.389,69200,3.39,109300,3.391,192700,3.392,272700,3.393,1020500,3.394,275300,3.395,273400,3.396,117100,3.397,54600,3.398,147300
2020-09-03 13:21:18.460,3.389,30000.0,3.395,3.4021800000000004,3.39,3.398,3.388,476500,3.387,557000,3.386,232700,3.385,956200,3.384,823400,3.383,1158700,3.382,724300,3.381,840800,3.38,1378400,3.379,69900,3.389,89200,3.39,109300,3.391,192700,3.392,272700,3.393,920500,3.394,375300,3.395,273400,3.396,117100,3.397,54600,3.398,147300
2020-09-03 13:21:21.230,3.389,84200.0,3.395,3.4021739999999996,3.39,3.398,3.388,504300,3.387,552900,3.386,232700,3.385,955900,3.384,823400,3.383,1158700,3.382,724300,3.381,840800,3.38,1378400,3.379,69900,3.389,7200,3.39,109300,3.391,192700,3.392,272700,3.393,920500,3.394,375300,3.395,273400,3.396,117100,3.397,54600,3.398,147300
2020-09-03 13:21:21.690,3.389,7200.0,3.395,3.4021730000000003,3.39,3.398,3.389,52800,3.388,742300,3.387,152900,3.386,232700,3.385,955900,3.384,823400,3.383,1160700,3.382,724300,3.381,840800,3.38,1377400,3.39,109300,3.391,192700,3.392,272700,3.393,520500,3.394,675300,3.395,373400,3.396,117100,3.397,54600,3.398,147300,3.399,387900
2020-09-03 13:21:25.220,3.389,69800.0,3.395,3.402169,3.39,3.398,3.389,220600,3.388,433700,3.387,452900,3.386,232700,3.385,961900,3.384,823400,3.383,1160700,3.382,786400,3.381,478600,3.38,1677400,3.39,41700,3.391,192700,3.392,272700,3.393,820500,3.394,313400,3.395,335300,3.396,117100,3.397,54600,3.398,147300,3.399,387900
2020-09-03 13:21:30.460,3.39,4100.0,3.395,3.402169,3.39,3.398,3.389,203600,3.388,373700,3.387,452900,3.386,232700,3.385,961900,3.384,823400,3.383,1160700,3.382,786400,3.381,478600,3.38,1677400,3.39,37600,3.391,192700,3.392,272700,3.393,820500,3.394,213400,3.395,335300,3.396,117100,3.397,54600,3.398,147300,3.399,387900
2020-09-03 13:21:36.640,3.389,51900.0,3.395,3.402165,3.391,3.398,3.389,82000,3.388,373700,3.387,452900,3.386,232700,3.385,969900,3.384,723400,3.383,1160700,3.382,786400,3.381,478600,3.38,1677400,3.39,37600,3.391,192700,3.392,279700,3.393,920500,3.394,113400,3.395,435300,3.396,117100,3.397,54600,3.398,147300,3.399,387900
2020-09-03 13:21:38.840,3.389,20000.0,3.395,3.402164,3.391,3.398,3.389,62000,3.388,377800,3.387,513500,3.386,425700,3.385,869900,3.384,823400,3.383,1160700,3.382,786400,3.381,478600,3.38,1387200,3.39,37600,3.391,192700,3.392,279700,3.393,1013500,3.394,213400,3.395,335300,3.396,117100,3.397,54600,3.398,147300,3.399,387900
2020-09-03 13:21:40.700,3.39,5000.0,3.395,3.402163,3.391,3.398,3.389,142000,3.388,677800,3.387,104400,3.386,325700,3.385,869900,3.384,823400,3.383,1160900,3.382,786400,3.381,778600,3.38,1387200,3.39,32600,3.391,192700,3.392,179700,3.393,713500,3.394,613400,3.395,335300,3.396,117100,3.397,54600,3.398,147300,3.399,387900
2020-09-03 13:21:44.330,3.39,32600.0,3.395,3.402161,3.391,3.398,3.39,18100,3.389,511100,3.388,477800,3.387,84400,3.386,325700,3.385,969900,3.384,723400,3.383,1160900,3.382,1086400,3.381,478600,3.391,192700,3.392,179700,3.393,613500,3.394,513400,3.395,435300,3.396,117100,3.397,54600,3.398,147300,3.399,387900,3.4,444900
2020-09-03 13:21:47.810,3.39,10500.0,3.395,3.40216,3.391,3.398,3.39,27600,3.389,511100,3.388,457800,3.387,84400,3.386,325700,3.385,969900,3.384,723400,3.383,1223000,3.382,724300,3.381,478600,3.391,192700,3.392,179700,3.393,613500,3.394,213400,3.395,673400,3.396,179000,3.397,54600,3.398,147300,3.399,387900,3.4,444900
2020-09-03 13:21:50.840,3.391,50000.0,3.395,3.402157,3.391,3.398,3.39,28600,3.389,511100,3.388,427800,3.387,84400,3.386,682700,3.385,969900,3.384,723400,3.383,1223000,3.382,724300,3.381,478600,3.391,142700,3.392,179700,3.393,520500,3.394,213400,3.395,1123400,3.396,179000,3.397,54600,3.398,147300,3.399,387900,3.4,444900
2020-09-03 13:21:53.410,3.39,66400.0,3.395,3.4021529999999998,3.391,3.398,3.39,26900,3.389,92000,3.388,628400,3.387,177400,3.386,782700,3.385,871900,3.384,273400,3.383,1223000,3.382,724300,3.381,478600,3.391,78000,3.392,179700,3.393,70500,3.394,306400,3.395,1123400,3.396,279000,3.397,54600,3.398,147300,3.399,387900,3.4,444900
2020-09-03 13:21:59.690,3.39,30000.0,3.395,3.4021510000000004,3.391,3.398,3.39,95200,3.389,392000,3.388,431400,3.387,177400,3.386,682700,3.385,971900,3.384,273400,3.383,1223000,3.382,1024300,3.381,478600,3.391,78000,3.392,179700,3.393,70500,3.394,306400,3.395,1223400,3.396,179000,3.397,54600,3.398,147300,3.399,387900,3.4,444900
2020-09-03 13:22:08.620,3.391,2100.0,3.395,3.4021510000000004,3.391,3.398,3.39,143800,3.389,442000,3.388,431400,3.387,177400,3.386,682700,3.385,972000,3.384,273400,3.383,1223000,3.382,724300,3.381,478600,3.391,76000,3.392,179700,3.393,70500,3.394,306400,3.395,1223400,3.396,179000,3.397,54600,3.398,147300,3.399,387900,3.4,444900
2020-09-03 13:22:12.480,3.391,8800.0,3.395,3.4021510000000004,3.392,3.398,3.39,135100,3.389,442000,3.388,441400,3.387,177400,3.386,777700,3.385,872000,3.384,273400,3.383,1223000,3.382,1024300,3.381,478600,3.391,75900,3.392,179700,3.393,70500,3.394,306400,3.395,823400,3.396,579000,3.397,54600,3.398,147300,3.399,387900,3.4,444900
2020-09-03 13:22:15.300,3.391,28700.0,3.395,3.4021489999999996,3.392,3.398,3.39,126400,3.389,442000,3.388,441400,3.387,171600,3.386,777700,3.385,872000,3.384,273400,3.383,1523000,3.382,724300,3.381,478600,3.391,55900,3.392,179700,3.393,70500,3.394,267200,3.395,1123400,3.396,279000,3.397,54600,3.398,147300,3.399,387900,3.4,444900
2020-09-03 13:22:18.400,3.39,200.0,3.395,3.4021489999999996,3.392,3.398,3.39,126200,3.389,442000,3.388,200300,3.387,87900,3.386,777700,3.385,872000,3.384,273400,3.383,1523000,3.382,724300,3.381,478600,3.391,55900,3.392,179700,3.393,70500,3.394,174200,3.395,1123400,3.396,318200,3.397,54600,3.398,147300,3.399,387900,3.4,444900
2020-09-03 13:22:19.700,3.391,130200.0,3.395,3.4021410000000003,3.392,3.398,3.39,50000,3.389,442000,3.388,200300,3.387,180900,3.386,677700,3.385,972000,3.384,273400,3.383,1523000,3.382,724300,3.381,478600,3.391,31900,3.392,179700,3.393,70500,3.394,267200,3.395,923400,3.396,518200,3.397,54600,3.398,147300,3.399,387900,3.4,444900
2020-09-03 13:22:24.330,3.391,5000.0,3.395,3.40214,3.392,3.398,3.39,109000,3.389,442000,3.388,200300,3.387,181900,3.386,777700,3.385,872000,3.384,273400,3.383,1223000,3.382,1024300,3.381,478600,3.391,35600,3.392,179700,3.393,70500,3.394,267200,3.395,823400,3.396,618200,3.397,54600,3.398,147300,3.399,387900,3.4,444900
2020-09-03 13:22:26.630,3.391,12800.0,3.395,3.40214,3.392,3.398,3.39,50000,3.389,501100,3.388,200300,3.387,181900,3.386,777700,3.385,872000,3.384,273400,3.383,1223000,3.382,1024300,3.381,478600,3.391,22800,3.392,179700,3.393,70500,3.394,267200,3.395,1123400,3.396,318200,3.397,54600,3.398,147300,3.399,387900,3.4,444900
2020-09-03 13:22:33.440,3.391,22800.0,3.395,3.402138,3.392,3.398,3.391,7200,3.39,414200,3.389,158100,3.388,90300,3.387,88900,3.386,777700,3.385,871500,3.384,273400,3.383,1523000,3.382,724300,3.392,179700,3.393,70500,3.394,74200,3.395,823400,3.396,618200,3.397,54600,3.398,147300,3.399,387900,3.4,444900,3.401,25900
2020-09-03 13:22:42.370,3.391,5400.0,3.395,3.402138,3.392,3.398,3.391,391000,3.39,545700,3.389,99000,3.388,90300,3.387,181900,3.386,777700,3.385,871500,3.384,335500,3.383,1460900,3.382,724300,3.392,174700,3.393,70500,3.394,167200,3.395,723400,3.396,356300,3.397,516500,3.398,147300,3.399,387900,3.4,444900,3.401,25900
2020-09-03 13:22:44.520,3.394,413200.0,3.395,3.402118,3.392,3.398,3.394,126800,3.392,93000,3.391,371000,3.39,194900,3.389,399000,3.388,90300,3.387,88900,3.386,777700,3.385,871500,3.384,335500,3.395,723400,3.396,656300,3.397,216500,3.398,147300,3.399,387900,3.4,444900,3.401,25900,3.402,134200,3.403,123100,3.404,125700
2020-09-03 13:22:48.940,3.394,50000.0,3.395,3.4021160000000004,3.393,3.398,3.394,76800,3.392,93000,3.391,363800,3.39,414900,3.389,149000,3.388,90100,3.387,151000,3.386,677700,3.385,871500,3.384,275500,3.395,723400,3.396,256300,3.397,454600,3.398,147300,3.399,487900,3.4,506700,3.401,25900,3.402,134200,3.403,123100,3.404,125700
2020-09-03 13:22:50.830,3.395,12100.0,3.395,3.4021150000000002,3.392,3.398,3.394,68900,3.392,97600,3.391,397800,3.39,310700,3.389,149000,3.388,88100,3.387,151000,3.386,677700,3.385,871500,3.384,275500,3.395,719200,3.396,556300,3.397,154600,3.398,147300,3.399,487900,3.4,506700,3.401,25900,3.402,134200,3.403,123100,3.404,125700
2020-09-03 13:22:54.610,3.394,68900.0,3.395,3.4021120000000002,3.392,3.398,3.393,300000,3.392,97600,3.391,456800,3.39,510700,3.389,49000,3.388,84000,3.387,151000,3.386,677700,3.385,871500,3.384,275500,3.394,278100,3.395,719200,3.396,556300,3.397,154600,3.398,147300,3.399,387900,3.4,606600,3.401,25900,3.402,134200,3.403,123100
2020-09-03 13:22:55.940,3.394,25400.0,3.395,3.402111,3.392,3.398,3.393,285200,3.392,127600,3.391,664000,3.39,110700,3.389,149000,3.388,84000,3.387,87900,3.386,739800,3.385,871500,3.384,575500,3.394,297500,3.395,722100,3.396,256300,3.397,454600,3.398,147300,3.399,549700,3.4,444800,3.401,25900,3.402,134200,3.403,123100
2020-09-03 13:23:06.490,3.394,15300.0,3.395,3.40211,3.392,3.398,3.393,287400,3.392,127600,3.391,316100,3.39,10700,3.389,129000,3.388,84000,3.387,87900,3.386,749800,3.385,871500,3.384,575500,3.394,839500,3.395,722100,3.396,256300,3.397,454600,3.398,147500,3.399,549700,3.4,444800,3.401,25900,3.402,134200,3.403,123100
2020-09-03 13:23:08.360,3.394,1000.0,3.395,3.40211,3.392,3.398,3.393,287400,3.392,127600,3.391,75100,3.39,410700,3.389,129000,3.388,84000,3.387,87900,3.386,749800,3.385,871500,3.384,275500,3.394,838500,3.395,722100,3.396,456300,3.397,154600,3.398,147500,3.399,549700,3.4,444800,3.401,25900,3.402,134200,3.403,123100
2020-09-03 13:23:11.260,3.394,200.0,3.395,3.40211,3.392,3.398,3.393,287400,3.392,97600,3.391,375100,3.39,111000,3.389,129000,3.388,84000,3.387,87900,3.386,749800,3.385,871500,3.384,275500,3.394,838300,3.395,722100,3.396,156300,3.397,354600,3.398,150600,3.399,549700,3.4,444800,3.401,25900,3.402,134200,3.403,123100
2020-09-03 13:23:18.020,3.393,900.0,3.395,3.40211,3.393,3.398,3.393,286500,3.392,97600,3.391,16100,3.39,311000,3.389,129000,3.388,81000,3.387,117900,3.386,749800,3.385,872100,3.384,275500,3.394,840300,3.395,822100,3.396,556400,3.397,54600,3.398,150600,3.399,549700,3.4,444800,3.401,25900,3.402,134200,3.403,123100
2020-09-03 13:23:20.070,3.394,100.0,3.395,3.40211,3.392,3.398,3.393,4500,3.392,97600,3.391,75100,3.39,411000,3.389,29000,3.388,181000,3.387,117900,3.386,749800,3.385,872100,3.384,275500,3.394,840200,3.395,822100,3.396,556400,3.397,54600,3.398,250600,3.399,449700,3.4,444800,3.401,25900,3.402,134200,3.403,123100
2020-09-03 13:23:23.300,3.393,1700.0,3.395,3.40211,3.392,3.398,3.393,2800,3.392,97600,3.391,75100,3.39,411000,3.389,129000,3.388,81000,3.387,107900,3.386,749800,3.385,872100,3.384,275500,3.394,840200,3.395,722100,3.396,556400,3.397,54600,3.398,150600,3.399,549700,3.4,444800,3.401,25900,3.402,134200,3.403,123100
2020-09-03 13:23:25.660,3.393,7100.0,3.395,3.40211,3.393,3.398,3.393,283800,3.392,97600,3.391,75100,3.39,411000,3.389,29000,3.388,181000,3.387,107900,3.386,749800,3.385,872100,3.384,275500,3.394,834100,3.395,722100,3.396,556400,3.397,54600,3.398,250600,3.399,449700,3.4,444800,3.401,25900,3.402,134200,3.403,123100
2020-09-03 13:23:28.900,3.393,200000.0,3.395,3.4021,3.393,3.398,3.393,83800,3.392,97600,3.391,75100,3.39,411000,3.389,29000,3.388,181000,3.387,107900,3.386,749800,3.385,872100,3.384,275500,3.394,834100,3.395,822100,3.396,556400,3.397,54600,3.398,250600,3.399,449700,3.4,444800,3.401,25900,3.402,134200,3.403,123100
2020-09-03 13:23:41.770,3.394,200000.0,3.395,3.4020919999999997,3.392,3.398,3.393,88500,3.392,97600,3.391,16100,3.39,370000,3.389,129000,3.388,180000,3.387,107900,3.386,739800,3.385,872100,3.384,275500,3.394,634100,3.395,722100,3.396,256400,3.397,454600,3.398,250600,3.399,449700,3.4,444800,3.401,25900,3.402,134200,3.403,123100
2020-09-03 13:23:43.480,3.393,500.0,3.395,3.4020919999999997,3.392,3.398,3.393,88000,3.392,97600,3.391,16100,3.39,311000,3.389,129000,3.388,80000,3.387,107900,3.386,739800,3.385,872100,3.384,575500,3.394,634100,3.395,722100,3.396,156400,3.397,454600,3.398,150600,3.399,549700,3.4,444800,3.401,25900,3.402,134200,3.403,123100
2020-09-03 13:23:48.980,3.394,600.0,3.395,3.4020919999999997,3.392,3.398,3.393,95200,3.392,443000,3.391,16100,3.39,11000,3.389,29000,3.388,185000,3.387,107900,3.386,739800,3.385,872100,3.384,275500,3.394,643500,3.395,722100,3.396,156400,3.397,54600,3.398,350600,3.399,749700,3.4,444800,3.401,25900,3.402,134200,3.403,123100
2020-09-03 13:23:52.660,3.394,4600.0,3.395,3.4020910000000004,3.392,3.398,3.393,474200,3.392,273000,3.391,16100,3.39,11000,3.389,129000,3.388,85000,3.387,107900,3.386,739800,3.385,1172100,3.384,275500,3.394,638900,3.395,722100,3.396,156400,3.397,54600,3.398,250600,3.399,949700,3.4,444800,3.401,25900,3.402,134200,3.403,123100
2020-09-03 13:23:55.450,3.394,6000.0,3.395,3.4020910000000004,3.393,3.398,3.393,174200,3.392,573000,3.391,16100,3.39,11000,3.389,129000,3.388,85000,3.387,557900,3.386,589800,3.385,422100,3.384,275500,3.394,632900,3.395,272100,3.396,156400,3.397,504600,3.398,250600,3.399,949700,3.4,444800,3.401,25900,3.402,134200,3.403,123100
2020-09-03 13:24:00.130,3.393,116400.0,3.395,3.402085,3.393,3.398,3.392,473000,3.391,16100,3.39,11000,3.389,129000,3.388,85000,3.387,557900,3.386,289800,3.385,722100,3.384,275500,3.383,1155700,3.393,105700,3.394,635900,3.395,272100,3.396,156400,3.397,604600,3.398,250600,3.399,849700,3.4,444800,3.401,25900,3.402,134200
2020-09-03 13:24:01.870,3.393,94300.0,3.395,3.402081,3.393,3.398,3.392,532000,3.391,166100,3.39,11000,3.389,29000,3.388,185000,3.387,557900,3.386,227700,3.385,784200,3.384,275500,3.383,1155700,3.393,11400,3.394,640900,3.395,272100,3.396,156400,3.397,604600,3.398,712500,3.399,387900,3.4,444800,3.401,25900,3.402,134200
2020-09-03 13:24:13.050,3.392,4400.0,3.395,3.402081,3.394,3.398,3.392,123600,3.391,453100,3.39,112000,3.389,29000,3.388,180000,3.387,557900,3.386,124700,3.385,489200,3.384,275500,3.383,1155700,3.393,21400,3.394,640900,3.395,272100,3.396,166400,3.397,604600,3.398,612500,3.399,387900,3.4,444800,3.401,25900,3.402,134200
2020-09-03 13:24:18.380,3.393,31100.0,3.395,3.402079,3.393,3.398,3.392,113600,3.391,453100,3.39,112000,3.389,29000,3.388,80000,3.387,657900,3.386,124700,3.385,789200,3.384,275500,3.383,1155700,3.393,20400,3.394,640900,3.395,272400,3.396,166400,3.397,704600,3.398,612500,3.399,387900,3.4,444800,3.401,25900,3.402,134200
2020-09-03 13:24:23.080,3.393,6000.0,3.395,3.402079,3.394,3.398,3.392,113600,3.391,453100,3.39,112500,3.389,29200,3.388,185000,3.387,557900,3.386,124700,3.385,489200,3.384,275500,3.383,1155700,3.393,24400,3.394,640900,3.395,272400,3.396,166400,3.397,604600,3.398,712500,3.399,387900,3.4,444800,3.401,25900,3.402,134200
2020-09-03 13:24:30.470,3.393,4200.0,3.395,3.402079,3.393,3.398,3.392,73600,3.391,423100,3.39,114500,3.389,29200,3.388,185000,3.387,557900,3.386,124700,3.385,489200,3.384,575500,3.383,1155700,3.393,20200,3.394,640900,3.395,272400,3.396,166400,3.397,604600,3.398,712500,3.399,387900,3.4,444800,3.401,25900,3.402,134200
2020-09-03 13:24:33.580,3.392,205000.0,3.395,3.4020699999999997,3.393,3.398,3.392,69200,3.391,123100,3.39,414500,3.389,29200,3.388,185000,3.387,557900,3.386,124700,3.385,489200,3.384,575500,3.383,1155700,3.394,463400,3.395,373900,3.396,166400,3.397,904600,3.398,312500,3.399,387900,3.4,444800,3.401,25900,3.402,134200,3.403,113100
2020-09-03 13:24:38.020,3.393,5000.0,3.395,3.4020690000000005,3.393,3.398,3.393,10000,3.392,69200,3.391,44100,3.39,314500,3.389,29200,3.388,85000,3.387,657900,3.386,181800,3.385,427100,3.384,275500,3.394,463400,3.395,373900,3.396,466400,3.397,704600,3.398,150600,3.399,449700,3.4,444800,3.401,25900,3.402,134200,3.403,113100
2020-09-03 13:24:45.880,3.393,10000.0,3.395,3.4020690000000005,3.393,3.398,3.392,69200,3.391,44100,3.39,373500,3.389,134000,3.388,185000,3.387,557900,3.386,181800,3.385,427100,3.384,275500,3.383,1455700,3.394,458400,3.395,273900,3.396,266400,3.397,904600,3.398,250600,3.399,449700,3.4,444800,3.401,25900,3.402,134200,3.403,113100
2020-09-03 13:24:47.620,3.393,100.0,3.395,3.4020690000000005,3.393,3.398,3.392,69200,3.391,64100,3.39,373500,3.389,134000,3.388,185000,3.387,557900,3.386,119700,3.385,489200,3.384,575500,3.383,1155700,3.394,458400,3.395,273900,3.396,566400,3.397,604600,3.398,250600,3.399,449700,3.4,444800,3.401,25900,3.402,134200,3.403,113100
2020-09-03 13:24:51.130,3.394,22000.0,3.395,3.402068,3.393,3.398,3.392,128200,3.391,464100,3.39,14500,3.389,34000,3.388,185000,3.387,557900,3.386,119700,3.385,489200,3.384,575500,3.383,1155700,3.394,438200,3.395,273900,3.396,266400,3.397,904600,3.398,250600,3.399,449700,3.4,444800,3.401,25900,3.402,134200,3.403,113100
2020-09-03 13:24:57.470,3.394,22000.0,3.395,3.4020669999999997,3.393,3.398,3.392,132800,3.391,464100,3.39,14500,3.389,134000,3.388,85000,3.387,557900,3.386,119700,3.385,789200,3.384,275500,3.383,1155700,3.394,416200,3.395,273600,3.396,166400,3.397,604600,3.398,450600,3.399,549700,3.4,444800,3.401,25900,3.402,134200,3.403,113100
2020-09-03 13:25:09.250,3.393,100.0,3.395,3.4020669999999997,3.393,3.398,3.393,5000,3.392,482800,3.391,194100,3.39,14500,3.389,134000,3.388,85000,3.387,557900,3.386,181800,3.385,727100,3.384,275500,3.394,416200,3.395,271600,3.396,166400,3.397,604600,3.398,550900,3.399,549700,3.4,444800,3.401,25900,3.402,134200,3.403,117300
2020-09-03 13:25:12.230,3.393,49200.0,3.395,3.4020650000000003,3.394,3.398,3.392,164700,3.391,494100,3.39,19500,3.389,34000,3.388,185000,3.387,557900,3.386,181800,3.385,727100,3.384,275500,3.383,1155700,3.393,2100,3.394,394200,3.395,271600,3.396,166400,3.397,616600,3.398,650900,3.399,449700,3.4,444800,3.401,25900,3.402,134200
2020-09-03 13:25:16.850,3.393,2100.0,3.395,3.4020650000000003,3.394,3.398,3.393,74300,3.392,465700,3.391,194100,3.39,19500,3.389,34000,3.388,185000,3.387,557900,3.386,119700,3.385,789200,3.384,275500,3.394,394200,3.395,271600,3.396,166400,3.397,616600,3.398,712800,3.399,387900,3.4,444800,3.401,25900,3.402,134200,3.403,117300
2020-09-03 13:25:19.450,3.394,2200.0,3.395,3.4020650000000003,3.394,3.398,3.393,74300,3.392,467100,3.391,194100,3.39,99900,3.389,34000,3.388,185000,3.387,557900,3.386,181800,3.385,727100,3.384,275500,3.394,384000,3.395,571600,3.396,165400,3.397,616600,3.398,650900,3.399,449700,3.4,444800,3.401,25900,3.402,134200,3.403,117300
2020-09-03 13:25:23.680,3.393,14400.0,3.395,3.4020639999999998,3.394,3.398,3.393,59900,3.392,467100,3.391,194100,3.39,99900,3.389,134000,3.388,85600,3.387,557900,3.386,181800,3.385,427100,3.384,275500,3.394,384000,3.395,572000,3.396,165400,3.397,616600,3.398,550900,3.399,549700,3.4,444800,3.401,25900,3.402,134200,3.403,117300
2020-09-03 13:25:26.720,3.394,8500.0,3.395,3.4020629999999996,3.394,3.398,3.393,51900,3.392,167100,3.391,494100,3.39,99900,3.389,34000,3.388,185600,3.387,557900,3.386,181800,3.385,727100,3.384,275500,3.394,383500,3.395,572000,3.396,165400,3.397,616600,3.398,650900,3.399,449700,3.4,444800,3.401,25900,3.402,134200,3.403,117300
2020-09-03 13:25:55.580,3.394,17900.0,3.395,3.4020629999999996,3.394,3.398,3.393,88700,3.392,60100,3.391,403100,3.39,200400,3.389,134000,3.388,85600,3.387,557900,3.386,181800,3.385,425900,3.384,575500,3.394,369600,3.395,570500,3.396,265400,3.397,606600,3.398,451100,3.399,549700,3.4,444800,3.401,25900,3.402,134200,3.403,117300
2020-09-03 13:26:00.510,3.394,4300.0,3.395,3.4020629999999996,3.394,3.398,3.393,88700,3.392,80100,3.391,103100,3.39,500400,3.389,134000,3.388,85600,3.387,557900,3.386,181800,3.385,425900,3.384,575500,3.394,365800,3.395,570500,3.396,265400,3.397,906600,3.398,151100,3.399,549700,3.4,444800,3.401,25900,3.402,134200,3.403,117300
2020-09-03 13:26:06.700,3.393,3700.0,3.395,3.4020620000000004,3.394,3.398,3.393,85500,3.392,110100,3.391,403100,3.39,200400,3.389,134000,3.388,85900,3.387,557900,3.386,181800,3.385,425900,3.384,275500,3.394,365300,3.395,570500,3.396,275400,3.397,606600,3.398,451100,3.399,549700,3.4,444800,3.401,25900,3.402,134200,3.403,117300
2020-09-03 13:26:10.990,3.394,500.0,3.395,3.4020620000000004,3.394,3.398,3.393,85500,3.392,125100,3.391,403100,3.39,200400,3.389,34000,3.388,185900,3.387,557900,3.386,181800,3.385,425900,3.384,275500,3.394,364800,3.395,570500,3.396,275400,3.397,606600,3.398,551100,3.399,449700,3.4,444800,3.401,25900,3.402,134200,3.403,117300
2020-09-03 13:26:17.220,3.394,900.0,3.395,3.4020620000000004,3.394,3.398,3.393,86700,3.392,484100,3.391,144100,3.39,100400,3.389,134000,3.388,85900,3.387,557900,3.386,181800,3.385,725900,3.384,275500,3.394,363900,3.395,560500,3.396,175400,3.397,606600,3.398,551100,3.399,549700,3.4,484800,3.401,25900,3.402,134200,3.403,117300
2020-09-03 13:26:21.100,3.393,3400.0,3.395,3.4020620000000004,3.394,3.398,3.393,83300,3.392,484100,3.391,144100,3.39,100400,3.389,134000,3.388,85900,3.387,557900,3.386,181800,3.385,725900,3.384,275500,3.394,363900,3.395,560500,3.396,175400,3.397,606600,3.398,251100,3.399,849700,3.4,484800,3.401,25900,3.402,134200,3.403,117300
2020-09-03 13:26:22.560,3.393,20000.0,3.395,3.4020610000000002,3.394,3.398,3.393,63300,3.392,514100,3.391,144100,3.39,100400,3.389,34000,3.388,185900,3.387,557900,3.386,181800,3.385,425900,3.384,275500,3.394,363900,3.395,560500,3.396,175400,3.397,606600,3.398,651100,3.399,449700,3.4,484800,3.401,25900,3.402,136200,3.403,117300
2020-09-03 13:26:26.530,3.393,20000.0,3.395,3.4020599999999996,3.395,3.398,3.393,363300,3.392,225100,3.391,344100,3.39,100400,3.389,34000,3.388,185900,3.387,557900,3.386,181800,3.385,425900,3.384,275500,3.394,373900,3.395,560500,3.396,175400,3.397,606600,3.398,651100,3.399,449700,3.4,484800,3.401,25900,3.402,136200,3.403,117300
2020-09-03 13:26:43.820,3.393,2000.0,3.395,3.4020599999999996,3.395,3.398,3.393,53500,3.392,183100,3.391,444100,3.39,100400,3.389,34000,3.388,185900,3.387,557900,3.386,181800,3.385,425900,3.384,575500,3.394,373900,3.395,560500,3.396,165400,3.397,906600,3.398,351100,3.399,454700,3.4,484800,3.401,25900,3.402,136200,3.403,117300
2020-09-03 13:26:51.580,3.393,200.0,3.395,3.4020599999999996,3.395,3.398,3.393,66300,3.392,483100,3.391,144100,3.39,100400,3.389,34000,3.388,185900,3.387,557900,3.386,181800,3.385,725900,3.384,267500,3.394,363900,3.395,560500,3.396,165400,3.397,606600,3.398,651100,3.399,451700,3.4,484800,3.401,25900,3.402,136200,3.403,117300
2020-09-03 13:26:57.120,3.394,2500.0,3.395,3.4020599999999996,3.394,3.398,3.393,46600,3.392,484100,3.391,144100,3.39,100400,3.389,34000,3.388,185900,3.387,557900,3.386,181800,3.385,725900,3.384,299600,3.394,371400,3.395,560500,3.396,165400,3.397,606600,3.398,651100,3.399,451700,3.4,484800,3.401,25900,3.402,136200,3.403,117300
2020-09-03 13:26:58.930,3.393,100.0,3.395,3.4020599999999996,3.394,3.398,3.393,50800,3.392,484100,3.391,144100,3.39,100400,3.389,134000,3.388,85900,3.387,557900,3.386,181800,3.385,725900,3.384,299600,3.394,373600,3.395,560500,3.396,165400,3.397,606600,3.398,551100,3.399,551700,3.4,484800,3.401,25900,3.402,136200,3.403,117300
2020-09-03 13:27:03.890,3.393,100.0,3.395,3.4020599999999996,3.395,3.398,3.393,50700,3.392,484100,3.391,144100,3.39,100400,3.389,334000,3.388,185900,3.387,557900,3.386,181800,3.385,725900,3.384,299600,3.394,373600,3.395,560500,3.396,165400,3.397,606600,3.398,651100,3.399,451700,3.4,484800,3.401,25900,3.402,136200,3.403,117300
2020-09-03 13:27:04.610,3.393,100.0,3.395,3.4020599999999996,3.394,3.398,3.393,51600,3.392,484100,3.391,144100,3.39,100400,3.389,334000,3.388,185900,3.387,557900,3.386,181800,3.385,725900,3.384,299600,3.394,373600,3.395,560500,3.396,165400,3.397,606600,3.398,651100,3.399,451700,3.4,534800,3.401,25900,3.402,136200,3.403,117300
2020-09-03 13:27:09.770,3.393,100.0,3.395,3.4020599999999996,3.394,3.398,3.393,50500,3.392,484100,3.391,144100,3.39,100400,3.389,334000,3.388,185900,3.387,557900,3.386,181800,3.385,725900,3.384,299600,3.394,373600,3.395,560500,3.396,165400,3.397,606600,3.398,651100,3.399,451700,3.4,534800,3.401,25900,3.402,136200,3.403,117300
2020-09-03 13:27:12.350,3.393,1000.0,3.395,3.4020599999999996,3.394,3.398,3.393,49500,3.392,484100,3.391,144100,3.39,100400,3.389,334000,3.388,185900,3.387,557900,3.386,181800,3.385,725900,3.384,299600,3.394,373600,3.395,560500,3.396,165400,3.397,606600,3.398,651100,3.399,451700,3.4,534800,3.401,25900,3.402,136200,3.403,117300
2020-09-03 13:27:15.110,3.393,10000.0,3.395,3.4020589999999995,3.394,3.398,3.393,39500,3.392,484100,3.391,144100,3.39,100400,3.389,334000,3.388,185900,3.387,557900,3.386,181800,3.385,725900,3.384,299600,3.394,373600,3.395,560500,3.396,165400,3.397,606600,3.398,651100,3.399,451700,3.4,534800,3.401,25900,3.402,136200,3.403,117300
2020-09-03 13:27:17.890,3.394,2500.0,3.395,3.4020589999999995,3.394,3.398,3.393,39600,3.392,484100,3.391,144100,3.39,100400,3.389,334000,3.388,185900,3.387,557900,3.386,181800,3.385,723900,3.384,299600,3.394,371100,3.395,560500,3.396,165400,3.397,606600,3.398,651100,3.399,451700,3.4,534800,3.401,25900,3.402,136200,3.403,117300
2020-09-03 13:27:27.930,3.394,5000.0,3.395,3.4020589999999995,3.395,3.398,3.393,91400,3.392,514100,3.391,144500,3.39,552400,3.389,884000,3.388,85900,3.387,107900,3.386,181800,3.385,723900,3.384,299600,3.394,376500,3.395,560500,3.396,155400,3.397,156600,3.398,548100,3.399,1001700,3.4,534800,3.401,25900,3.402,136200,3.403,118300
2020-09-03 13:27:29.230,3.393,300.0,3.395,3.4020589999999995,3.395,3.398,3.393,95300,3.392,514100,3.391,144500,3.39,552400,3.389,884000,3.388,85900,3.387,107900,3.386,181800,3.385,723900,3.384,299600,3.394,376500,3.395,560500,3.396,155400,3.397,156600,3.398,548100,3.399,1001700,3.4,534800,3.401,25900,3.402,136200,3.403,118300
2020-09-03 13:27:31.010,3.393,40000.0,3.395,3.402057,3.395,3.398,3.393,75300,3.392,514100,3.391,144500,3.39,552400,3.389,784000,3.388,185900,3.387,107900,3.386,181800,3.385,423900,3.384,299600,3.394,376500,3.395,560500,3.396,155400,3.397,156600,3.398,648100,3.399,901700,3.4,534800,3.401,25900,3.402,136200,3.403,118300
2020-09-03 13:27:35.300,3.393,10000.0,3.395,3.402057,3.395,3.398,3.393,65500,3.392,514100,3.391,144500,3.39,552400,3.389,784000,3.388,185900,3.387,107900,3.386,181800,3.385,723900,3.384,299600,3.394,376500,3.395,560500,3.396,155400,3.397,156600,3.398,648100,3.399,901700,3.4,534800,3.401,25900,3.402,136200,3.403,118300
2020-09-03 13:27:39.140,3.393,1000.0,3.395,3.402057,3.395,3.398,3.393,364900,3.392,214100,3.391,114500,3.39,547400,3.389,784000,3.388,185900,3.387,107900,3.386,481800,3.385,423900,3.384,299600,3.394,376100,3.395,562700,3.396,155400,3.397,57600,3.398,348100,3.399,1301700,3.4,534800,3.401,25900,3.402,136200,3.403,118300
2020-09-03 13:27:41.560,3.393,4600.0,3.395,3.402056,3.395,3.398,3.393,360300,3.392,155100,3.391,14500,3.39,547400,3.389,784000,3.388,185300,3.387,107900,3.386,481800,3.385,423900,3.384,299600,3.394,376100,3.395,562700,3.396,155400,3.397,57600,3.398,348100,3.399,1301700,3.4,534800,3.401,25900,3.402,136500,3.403,118300
2020-09-03 13:27:44.150,3.394,300000.0,3.395,3.402044,3.395,3.398,3.393,424300,3.392,255100,3.391,14500,3.39,547400,3.389,784000,3.388,185300,3.387,107900,3.386,176800,3.385,423900,3.384,299600,3.394,76100,3.395,562700,3.396,155400,3.397,57600,3.398,348100,3.399,1301700,3.4,534800,3.401,25900,3.402,136500,3.403,118300
2020-09-03 13:27:47.410,3.394,30800.0,3.395,3.402042,3.395,3.398,3.393,503500,3.392,295100,3.391,14500,3.39,547400,3.389,584000,3.388,85300,3.387,407900,3.386,176800,3.385,423900,3.384,299600,3.394,46100,3.395,562700,3.396,155400,3.397,57600,3.398,248100,3.399,1101700,3.4,834800,3.401,25900,3.402,136500,3.403,118300
2020-09-03 13:27:50.310,3.395,346100.0,3.395,3.402029,3.396,3.398,3.394,638900,3.393,203500,3.392,295100,3.391,14500,3.39,547400,3.389,584000,3.388,85300,3.387,407900,3.386,176800,3.385,423900,3.395,262700,3.396,155400,3.397,57600,3.398,148100,3.399,1101700,3.4,934800,3.401,25900,3.402,136500,3.403,118300,3.404,127700
2020-09-03 13:27:52.070,3.395,54200.0,3.395,3.4020269999999995,3.396,3.398,3.394,355000,3.393,499300,3.392,295100,3.391,14500,3.39,647400,3.389,484000,3.388,85300,3.387,470000,3.386,114700,3.385,423900,3.395,208500,3.396,155400,3.397,57600,3.398,148100,3.399,939900,3.4,1096600,3.401,25900,3.402,136500,3.403,118300,3.404,127700
2020-09-03 13:27:55.810,3.395,59000.0,3.395,3.402025,3.396,3.398,3.394,655000,3.393,140300,3.392,145100,3.391,14500,3.39,647400,3.389,484000,3.388,85300,3.387,470000,3.386,114700,3.385,443900,3.395,149500,3.396,155400,3.397,57600,3.398,148100,3.399,939900,3.4,1096600,3.401,25900,3.402,136500,3.403,118300,3.404,127700
2020-09-03 13:28:00.500,3.395,4300.0,3.395,3.402025,3.396,3.398,3.394,714000,3.393,240300,3.392,145100,3.391,14500,3.39,647400,3.389,484000,3.388,85300,3.387,470000,3.386,114700,3.385,443900,3.395,145200,3.396,155400,3.397,57600,3.398,148100,3.399,939900,3.4,1096600,3.401,25900,3.402,136500,3.403,118300,3.404,127700
2020-09-03 13:28:00.810,3.395,20000.0,3.395,3.402024,3.395,3.398,3.394,655000,3.393,140300,3.392,145100,3.391,14500,3.39,647400,3.389,484000,3.388,86000,3.387,470000,3.386,114700,3.385,443900,3.395,125200,3.396,155400,3.397,57600,3.398,148100,3.399,939900,3.4,1096600,3.401,25900,3.402,136500,3.403,118300,3.404,127700
2020-09-03 13:28:06.200,3.395,2000.0,3.395,3.402024,3.395,3.398,3.394,414000,3.393,540300,3.392,145100,3.391,14500,3.39,647400,3.389,484000,3.388,86000,3.387,170000,3.386,114700,3.385,443900,3.395,123200,3.396,155500,3.397,57600,3.398,148100,3.399,939900,3.4,996600,3.401,25900,3.402,136500,3.403,118300,3.404,127700
2020-09-03 13:28:10.700,3.394,200.0,3.395,3.402024,3.395,3.398,3.394,64000,3.393,510300,3.392,115100,3.391,14500,3.39,647400,3.389,484000,3.388,86000,3.387,170000,3.386,424700,3.385,443900,3.395,133200,3.396,155500,3.397,57600,3.398,148100,3.399,1139900,3.4,696600,3.401,28900,3.402,136500,3.403,118300,3.404,127700
2020-09-03 13:28:16.630,3.394,6000.0,3.395,3.402024,3.395,3.398,3.393,77000,3.392,85100,3.391,373500,3.39,647400,3.389,584000,3.388,86000,3.387,170000,3.386,124700,3.385,443900,3.384,599600,3.395,132200,3.396,255500,3.397,457600,3.398,148100,3.399,939900,3.4,596600,3.401,28900,3.402,136500,3.403,118300,3.404,127700
2020-09-03 13:28:21.640,3.395,1000.0,3.395,3.402024,3.395,3.398,3.393,77000,3.392,135100,3.391,373500,3.39,647400,3.389,584000,3.388,86000,3.387,107900,3.386,186800,3.385,443900,3.384,599600,3.395,131200,3.396,255500,3.397,457600,3.398,148100,3.399,939900,3.4,596600,3.401,28900,3.402,136500,3.403,118300,3.404,127700
2020-09-03 13:28:26.840,3.394,2900.0,3.395,3.402024,3.395,3.398,3.393,77500,3.392,135100,3.391,373500,3.39,747400,3.389,484000,3.388,86000,3.387,107900,3.386,186800,3.385,743900,3.384,299600,3.394,197100,3.395,131200,3.396,255500,3.397,457600,3.398,177300,3.399,901700,3.4,634800,3.401,28900,3.402,136500,3.403,118300
2020-09-03 13:28:30.490,3.394,4100.0,3.395,3.402024,3.395,3.398,3.393,55700,3.392,105100,3.391,373500,3.39,647400,3.389,584000,3.388,86000,3.387,107900,3.386,186800,3.385,443900,3.384,299600,3.394,196500,3.395,131800,3.396,255500,3.397,457600,3.398,177300,3.399,1001700,3.4,534800,3.401,28900,3.402,136500,3.403,118300
2020-09-03 13:28:33.600,3.394,600.0,3.395,3.402024,3.394,3.398,3.393,55700,3.392,105100,3.391,373500,3.39,647400,3.389,584000,3.388,86000,3.387,107900,3.386,186800,3.385,443900,3.384,599600,3.394,195900,3.395,131800,3.396,255500,3.397,457600,3.398,177300,3.399,1001700,3.4,534800,3.401,28900,3.402,136500,3.403,118300
2020-09-03 13:28:37.350,3.394,1100.0,3.395,3.402024,3.394,3.398,3.393,155700,3.392,135100,3.391,14500,3.39,397400,3.389,584000,3.388,86000,3.387,107900,3.386,186800,3.385,443900,3.384,599600,3.394,194800,3.395,131800,3.396,255500,3.397,357600,3.398,627300,3.399,551700,3.4,534800,3.401,28900,3.402,136500,3.403,118300
2020-09-03 13:28:41.620,3.394,21500.0,3.395,3.4020230000000002,3.395,3.398,3.393,154200,3.392,135100,3.391,314500,3.39,156500,3.389,684000,3.388,85500,3.387,107900,3.386,186800,3.385,443900,3.384,599600,3.394,174800,3.395,231800,3.396,255500,3.397,57600,3.398,927300,3.399,551700,3.4,534800,3.401,28900,3.402,136500,3.403,118300
2020-09-03 13:28:53.540,3.393,1900.0,3.395,3.402022,3.394,3.398,3.393,221700,3.392,465100,3.391,103500,3.39,197500,3.389,584000,3.388,87000,3.387,106900,3.386,186100,3.385,743900,3.384,299600,3.394,174800,3.395,137700,3.396,255500,3.397,157600,3.398,927300,3.399,554800,3.4,534800,3.401,33900,3.402,136500,3.403,118300
2020-09-03 13:28:54.880,3.393,79200.0,3.395,3.402019,3.394,3.398,3.393,183100,3.392,465100,3.391,103500,3.39,197500,3.389,484000,3.388,187000,3.387,106900,3.386,185600,3.385,743900,3.384,299600,3.394,174800,3.395,137700,3.396,255500,3.397,157600,3.398,1027300,3.399,454800,3.4,534800,3.401,33900,3.402,136500,3.403,118300
2020-09-03 13:29:12.080,3.394,5100.0,3.395,3.402019,3.394,3.398,3.393,77400,3.392,135100,3.391,403500,3.39,205000,3.389,484000,3.388,217000,3.387,107900,3.386,185100,3.385,743900,3.384,299600,3.394,169800,3.395,137700,3.396,255400,3.397,457600,3.398,727300,3.399,454800,3.4,835800,3.401,33900,3.402,136500,3.403,118300
2020-09-03 13:29:13.030,3.393,100.0,3.395,3.402019,3.394,3.398,3.393,77300,3.392,435100,3.391,103500,3.39,205000,3.389,584000,3.388,117000,3.387,107900,3.386,185100,3.385,743900,3.384,299600,3.394,166300,3.395,137700,3.396,255400,3.397,157600,3.398,927300,3.399,554800,3.4,835800,3.401,33900,3.402,136500,3.403,118300
2020-09-03 13:29:19.990,3.394,5000.0,3.395,3.402018,3.394,3.398,3.393,77300,3.392,435100,3.391,103500,3.39,205000,3.389,484000,3.388,217000,3.387,107900,3.386,185100,3.385,743900,3.384,299600,3.394,161300,3.395,137700,3.396,255400,3.397,157600,3.398,1027300,3.399,454800,3.4,835800,3.401,33900,3.402,136500,3.403,118300
2020-09-03 13:29:22.770,3.393,100.0,3.395,3.402018,3.394,3.398,3.393,97200,3.392,435100,3.391,103500,3.39,205000,3.389,584000,3.388,117000,3.387,107900,3.386,185100,3.385,743900,3.384,299600,3.394,161300,3.395,137700,3.396,255400,3.397,157600,3.398,927300,3.399,554800,3.4,835800,3.401,33900,3.402,136500,3.403,118300
2020-09-03 13:29:26.960,3.394,1000.0,3.395,3.402018,3.394,3.398,3.393,97200,3.392,435100,3.391,103500,3.39,205000,3.389,484000,3.388,217000,3.387,107900,3.386,185100,3.385,753900,3.384,299600,3.394,170500,3.395,137700,3.396,255400,3.397,157600,3.398,1027300,3.399,454800,3.4,835800,3.401,33900,3.402,136500,3.403,118300
2020-09-03 13:29:44.250,3.393,1000.0,3.395,3.402018,3.393,3.398,3.393,80400,3.392,105100,3.391,44500,3.39,464000,3.389,684000,3.388,117000,3.387,107900,3.386,185100,3.385,453900,3.384,599600,3.394,200500,3.395,237700,3.396,255400,3.397,807600,3.398,627300,3.399,554800,3.4,835800,3.401,33900,3.402,141000,3.403,118300
2020-09-03 13:29:49.880,3.394,60000.0,3.395,3.402016,3.393,3.398,3.393,80600,3.392,115100,3.391,44500,3.39,464000,3.389,584000,3.388,217000,3.387,107900,3.386,185100,3.385,453900,3.384,299600,3.394,141000,3.395,243700,3.396,255400,3.397,807600,3.398,727300,3.399,454800,3.4,835800,3.401,33900,3.402,141000,3.403,118300
2020-09-03 13:29:51.710,3.394,25400.0,3.395,3.402014,3.394,3.398,3.393,55600,3.392,115800,3.391,44500,3.39,464000,3.389,684000,3.388,117000,3.387,107900,3.386,185100,3.385,453900,3.384,599600,3.394,140600,3.395,243700,3.396,255400,3.397,807600,3.398,627300,3.399,554800,3.4,835800,3.401,33900,3.402,141000,3.403,118300
2020-09-03 13:29:55.560,3.394,500.0,3.395,3.402014,3.393,3.398,3.393,55600,3.392,95800,3.391,44500,3.39,405000,3.389,584000,3.388,117000,3.387,107900,3.386,185100,3.385,453900,3.384,299600,3.394,140100,3.395,243700,3.396,555400,3.397,507600,3.398,627300,3.399,554800,3.4,835800,3.401,33900,3.402,141000,3.403,118300
2020-09-03 13:29:59.420,3.393,5200.0,3.395,3.402014,3.393,3.398,3.393,50400,3.392,95800,3.391,44500,3.39,405000,3.389,134000,3.388,667000,3.387,557900,3.386,185100,3.385,453900,3.384,299600,3.394,140100,3.395,243700,3.396,255400,3.397,807600,3.398,177300,3.399,555800,3.4,835800,3.401,33900,3.402,141000,3.403,118300
2020-09-03 13:30:00.490,3.394,4300.0,3.395,3.402014,3.393,3.398,3.393,50400,3.392,95800,3.391,44500,3.39,405100,3.389,34000,3.388,767000,3.387,557900,3.386,185100,3.385,453900,3.384,299600,3.394,135800,3.395,243700,3.396,255400,3.397,807600,3.398,277300,3.399,455800,3.4,835800,3.401,33900,3.402,141000,3.403,118300
2020-09-03 13:30:18.250,3.394,30000.0,3.395,3.4020129999999997,3.392,3.398,3.393,60400,3.392,95800,3.391,44500,3.39,105100,3.389,493100,3.388,677000,3.387,556100,3.386,185100,3.385,463900,3.384,299600,3.394,205800,3.395,244100,3.396,455400,3.397,507600,3.398,177300,3.399,555800,3.4,835800,3.401,33900,3.402,141000,3.403,118300
2020-09-03 13:30:24.810,3.393,39200.0,3.395,3.402011,3.392,3.398,3.393,21200,3.392,95800,3.391,44500,3.39,105500,3.389,493100,3.388,227000,3.387,556100,3.386,185100,3.385,468500,3.384,299600,3.394,205800,3.395,244100,3.396,866200,3.397,57600,3.398,177300,3.399,555800,3.4,835800,3.401,33900,3.402,142000,3.403,118300
2020-09-03 13:30:26.050,3.393,5400.0,3.395,3.402011,3.392,3.398,3.393,15800,3.392,95800,3.391,44500,3.39,105500,3.389,393100,3.388,327000,3.387,556100,3.386,185100,3.385,468500,3.384,299600,3.394,205800,3.395,244100,3.396,866200,3.397,57600,3.398,277300,3.399,455800,3.4,835800,3.401,33900,3.402,142000,3.403,118300
2020-09-03 13:30:35.830,3.393,16000.0,3.395,3.4020099999999998,3.393,3.398,3.393,3900,3.392,95800,3.391,44500,3.39,105500,3.389,393100,3.388,337000,3.387,556100,3.386,185100,3.385,468500,3.384,299600,3.394,205800,3.395,544100,3.396,566200,3.397,57600,3.398,279300,3.399,455800,3.4,835800,3.401,33900,3.402,142000,3.403,118300
2020-09-03 13:30:37.150,3.392,99700.0,3.395,3.4020050000000004,3.393,3.398,3.391,44500,3.39,105500,3.389,334000,3.388,296100,3.387,556100,3.386,185100,3.385,468500,3.384,309600,3.383,1147700,3.382,719800,3.392,100000,3.394,205800,3.395,444100,3.396,566200,3.397,57600,3.398,279300,3.399,455800,3.4,835800,3.401,33900,3.402,142000
2020-09-03 13:30:44.310,3.391,100.0,3.395,3.4020050000000004,3.392,3.398,3.391,44400,3.39,95500,3.389,34000,3.388,496100,3.387,752100,3.386,123000,3.385,468500,3.384,371700,3.383,1147700,3.382,1019800,3.393,200000,3.394,506500,3.395,144100,3.396,566200,3.397,177600,3.398,241200,3.399,394000,3.4,835800,3.401,33900,3.402,142000
2020-09-03 13:30:49.880,3.391,244400.0,3.395,3.401993,3.392,3.398,3.39,95500,3.389,334000,3.388,196100,3.387,652100,3.386,223000,3.385,468500,3.384,371700,3.383,1147700,3.382,1019800,3.381,478600,3.391,55600,3.394,206500,3.395,543600,3.396,666200,3.397,77600,3.398,241200,3.399,394000,3.4,835800,3.401,33900,3.402,142000
2020-09-03 13:30:52.280,3.394,800000.0,3.395,3.401958,3.392,3.398,3.39,155500,3.389,184000,3.388,437000,3.387,552100,3.386,223000,3.385,468500,3.384,309600,3.383,1208800,3.382,1019800,3.381,478600,3.395,343600,3.396,828100,3.397,77600,3.398,179300,3.399,394000,3.4,835800,3.401,33900,3.402,142000,3.403,118300,3.404,127700
2020-09-03 13:30:59.100,3.391,300.0,3.395,3.401958,3.392,3.398,3.39,169900,3.389,584000,3.388,159800,3.387,552100,3.386,125000,3.385,468500,3.384,309600,3.383,1208800,3.382,719800,3.381,778600,3.391,299700,3.395,658600,3.396,728100,3.397,77600,3.398,179300,3.399,494000,3.4,835800,3.401,33900,3.402,142000,3.403,118300
2020-09-03 13:31:08.750,3.39,2000.0,3.395,3.401958,3.392,3.398,3.39,409400,3.389,84000,3.388,159800,3.387,552100,3.386,225000,3.385,468500,3.384,309600,3.383,1208800,3.382,1019800,3.381,478600,3.391,314600,3.394,30000,3.395,258600,3.396,1128100,3.397,177600,3.398,179300,3.399,394000,3.4,835800,3.401,33900,3.402,142000
2020-09-03 13:31:11.110,3.391,314600.0,3.395,3.40194,3.392,3.398,3.391,128400,3.39,264400,3.389,114000,3.388,159800,3.387,552100,3.386,125000,3.385,568500,3.384,309600,3.383,1208800,3.382,1019800,3.394,30000,3.395,358600,3.396,728100,3.397,477600,3.398,179300,3.399,394000,3.4,835800,3.401,33900,3.402,142000,3.403,118300
2020-09-03 13:31:17.390,3.391,1500.0,3.395,3.40194,3.391,3.398,3.391,82500,3.39,564400,3.389,138100,3.388,159800,3.387,552100,3.386,225000,3.385,479400,3.384,371700,3.383,1446700,3.382,719800,3.394,30000,3.395,258600,3.396,1066200,3.397,177600,3.398,180700,3.399,455800,3.4,835800,3.401,33900,3.402,142000,3.403,118300
2020-09-03 13:31:20.620,3.394,4400.0,3.395,3.40194,3.392,3.398,3.391,83000,3.39,560000,3.389,138100,3.388,159800,3.387,552100,3.386,225000,3.385,479400,3.384,371700,3.383,1146700,3.382,719800,3.394,25600,3.395,258600,3.396,766200,3.397,477600,3.398,180700,3.399,455800,3.4,835800,3.401,33900,3.402,142000,3.403,118300
2020-09-03 13:31:28.820,3.393,400.0,3.395,3.40194,3.391,3.398,3.392,4200,3.391,103300,3.39,560000,3.389,238600,3.388,159800,3.387,102100,3.386,125000,3.385,929400,3.384,371700,3.383,1446700,3.393,29600,3.394,30600,3.395,708600,3.396,516200,3.397,178600,3.398,242600,3.399,494000,3.4,835800,3.401,33900,3.402,142000
2020-09-03 13:31:32.240,3.392,300.0,3.395,3.40194,3.392,3.398,3.392,3900,3.391,50800,3.39,110000,3.389,358600,3.388,259800,3.387,102100,3.386,125000,3.385,991500,3.384,309600,3.383,1146800,3.393,89600,3.394,30600,3.395,1018600,3.396,216200,3.397,78600,3.398,342600,3.399,394000,3.4,835800,3.401,33900,3.402,142000
2020-09-03 13:31:34.590,3.392,1500.0,3.395,3.40194,3.391,3.398,3.392,2400,3.391,50800,3.39,192500,3.389,158600,3.388,459800,3.387,202100,3.386,123000,3.385,991500,3.384,309600,3.383,1146800,3.393,89600,3.394,430600,3.395,718600,3.396,216200,3.397,178600,3.398,242600,3.399,394000,3.4,835800,3.401,33900,3.402,142000
2020-09-03 13:31:46.050,3.392,1000.0,3.395,3.40194,3.391,3.398,3.392,1400,3.391,72700,3.39,110000,3.389,141100,3.388,559800,3.387,202100,3.386,123000,3.385,991500,3.384,309600,3.383,1146800,3.393,429600,3.394,60600,3.395,806600,3.396,116200,3.397,178600,3.398,242600,3.399,394000,3.4,835800,3.401,33900,3.402,142000
2020-09-03 13:31:48.960,3.392,1400.0,3.395,3.40194,3.391,3.398,3.391,72700,3.39,110000,3.389,58600,3.388,242300,3.387,302100,3.386,873000,3.385,991500,3.384,309600,3.383,1146800,3.382,719800,3.392,300000,3.393,129600,3.394,510600,3.395,256600,3.396,116200,3.397,178600,3.398,242600,3.399,394000,3.4,835800,3.401,33900
2020-09-03 13:31:54.790,3.391,10000.0,3.395,3.401939,3.39,3.398,3.391,62700,3.39,110000,3.389,58600,3.388,242300,3.387,602100,3.386,573000,3.385,929400,3.384,371700,3.383,1147300,3.382,719800,3.392,2500,3.393,429600,3.394,610600,3.395,256600,3.396,116200,3.397,178600,3.398,242600,3.399,394000,3.4,835800,3.401,33900
2020-09-03 13:32:00.470,3.392,2500.0,3.395,3.401939,3.391,3.398,3.392,1800,3.391,62700,3.39,120000,3.389,58600,3.388,242300,3.387,482100,3.386,673000,3.385,929400,3.384,371700,3.383,1147300,3.393,431600,3.394,600600,3.395,246600,3.396,216200,3.397,140500,3.398,180700,3.399,394100,3.4,835800,3.401,33900,3.402,142000
2020-09-03 13:32:04.310,3.392,1800.0,3.395,3.401939,3.39,3.398,3.391,62700,3.39,120100,3.389,58600,3.388,242300,3.387,582100,3.386,573000,3.385,994500,3.384,309600,3.383,1147300,3.382,719800,3.392,6000,3.393,431600,3.394,600600,3.395,246600,3.396,116200,3.397,178600,3.398,242600,3.399,394100,3.4,835800,3.401,33900
2020-09-03 13:32:10.300,3.391,62700.0,3.395,3.401935,3.39,3.398,3.39,120100,3.389,58600,3.388,159800,3.387,264600,3.386,223000,3.385,1232400,3.384,371700,3.383,1147300,3.382,719800,3.381,478600,3.391,341500,3.392,106000,3.393,601600,3.394,500600,3.395,246600,3.396,116200,3.397,240500,3.398,180700,3.399,394100,3.4,835800
2020-09-03 13:32:13.650,3.392,3000.0,3.395,3.401935,3.39,3.398,3.39,120100,3.389,58600,3.388,159800,3.387,464600,3.386,323000,3.385,932400,3.384,309600,3.383,1209400,3.382,719800,3.381,478600,3.392,3000,3.393,881600,3.394,580600,3.395,246600,3.396,278500,3.397,78600,3.398,180700,3.399,394100,3.4,835800,3.401,33900
2020-09-03 13:32:18.950,3.392,1000.0,3.395,3.401935,3.39,3.398,3.39,111100,3.389,58600,3.388,242300,3.387,582100,3.386,123000,3.385,932400,3.384,309600,3.383,1209400,3.382,719800,3.381,478600,3.392,2000,3.393,781600,3.394,580600,3.395,246600,3.396,116600,3.397,240500,3.398,180700,3.399,394100,3.4,853800,3.401,33900
2020-09-03 13:32:19.360,3.393,3000.0,3.395,3.401935,3.39,3.398,3.39,111100,3.389,59600,3.388,243300,3.387,582100,3.386,123000,3.385,932400,3.384,309600,3.383,1200800,3.382,719800,3.381,478600,3.393,780600,3.394,580600,3.395,346600,3.396,116600,3.397,240500,3.398,180700,3.399,394100,3.4,853800,3.401,33900,3.402,142000
2020-09-03 13:32:21.740,3.39,100.0,3.395,3.401935,3.39,3.398,3.39,111000,3.389,59600,3.388,343300,3.387,483100,3.386,123000,3.385,934400,3.384,309600,3.383,1200800,3.382,719800,3.381,478600,3.391,9000,3.393,780600,3.394,600600,3.395,346600,3.396,116600,3.397,78600,3.398,342600,3.399,394100,3.4,853800,3.401,33900
2020-09-03 13:32:30.470,3.391,4100.0,3.395,3.401935,3.39,3.398,3.39,121000,3.389,59600,3.388,243300,3.387,483100,3.386,123000,3.385,1034400,3.384,309600,3.383,1200800,3.382,719800,3.381,478600,3.391,54900,3.393,780600,3.394,580600,3.395,446600,3.396,178500,3.397,78600,3.398,180700,3.399,394100,3.4,853800,3.401,33900
2020-09-03 13:32:32.090,3.39,100.0,3.395,3.401935,3.39,3.398,3.39,120900,3.389,59600,3.388,243300,3.387,483100,3.386,223000,3.385,934400,3.384,309600,3.383,1200800,3.382,719800,3.381,478600,3.391,54900,3.393,780600,3.394,580600,3.395,246600,3.396,278500,3.397,78600,3.398,180700,3.399,394100,3.4,853800,3.401,33900
2020-09-03 13:32:44.670,3.39,43200.0,3.395,3.401932,3.39,3.398,3.39,74800,3.389,79600,3.388,210800,3.387,83100,3.386,128000,3.385,1334400,3.384,309600,3.383,1200800,3.382,719800,3.381,478600,3.391,466900,3.392,220000,3.393,481600,3.394,485600,3.395,346600,3.396,178500,3.397,78600,3.398,180700,3.399,394100,3.4,853800
2020-09-03 13:32:46.330,3.389,159400.0,3.395,3.4019220000000003,3.39,3.398,3.388,220800,3.387,165600,3.386,228000,3.385,1334400,3.384,309600,3.383,1200800,3.382,719800,3.381,478600,3.38,1410600,3.379,69900,3.389,140600,3.391,366900,3.392,200000,3.393,481600,3.394,485600,3.395,346600,3.396,178500,3.397,78600,3.398,180700,3.399,394100
2020-09-03 13:32:59.400,3.388,3000.0,3.395,3.4019220000000003,3.39,3.398,3.388,237300,3.387,231100,3.386,128000,3.385,1234400,3.384,409100,3.383,1138700,3.382,719800,3.381,540800,3.38,1410600,3.379,69900,3.391,66900,3.392,500000,3.393,581600,3.394,685600,3.395,246600,3.396,178500,3.397,78600,3.398,180700,3.399,394100,3.4,853800
2020-09-03 13:33:12.560,3.39,3300.0,3.395,3.4019209999999998,3.39,3.398,3.39,1100,3.388,312100,3.387,176100,3.386,428000,3.385,934500,3.384,309100,3.383,1300800,3.382,719800,3.381,478600,3.38,1718700,3.391,66900,3.392,272200,3.393,981600,3.394,585600,3.395,243600,3.396,178500,3.397,78600,3.398,180700,3.399,394100,3.4,853800
2020-09-03 13:33:14.580,3.39,500.0,3.395,3.4019209999999998,3.39,3.398,3.39,600,3.389,12000,3.388,312200,3.387,476100,3.386,128000,3.385,1034500,3.384,309100,3.383,1200800,3.382,719800,3.381,478600,3.391,66900,3.392,272200,3.393,881600,3.394,585600,3.395,345600,3.396,178500,3.397,78600,3.398,180700,3.399,394100,3.4,853800
2020-09-03 13:33:21.540,3.39,100.0,3.395,3.4019209999999998,3.39,3.398,3.39,500,3.389,12000,3.388,313000,3.387,269100,3.386,428000,3.385,1038600,3.384,309100,3.383,1200800,3.382,719800,3.381,478600,3.391,301700,3.392,572200,3.393,581600,3.394,678600,3.395,345600,3.396,85800,3.397,78600,3.398,180700,3.399,394100,3.4,853800
2020-09-03 13:33:24.630,3.39,500.0,3.395,3.4019209999999998,3.39,3.398,3.389,12000,3.388,313000,3.387,269100,3.386,438000,3.385,1038700,3.384,309100,3.383,1200800,3.382,719800,3.381,478600,3.38,1718700,3.39,800,3.391,301700,3.392,272200,3.393,881600,3.394,678600,3.395,345600,3.396,85800,3.397,78600,3.398,180700,3.399,394100
2020-09-03 13:33:30.480,3.39,800.0,3.395,3.4019209999999998,3.39,3.398,3.39,3400,3.389,12000,3.388,313000,3.387,569100,3.386,138000,3.385,1038700,3.384,309100,3.383,1138700,3.382,781900,3.381,478600,3.391,301700,3.392,272200,3.393,881600,3.394,678600,3.395,407500,3.396,23900,3.397,78600,3.398,180700,3.399,394100,3.4,853800
2020-09-03 13:33:33.910,3.39,3400.0,3.395,3.4019209999999998,3.39,3.398,3.389,12000,3.388,263000,3.387,476100,3.386,138000,3.385,1038700,3.384,309100,3.383,1200800,3.382,719800,3.381,478600,3.38,1718700,3.39,6600,3.391,301700,3.392,572200,3.393,581600,3.394,585600,3.395,347600,3.396,85800,3.397,78600,3.398,180700,3.399,394100
2020-09-03 13:33:39.310,3.39,4700.0,3.395,3.4019209999999998,3.39,3.398,3.389,12000,3.388,263000,3.387,569100,3.386,138000,3.385,1038700,3.384,309100,3.383,1138700,3.382,781900,3.381,478600,3.38,1718700,3.39,13900,3.391,301700,3.392,572200,3.393,581600,3.394,678600,3.395,409500,3.396,23900,3.397,78600,3.398,180700,3.399,394100
2020-09-03 13:33:41.340,3.39,200.0,3.395,3.4019209999999998,3.39,3.398,3.389,12000,3.388,263000,3.387,569100,3.386,138200,3.385,1039300,3.384,309100,3.383,1138700,3.382,781900,3.381,478600,3.38,1718700,3.39,13700,3.391,301700,3.392,572200,3.393,581600,3.394,678600,3.395,409500,3.396,23900,3.397,78600,3.398,180700,3.399,394100
2020-09-03 13:33:44.420,3.391,20000.0,3.395,3.4019199999999996,3.39,3.398,3.389,12000,3.388,263000,3.387,269100,3.386,438200,3.385,1039300,3.384,309100,3.383,1138700,3.382,781900,3.381,478600,3.38,1418700,3.391,295400,3.392,572200,3.393,581600,3.394,663000,3.395,310000,3.396,23900,3.397,78600,3.398,180700,3.399,394100,3.4,853800
2020-09-03 13:33:49.620,3.389,5000.0,3.395,3.4019190000000004,3.39,3.398,3.389,7000,3.388,283000,3.387,176100,3.386,651200,3.385,929300,3.384,309100,3.383,1138700,3.382,781900,3.381,478600,3.38,1418700,3.391,295400,3.392,572200,3.393,581600,3.394,663000,3.395,148100,3.396,186800,3.397,78600,3.398,180700,3.399,394100,3.4,853800
2020-09-03 13:33:56.540,3.391,200.0,3.395,3.4019190000000004,3.39,3.398,3.389,166400,3.388,333000,3.387,196100,3.386,551200,3.385,929200,3.384,409100,3.383,1138700,3.382,781900,3.381,478600,3.38,1718700,3.391,295200,3.392,572200,3.393,581600,3.394,763000,3.395,148100,3.396,86800,3.397,78600,3.398,180700,3.399,394100,3.4,853800
2020-09-03 13:33:58.170,3.391,100.0,3.395,3.4019190000000004,3.39,3.398,3.39,4300,3.389,166400,3.388,333000,3.387,196100,3.386,558200,3.385,929200,3.384,309100,3.383,1138700,3.382,781900,3.381,478600,3.391,295100,3.392,572200,3.393,581600,3.394,570000,3.395,148100,3.396,186800,3.397,78600,3.398,180700,3.399,394100,3.4,853800
2020-09-03 13:34:07.790,3.39,200.0,3.395,3.4019190000000004,3.39,3.398,3.39,19100,3.389,167100,3.388,383000,3.387,589100,3.386,258200,3.385,929200,3.384,309100,3.383,1200800,3.382,719800,3.381,478600,3.391,295500,3.392,272200,3.393,881600,3.394,663000,3.395,148100,3.396,186800,3.397,78600,3.398,180700,3.399,394100,3.4,854800
2020-09-03 13:34:16.820,3.39,101800.0,3.395,3.4019129999999995,3.39,3.398,3.389,318100,3.388,601500,3.387,189100,3.386,158200,3.385,1029400,3.384,309100,3.383,1200800,3.382,719800,3.381,778600,3.38,1418700,3.39,223300,3.391,325500,3.392,272200,3.393,481600,3.394,863000,3.395,348100,3.396,86800,3.397,78600,3.398,180700,3.399,394100
2020-09-03 13:34:21.740,3.389,144800.0,3.395,3.401904,3.392,3.398,3.389,608100,3.388,360700,3.387,639100,3.386,608200,3.385,583900,3.384,309100,3.383,1138700,3.382,1081900,3.381,478600,3.38,1418700,3.39,88500,3.391,325500,3.392,272200,3.393,31600,3.394,563000,3.395,710000,3.396,24900,3.397,78600,3.398,180700,3.399,394100
2020-09-03 13:34:22.820,3.39,20100.0,3.395,3.401903,3.392,3.398,3.389,578100,3.388,360700,3.387,639100,3.386,608200,3.385,483900,3.384,409100,3.383,1138700,3.382,781900,3.381,478600,3.38,1418700,3.39,68400,3.391,325500,3.392,272200,3.393,31600,3.394,663000,3.395,610000,3.396,24900,3.397,78600,3.398,180700,3.399,394100
2020-09-03 13:34:27.180,3.39,34800.0,3.395,3.4019,3.392,3.398,3.389,508100,3.388,360700,3.387,639100,3.386,608200,3.385,713800,3.384,309100,3.383,1139200,3.382,1081900,3.381,478600,3.38,1418700,3.39,33600,3.391,325500,3.392,272200,3.393,31600,3.394,563000,3.395,710000,3.396,124900,3.397,78600,3.398,180700,3.399,394100
2020-09-03 13:34:28.090,3.39,33600.0,3.395,3.4018980000000005,3.392,3.398,3.39,4100,3.389,274500,3.388,760700,3.387,546100,3.386,701200,3.385,713800,3.384,309100,3.383,1139200,3.382,1081900,3.381,478600,3.391,325500,3.392,272200,3.393,224600,3.394,770000,3.395,410000,3.396,24900,3.397,78600,3.398,180700,3.399,394100,3.4,854800
2020-09-03 13:34:37.330,3.39,7600.0,3.395,3.4018980000000005,3.392,3.398,3.39,57000,3.389,538100,3.388,342200,3.387,546100,3.386,701200,3.385,713900,3.384,309100,3.383,1201400,3.382,1019800,3.381,478600,3.391,325500,3.392,272200,3.393,101000,3.394,20000,3.395,348100,3.396,836800,3.397,78600,3.398,180700,3.399,394100,3.4,854800
2020-09-03 13:34:41.100,3.391,242800.0,3.395,3.4018839999999995,3.392,3.398,3.39,1089000,3.389,275700,3.388,312200,3.387,546100,3.386,628200,3.385,713900,3.384,309100,3.383,1501400,3.382,719800,3.381,478600,3.391,82700,3.392,272200,3.393,8000,3.394,20000,3.395,248100,3.396,936800,3.397,78600,3.398,180700,3.399,394100,3.4,855800
2020-09-03 13:34:45.470,3.392,89000.0,3.395,3.401879,3.392,3.398,3.39,1018000,3.389,179300,3.388,312200,3.387,639100,3.386,728200,3.385,613900,3.384,309100,3.383,1501400,3.382,719800,3.381,478600,3.392,265900,3.393,8000,3.394,113000,3.395,248100,3.396,936800,3.397,78600,3.398,180700,3.399,394100,3.4,855800,3.401,33900
2020-09-03 13:34:48.050,3.39,32100.0,3.395,3.401877,3.393,3.398,3.39,989300,3.389,199300,3.388,312200,3.387,739100,3.386,628200,3.385,613900,3.384,309100,3.383,1501400,3.382,719800,3.381,478600,3.392,265900,3.393,8000,3.394,113000,3.395,248100,3.396,774900,3.397,240500,3.398,180700,3.399,394100,3.4,855800,3.401,33900
2020-09-03 13:34:57.630,3.391,3300.0,3.395,3.401877,3.393,3.398,3.391,6700,3.39,2000,3.389,19300,3.388,940200,3.387,846100,3.386,179000,3.385,713900,3.384,371200,3.383,1139300,3.382,719800,3.392,265900,3.393,303000,3.394,20000,3.395,341100,3.396,474900,3.397,140500,3.398,180700,3.399,394100,3.4,855800,3.401,33900
2020-09-03 13:35:01.180,3.391,11000.0,3.395,3.401876,3.393,3.398,3.39,2000,3.389,19300,3.388,940900,3.387,846100,3.386,279000,3.385,613900,3.384,371200,3.383,1139300,3.382,719800,3.381,478600,3.391,11000,3.392,265900,3.393,303000,3.394,20000,3.395,241100,3.396,574900,3.397,140500,3.398,180700,3.399,394100,3.4,855800
2020-09-03 13:35:06.280,3.39,7500.0,3.395,3.401876,3.393,3.398,3.389,19300,3.388,942900,3.387,846100,3.386,279000,3.385,613800,3.384,309100,3.383,1201400,3.382,719800,3.381,478600,3.38,1720200,3.39,15800,3.392,260900,3.393,303000,3.394,20000,3.395,241100,3.396,636800,3.397,78600,3.398,180700,3.399,394100,3.4,855800
2020-09-03 13:35:08.210,3.39,700.0,3.395,3.401876,3.393,3.398,3.389,19300,3.388,842900,3.387,546100,3.386,479000,3.385,777900,3.384,409100,3.383,1139300,3.382,781900,3.381,478600,3.38,1420200,3.39,115100,3.391,100000,3.392,560900,3.393,3000,3.394,20000,3.395,403000,3.396,474900,3.397,78600,3.398,180700,3.399,394100
2020-09-03 13:35:10.610,3.39,20800.0,3.395,3.401875,3.392,3.398,3.388,299900,3.387,546100,3.386,572000,3.385,767900,3.384,409100,3.383,1139300,3.382,781900,3.381,478600,3.38,1720200,3.379,69900,3.39,13600,3.391,100000,3.392,660900,3.393,96000,3.394,20000,3.395,760000,3.396,474900,3.397,78600,3.398,180700,3.399,394100
2020-09-03 13:35:20.970,3.39,13600.0,3.395,3.401874,3.391,3.398,3.39,21200,3.388,319900,3.387,896100,3.386,272000,3.385,767900,3.384,409100,3.383,1139300,3.382,719800,3.381,540800,3.38,1720200,3.391,100000,3.392,360900,3.393,396000,3.394,367000,3.395,760000,3.396,474900,3.397,78600,3.398,180700,3.399,394100,3.4,855800
2020-09-03 13:35:22.300,3.39,100.0,3.395,3.401874,3.391,3.398,3.39,21100,3.388,323900,3.387,396100,3.386,629000,3.385,1158800,3.384,309100,3.383,1201400,3.382,719800,3.381,478600,3.38,1720200,3.391,100000,3.392,360900,3.393,303000,3.394,367000,3.395,698100,3.396,86800,3.397,78600,3.398,180700,3.399,394100,3.4,855800
2020-09-03 13:35:30.410,3.391,32700.0,3.395,3.401872,3.393,3.398,3.39,4200,3.389,1100,3.388,328900,3.387,939100,3.386,241100,3.385,808800,3.384,309100,3.383,1201500,3.382,719800,3.381,478600,3.391,97300,3.392,360900,3.393,303000,3.394,467000,3.395,248100,3.396,86800,3.397,528600,3.398,180700,3.399,394100,3.4,855800
2020-09-03 13:35:32.040,3.391,11600.0,3.395,3.401871,3.393,3.398,3.39,10400,3.389,1100,3.388,328900,3.387,939100,3.386,341100,3.385,708800,3.384,309100,3.383,1201500,3.382,719800,3.381,778600,3.391,100000,3.392,360900,3.393,303000,3.394,467000,3.395,148100,3.396,186800,3.397,528600,3.398,180700,3.399,394100,3.4,855800
2020-09-03 13:35:52.000,3.392,4200.0,3.395,3.401871,3.393,3.398,3.391,6000,3.39,6300,3.389,327100,3.388,763100,3.387,646100,3.386,282000,3.385,608800,3.384,371200,3.383,1139400,3.382,720800,3.392,356700,3.393,103000,3.394,674000,3.395,241100,3.396,124900,3.397,590500,3.398,180700,3.399,394100,3.4,855800,3.401,33900
2020-09-03 13:35:57.810,3.391,5700.0,3.395,3.401871,3.393,3.398,3.391,300,3.39,6300,3.389,327100,3.388,763400,3.387,746100,3.386,182000,3.385,610800,3.384,371200,3.383,1139400,3.382,720800,3.392,256700,3.393,103000,3.394,474000,3.395,241100,3.396,324900,3.397,690500,3.398,180700,3.399,394100,3.4,855800,3.401,33900
2020-09-03 13:36:00.310,3.391,100.0,3.395,3.401871,3.393,3.398,3.391,4800,3.39,6300,3.389,627100,3.388,463400,3.387,646100,3.386,282000,3.385,610800,3.384,371200,3.383,1139400,3.382,1020800,3.392,256700,3.393,103000,3.394,474000,3.395,541100,3.396,124900,3.397,590500,3.398,180700,3.399,394100,3.4,855800,3.401,33900
2020-09-03 13:36:06.200,3.391,900.0,3.395,3.401871,3.393,3.398,3.391,4000,3.39,26300,3.389,631500,3.388,370400,3.387,646100,3.386,282000,3.385,610800,3.384,371200,3.383,1139400,3.382,1020800,3.392,256700,3.393,103000,3.394,474000,3.395,448100,3.396,124900,3.397,590500,3.398,180700,3.399,394100,3.4,855800,3.401,33900
2020-09-03 13:36:26.320,3.391,2000.0,3.395,3.4018699999999997,3.393,3.398,3.391,2500,3.39,38800,3.389,631500,3.388,404300,3.387,605200,3.386,383000,3.385,660800,3.384,371200,3.383,1139400,3.382,1020800,3.392,259400,3.393,101000,3.394,474000,3.395,535100,3.396,124900,3.397,590500,3.398,180700,3.399,394100,3.4,855800,3.401,33900
2020-09-03 13:36:45.270,3.391,21800.0,3.395,3.401869,3.392,3.398,3.39,66100,3.389,690600,3.388,503300,3.387,546100,3.386,283000,3.385,661800,3.384,371200,3.383,1139400,3.382,1020800,3.381,478600,3.391,2700,3.392,244400,3.393,101000,3.394,474000,3.395,535100,3.396,128600,3.397,590500,3.398,180700,3.399,394100,3.4,855800
2020-09-03 13:36:50.940,3.391,500.0,3.395,3.401869,3.392,3.398,3.39,66100,3.389,800600,3.388,414300,3.387,639100,3.386,283000,3.385,661800,3.384,309100,3.383,1201500,3.382,1020800,3.381,478600,3.391,2200,3.392,244400,3.393,101000,3.394,567000,3.395,442100,3.396,190500,3.397,528600,3.398,180700,3.399,394100,3.4,870800
2020-09-03 13:36:51.780,3.391,2200.0,3.395,3.401869,3.392,3.398,3.391,7800,3.39,46100,3.389,711500,3.388,314300,3.387,639100,3.386,283000,3.385,661800,3.384,309100,3.383,1201400,3.382,1020800,3.392,244600,3.393,101000,3.394,567000,3.395,442100,3.396,190500,3.397,528600,3.398,180700,3.399,394100,3.4,870800,3.401,33900
2020-09-03 13:37:06.460,3.391,24200.0,3.395,3.401868,3.392,3.398,3.39,46100,3.389,711600,3.388,466400,3.387,646100,3.386,283000,3.385,661800,3.384,371200,3.383,1139300,3.382,1020800,3.381,478600,3.391,5800,3.392,244600,3.393,101000,3.394,623300,3.395,535100,3.396,128600,3.397,590500,3.398,180700,3.399,394100,3.4,870800
2020-09-03 13:37:18.690,3.391,6800.0,3.395,3.4018669999999998,3.392,3.398,3.39,65400,3.389,707300,3.388,373500,3.387,739100,3.386,283000,3.385,661800,3.384,309100,3.383,1501400,3.382,720800,3.381,478600,3.392,172400,3.393,101000,3.394,716300,3.395,142100,3.396,490500,3.397,528600,3.398,180700,3.399,394100,3.4,870800,3.401,33900
2020-09-03 13:37:19.750,3.392,39600.0,3.395,3.4018650000000004,3.392,3.398,3.391,43200,3.39,425400,3.389,458300,3.388,314400,3.387,639100,3.386,263000,3.385,661800,3.384,609100,3.383,1201400,3.382,720800,3.392,132800,3.393,1000,3.394,616300,3.395,242100,3.396,228600,3.397,890500,3.398,180700,3.399,394100,3.4,870800,3.401,33900
2020-09-03 13:37:24.540,3.392,20000.0,3.395,3.4018639999999998,3.392,3.398,3.391,373200,3.39,184400,3.389,558300,3.388,314400,3.387,646100,3.386,163000,3.385,661800,3.384,371200,3.383,1139300,3.382,720800,3.392,112800,3.393,1000,3.394,523300,3.395,242100,3.396,128600,3.397,990500,3.398,180700,3.399,394100,3.4,870800,3.401,33900
2020-09-03 13:37:30.500,3.392,9200.0,3.395,3.4018639999999998,3.392,3.398,3.391,43200,3.39,395400,3.389,418300,3.388,407400,3.387,650700,3.386,163000,3.385,661800,3.384,371200,3.383,1139300,3.382,720800,3.392,103600,3.393,1000,3.394,523300,3.395,335100,3.396,128600,3.397,990500,3.398,180700,3.399,394100,3.4,870800,3.401,33900
2020-09-03 13:37:35.480,3.392,11600.0,3.395,3.4018629999999996,3.392,3.398,3.391,43500,3.39,395400,3.389,418300,3.388,507400,3.387,650700,3.386,163000,3.385,661800,3.384,371200,3.383,1442300,3.382,720800,3.392,92000,3.393,801000,3.394,523300,3.395,335100,3.396,428600,3.397,690500,3.398,180700,3.399,394100,3.4,870800,3.401,33900
2020-09-03 13:37:37.740,3.391,43700.0,3.395,3.4018610000000002,3.392,3.398,3.39,425400,3.389,418300,3.388,414400,3.387,650700,3.386,163000,3.385,661800,3.384,371200,3.383,1442300,3.382,720800,3.381,478600,3.391,28500,3.392,92000,3.393,801000,3.394,523300,3.395,242100,3.396,428600,3.397,695500,3.398,180700,3.399,394100,3.4,870800
2020-09-03 13:37:41.620,3.391,28500.0,3.395,3.4018589999999995,3.392,3.398,3.391,26300,3.39,409400,3.389,497400,3.388,507400,3.387,550700,3.386,263000,3.385,661800,3.384,309100,3.383,1504400,3.382,720800,3.392,92000,3.393,801000,3.394,523300,3.395,335100,3.396,590500,3.397,533600,3.398,180700,3.399,394100,3.4,870800,3.401,33900
2020-09-03 13:37:43.660,3.391,15000.0,3.395,3.4018580000000003,3.392,3.398,3.391,33300,3.39,409400,3.389,477400,3.388,507400,3.387,550700,3.386,263000,3.385,661800,3.384,371200,3.383,1445400,3.382,720800,3.392,92000,3.393,801000,3.394,523300,3.395,335100,3.396,528600,3.397,595500,3.398,180700,3.399,394100,3.4,870800,3.401,33900
2020-09-03 13:37:46.750,3.392,100.0,3.395,3.4018580000000003,3.392,3.398,3.391,33300,3.39,409400,3.389,477400,3.388,507400,3.387,550700,3.386,263000,3.385,661800,3.384,371200,3.383,1445400,3.382,720800,3.392,91900,3.393,801000,3.394,523300,3.395,335100,3.396,528600,3.397,595500,3.398,180700,3.399,394100,3.4,870800,3.401,33900
2020-09-03 13:37:58.910,3.391,100.0,3.395,3.4018580000000003,3.392,3.398,3.391,13300,3.39,79400,3.389,718300,3.388,466500,3.387,651600,3.386,163000,3.385,661800,3.384,371200,3.383,1145400,3.382,1020800,3.392,91900,3.393,801000,3.394,623300,3.395,1435100,3.396,28600,3.397,695500,3.398,180700,3.399,394100,3.4,870800,3.401,33900
2020-09-03 13:38:02.070,3.392,11600.0,3.395,3.4018580000000003,3.392,3.398,3.391,17600,3.39,89400,3.389,688300,3.388,466500,3.387,651600,3.386,263000,3.385,664800,3.384,371200,3.383,1145400,3.382,1020800,3.392,80300,3.393,801000,3.394,623300,3.395,1435100,3.396,128600,3.397,595500,3.398,180700,3.399,394100,3.4,870800,3.401,33900
2020-09-03 13:38:06.250,3.391,17600.0,3.395,3.401857,3.392,3.398,3.39,89500,3.389,358300,3.388,673600,3.387,751600,3.386,163000,3.385,664800,3.384,371200,3.383,1145400,3.382,720800,3.381,478600,3.392,180300,3.393,801000,3.394,623300,3.395,1242100,3.396,28600,3.397,695500,3.398,180700,3.399,394100,3.4,870800,3.401,33900
2020-09-03 13:38:07.460,3.392,11600.0,3.395,3.4018559999999995,3.392,3.398,3.39,69500,3.389,358300,3.388,314200,3.387,1003700,3.386,363000,3.385,664800,3.384,309100,3.383,1207500,3.382,720800,3.381,478600,3.392,168700,3.393,901000,3.394,823300,3.395,1035100,3.396,128600,3.397,595500,3.398,180700,3.399,394100,3.4,870800,3.401,33900
2020-09-03 13:38:15.750,3.39,69600.0,3.395,3.401852,3.392,3.398,3.389,58300,3.388,314200,3.387,1044600,3.386,163000,3.385,664800,3.384,309100,3.383,1207500,3.382,720800,3.381,478600,3.38,1720300,3.392,168700,3.393,1201000,3.394,523300,3.395,1035100,3.396,28600,3.397,695500,3.398,180700,3.399,394100,3.4,870800,3.401,33900
2020-09-03 13:38:21.230,3.392,700.0,3.395,3.401852,3.392,3.398,3.389,58300,3.388,364200,3.387,851600,3.386,222100,3.385,864800,3.384,309100,3.383,1145400,3.382,782900,3.381,478600,3.38,1720300,3.392,168000,3.393,1201000,3.394,523300,3.395,1094000,3.396,28600,3.397,533600,3.398,180700,3.399,394100,3.4,870800,3.401,33900
2020-09-03 13:38:35.370,3.392,2900.0,3.395,3.401852,3.391,3.398,3.391,4200,3.39,2000,3.389,16100,3.388,683300,3.387,843600,3.386,166500,3.385,664800,3.384,371200,3.383,1145400,3.382,720800,3.392,249700,3.393,901000,3.394,873300,3.395,1026200,3.396,758600,3.397,695500,3.398,180700,3.399,394100,3.4,870800,3.401,33900
2020-09-03 13:38:41.610,3.391,4200.0,3.395,3.401851,3.392,3.398,3.39,2000,3.389,16100,3.388,776300,3.387,750600,3.386,166500,3.385,664800,3.384,371200,3.383,1145400,3.382,1020800,3.381,478600,3.391,2600,3.392,249700,3.393,901000,3.394,873300,3.395,1026200,3.396,758600,3.397,695500,3.398,180700,3.399,394100,3.4,870800
2020-09-03 13:38:44.340,3.391,300.0,3.395,3.401851,3.392,3.398,3.39,2000,3.389,66100,3.388,776300,3.387,650600,3.386,266500,3.385,664800,3.384,309100,3.383,1207500,3.382,720800,3.381,778600,3.391,2300,3.392,257600,3.393,901000,3.394,873300,3.395,1026200,3.396,920500,3.397,533600,3.398,180700,3.399,394100,3.4,870800
2020-09-03 13:38:46.830,3.391,2300.0,3.395,3.401851,3.392,3.398,3.391,2700,3.39,2000,3.389,66100,3.388,783300,3.387,650600,3.386,266500,3.385,664800,3.384,309100,3.383,1207500,3.382,720800,3.392,253700,3.393,901000,3.394,873300,3.395,1025800,3.396,920500,3.397,533600,3.398,180700,3.399,394100,3.4,870800,3.401,33900
2020-09-03 13:38:49.770,3.391,2700.0,3.395,3.401851,3.391,3.398,3.39,2000,3.389,16100,3.388,424200,3.387,850600,3.386,266500,3.385,664800,3.384,371200,3.383,1145400,3.382,720800,3.381,478600,3.391,7900,3.392,253700,3.393,1201000,3.394,573300,3.395,1023600,3.396,858600,3.397,595500,3.398,180700,3.399,394100,3.4,870800
2020-09-03 13:38:51.720,3.39,2000.0,3.395,3.401851,3.391,3.398,3.389,16100,3.388,331200,3.387,943600,3.386,325600,3.385,764700,3.384,309100,3.383,1204400,3.382,720800,3.381,478600,3.38,1720300,3.39,6200,3.391,7900,3.392,253700,3.393,1201000,3.394,666300,3.395,930600,3.396,920500,3.397,533600,3.398,180700,3.399,394100
2020-09-03 13:38:59.660,3.389,7900.0,3.395,3.401851,3.391,3.398,3.389,18200,3.388,379300,3.387,943600,3.386,225600,3.385,864700,3.384,309100,3.383,1142300,3.382,782900,3.381,478600,3.38,1720300,3.39,6200,3.391,100000,3.392,254100,3.393,1101000,3.394,666300,3.395,1092500,3.396,778600,3.397,533600,3.398,180700,3.399,394100
2020-09-03 13:39:04.010,3.389,22500.0,3.395,3.401849,3.392,3.398,3.388,379300,3.387,850600,3.386,225600,3.385,764700,3.384,409100,3.383,1142300,3.382,782900,3.381,478600,3.38,1720300,3.379,69900,3.389,52200,3.39,6200,3.391,104500,3.392,254100,3.393,1101000,3.394,673300,3.395,992500,3.396,778600,3.397,533600,3.398,180700
2020-09-03 13:39:08.830,3.388,10200.0,3.395,3.401848,3.392,3.398,3.388,319100,3.387,570600,3.386,166500,3.385,1057700,3.384,409100,3.383,1142300,3.382,720800,3.381,540800,3.38,1420300,3.379,69900,3.389,58000,3.39,6200,3.391,404500,3.392,247100,3.393,801000,3.394,735200,3.395,930600,3.396,778600,3.397,533600,3.398,180700
2020-09-03 13:39:16.030,3.389,103000.0,3.395,3.4018410000000006,3.391,3.398,3.388,216300,3.387,550600,3.386,166500,3.385,1207700,3.384,609100,3.383,1242300,3.382,720800,3.381,540800,3.38,1420300,3.379,69900,3.389,117800,3.39,406200,3.391,4500,3.392,247100,3.393,901000,3.394,635200,3.395,1380600,3.396,778600,3.397,533600,3.398,180600
2020-09-03 13:39:19.170,3.388,206600.0,3.395,3.4018260000000002,3.39,3.398,3.387,100600,3.386,169600,3.385,1414700,3.384,409100,3.383,1201500,3.382,820800,3.381,540800,3.38,1420300,3.379,69900,3.378,518800,3.388,1600,3.389,57800,3.39,6200,3.391,4500,3.392,454100,3.393,801000,3.394,735200,3.395,1380600,3.396,778600,3.397,83600
2020-09-03 13:39:24.460,3.389,3000.0,3.395,3.4018260000000002,3.39,3.398,3.387,100600,3.386,169600,3.385,1507700,3.384,309100,3.383,1301500,3.382,820800,3.381,478600,3.38,1482500,3.379,69900,3.378,218800,3.388,29600,3.389,56400,3.39,6200,3.391,304500,3.392,172500,3.393,1162900,3.394,424000,3.395,1380600,3.396,778600,3.397,83600
2020-09-03 13:39:26.710,3.388,35000.0,3.395,3.4018230000000003,3.39,3.398,3.387,100600,3.386,474700,3.385,1207700,3.384,409100,3.383,1142300,3.382,720800,3.381,478600,3.38,1482500,3.379,69900,3.378,518800,3.389,56400,3.39,106200,3.391,104500,3.392,472500,3.393,1062900,3.394,524000,3.395,1380600,3.396,778600,3.397,83600,3.398,180600
2020-09-03 13:39:30.750,3.388,16800.0,3.395,3.401822,3.39,3.398,3.387,107600,3.386,174700,3.385,1566800,3.384,409100,3.383,1242300,3.382,720800,3.381,478600,3.38,1482500,3.379,69900,3.378,518800,3.388,43200,3.389,56400,3.39,106200,3.391,124500,3.392,472500,3.393,1101000,3.394,485900,3.395,1380600,3.396,778600,3.397,83600
2020-09-03 13:39:31.080,3.388,23200.0,3.395,3.401821,3.39,3.398,3.387,107600,3.386,174700,3.385,1566800,3.384,409100,3.383,1242300,3.382,720800,3.381,478600,3.38,1482500,3.379,69900,3.378,218800,3.388,20000,3.389,56400,3.39,106200,3.391,424500,3.392,172500,3.393,1162900,3.394,424000,3.395,1380600,3.396,778600,3.397,83600
2020-09-03 13:39:37.350,3.388,300.0,3.395,3.401821,3.39,3.398,3.387,107600,3.386,173900,3.385,1474200,3.384,502100,3.383,1242300,3.382,720800,3.381,478600,3.38,1482500,3.379,69900,3.378,518800,3.388,19700,3.389,56400,3.39,106200,3.391,513000,3.392,279500,3.393,1162900,3.394,424000,3.395,1380600,3.396,778600,3.397,83600
2020-09-03 13:39:42.590,3.388,34800.0,3.395,3.401818,3.39,3.398,3.387,107600,3.386,173900,3.385,1474200,3.384,502100,3.383,1242300,3.382,720800,3.381,478600,3.38,1482500,3.379,69900,3.378,518800,3.388,44900,3.389,56400,3.39,106200,3.391,213000,3.392,579500,3.393,1162900,3.394,424000,3.395,1380600,3.396,778600,3.397,83600
2020-09-03 13:39:48.920,3.388,3000.0,3.395,3.401818,3.39,3.398,3.387,107600,3.386,463900,3.385,1174200,3.384,409100,3.383,1242300,3.382,720800,3.381,478600,3.38,1482500,3.379,69900,3.378,518800,3.388,29800,3.389,56400,3.39,106200,3.391,120000,3.392,579500,3.393,1101000,3.394,485900,3.395,1380600,3.396,778600,3.397,83600
2020-09-03 13:39:58.360,3.388,100.0,3.395,3.401818,3.389,3.398,3.387,107600,3.386,174900,3.385,1024200,3.384,502100,3.383,1692300,3.382,720800,3.381,478600,3.38,1482500,3.379,69900,3.378,218800,3.388,29600,3.389,56400,3.39,106200,3.391,513000,3.392,279500,3.393,1612900,3.394,424000,3.395,930600,3.396,778600,3.397,83600
2020-09-03 13:40:00.490,3.387,10000.0,3.395,3.401817,3.389,3.398,3.387,101900,3.386,494900,3.385,724200,3.384,502100,3.383,1693300,3.382,720800,3.381,478600,3.38,1485500,3.379,69900,3.378,518800,3.389,56400,3.39,106200,3.391,213000,3.392,579500,3.393,1612900,3.394,424000,3.395,930600,3.396,778600,3.397,83600,3.398,180600
2020-09-03 13:40:05.310,3.387,1900.0,3.395,3.401817,3.39,3.398,3.387,100200,3.386,494900,3.385,725200,3.384,502900,3.383,1593300,3.382,820800,3.381,540800,3.38,1423500,3.379,370700,3.378,218800,3.389,56400,3.39,6200,3.391,120000,3.392,572500,3.393,1751000,3.394,485900,3.395,930600,3.396,778600,3.397,83600,3.398,180600
2020-09-03 13:40:11.440,3.389,34800.0,3.395,3.401815,3.39,3.398,3.388,200,3.387,534300,3.386,324900,3.385,666100,3.384,402900,3.383,1593300,3.382,820800,3.381,540800,3.38,1723500,3.379,70700,3.389,21600,3.39,6200,3.391,20000,3.392,472500,3.393,1851000,3.394,485900,3.395,930600,3.396,778600,3.397,83600,3.398,180600
2020-09-03 13:40:17.270,3.389,21600.0,3.395,3.4018129999999998,3.389,3.398,3.388,651600,3.387,206200,3.386,224900,3.385,666600,3.384,412600,3.383,1593300,3.382,720800,3.381,540800,3.38,1423700,3.379,70700,3.39,10700,3.391,20000,3.392,379500,3.393,1551000,3.394,885900,3.395,930600,3.396,778600,3.397,83600,3.398,180600,3.399,419300
2020-09-03 13:40:19.510,3.388,30000.0,3.395,3.401811,3.39,3.398,3.388,321400,3.387,535600,3.386,324900,3.385,759600,3.384,412600,3.383,1593300,3.382,720800,3.381,540800,3.38,1723700,3.379,70700,3.389,100,3.39,10700,3.391,20000,3.392,279500,3.393,1944000,3.394,524000,3.395,930600,3.396,778600,3.397,83600,3.398,180600
2020-09-03 13:40:22.580,3.389,100.0,3.395,3.401811,3.39,3.398,3.389,5500,3.388,626400,3.387,235600,3.386,326800,3.385,759600,3.384,312600,3.383,1693300,3.382,720800,3.381,540800,3.38,1423700,3.39,10700,3.391,20000,3.392,279500,3.393,2044000,3.394,585900,3.395,930600,3.396,778600,3.397,83600,3.398,180600,3.399,419300
2020-09-03 13:40:26.180,3.388,10000.0,3.395,3.40181,3.39,3.398,3.388,322000,3.387,535600,3.386,277600,3.385,759600,3.384,413600,3.383,1593300,3.382,782900,3.381,478600,3.38,1723700,3.379,70700,3.39,10700,3.391,20000,3.392,284500,3.393,1944000,3.394,624000,3.395,992500,3.396,778600,3.397,83600,3.398,180600,3.399,419300
2020-09-03 13:40:28.580,3.388,30000.0,3.395,3.4018080000000004,3.39,3.398,3.389,4200,3.388,276000,3.387,235600,3.386,576600,3.385,759700,3.384,313600,3.383,1693300,3.382,720800,3.381,540800,3.38,1723700,3.39,10700,3.391,20000,3.392,384500,3.393,2044000,3.394,424000,3.395,992500,3.396,858600,3.397,83600,3.398,180600,3.399,419300
2020-09-03 13:40:31.150,3.39,10700.0,3.395,3.4018080000000004,3.39,3.398,3.39,24100,3.389,4200,3.388,276000,3.387,535600,3.386,276600,3.385,666700,3.384,318600,3.383,1693300,3.382,782900,3.381,478600,3.391,20000,3.392,384500,3.393,1951000,3.394,424000,3.395,992500,3.396,858600,3.397,83600,3.398,180600,3.399,419300,3.4,871400
2020-09-03 13:40:40.240,3.391,900.0,3.395,3.4018080000000004,3.39,3.398,3.39,24200,3.389,5100,3.388,10100,3.387,278600,3.386,576600,3.385,766700,3.384,318600,3.383,1655400,3.382,720800,3.381,478600,3.391,22100,3.392,684500,3.393,1551000,3.394,517000,3.395,1030600,3.396,920500,3.397,83600,3.398,180600,3.399,419300,3.4,871400
2020-09-03 13:40:47.470,3.39,24500.0,3.395,3.4018059999999997,3.39,3.398,3.389,5200,3.388,20200,3.387,581000,3.386,364600,3.385,666700,3.384,318600,3.383,1655400,3.382,720800,3.381,478600,3.38,1723700,3.39,6400,3.391,134000,3.392,384500,3.393,1851000,3.394,517000,3.395,930600,3.396,1020500,3.397,83600,3.398,180600,3.399,419300
2020-09-03 13:40:51.380,3.388,30000.0,3.395,3.4018040000000003,3.391,3.398,3.388,315400,3.387,188000,3.386,264600,3.385,767700,3.384,318600,3.383,1593300,3.382,782900,3.381,778600,3.38,1423700,3.379,70700,3.39,8300,3.391,154000,3.392,384500,3.393,1851000,3.394,427000,3.395,1092500,3.396,859100,3.397,83600,3.398,180600,3.399,419300
2020-09-03 13:40:53.190,3.39,300.0,3.395,3.4018040000000003,3.391,3.398,3.388,315400,3.387,238000,3.386,357600,3.385,667700,3.384,318600,3.383,1693300,3.382,720800,3.381,540800,3.38,1723700,3.379,70700,3.39,8000,3.391,154000,3.392,384500,3.393,2044000,3.394,427000,3.395,992500,3.396,859100,3.397,83600,3.398,180600,3.399,419300
2020-09-03 13:40:56.770,3.391,78400.0,3.395,3.4018,3.39,3.398,3.389,620000,3.388,345400,3.387,208900,3.386,164600,3.385,1217700,3.384,318600,3.383,1593300,3.382,720800,3.381,540800,3.38,1423700,3.391,83600,3.392,284500,3.393,1551000,3.394,827000,3.395,1092500,3.396,859100,3.397,83600,3.398,180600,3.399,419300,3.4,871400
2020-09-03 13:41:11.160,3.39,34900.0,3.395,3.4017980000000003,3.391,3.398,3.39,4200,3.389,1009100,3.388,147400,3.387,226800,3.386,716600,3.385,1117900,3.384,318600,3.383,1205400,3.382,1020800,3.381,478600,3.391,59400,3.392,84500,3.393,801000,3.394,620000,3.395,1780600,3.396,1021000,3.397,153600,3.398,180600,3.399,419300,3.4,871400
2020-09-03 13:41:15.230,3.391,600.0,3.395,3.4017980000000003,3.391,3.398,3.39,4200,3.389,1009100,3.388,147400,3.387,226800,3.386,616600,3.385,1219900,3.384,318600,3.383,1205400,3.382,1020800,3.381,478600,3.391,58800,3.392,84500,3.393,801000,3.394,620000,3.395,1880600,3.396,921000,3.397,153600,3.398,180600,3.399,419300,3.4,871400
2020-09-03 13:41:33.290,3.39,8800.0,3.395,3.401797,3.391,3.398,3.389,650000,3.388,47400,3.387,226800,3.386,716600,3.385,1121900,3.384,315900,3.383,1505400,3.382,720800,3.381,478600,3.38,1432300,3.39,11500,3.391,58800,3.392,84500,3.393,801000,3.394,620000,3.395,1780600,3.396,1021000,3.397,153600,3.398,180600,3.399,419300
2020-09-03 13:41:34.510,3.391,46300.0,3.395,3.401794,3.391,3.398,3.39,670400,3.389,450000,3.388,107400,3.387,231800,3.386,616600,3.385,1221900,3.384,315900,3.383,1143300,3.382,782900,3.381,478600,3.391,24000,3.392,84500,3.393,801000,3.394,520000,3.395,1642500,3.396,1259100,3.397,153600,3.398,180600,3.399,419300,3.4,871500
2020-09-03 13:41:51.910,3.39,16500.0,3.395,3.401794,3.392,3.398,3.39,668900,3.389,480000,3.388,107400,3.387,231800,3.386,716600,3.385,1122900,3.384,315900,3.383,1505500,3.382,720800,3.381,478600,3.391,9000,3.392,84500,3.393,801000,3.394,520000,3.395,1480600,3.396,1421000,3.397,153600,3.398,240600,3.399,419300,3.4,871500
2020-09-03 13:41:54.150,3.391,700.0,3.395,3.401793,3.392,3.398,3.39,668900,3.389,480000,3.388,107400,3.387,231800,3.386,616600,3.385,1222900,3.384,315900,3.383,1505500,3.382,720800,3.381,478600,3.391,8300,3.392,84500,3.393,801000,3.394,520000,3.395,1580600,3.396,1321000,3.397,153600,3.398,240600,3.399,419300,3.4,871500
2020-09-03 13:41:57.090,3.39,31000.0,3.395,3.401792,3.391,3.398,3.39,586900,3.389,450000,3.388,107400,3.387,231800,3.386,716600,3.385,1122900,3.384,315900,3.383,1505500,3.382,720800,3.381,478600,3.391,8300,3.392,84500,3.393,801100,3.394,520000,3.395,1480600,3.396,1421000,3.397,153600,3.398,240600,3.399,419300,3.4,871500
2020-09-03 13:41:58.310,3.391,600.0,3.395,3.401792,3.391,3.398,3.39,345900,3.389,750000,3.388,107400,3.387,231800,3.386,616600,3.385,1222900,3.384,315900,3.383,1245500,3.382,720800,3.381,478600,3.391,7700,3.392,84500,3.393,801100,3.394,520000,3.395,1580600,3.396,1321000,3.397,153600,3.398,240600,3.399,419300,3.4,871500
2020-09-03 13:42:00.480,3.391,4400.0,3.395,3.4017910000000002,3.391,3.398,3.39,645900,3.389,450000,3.388,107400,3.387,231800,3.386,716600,3.385,1127900,3.384,315900,3.383,1545500,3.382,720800,3.381,478600,3.391,3300,3.392,84500,3.393,801200,3.394,520000,3.395,1480600,3.396,1421000,3.397,153600,3.398,240600,3.399,419300,3.4,871500
2020-09-03 13:42:08.490,3.39,1900.0,3.395,3.4017910000000002,3.392,3.398,3.389,679100,3.388,181400,3.387,231800,3.386,710100,3.385,1127900,3.384,315900,3.383,1245500,3.382,1020800,3.381,478600,3.38,1434100,3.391,13300,3.392,84500,3.393,801300,3.394,620000,3.395,1780600,3.396,1021000,3.397,153600,3.398,240600,3.399,419300,3.4,871500
2020-09-03 13:42:30.280,3.391,2000.0,3.395,3.4017910000000002,3.392,3.398,3.39,4200,3.389,20000,3.388,410500,3.387,321800,3.386,610100,3.385,1316400,3.384,315900,3.383,1183400,3.382,782900,3.381,478600,3.391,12300,3.392,384500,3.393,901300,3.394,920000,3.395,1480600,3.396,971000,3.397,153600,3.398,240600,3.399,419300,3.4,871500
2020-09-03 13:42:38.290,3.39,4500.0,3.395,3.4017910000000002,3.392,3.398,3.389,20000,3.388,36000,3.387,234700,3.386,1069200,3.385,1124400,3.384,315900,3.383,1245500,3.382,720800,3.381,478600,3.38,1437600,3.391,55900,3.392,384500,3.393,1201300,3.394,620100,3.395,1380600,3.396,1071000,3.397,153600,3.398,240600,3.399,419300,3.4,871500
2020-09-03 13:42:44.480,3.391,2000.0,3.395,3.4017910000000002,3.391,3.398,3.389,20000,3.388,36000,3.387,593800,3.386,710100,3.385,1223400,3.384,314900,3.383,1183400,3.382,782900,3.381,478600,3.38,1737600,3.391,74300,3.392,384500,3.393,1201300,3.394,620100,3.395,1480600,3.396,971000,3.397,153600,3.398,240600,3.399,419300,3.4,871500
2020-09-03 13:42:51.780,3.39,100.0,3.395,3.4017910000000002,3.392,3.398,3.389,20000,3.388,36000,3.387,500800,3.386,903100,3.385,1143400,3.384,314900,3.383,1183400,3.382,782900,3.381,478600,3.38,1737600,3.39,72300,3.391,74300,3.392,384500,3.393,1294300,3.394,527100,3.395,1442500,3.396,1009100,3.397,153600,3.398,240600,3.399,419300
2020-09-03 13:43:12.750,3.39,2000.0,3.395,3.4017910000000002,3.392,3.398,3.389,24400,3.388,55500,3.387,441700,3.386,703100,3.385,1243000,3.384,314900,3.383,1183400,3.382,782900,3.381,478600,3.38,1437600,3.39,70300,3.391,69300,3.392,384500,3.393,994300,3.394,827100,3.395,1542500,3.396,909100,3.397,153600,3.398,240600,3.399,422100
2020-09-03 13:43:15.280,3.389,24400.0,3.395,3.401789,3.392,3.398,3.388,55500,3.387,200800,3.386,1103100,3.385,1243000,3.384,314900,3.383,1183400,3.382,782900,3.381,478600,3.38,1437600,3.379,70700,3.39,70300,3.391,69300,3.392,384500,3.393,1294300,3.394,527100,3.395,1542500,3.396,909100,3.397,153600,3.398,240600,3.399,422100
2020-09-03 13:43:19.290,3.388,55500.0,3.395,3.401785,3.391,3.398,3.387,141700,3.386,669200,3.385,1636000,3.384,414900,3.383,1183400,3.382,720800,3.381,540800,3.38,1437600,3.379,70700,3.378,519800,3.388,40000,3.389,3000,3.39,175300,3.391,469300,3.392,384500,3.393,894300,3.394,527100,3.395,1442500,3.396,909100,3.397,148600
2020-09-03 13:43:27.020,3.388,5000.0,3.395,3.401785,3.391,3.398,3.387,141700,3.386,1069200,3.385,1336000,3.384,314900,3.383,1283400,3.382,720800,3.381,478600,3.38,1499800,3.379,70700,3.378,219800,3.388,35000,3.389,3000,3.39,75300,3.391,169300,3.392,484500,3.393,1056200,3.394,427200,3.395,1380600,3.396,909100,3.397,148600
2020-09-03 13:43:29.380,3.388,22400.0,3.395,3.401783,3.391,3.398,3.387,145800,3.386,1069200,3.385,1243000,3.384,314900,3.383,1283400,3.382,720800,3.381,478600,3.38,1499800,3.379,370700,3.378,219800,3.388,22600,3.389,3000,3.39,70300,3.391,169300,3.392,484500,3.393,963200,3.394,427200,3.395,1380600,3.396,909100,3.397,148600
2020-09-03 13:43:32.620,3.387,4800.0,3.395,3.401783,3.391,3.398,3.387,141000,3.386,1069200,3.385,1243000,3.384,407900,3.383,1284300,3.382,720800,3.381,478600,3.38,1499800,3.379,370700,3.378,219800,3.388,22600,3.389,3000,3.39,74300,3.391,262300,3.392,484500,3.393,963200,3.394,427200,3.395,1380600,3.396,909100,3.397,148600
2020-09-03 13:43:35.280,3.387,200.0,3.395,3.401783,3.391,3.398,3.387,140800,3.386,769200,3.385,1543000,3.384,357900,3.383,1184300,3.382,820800,3.381,478600,3.38,1499800,3.379,70700,3.378,519800,3.388,22600,3.389,3000,3.39,74300,3.391,282300,3.392,584500,3.393,863200,3.394,427200,3.395,1380700,3.396,909100,3.397,148600
2020-09-03 13:43:50.680,3.387,26000.0,3.395,3.4017809999999997,3.391,3.398,3.387,115800,3.386,660100,3.385,1149000,3.384,657900,3.383,1184300,3.382,820800,3.381,478600,3.38,1499800,3.379,70700,3.378,522800,3.388,32600,3.389,3000,3.39,474300,3.391,282300,3.392,181800,3.393,863200,3.394,427200,3.395,1380700,3.396,909200,3.397,148600
2020-09-03 13:43:56.970,3.388,500.0,3.395,3.4017809999999997,3.391,3.398,3.387,117900,3.386,661600,3.385,1208100,3.384,757900,3.383,1184300,3.382,820800,3.381,478600,3.38,1500400,3.379,70700,3.378,522800,3.388,34800,3.389,3000,3.39,474300,3.391,282300,3.392,181800,3.393,863200,3.394,427200,3.395,1380700,3.396,909200,3.397,148600
2020-09-03 13:44:08.390,3.388,500.0,3.395,3.4017809999999997,3.391,3.398,3.387,122300,3.386,663800,3.385,1213000,3.384,760400,3.383,1284300,3.382,720800,3.381,478600,3.38,1520400,3.379,70700,3.378,222800,3.388,34300,3.389,3000,3.39,474300,3.391,282300,3.392,81800,3.393,963200,3.394,427200,3.395,1380700,3.396,909200,3.397,148600
2020-09-03 13:44:09.880,3.388,100.0,3.395,3.4017809999999997,3.39,3.398,3.387,132300,3.386,663800,3.385,1213000,3.384,760400,3.383,1284300,3.382,720800,3.381,478600,3.38,1520500,3.379,70700,3.378,522800,3.388,34200,3.389,8000,3.39,474300,3.391,282300,3.392,81800,3.393,963200,3.394,427200,3.395,1380700,3.396,909200,3.397,148600
2020-09-03 13:44:13.090,3.388,5000.0,3.395,3.4017800000000005,3.39,3.398,3.387,132400,3.386,663800,3.385,1213000,3.384,760400,3.383,1284300,3.382,720800,3.381,478600,3.38,1520500,3.379,70700,3.378,522800,3.388,29300,3.389,8000,3.39,174300,3.391,582300,3.392,81800,3.393,963200,3.394,427200,3.395,1380700,3.396,909200,3.397,148600
2020-09-03 13:44:15.820,3.387,10000.0,3.395,3.4017800000000005,3.39,3.398,3.387,122400,3.386,213800,3.385,1513000,3.384,460400,3.383,1284300,3.382,720800,3.381,478600,3.38,1520500,3.379,70700,3.378,522800,3.388,29300,3.389,8000,3.39,174300,3.391,582300,3.392,81800,3.393,963200,3.394,877200,3.395,930700,3.396,909200,3.397,148600
2020-09-03 13:44:18.710,3.388,1500.0,3.395,3.401779,3.39,3.398,3.387,122400,3.386,213800,3.385,1513000,3.384,460400,3.383,1184300,3.382,820800,3.381,478600,3.38,1520500,3.379,70700,3.378,522800,3.388,27800,3.389,8000,3.39,174300,3.391,582300,3.392,181800,3.393,863200,3.394,877200,3.395,930700,3.396,909200,3.397,148600
2020-09-03 13:44:26.960,3.388,31800.0,3.395,3.4017769999999996,3.39,3.398,3.388,22200,3.387,118400,3.386,217800,3.385,1512000,3.384,367400,3.383,1284300,3.382,720800,3.381,478600,3.38,1520500,3.379,70700,3.389,8000,3.39,174300,3.391,489300,3.392,81800,3.393,963200,3.394,877200,3.395,930700,3.396,909200,3.397,148600,3.398,240600
2020-09-03 13:44:27.980,3.389,8000.0,3.395,3.4017769999999996,3.39,3.398,3.389,500,3.388,26400,3.387,109900,3.386,217800,3.385,1609000,3.384,367400,3.383,1284300,3.382,720800,3.381,540800,3.38,1458300,3.39,174300,3.391,489300,3.392,174800,3.393,901300,3.394,939100,3.395,930700,3.396,909200,3.397,148600,3.398,240600,3.399,422100
2020-09-03 13:44:50.600,3.389,4900.0,3.395,3.4017760000000004,3.39,3.398,3.388,44200,3.387,109900,3.386,311800,3.385,1522000,3.384,467400,3.383,1184300,3.382,782900,3.381,478600,3.38,1458400,3.379,71700,3.389,5300,3.39,174100,3.391,509300,3.392,81800,3.393,894300,3.394,977200,3.395,992600,3.396,909200,3.397,148600,3.398,240600
2020-09-03 13:44:57.690,3.389,5600.0,3.395,3.4017760000000004,3.389,3.398,3.389,17900,3.388,43900,3.387,113900,3.386,218800,3.385,1615000,3.384,467400,3.383,1184300,3.382,720800,3.381,540800,3.38,1458400,3.39,174100,3.391,489300,3.392,174800,3.393,801300,3.394,1039100,3.395,930700,3.396,909200,3.397,148600,3.398,240600,3.399,422100
2020-09-03 13:45:08.080,3.388,78200.0,3.395,3.401771,3.39,3.398,3.387,113900,3.386,278800,3.385,1162900,3.384,367400,3.383,1484300,3.382,882900,3.381,478600,3.38,1458400,3.379,71700,3.378,222800,3.389,303000,3.39,194100,3.391,109300,3.392,81800,3.393,801300,3.394,977200,3.395,992600,3.396,909200,3.397,148600,3.398,240600
2020-09-03 13:45:18.700,3.387,20000.0,3.395,3.4017690000000003,3.389,3.398,3.387,94800,3.386,278900,3.385,713900,3.384,360400,3.383,2126000,3.382,837300,3.381,478600,3.38,1520600,3.379,71700,3.378,222800,3.388,400000,3.389,103000,3.39,94100,3.391,89300,3.392,174800,3.393,1423200,3.394,427200,3.395,930700,3.396,909200,3.397,148600
2020-09-03 13:45:20.690,3.388,34800.0,3.395,3.401767,3.389,3.398,3.387,94800,3.386,278900,3.385,714000,3.384,360400,3.383,1934300,3.382,837300,3.381,478600,3.38,1520600,3.379,71700,3.378,222800,3.389,403000,3.39,94100,3.391,89300,3.392,274800,3.393,1323200,3.394,427200,3.395,930700,3.396,909200,3.397,148600,3.398,240600
2020-09-03 13:45:24.420,3.387,95800.0,3.395,3.4017589999999998,3.389,3.398,3.386,278900,3.385,714000,3.384,419700,3.383,1834300,3.382,1037300,3.381,478600,3.38,1520600,3.379,71700,3.378,222800,3.377,61100,3.387,205200,3.388,299000,3.389,103000,3.39,194100,3.391,89300,3.392,174800,3.393,1361300,3.394,489100,3.395,930700,3.396,909200
2020-09-03 13:45:33.790,3.386,100000.0,3.395,3.4017510000000004,3.389,3.398,3.386,185900,3.385,714000,3.384,366400,3.383,1693600,3.382,1237400,3.381,478600,3.38,1458400,3.379,132900,3.378,222800,3.377,61100,3.387,205200,3.388,300000,3.389,103000,3.39,174100,3.391,89300,3.392,336800,3.393,1261300,3.394,424200,3.395,930700,3.396,909200
2020-09-03 13:45:37.810,3.387,34800.0,3.395,3.4017489999999997,3.388,3.398,3.386,148000,3.385,714000,3.384,276400,3.383,1786600,3.382,1137400,3.381,578600,3.38,1462400,3.379,132900,3.378,222800,3.377,61100,3.387,170400,3.388,300000,3.389,103000,3.39,267100,3.391,189300,3.392,143800,3.393,1261300,3.394,424200,3.395,930700,3.396,909200
2020-09-03 13:45:44.370,3.386,44800.0,3.395,3.4017449999999996,3.388,3.398,3.386,143000,3.385,710400,3.384,276400,3.383,1786600,3.382,1237400,3.381,478600,3.38,1462400,3.379,132900,3.378,222800,3.377,61100,3.387,135600,3.389,403000,3.39,267100,3.391,89300,3.392,243800,3.393,1261300,3.394,424200,3.395,930700,3.396,909200,3.397,148600
2020-09-03 13:45:46.610,3.386,2000.0,3.395,3.4017449999999996,3.388,3.398,3.386,141000,3.385,710500,3.384,276400,3.383,2086400,3.382,837400,3.381,578600,3.38,1462400,3.379,132900,3.378,222800,3.377,61100,3.387,135600,3.389,403000,3.39,267100,3.391,189300,3.392,143800,3.393,1261300,3.394,424200,3.395,930700,3.396,909200,3.397,148600
2020-09-03 13:45:49.620,3.386,137500.0,3.395,3.401734,3.389,3.398,3.385,710500,3.384,276400,3.383,1786400,3.382,1137400,3.381,578600,3.38,1462400,3.379,132900,3.378,222800,3.377,61100,3.376,116200,3.386,390900,3.387,135600,3.388,310000,3.389,103000,3.39,267100,3.391,189300,3.392,143800,3.393,1261300,3.394,424200,3.395,930700
2020-09-03 13:45:57.180,3.385,3600.0,3.395,3.401734,3.388,3.398,3.385,656900,3.384,276400,3.383,1728200,3.382,796600,3.381,678700,3.38,1762400,3.379,70700,3.378,285000,3.377,61100,3.376,116200,3.386,690900,3.387,595600,3.388,10000,3.389,103000,3.39,167100,3.391,241300,3.392,81800,3.393,1261300,3.394,424200,3.395,930700
2020-09-03 13:45:58.980,3.385,301000.0,3.395,3.401708,3.388,3.398,3.385,361400,3.384,276400,3.383,1635200,3.382,796600,3.381,878700,3.38,1562400,3.379,70700,3.378,285000,3.377,61100,3.376,116200,3.386,89900,3.387,295600,3.388,410000,3.389,3000,3.39,174100,3.391,141300,3.392,81800,3.393,1261300,3.394,424200,3.395,930700
2020-09-03 13:46:03.450,3.386,5000.0,3.395,3.401707,3.388,3.398,3.385,361400,3.384,246500,3.383,1635200,3.382,889600,3.381,878700,3.38,1562500,3.379,70700,3.378,285000,3.377,61100,3.376,116200,3.386,84900,3.387,135600,3.388,410000,3.389,196000,3.39,174100,3.391,141300,3.392,81800,3.393,1261300,3.394,424200,3.395,930700
2020-09-03 13:46:04.690,3.386,500.0,3.395,3.401707,3.388,3.398,3.385,361400,3.384,246500,3.383,1635200,3.382,830400,3.381,578700,3.38,1762500,3.379,70700,3.378,285000,3.377,61100,3.376,116200,3.386,444400,3.387,135600,3.388,110000,3.389,96100,3.39,74100,3.391,202900,3.392,81800,3.393,1261300,3.394,424200,3.395,930700
2020-09-03 13:46:08.120,3.385,300000.0,3.395,3.401682,3.388,3.398,3.385,61400,3.384,250900,3.383,1643800,3.382,830400,3.381,937900,3.38,1562500,3.379,70700,3.378,285000,3.377,61100,3.376,116200,3.386,84400,3.387,535600,3.388,110000,3.389,96100,3.39,74100,3.391,202400,3.392,81800,3.393,1261300,3.394,424200,3.395,930700
2020-09-03 13:46:12.290,3.385,98900.0,3.395,3.401674,3.388,3.398,3.385,51400,3.384,250900,3.383,1703000,3.382,930400,3.381,778700,3.38,1562500,3.379,70700,3.378,285000,3.377,61100,3.376,116200,3.387,535600,3.388,110000,3.389,96100,3.39,174100,3.391,102400,3.392,81800,3.393,1261300,3.394,424200,3.395,930700,3.396,909200
2020-09-03 13:46:13.600,3.385,8600.0,3.395,3.401673,3.387,3.398,3.385,42800,3.384,250900,3.383,1707400,3.382,837400,3.381,778700,3.38,1562500,3.379,70700,3.378,285000,3.377,61100,3.376,116200,3.386,260000,3.387,300000,3.388,110000,3.389,103100,3.39,174100,3.391,40400,3.392,143800,3.393,1261300,3.394,424200,3.395,930700
2020-09-03 13:46:18.420,3.384,52800.0,3.395,3.401669,3.388,3.398,3.384,240900,3.383,1707400,3.382,930400,3.381,778700,3.38,1557500,3.379,70700,3.378,285000,3.377,61100,3.376,116200,3.375,942100,3.385,92800,3.386,298400,3.387,300000,3.388,100000,3.389,196100,3.39,174100,3.391,102400,3.392,81800,3.393,1261300,3.394,424200
2020-09-03 13:46:22.740,3.385,1000.0,3.395,3.401668,3.387,3.398,3.384,246000,3.383,1710700,3.382,930400,3.381,778700,3.38,1457500,3.379,170700,3.378,222800,3.377,123300,3.376,116200,3.375,642100,3.385,91800,3.386,298400,3.387,300000,3.388,100000,3.389,196100,3.39,136100,3.391,40400,3.392,81800,3.393,1261300,3.394,429200
2020-09-03 13:46:27.140,3.385,3000.0,3.395,3.401668,3.388,3.398,3.384,246000,3.383,1710700,3.382,930400,3.381,781700,3.38,1557500,3.379,70700,3.378,222800,3.377,123300,3.376,116200,3.375,942100,3.385,114700,3.386,238400,3.388,400000,3.389,96100,3.39,236100,3.391,40400,3.392,81800,3.393,1261300,3.394,429200,3.395,930700
2020-09-03 13:46:32.340,3.385,1700.0,3.395,3.401668,3.387,3.398,3.384,251800,3.383,1201500,3.382,737400,3.381,1024700,3.38,1857500,3.379,70700,3.378,222800,3.377,123300,3.376,116200,3.375,642100,3.385,113000,3.386,500000,3.388,193000,3.389,3100,3.39,237900,3.391,490400,3.392,81800,3.393,811300,3.394,429200,3.395,930700
2020-09-03 13:46:33.790,3.385,1000.0,3.395,3.401668,3.387,3.398,3.384,253700,3.383,1254600,3.382,800900,3.381,1124700,3.38,1857500,3.379,70700,3.378,222800,3.377,123300,3.376,116200,3.375,642100,3.385,112000,3.386,200000,3.387,400000,3.388,193000,3.389,3100,3.39,237900,3.391,490400,3.392,81800,3.393,811300,3.394,429200
2020-09-03 13:46:38.940,3.384,5000.0,3.395,3.4016669999999998,3.387,3.398,3.384,248700,3.383,1254600,3.382,800900,3.381,1126700,3.38,1857700,3.379,70700,3.378,222800,3.377,123300,3.376,116200,3.375,642100,3.385,112000,3.386,500000,3.387,100000,3.388,193000,3.389,3100,3.39,237900,3.391,490400,3.392,81800,3.393,811300,3.394,429200
2020-09-03 13:46:39.590,3.384,100.0,3.395,3.4016669999999998,3.387,3.398,3.384,248600,3.383,1259500,3.382,800900,3.381,1033700,3.38,1770700,3.379,170700,3.378,222800,3.377,123300,3.376,116200,3.375,642100,3.385,112000,3.386,500000,3.387,100000,3.388,100000,3.389,103100,3.39,137900,3.391,490400,3.392,81800,3.393,811300,3.394,429200
2020-09-03 13:46:43.790,3.384,18100.0,3.395,3.4016660000000005,3.387,3.398,3.384,230500,3.383,1259500,3.382,741700,3.381,1326700,3.38,1475300,3.379,170700,3.378,223100,3.377,123300,3.376,116200,3.375,642100,3.385,112000,3.386,200000,3.387,400000,3.388,193000,3.389,103100,3.39,137900,3.391,490400,3.392,81800,3.393,811300,3.394,429200
2020-09-03 13:46:45.820,3.384,38400.0,3.395,3.4016620000000004,3.387,3.398,3.384,202600,3.383,1259500,3.382,800900,3.381,1126700,3.38,1775300,3.379,170700,3.378,223100,3.377,123300,3.376,156200,3.375,642100,3.385,112000,3.387,400000,3.388,193000,3.389,103100,3.39,137900,3.391,490400,3.392,19600,3.393,811300,3.394,429200,3.395,930700
2020-09-03 13:46:50.540,3.384,4300.0,3.395,3.4016620000000004,3.387,3.398,3.384,689300,3.383,1264500,3.382,800900,3.381,1126700,3.38,1775300,3.379,170700,3.378,223100,3.377,123300,3.376,156200,3.375,642100,3.385,112000,3.386,300000,3.387,100000,3.388,193000,3.389,103100,3.39,137900,3.391,490400,3.392,19600,3.393,811300,3.394,429200
2020-09-03 13:46:55.490,3.384,100.0,3.395,3.4016620000000004,3.387,3.398,3.384,689300,3.383,1264500,3.382,801000,3.381,1143900,3.38,1770100,3.379,170800,3.378,223100,3.377,123300,3.376,156200,3.375,642100,3.385,126500,3.386,300000,3.387,100000,3.388,100000,3.389,103100,3.39,137900,3.391,490400,3.392,19600,3.393,811300,3.394,429200
2020-09-03 13:47:00.440,3.385,180300.0,3.395,3.401646,3.387,3.398,3.384,522100,3.383,1262000,3.382,801000,3.381,1236900,3.38,1760100,3.379,170800,3.378,223100,3.377,123300,3.376,156200,3.375,642300,3.385,121900,3.386,300000,3.387,100000,3.388,193000,3.389,103100,3.39,137900,3.391,490400,3.392,19600,3.393,811300,3.394,429200
2020-09-03 13:47:04.960,3.385,600.0,3.395,3.401646,3.387,3.398,3.384,522100,3.383,1264000,3.382,801000,3.381,1236900,3.38,1860200,3.379,73800,3.378,223100,3.377,123600,3.376,156200,3.375,642300,3.385,121300,3.386,300000,3.387,100000,3.388,193000,3.389,3100,3.39,237900,3.391,490400,3.392,19600,3.393,811300,3.394,429200
2020-09-03 13:47:08.040,3.385,200.0,3.395,3.401646,3.387,3.398,3.384,522600,3.383,1269000,3.382,801400,3.381,1236900,3.38,1860200,3.379,73800,3.378,223100,3.377,123600,3.376,156200,3.375,642300,3.385,131100,3.386,300000,3.387,100000,3.388,193000,3.389,3100,3.39,237900,3.391,490400,3.392,19600,3.393,811300,3.394,429200
2020-09-03 13:47:11.310,3.385,131100.0,3.395,3.4016349999999997,3.387,3.398,3.385,18900,3.384,522600,3.383,1269000,3.382,801400,3.381,1143900,3.38,1869400,3.379,73800,3.378,223100,3.377,123600,3.376,156200,3.386,300000,3.387,100000,3.388,100000,3.389,3100,3.39,237900,3.391,490400,3.392,19600,3.393,811300,3.394,429200,3.395,940100
2020-09-03 13:47:13.290,3.385,18900.0,3.395,3.4016330000000004,3.387,3.398,3.384,523600,3.383,1269000,3.382,1285800,3.381,1103100,3.38,1673800,3.379,373800,3.378,285300,3.377,61400,3.376,156200,3.375,642300,3.385,282100,3.386,110000,3.387,120000,3.389,93100,3.39,625900,3.391,552400,3.392,19600,3.393,811300,3.394,429200,3.395,940100
2020-09-03 13:47:16.640,3.385,16400.0,3.395,3.4016319999999998,3.387,3.398,3.384,523700,3.383,1269000,3.382,1285800,3.381,1043900,3.38,1633000,3.379,473800,3.378,223100,3.377,123600,3.376,156200,3.375,642300,3.385,285700,3.386,110000,3.387,120000,3.389,93300,3.39,687900,3.391,490400,3.392,19600,3.393,811300,3.394,429200,3.395,940100
2020-09-03 13:47:19.800,3.384,10000.0,3.395,3.4016309999999996,3.387,3.398,3.384,513700,3.383,1269000,3.382,1285800,3.381,1403100,3.38,1673800,3.379,73800,3.378,223100,3.377,123600,3.376,156200,3.375,642300,3.385,20000,3.386,110500,3.387,420000,3.389,93300,3.39,687900,3.391,490400,3.392,19600,3.393,811300,3.394,429200,3.395,940100
2020-09-03 13:47:22.520,3.385,10000.0,3.395,3.4016300000000004,3.387,3.398,3.384,516700,3.383,1268100,3.382,1288300,3.381,1413100,3.38,1603800,3.379,173800,3.378,223100,3.377,123600,3.376,156200,3.375,642300,3.385,10000,3.386,10500,3.387,420000,3.389,193300,3.39,587900,3.391,490400,3.392,19600,3.393,811300,3.394,429200,3.395,940100
2020-09-03 13:47:24.050,3.385,100.0,3.395,3.4016300000000004,3.387,3.398,3.384,517700,3.383,1268100,3.382,1195300,3.381,1211100,3.38,2003800,3.379,73800,3.378,223100,3.377,123600,3.376,156200,3.375,642300,3.385,12900,3.386,410500,3.387,120000,3.388,93000,3.389,300,3.39,687900,3.391,490400,3.392,19600,3.393,811300,3.394,429200
2020-09-03 13:47:27.120,3.384,3000.0,3.395,3.4016300000000004,3.387,3.398,3.384,514700,3.383,1268100,3.382,1195300,3.381,1211100,3.38,2003900,3.379,73800,3.378,223100,3.377,123600,3.376,156200,3.375,642300,3.385,12900,3.386,410500,3.387,120000,3.388,93000,3.389,300,3.39,687900,3.391,490400,3.392,19600,3.393,811300,3.394,429200
2020-09-03 13:47:30.460,3.385,4100.0,3.395,3.4016290000000002,3.387,3.398,3.384,519800,3.383,1268100,3.382,1195300,3.381,1511100,3.38,1603900,3.379,173800,3.378,223100,3.377,123600,3.376,156200,3.375,642300,3.385,12100,3.386,110500,3.387,420000,3.388,93000,3.389,100300,3.39,587900,3.391,490400,3.392,19600,3.393,811300,3.394,429200
2020-09-03 13:47:34.870,3.385,12100.0,3.395,3.401628,3.387,3.398,3.385,18700,3.384,519800,3.383,1270600,3.382,1198300,3.381,1451900,3.38,1603900,3.379,73800,3.378,223100,3.377,123600,3.376,156200,3.386,10500,3.387,420000,3.388,93000,3.389,300,3.39,687900,3.391,490400,3.392,19600,3.393,811300,3.394,429200,3.395,940100
2020-09-03 13:47:37.840,3.385,200.0,3.395,3.401628,3.387,3.398,3.385,18500,3.384,519900,3.383,1270600,3.382,1557500,3.381,1158900,3.38,1603900,3.379,73800,3.378,285300,3.377,61400,3.376,156200,3.386,10500,3.387,100000,3.388,400000,3.389,300,3.39,625900,3.391,552400,3.392,19600,3.393,811300,3.394,429200,3.395,940100
2020-09-03 13:47:38.410,3.385,10000.0,3.395,3.4016269999999995,3.387,3.398,3.385,11500,3.384,548400,3.383,1270600,3.382,1650500,3.381,1158900,3.38,1604100,3.379,73800,3.378,285300,3.377,61400,3.376,156200,3.386,10500,3.387,100000,3.388,400000,3.389,93300,3.39,625900,3.391,552400,3.392,19600,3.393,811300,3.394,429200,3.395,940100
2020-09-03 13:47:43.540,3.384,46700.0,3.395,3.4016230000000003,3.387,3.398,3.384,538700,3.383,1274600,3.382,1350500,3.381,1458900,3.38,1604100,3.379,73800,3.378,285300,3.377,61400,3.376,156200,3.375,648300,3.385,63300,3.386,10500,3.387,400000,3.388,100000,3.389,93300,3.39,625900,3.391,552400,3.392,19600,3.393,811300,3.394,429200
2020-09-03 13:47:46.350,3.385,8700.0,3.395,3.4016230000000003,3.387,3.398,3.384,539600,3.383,1274800,3.382,1350500,3.381,1458900,3.38,1507100,3.379,173800,3.378,223100,3.377,123600,3.376,156200,3.375,648300,3.385,58600,3.386,10500,3.387,100000,3.388,400000,3.389,223300,3.39,587900,3.391,490400,3.392,19600,3.393,811300,3.394,429200
2020-09-03 13:47:48.770,3.385,700.0,3.395,3.4016230000000003,3.387,3.398,3.384,589600,3.383,1274800,3.382,1291300,3.381,1418100,3.38,1707100,3.379,73800,3.378,223100,3.377,123600,3.376,156200,3.375,648300,3.385,57900,3.386,10500,3.387,400000,3.388,100000,3.389,123300,3.39,687900,3.391,490400,3.392,19600,3.393,811300,3.394,429200
2020-09-03 13:47:51.470,3.384,30000.0,3.395,3.40162,3.387,3.398,3.384,559600,3.383,1274800,3.382,1198300,3.381,1511100,3.38,1707100,3.379,73800,3.378,223100,3.377,123600,3.376,156200,3.375,648300,3.385,57900,3.386,10500,3.387,400000,3.388,93000,3.389,30300,3.39,687900,3.391,490400,3.392,19600,3.393,811300,3.394,429200
2020-09-03 13:47:55.230,3.385,300.0,3.395,3.40162,3.386,3.398,3.384,1073800,3.383,1274800,3.382,1198300,3.381,1151900,3.38,1807100,3.379,173800,3.378,223100,3.377,123600,3.376,156200,3.375,648300,3.385,157600,3.386,330500,3.388,93000,3.389,130300,3.39,587900,3.391,490400,3.392,19600,3.393,811300,3.394,429200,3.395,940100
2020-09-03 13:47:58.030,3.385,102600.0,3.395,3.401611,3.386,3.398,3.384,974700,3.383,1274800,3.382,1198300,3.381,1151900,3.38,1654300,3.379,473800,3.378,223100,3.377,123600,3.376,156200,3.375,648300,3.385,355000,3.386,30500,3.388,93000,3.389,30300,3.39,687900,3.391,490400,3.392,19600,3.393,811300,3.394,429200,3.395,940100
2020-09-03 13:48:01.540,3.385,200.0,3.395,3.401611,3.386,3.398,3.384,989300,3.383,1274800,3.382,748300,3.381,1151900,3.38,1654300,3.379,473800,3.378,223100,3.377,123600,3.376,156200,3.375,648300,3.385,354800,3.386,34000,3.388,93000,3.389,30300,3.39,687900,3.391,40400,3.392,19600,3.393,811300,3.394,429200,3.395,940100
2020-09-03 13:48:04.900,3.385,3000.0,3.395,3.40161,3.386,3.398,3.384,995800,3.383,1274800,3.382,748300,3.381,1058900,3.38,1654300,3.379,473800,3.378,223100,3.377,123600,3.376,156200,3.375,648300,3.385,351800,3.386,34000,3.389,30300,3.39,687900,3.391,40400,3.392,19600,3.393,811300,3.394,429200,3.395,940100,3.396,909200
2020-09-03 13:48:12.160,3.385,20000.0,3.395,3.4016089999999997,3.386,3.398,3.384,1030000,3.383,1288200,3.382,752300,3.381,1211100,3.38,1698100,3.379,73800,3.378,523100,3.377,123600,3.376,156200,3.375,648300,3.385,352500,3.386,134000,3.387,100000,3.388,93000,3.389,33300,3.39,687900,3.391,40400,3.392,19600,3.393,811300,3.394,429200
2020-09-03 13:48:13.310,3.384,2500.0,3.395,3.401608,3.387,3.398,3.384,1040500,3.383,1288200,3.382,752300,3.381,1211100,3.38,1698100,3.379,73800,3.378,523100,3.377,123600,3.376,156200,3.375,648300,3.385,332500,3.386,134000,3.387,100000,3.388,93000,3.389,33400,3.39,687900,3.391,40400,3.392,19600,3.393,811300,3.394,429200
2020-09-03 13:48:17.470,3.384,7900.0,3.395,3.401608,3.386,3.398,3.384,1032600,3.383,1288200,3.382,752300,3.381,1125100,3.38,1598100,3.379,173800,3.378,523100,3.377,123600,3.376,156200,3.375,648300,3.385,352500,3.386,134000,3.387,100000,3.389,133400,3.39,587900,3.391,40400,3.392,19600,3.393,811300,3.394,429200,3.395,950100
2020-09-03 13:48:21.300,3.384,1000300.0,3.395,3.4015190000000004,3.386,3.398,3.384,33100,3.383,1288200,3.382,752300,3.381,1158900,3.38,1557300,3.379,173800,3.378,523100,3.377,123600,3.376,156200,3.375,648300,3.385,52200,3.386,134000,3.388,93000,3.389,133500,3.39,587900,3.391,40400,3.392,19600,3.393,811300,3.394,429200,3.395,950100
2020-09-03 13:48:24.090,3.384,33100.0,3.395,3.4015160000000004,3.386,3.398,3.383,1288200,3.382,752300,3.381,1163900,3.38,1552300,3.379,273800,3.378,523100,3.377,123600,3.376,156200,3.375,648300,3.374,44300,3.384,25700,3.385,352200,3.386,134000,3.388,93000,3.389,133500,3.39,587900,3.391,40400,3.392,19600,3.393,811300,3.394,429200
2020-09-03 13:48:25.310,3.384,200.0,3.395,3.4015160000000004,3.385,3.398,3.383,1290500,3.382,752300,3.381,1163900,3.38,1552300,3.379,723800,3.378,523100,3.377,61400,3.376,218500,3.375,648300,3.374,44300,3.384,45500,3.385,348200,3.386,134000,3.388,93000,3.389,645500,3.39,525900,3.391,40400,3.392,19600,3.393,811300,3.394,429200
2020-09-03 13:48:30.460,3.384,7700.0,3.395,3.4015150000000003,3.385,3.398,3.383,1290500,3.382,752300,3.381,713900,3.38,1557300,3.379,1028800,3.378,223100,3.377,61400,3.376,218500,3.375,649800,3.374,44300,3.384,39800,3.385,354200,3.386,134000,3.388,93000,3.389,645500,3.39,75900,3.391,40400,3.392,19600,3.393,811300,3.394,429200
2020-09-03 13:48:32.710,3.384,1000.0,3.395,3.4015150000000003,3.386,3.398,3.383,1290500,3.382,762300,3.381,620900,3.38,1557800,3.379,728800,3.378,533100,3.377,61400,3.376,218500,3.375,649800,3.374,44300,3.384,38800,3.385,454200,3.386,130500,3.389,645500,3.39,75900,3.391,41400,3.392,19600,3.393,811300,3.394,429200,3.395,950100
2020-09-03 13:48:35.910,3.384,6300.0,3.395,3.401514,3.386,3.398,3.383,1286500,3.382,762300,3.381,623900,3.38,1651100,3.379,728800,3.378,533100,3.377,61400,3.376,218500,3.375,649800,3.374,44300,3.384,36500,3.385,454200,3.386,130500,3.387,93000,3.389,645500,3.39,75900,3.391,41400,3.392,19600,3.393,811300,3.394,429200
2020-09-03 13:48:42.250,3.384,31900.0,3.395,3.401511,3.386,3.398,3.383,1286500,3.382,782300,3.381,623900,3.38,1651100,3.379,728800,3.378,533100,3.377,61400,3.376,218500,3.375,654800,3.374,44300,3.384,334600,3.385,154200,3.386,110500,3.387,93000,3.389,645500,3.39,75900,3.391,41400,3.392,19600,3.393,811300,3.394,429200
2020-09-03 13:48:44.820,3.384,400.0,3.395,3.401511,3.386,3.398,3.383,1291600,3.382,782300,3.381,623900,3.38,1651100,3.379,728800,3.378,533100,3.377,61400,3.376,218500,3.375,654800,3.374,44300,3.384,334200,3.385,154200,3.386,110500,3.387,93000,3.389,645500,3.39,75900,3.391,41400,3.392,19600,3.393,811300,3.394,429200
2020-09-03 13:48:46.840,3.384,11400.0,3.395,3.40151,3.386,3.398,3.383,1291600,3.382,782300,3.381,623900,3.38,1590300,3.379,628800,3.378,533100,3.377,61400,3.376,218500,3.375,656000,3.374,44300,3.384,342800,3.385,154200,3.386,10500,3.387,93000,3.389,645500,3.39,75900,3.391,41400,3.392,19600,3.393,811300,3.394,429200
2020-09-03 13:48:51.570,3.383,697500.0,3.395,3.401445,3.385,3.398,3.383,594200,3.382,782300,3.381,623900,3.38,1590300,3.379,688000,3.378,633100,3.377,61400,3.376,218500,3.375,656000,3.374,44300,3.384,442700,3.385,154200,3.386,10500,3.387,93000,3.389,645500,3.39,75900,3.391,41400,3.392,19600,3.393,811300,3.394,429200
2020-09-03 13:48:53.950,3.383,356900.0,3.395,3.401412,3.385,3.398,3.383,242700,3.382,783300,3.381,623900,3.38,1591300,3.379,828800,3.378,333100,3.377,61400,3.376,218500,3.375,656000,3.374,44300,3.384,37300,3.385,454200,3.386,110500,3.387,93000,3.388,100000,3.389,545500,3.39,75900,3.391,41400,3.392,19600,3.393,811300
2020-09-03 13:49:00.490,3.384,14300.0,3.395,3.401411,3.385,3.398,3.383,234900,3.382,783300,3.381,623900,3.38,1489300,3.379,828800,3.378,333100,3.377,61400,3.376,218500,3.375,656000,3.374,44300,3.384,13000,3.385,334200,3.386,110500,3.387,101000,3.388,100000,3.389,545500,3.39,75900,3.391,41400,3.392,19600,3.393,811300
2020-09-03 13:49:03.460,3.383,62900.0,3.395,3.4014050000000005,3.385,3.398,3.383,177300,3.382,783300,3.381,683100,3.38,1682300,3.379,928800,3.378,233100,3.377,61400,3.376,218500,3.375,656000,3.374,44300,3.384,22800,3.385,44200,3.386,410500,3.387,194000,3.389,645500,3.39,75900,3.391,41400,3.392,19600,3.393,811300,3.394,429200
2020-09-03 13:49:05.410,3.383,7500.0,3.395,3.401404,3.385,3.398,3.383,171300,3.382,783300,3.381,683100,3.38,1702300,3.379,828800,3.378,333100,3.377,61400,3.376,218500,3.375,656000,3.374,44300,3.384,22800,3.385,344200,3.386,160500,3.387,194000,3.388,100000,3.389,545500,3.39,75900,3.391,41400,3.392,19600,3.393,811300
2020-09-03 13:49:07.180,3.383,1000.0,3.395,3.401404,3.385,3.398,3.383,170800,3.382,783300,3.381,985100,3.38,1702800,3.379,528800,3.378,341100,3.377,61400,3.376,218500,3.375,656000,3.374,44300,3.384,12800,3.385,44200,3.386,60500,3.387,494000,3.388,200000,3.389,545500,3.39,75900,3.391,41400,3.392,19600,3.393,811300
2020-09-03 13:49:09.730,3.384,12800.0,3.395,3.4014029999999997,3.385,3.398,3.384,22000,3.383,233000,3.382,883300,3.381,935900,3.38,1602800,3.379,528800,3.378,341100,3.377,61400,3.376,218500,3.375,656000,3.385,44200,3.386,60500,3.387,494000,3.388,200000,3.389,545500,3.39,75900,3.391,41400,3.392,19600,3.393,811300,3.394,429200
2020-09-03 13:49:19.410,3.385,2100.0,3.395,3.4014029999999997,3.385,3.398,3.384,42200,3.383,184800,3.382,883300,3.381,1028900,3.38,1513800,3.379,628800,3.378,241100,3.377,123600,3.376,156200,3.375,656000,3.385,35500,3.386,70500,3.387,1000,3.388,493000,3.389,583500,3.39,137900,3.391,41400,3.392,19600,3.393,811800,3.394,435200
2020-09-03 13:49:24.190,3.385,20400.0,3.395,3.4014010000000003,3.385,3.398,3.384,49500,3.383,248000,3.382,883300,3.381,1028900,3.38,1613800,3.379,528800,3.378,251100,3.377,123600,3.376,156200,3.375,656000,3.385,15300,3.386,72500,3.387,1000,3.388,493000,3.389,583500,3.39,237900,3.391,41400,3.392,19600,3.393,811800,3.394,435200
2020-09-03 13:49:31.050,3.384,5000.0,3.395,3.4014010000000003,3.385,3.398,3.384,56400,3.383,258100,3.382,1183300,3.381,728900,3.38,1630500,3.379,528800,3.378,251100,3.377,123600,3.376,156200,3.375,656000,3.385,15300,3.386,62500,3.387,1000,3.388,512000,3.389,583500,3.39,237900,3.391,41400,3.392,19600,3.393,811800,3.394,435200
2020-09-03 13:49:33.610,3.384,1000.0,3.395,3.4014010000000003,3.386,3.398,3.384,55400,3.383,1006900,3.382,783300,3.381,635900,3.38,1540300,3.379,628800,3.378,251100,3.377,123600,3.376,156200,3.375,656000,3.385,15300,3.386,62500,3.387,1000,3.388,119000,3.389,983500,3.39,137900,3.391,41400,3.392,19600,3.393,811800,3.394,435200
2020-09-03 13:49:40.390,3.385,15300.0,3.395,3.4013989999999996,3.385,3.398,3.385,1000,3.384,171400,3.383,808900,3.382,1084400,3.381,728900,3.38,1535300,3.379,632800,3.378,251100,3.377,123600,3.376,156200,3.386,62500,3.387,16000,3.388,412000,3.389,683500,3.39,238900,3.391,41400,3.392,19600,3.393,811800,3.394,435200,3.395,950400
2020-09-03 13:49:44.420,3.384,2500.0,3.395,3.4013989999999996,3.385,3.398,3.385,500,3.384,170400,3.383,808900,3.382,1084400,3.381,728900,3.38,1633300,3.379,532800,3.378,313300,3.377,61400,3.376,156200,3.386,62500,3.387,26000,3.388,112000,3.389,883500,3.39,276900,3.391,103400,3.392,19600,3.393,811800,3.394,435200,3.395,950400
2020-09-03 13:49:47.630,3.385,500.0,3.395,3.4013989999999996,3.385,3.398,3.384,171400,3.383,808900,3.382,1177400,3.381,635900,3.38,1533300,3.379,632800,3.378,313300,3.377,61400,3.376,156200,3.375,656400,3.385,10800,3.386,62500,3.387,26000,3.388,319000,3.389,776500,3.39,176900,3.391,103400,3.392,19600,3.393,811800,3.394,435200
2020-09-03 13:49:49.880,3.385,10500.0,3.395,3.4013980000000004,3.385,3.398,3.384,161400,3.383,1121300,3.382,877400,3.381,635900,3.38,1633300,3.379,532800,3.378,251100,3.377,123600,3.376,156200,3.375,656400,3.385,13900,3.386,62500,3.387,26000,3.388,19000,3.389,976500,3.39,338900,3.391,41400,3.392,19600,3.393,811800,3.394,435200
2020-09-03 13:49:53.900,3.385,10900.0,3.395,3.4013970000000002,3.385,3.398,3.384,173300,3.383,1122300,3.382,877400,3.381,635900,3.38,1633300,3.379,532800,3.378,251100,3.377,123600,3.376,156200,3.375,656400,3.385,3000,3.386,62500,3.387,26000,3.388,19000,3.389,976500,3.39,338900,3.391,41400,3.392,19600,3.393,811800,3.394,435200
2020-09-03 13:49:54.780,3.385,500.0,3.395,3.4013970000000002,3.385,3.398,3.384,173500,3.383,822300,3.382,1177400,3.381,635900,3.38,1638300,3.379,532800,3.378,251100,3.377,123600,3.376,156200,3.375,656400,3.385,2500,3.386,66000,3.387,26000,3.388,349000,3.389,676500,3.39,338900,3.391,41400,3.392,19600,3.393,811800,3.394,435200
2020-09-03 13:50:00.120,3.386,71100.0,3.395,3.401392,3.385,3.398,3.386,129500,3.385,4300,3.384,175400,3.383,823300,3.382,1084400,3.381,639000,3.38,1638300,3.379,532800,3.378,251100,3.377,123600,3.387,26000,3.388,349000,3.389,583500,3.39,338900,3.391,41400,3.392,19600,3.393,811800,3.394,435200,3.395,950400,3.396,909200
2020-09-03 13:50:00.910,3.387,4200.0,3.395,3.4013910000000003,3.385,3.398,3.386,129500,3.385,4300,3.384,181900,3.383,924800,3.382,1084400,3.381,739000,3.38,1538300,3.379,595000,3.378,253100,3.377,61400,3.387,21800,3.388,359000,3.389,583500,3.39,269900,3.391,141400,3.392,81600,3.393,811800,3.394,435200,3.395,950400,3.396,909200
2020-09-03 13:50:06.130,3.386,2000.0,3.395,3.4013910000000003,3.386,3.398,3.386,127500,3.385,4300,3.384,172700,3.383,1224800,3.382,884400,3.381,639000,3.38,1538300,3.379,595000,3.378,253100,3.377,61400,3.387,21800,3.388,59000,3.389,783500,3.39,269900,3.391,41400,3.392,181600,3.393,821800,3.394,435200,3.395,950400,3.396,909200
2020-09-03 13:50:08.050,3.386,70000.0,3.395,3.401386,3.386,3.398,3.386,57500,3.385,66400,3.384,472700,3.383,924800,3.382,784400,3.381,739000,3.38,1538300,3.379,594000,3.378,253100,3.377,61400,3.387,21800,3.388,59000,3.389,483500,3.39,569900,3.391,241400,3.392,81600,3.393,821800,3.394,435200,3.395,950400,3.396,909200
2020-09-03 13:50:11.220,3.387,6400.0,3.395,3.401385,3.387,3.398,3.386,116600,3.385,107300,3.384,468800,3.383,831800,3.382,784400,3.381,739000,3.38,1538300,3.379,594000,3.378,253100,3.377,61400,3.387,16400,3.388,49000,3.389,483500,3.39,469900,3.391,241400,3.392,181600,3.393,821800,3.394,435200,3.395,950400,3.396,909200
2020-09-03 13:50:14.480,3.386,23500.0,3.395,3.4013839999999997,3.387,3.398,3.386,127900,3.385,407300,3.384,168800,3.383,743800,3.382,884400,3.381,639000,3.38,1538300,3.379,594000,3.378,253100,3.377,61400,3.387,1700,3.388,49000,3.389,483500,3.39,76900,3.391,341400,3.392,281600,3.393,921800,3.394,445200,3.395,950400,3.396,909200
2020-09-03 13:50:21.000,3.387,10400.0,3.395,3.401383,3.387,3.398,3.387,24500,3.386,121500,3.385,403000,3.384,164800,3.383,836800,3.382,784400,3.381,1189000,3.38,1538300,3.379,144000,3.378,243100,3.388,49000,3.389,33500,3.39,169900,3.391,891400,3.392,181600,3.393,929800,3.394,445200,3.395,950400,3.396,909200,3.397,148800
2020-09-03 13:50:23.390,3.387,10000.0,3.395,3.401382,3.387,3.398,3.387,14500,3.386,121500,3.385,403000,3.384,164800,3.383,836800,3.382,884400,3.381,1089000,3.38,1600500,3.379,81800,3.378,243100,3.388,49000,3.389,33500,3.39,169900,3.391,491400,3.392,519600,3.393,991700,3.394,445200,3.395,950400,3.396,909200,3.397,148800
2020-09-03 13:50:27.880,3.388,4500.0,3.395,3.401382,3.388,3.398,3.387,14500,3.386,421500,3.385,104000,3.384,164800,3.383,836800,3.382,884400,3.381,1089000,3.38,1600500,3.379,81800,3.378,243100,3.388,44500,3.389,33600,3.39,169900,3.391,491400,3.392,519600,3.393,991700,3.394,453200,3.395,950400,3.396,909200,3.397,148800
2020-09-03 13:50:36.510,3.388,8000.0,3.395,3.4013809999999998,3.388,3.398,3.387,84300,3.386,500000,3.385,115100,3.384,258300,3.383,843800,3.382,784400,3.381,1089000,3.38,1602500,3.379,81800,3.378,243100,3.388,36500,3.389,35800,3.39,76900,3.391,584400,3.392,419600,3.393,1091700,3.394,453200,3.395,950400,3.396,909200,3.397,148800
2020-09-03 13:50:42.450,3.388,6900.0,3.395,3.4013809999999998,3.387,3.398,3.387,28300,3.386,203000,3.385,415100,3.384,170300,3.383,849800,3.382,784400,3.381,1089000,3.38,1607500,3.379,81800,3.378,243100,3.388,33600,3.389,35800,3.39,76900,3.391,791400,3.392,119600,3.393,1091700,3.394,453200,3.395,958400,3.396,909200,3.397,148800
2020-09-03 13:50:43.090,3.388,1000.0,3.395,3.4013809999999998,3.387,3.398,3.387,28800,3.386,203000,3.385,415200,3.384,253300,3.383,849800,3.382,784400,3.381,1089000,3.38,1607500,3.379,81800,3.378,243100,3.388,32600,3.389,35900,3.39,76900,3.391,584400,3.392,419600,3.393,1091700,3.394,453200,3.395,958400,3.396,909200,3.397,148800
2020-09-03 13:50:48.010,3.387,11800.0,3.395,3.40138,3.388,3.398,3.387,17000,3.386,203000,3.385,415200,3.384,253300,3.383,342300,3.382,784400,3.381,1089000,3.38,1607500,3.379,81800,3.378,243100,3.388,32600,3.389,35900,3.39,76900,3.391,584400,3.392,419600,3.393,1091700,3.394,453200,3.395,958400,3.396,909200,3.397,148800
2020-09-03 13:50:50.720,3.388,5000.0,3.395,3.40138,3.388,3.398,3.387,18000,3.386,439900,3.385,15200,3.384,257300,3.383,243300,3.382,884400,3.381,1089000,3.38,1607500,3.379,81800,3.378,243100,3.388,27700,3.389,35900,3.39,76900,3.391,584400,3.392,519600,3.393,991700,3.394,453200,3.395,958400,3.396,909200,3.397,148800
2020-09-03 13:50:54.450,3.388,2500.0,3.395,3.40138,3.388,3.398,3.387,78100,3.386,539900,3.385,15200,3.384,257300,3.383,343300,3.382,784400,3.381,1089000,3.38,1607500,3.379,81800,3.378,243100,3.388,25200,3.389,35900,3.39,86900,3.391,584400,3.392,415600,3.393,1091700,3.394,453200,3.395,958400,3.396,909200,3.397,148800
2020-09-03 13:50:55.460,3.388,25200.0,3.395,3.401378,3.388,3.398,3.388,24800,3.387,83100,3.386,539900,3.385,16700,3.384,164300,3.383,343300,3.382,784400,3.381,1089000,3.38,1607500,3.379,81800,3.389,35900,3.39,87400,3.391,491400,3.392,415600,3.393,1091700,3.394,453200,3.395,958400,3.396,909200,3.397,148800,3.398,250600
2020-09-03 13:51:00.040,3.389,35900.0,3.395,3.4013760000000004,3.389,3.398,3.389,53200,3.388,129800,3.387,346400,3.386,139900,3.385,109700,3.384,164300,3.383,344100,3.382,784400,3.381,1151200,3.38,1545300,3.39,87400,3.391,491400,3.392,108600,3.393,1329800,3.394,615100,3.395,958400,3.396,909200,3.397,148800,3.398,250600,3.399,429000
2020-09-03 13:51:00.790,3.389,5900.0,3.395,3.401375,3.389,3.398,3.389,47300,3.388,130800,3.387,345400,3.386,139900,3.385,109700,3.384,264300,3.383,244100,3.382,846500,3.381,1089000,3.38,1545300,3.39,147400,3.391,501400,3.392,108600,3.393,1229800,3.394,553200,3.395,1020300,3.396,909200,3.397,148800,3.398,250600,3.399,429000
2020-09-03 13:51:03.740,3.389,23200.0,3.395,3.4013739999999997,3.389,3.398,3.389,24100,3.388,130800,3.387,45400,3.386,439900,3.385,109700,3.384,262300,3.383,244100,3.382,846500,3.381,1089000,3.38,1545300,3.39,147400,3.391,501400,3.392,408600,3.393,929800,3.394,553200,3.395,1020300,3.396,909200,3.397,148800,3.398,250600,3.399,429000
2020-09-03 13:51:11.840,3.389,500.0,3.395,3.4013739999999997,3.388,3.398,3.388,35800,3.387,118500,3.386,632900,3.385,16700,3.384,261300,3.383,247100,3.382,846500,3.381,1089000,3.38,1545300,3.379,81800,3.389,9500,3.39,149700,3.391,501400,3.392,415600,3.393,1022800,3.394,553200,3.395,1020300,3.396,909200,3.397,148800,3.398,250600
2020-09-03 13:51:15.290,3.389,12000.0,3.395,3.4013730000000004,3.388,3.398,3.389,78000,3.388,35800,3.387,418500,3.386,332900,3.385,16700,3.384,261300,3.383,247100,3.382,784400,3.381,1151200,3.38,1545100,3.39,174500,3.391,501400,3.392,15600,3.393,1022800,3.394,915100,3.395,958400,3.396,909200,3.397,148800,3.398,250600,3.399,429000
2020-09-03 13:51:16.880,3.389,2300.0,3.395,3.4013730000000004,3.389,3.398,3.389,75700,3.388,35800,3.387,118500,3.386,583100,3.385,16700,3.384,261300,3.383,697100,3.382,846500,3.381,639000,3.38,1545100,3.39,174500,3.391,51400,3.392,115600,3.393,1772800,3.394,553200,3.395,1023300,3.396,909200,3.397,148800,3.398,250600,3.399,429000
2020-09-03 13:51:20.590,3.39,4300.0,3.395,3.4013730000000004,3.389,3.398,3.389,79500,3.388,31500,3.387,115800,3.386,571500,3.385,16700,3.384,261300,3.383,697300,3.382,846500,3.381,639000,3.38,1545100,3.39,170200,3.391,51400,3.392,115600,3.393,1772800,3.394,553200,3.395,1023300,3.396,909200,3.397,148800,3.398,250600,3.399,429000
2020-09-03 13:51:22.590,3.39,13600.0,3.395,3.4013720000000003,3.389,3.398,3.389,340600,3.388,31500,3.387,415800,3.386,178500,3.385,116700,3.384,161300,3.383,697300,3.382,846500,3.381,639000,3.38,1545100,3.39,156700,3.391,51400,3.392,15600,3.393,1679800,3.394,453200,3.395,1123300,3.396,909200,3.397,148800,3.398,250600,3.399,429000
2020-09-03 13:51:31.180,3.39,10000.0,3.395,3.4013709999999997,3.389,3.398,3.389,344800,3.388,107500,3.387,439100,3.386,171500,3.385,117100,3.384,162000,3.383,692300,3.382,846500,3.381,639000,3.38,1545100,3.39,146700,3.391,51500,3.392,15700,3.393,1772800,3.394,553200,3.395,1123300,3.396,909200,3.397,148800,3.398,250600,3.399,429000
2020-09-03 13:51:37.340,3.39,20000.0,3.395,3.4013699999999996,3.389,3.398,3.389,344800,3.388,40800,3.387,115800,3.386,478500,3.385,117100,3.384,162000,3.383,692300,3.382,846500,3.381,669000,3.38,1545100,3.39,136700,3.391,51500,3.392,315700,3.393,1379800,3.394,453200,3.395,1123300,3.396,909200,3.397,148800,3.398,250600,3.399,429000
2020-09-03 13:51:42.220,3.389,10100.0,3.395,3.4013699999999996,3.389,3.398,3.389,74200,3.388,40800,3.387,115800,3.386,271500,3.385,417100,3.384,162000,3.383,692300,3.382,846500,3.381,669000,3.38,1545100,3.39,136600,3.391,341500,3.392,15700,3.393,1372800,3.394,453200,3.395,1123300,3.396,909200,3.397,148800,3.398,250600,3.399,429000
2020-09-03 13:51:46.450,3.389,20600.0,3.395,3.401368,3.389,3.398,3.389,53600,3.388,40800,3.387,39100,3.386,471500,3.385,17100,3.384,262000,3.383,692300,3.382,846500,3.381,669000,3.38,1545100,3.39,126600,3.391,141500,3.392,415800,3.393,1372900,3.394,564700,3.395,1023300,3.396,909200,3.397,148800,3.398,250600,3.399,429000
2020-09-03 13:51:49.930,3.389,25000.0,3.395,3.401367,3.389,3.398,3.389,33600,3.388,40800,3.387,39100,3.386,248200,3.385,417100,3.384,712000,3.383,692300,3.382,846500,3.381,669000,3.38,1545100,3.39,121600,3.391,441500,3.392,565800,3.393,1372900,3.394,564700,3.395,1023300,3.396,909200,3.397,148800,3.398,250600,3.399,429000
2020-09-03 13:51:53.240,3.389,10000.0,3.395,3.4013660000000003,3.389,3.398,3.389,33600,3.388,40800,3.387,39100,3.386,248200,3.385,417100,3.384,712000,3.383,692300,3.382,846500,3.381,669000,3.38,1545100,3.39,121600,3.391,141500,3.392,865800,3.393,1372900,3.394,564700,3.395,1033000,3.396,909200,3.397,148800,3.398,250600,3.399,429000
2020-09-03 13:51:57.120,3.389,14400.0,3.395,3.401365,3.389,3.398,3.389,23000,3.388,40800,3.387,39700,3.386,248200,3.385,417100,3.384,708000,3.383,692300,3.382,846500,3.381,669000,3.38,1545100,3.39,117800,3.391,141500,3.392,865800,3.393,1372900,3.394,564700,3.395,1033000,3.396,909200,3.397,148800,3.398,250600,3.399,429000
2020-09-03 13:51:59.680,3.389,11000.0,3.395,3.401365,3.389,3.398,3.389,17300,3.388,39800,3.387,39700,3.386,248200,3.385,417100,3.384,706700,3.383,692300,3.382,846500,3.381,669000,3.38,1545100,3.39,116800,3.391,141500,3.392,865800,3.393,1372900,3.394,564700,3.395,1033000,3.396,909200,3.397,148800,3.398,250600,3.399,429000
2020-09-03 13:52:02.440,3.389,10000.0,3.395,3.401364,3.388,3.398,3.389,7300,3.388,39800,3.387,39700,3.386,171500,3.385,317100,3.384,256200,3.383,692300,3.382,846500,3.381,669000,3.38,1545100,3.39,116800,3.391,441500,3.392,565800,3.393,922900,3.394,564700,3.395,1033000,3.396,909200,3.397,148800,3.398,250600,3.399,429000
2020-09-03 13:52:05.870,3.388,11200.0,3.395,3.401363,3.388,3.398,3.388,49100,3.387,39700,3.386,78500,3.385,393800,3.384,355700,3.383,692300,3.382,846500,3.381,669000,3.38,1545100,3.379,81800,3.389,100000,3.39,115600,3.391,441500,3.392,465800,3.393,829900,3.394,564700,3.395,1033000,3.396,909200,3.397,148800,3.398,250600
2020-09-03 13:52:07.820,3.389,600.0,3.395,3.401363,3.388,3.398,3.389,10000,3.388,49100,3.387,39700,3.386,78500,3.385,186900,3.384,455200,3.383,792300,3.382,784400,3.381,731200,3.38,1545100,3.39,419600,3.391,141500,3.392,558800,3.393,929900,3.394,526600,3.395,971100,3.396,909200,3.397,148800,3.398,250600,3.399,429000
2020-09-03 13:52:11.170,3.389,10000.0,3.395,3.401363,3.389,3.398,3.388,49100,3.387,34700,3.386,78500,3.385,186900,3.384,555200,3.383,685800,3.382,846500,3.381,669000,3.38,1545100,3.379,81800,3.39,419600,3.391,141500,3.392,558800,3.393,829900,3.394,564700,3.395,1033000,3.396,909200,3.397,148800,3.398,250600,3.399,429000
2020-09-03 13:52:15.690,3.388,10000.0,3.395,3.401362,3.388,3.398,3.388,32400,3.387,34700,3.386,78500,3.385,186900,3.384,555200,3.383,685300,3.382,784400,3.381,731200,3.38,1555100,3.379,81800,3.39,119600,3.391,441500,3.392,558800,3.393,829900,3.394,564700,3.395,1033000,3.396,909200,3.397,148800,3.398,250600,3.399,429000
2020-09-03 13:52:26.550,3.388,49900.0,3.395,3.401359,3.388,3.398,3.387,34700,3.386,383500,3.385,110100,3.384,155200,3.383,779100,3.382,784400,3.381,731200,3.38,1556400,3.379,81800,3.378,243100,3.388,66200,3.39,117300,3.391,141500,3.392,865800,3.393,1022900,3.394,464700,3.395,1032900,3.396,909200,3.397,148800,3.398,250600
2020-09-03 13:52:28.840,3.388,500.0,3.395,3.401359,3.388,3.398,3.387,116200,3.386,483500,3.385,110100,3.384,155200,3.383,779100,3.382,784400,3.381,669000,3.38,1618600,3.379,81800,3.378,243100,3.388,65700,3.39,117300,3.391,141500,3.392,865800,3.393,1084800,3.394,464700,3.395,971000,3.396,909200,3.397,148800,3.398,250600
2020-09-03 13:52:33.080,3.389,69700.0,3.395,3.401354,3.388,3.398,3.389,243500,3.387,116200,3.386,483500,3.385,110100,3.384,155200,3.383,779100,3.382,784400,3.381,669000,3.38,1618600,3.379,81800,3.39,117300,3.391,41500,3.392,565800,3.393,1484800,3.394,464700,3.395,971000,3.396,909200,3.397,148800,3.398,250600,3.399,429000
2020-09-03 13:52:38.960,3.39,2500.0,3.395,3.401354,3.388,3.398,3.388,200,3.387,39200,3.386,253800,3.385,417100,3.384,255200,3.383,679100,3.382,846500,3.381,669000,3.38,1556400,3.379,81800,3.389,30000,3.39,217100,3.391,341600,3.392,565800,3.393,922900,3.394,564700,3.395,1033900,3.396,909200,3.397,148800,3.398,250600
2020-09-03 13:52:41.950,3.387,10000.0,3.395,3.401353,3.388,3.398,3.387,29400,3.386,253800,3.385,517100,3.384,155200,3.383,679100,3.382,784400,3.381,731200,3.38,1556400,3.379,81800,3.378,243100,3.389,40000,3.39,217100,3.391,341600,3.392,565800,3.393,922900,3.394,526600,3.395,1072000,3.396,909200,3.397,148800,3.398,250600
2020-09-03 13:52:49.660,3.389,1000.0,3.395,3.401353,3.388,3.398,3.387,29900,3.386,460800,3.385,118100,3.384,248200,3.383,679100,3.382,884400,3.381,669000,3.38,1618600,3.379,81800,3.378,243100,3.388,900,3.389,44000,3.39,117100,3.391,141600,3.392,1058800,3.393,829900,3.394,526600,3.395,972000,3.396,909200,3.397,148800
2020-09-03 13:53:00.460,3.388,900.0,3.395,3.401353,3.388,3.398,3.388,3400,3.387,85400,3.386,161600,3.385,418100,3.384,348200,3.383,678200,3.382,784400,3.381,669000,3.38,1609100,3.379,81800,3.389,39000,3.39,117100,3.391,441600,3.392,658800,3.393,891800,3.394,564700,3.395,972000,3.396,909200,3.397,148800,3.398,250600
2020-09-03 13:53:03.300,3.389,4300.0,3.395,3.401353,3.388,3.398,3.388,3400,3.387,81200,3.386,161600,3.385,418100,3.384,155200,3.383,778200,3.382,767900,3.381,731200,3.38,1546900,3.379,81800,3.389,42000,3.39,117100,3.391,441600,3.392,565800,3.393,929900,3.394,526600,3.395,972000,3.396,909200,3.397,148800,3.398,250600
2020-09-03 13:53:05.750,3.387,34400.0,3.395,3.40135,3.388,3.398,3.388,200,3.387,51700,3.386,456600,3.385,211100,3.384,255200,3.383,678200,3.382,767900,3.381,731200,3.38,1546900,3.379,81800,3.389,41000,3.39,117100,3.391,141600,3.392,958800,3.393,829900,3.394,626600,3.395,972000,3.396,909200,3.397,148800,3.398,250600
2020-09-03 13:53:17.940,3.389,7100.0,3.395,3.40135,3.388,3.398,3.388,96400,3.387,52900,3.386,456600,3.385,211100,3.384,155200,3.383,677400,3.382,867900,3.381,731400,3.38,1549900,3.379,81800,3.389,38900,3.39,117100,3.391,141600,3.392,1058800,3.393,829900,3.394,526600,3.395,972000,3.396,909200,3.397,148800,3.398,258800
2020-09-03 13:53:34.040,3.388,20100.0,3.395,3.4013480000000005,3.388,3.398,3.388,80500,3.387,56200,3.386,556600,3.385,228500,3.384,255200,3.383,677400,3.382,767900,3.381,731400,3.38,1549900,3.379,81800,3.389,54300,3.39,113100,3.391,41600,3.392,958800,3.393,929900,3.394,626600,3.395,972000,3.396,909200,3.397,148800,3.398,258800
2020-09-03 13:53:34.380,3.389,100.0,3.395,3.4013480000000005,3.389,3.398,3.388,80500,3.387,56200,3.386,556600,3.385,228500,3.384,155200,3.383,783400,3.382,767900,3.381,731400,3.38,1549900,3.379,81800,3.389,54200,3.39,113100,3.391,441600,3.392,658800,3.393,929900,3.394,526600,3.395,972000,3.396,909200,3.397,148800,3.398,258800
2020-09-03 13:53:39.710,3.388,1600.0,3.395,3.4013480000000005,3.389,3.398,3.388,78900,3.387,76200,3.386,256600,3.385,528500,3.384,255200,3.383,683400,3.382,767900,3.381,731400,3.38,1550000,3.379,81800,3.389,54200,3.39,113100,3.391,441600,3.392,658800,3.393,829900,3.394,626600,3.395,972000,3.396,909200,3.397,148800,3.398,258800
2020-09-03 13:53:48.070,3.388,21800.0,3.395,3.401347,3.387,3.398,3.388,77100,3.387,176200,3.386,179300,3.385,412800,3.384,260200,3.383,783400,3.382,767900,3.381,731400,3.38,1555000,3.379,81800,3.389,64200,3.39,123100,3.391,441600,3.392,565800,3.393,929900,3.394,526600,3.395,972000,3.396,909200,3.397,148800,3.398,258800
2020-09-03 13:53:49.630,3.388,10000.0,3.395,3.4013459999999998,3.387,3.398,3.388,86800,3.387,176200,3.386,179300,3.385,515900,3.384,260200,3.383,333400,3.382,767900,3.381,1181400,3.38,1557000,3.379,81800,3.389,64200,3.39,123100,3.391,891600,3.392,208800,3.393,929900,3.394,526600,3.395,972000,3.396,909200,3.397,148800,3.398,258800
2020-09-03 13:53:57.750,3.388,4000.0,3.395,3.4013459999999998,3.388,3.398,3.388,229800,3.387,176200,3.386,179300,3.385,138600,3.384,460200,3.383,333400,3.382,767900,3.381,1181400,3.38,1557000,3.379,81800,3.389,64200,3.39,123100,3.391,891600,3.392,208800,3.393,929900,3.394,526600,3.395,972000,3.396,909200,3.397,148800,3.398,258800
2020-09-03 13:54:00.050,3.388,1100.0,3.395,3.4013459999999998,3.388,3.398,3.388,333200,3.387,176200,3.386,179800,3.385,138600,3.384,537500,3.383,433400,3.382,767900,3.381,1181400,3.38,1557000,3.379,81800,3.389,64800,3.39,223100,3.391,891600,3.392,108800,3.393,929900,3.394,526600,3.395,972000,3.396,909200,3.397,148800,3.398,258800
2020-09-03 13:54:02.720,3.388,10000.0,3.395,3.4013449999999996,3.388,3.398,3.388,323200,3.387,176200,3.386,179800,3.385,45600,3.384,537500,3.383,433400,3.382,767900,3.381,1181400,3.38,1557000,3.379,81800,3.389,64800,3.39,513100,3.391,591600,3.392,15800,3.393,929900,3.394,526600,3.395,972000,3.396,909200,3.397,148800,3.398,258800
2020-09-03 13:54:03.850,3.389,100.0,3.395,3.4013449999999996,3.388,3.398,3.388,326400,3.387,175900,3.386,179800,3.385,128500,3.384,538500,3.383,433400,3.382,767900,3.381,1181400,3.38,1557000,3.379,81800,3.389,77700,3.39,513100,3.391,591600,3.392,108800,3.393,929900,3.394,526600,3.395,972000,3.396,909200,3.397,148800,3.398,258800
2020-09-03 13:54:12.370,3.388,9100.0,3.395,3.4013440000000004,3.387,3.398,3.388,317300,3.387,175900,3.386,179800,3.385,205800,3.384,661200,3.383,233400,3.382,767900,3.381,1181400,3.38,1567100,3.379,81800,3.389,287700,3.39,223100,3.391,891600,3.392,108800,3.393,829900,3.394,626600,3.395,972000,3.396,909200,3.397,148800,3.398,258800
2020-09-03 13:54:14.100,3.388,800.0,3.395,3.4013440000000004,3.388,3.398,3.388,317500,3.387,175900,3.386,179800,3.385,205800,3.384,561200,3.383,333400,3.382,767900,3.381,1181400,3.38,1567100,3.379,81800,3.389,282300,3.39,523100,3.391,591600,3.392,108800,3.393,929900,3.394,526600,3.395,972000,3.396,909200,3.397,148800,3.398,258800
2020-09-03 13:54:21.770,3.388,10600.0,3.395,3.4013440000000004,3.387,3.398,3.388,307600,3.387,175900,3.386,179800,3.385,128500,3.384,461200,3.383,333400,3.382,767900,3.381,1181400,3.38,1567100,3.379,81800,3.389,271800,3.39,523100,3.391,591600,3.392,108800,3.393,929900,3.394,526600,3.395,972000,3.396,909200,3.397,148800,3.398,258800
2020-09-03 13:54:23.460,3.388,3000.0,3.395,3.4013440000000004,3.387,3.398,3.388,305400,3.387,175900,3.386,179800,3.385,128500,3.384,538500,3.383,433400,3.382,767900,3.381,1181400,3.38,1557100,3.379,81800,3.389,271800,3.39,523100,3.391,591600,3.392,108800,3.393,929900,3.394,526600,3.395,972000,3.396,909200,3.397,148800,3.398,258800
2020-09-03 13:54:26.740,3.388,232900.0,3.395,3.401328,3.388,3.398,3.388,72500,3.387,172900,3.386,179800,3.385,128500,3.384,538500,3.383,433400,3.382,767900,3.381,1181400,3.38,1561100,3.379,81800,3.389,371800,3.39,540600,3.391,491600,3.392,108800,3.393,929900,3.394,526600,3.395,972000,3.396,909200,3.397,148800,3.398,258800
2020-09-03 13:54:29.860,3.388,20000.0,3.395,3.4013269999999998,3.387,3.398,3.388,56600,3.387,172900,3.386,179800,3.385,35500,3.384,538500,3.383,433400,3.382,767900,3.381,1181400,3.38,1561100,3.379,81800,3.389,371800,3.39,540600,3.391,491600,3.392,15800,3.393,929900,3.394,526600,3.395,972000,3.396,909200,3.397,148800,3.398,258800
2020-09-03 13:54:33.310,3.388,2900.0,3.395,3.401326,3.387,3.398,3.388,53700,3.387,172900,3.386,179000,3.385,128500,3.384,538500,3.383,433400,3.382,767900,3.381,1181400,3.38,1561100,3.379,81800,3.389,371800,3.39,540600,3.391,491600,3.392,108800,3.393,929900,3.394,526600,3.395,972000,3.396,909200,3.397,148800,3.398,258800
2020-09-03 13:54:41.810,3.389,100.0,3.395,3.401326,3.387,3.398,3.388,53900,3.387,172900,3.386,179000,3.385,128500,3.384,538500,3.383,433400,3.382,767900,3.381,1181400,3.38,1551200,3.379,81800,3.389,371700,3.39,540600,3.391,491600,3.392,108800,3.393,929900,3.394,526600,3.395,972000,3.396,909200,3.397,148800,3.398,258800
2020-09-03 13:54:54.070,3.388,50100.0,3.395,3.4013230000000005,3.386,3.398,3.388,33500,3.387,172900,3.386,179000,3.385,205800,3.384,669200,3.383,232400,3.382,767900,3.381,1181400,3.38,1552000,3.379,81800,3.389,42200,3.39,540600,3.391,591600,3.392,108800,3.393,829900,3.394,626600,3.395,972000,3.396,909200,3.397,148800,3.398,229600
2020-09-03 13:54:56.230,3.388,200.0,3.395,3.4013230000000005,3.386,3.398,3.388,33300,3.387,172900,3.386,179000,3.385,128500,3.384,246500,3.383,732400,3.382,767900,3.381,1181400,3.38,1552000,3.379,81800,3.389,42200,3.39,540600,3.391,591600,3.392,108800,3.393,929900,3.394,526600,3.395,972000,3.396,909200,3.397,148800,3.398,229600
2020-09-03 13:55:00.540,3.388,37700.0,3.395,3.401321,3.386,3.398,3.387,172900,3.386,181000,3.385,128500,3.384,169200,3.383,632400,3.382,767900,3.381,1181400,3.38,1552000,3.379,81800,3.378,245100,3.388,122300,3.389,32200,3.39,530600,3.391,491600,3.392,108800,3.393,929900,3.394,526600,3.395,972000,3.396,909200,3.397,148800
2020-09-03 13:55:06.750,3.386,182900.0,3.395,3.401308,3.386,3.398,3.386,171000,3.385,133500,3.384,246500,3.383,332400,3.382,1067900,3.381,1119200,3.38,1614200,3.379,81800,3.378,246100,3.377,61400,3.387,138300,3.388,393300,3.389,142200,3.39,130700,3.391,491600,3.392,108800,3.393,991800,3.394,464700,3.395,972000,3.396,909200
2020-09-03 13:55:09.210,3.386,172000.0,3.395,3.401294,3.386,3.398,3.385,133500,3.384,246500,3.383,232400,3.382,767900,3.381,1219200,3.38,1852000,3.379,144000,3.378,246100,3.377,61400,3.376,156200,3.386,129000,3.387,60000,3.388,33300,3.389,142200,3.39,130700,3.391,591600,3.392,170800,3.393,829900,3.394,464700,3.395,972000
2020-09-03 13:55:10.080,3.385,100.0,3.395,3.401294,3.385,3.398,3.385,40400,3.384,169200,3.383,232400,3.382,767900,3.381,769200,3.38,1852000,3.379,81800,3.378,308300,3.377,61400,3.376,156200,3.387,400000,3.388,33300,3.389,142200,3.39,130700,3.391,203600,3.392,15800,3.393,829900,3.394,464700,3.395,972000,3.396,909200
2020-09-03 13:55:18.670,3.385,40400.0,3.395,3.4012910000000005,3.385,3.398,3.384,171200,3.383,228000,3.382,860900,3.381,728400,3.38,2049300,3.379,531800,3.378,308300,3.377,61400,3.376,156200,3.375,658600,3.385,20600,3.386,670000,3.387,100000,3.388,133300,3.389,592200,3.39,323700,3.391,103600,3.392,15800,3.393,829900,3.394,464700
2020-09-03 13:55:24.070,3.385,40300.0,3.395,3.4012879999999996,3.385,3.398,3.384,126200,3.383,228000,3.382,767900,3.381,669200,3.38,1949300,3.379,531800,3.378,246100,3.377,123600,3.376,156200,3.375,658600,3.385,24300,3.386,610000,3.387,100000,3.388,133300,3.389,592200,3.39,292700,3.391,41600,3.392,15800,3.393,829900,3.394,464700
2020-09-03 13:55:30.720,3.384,54700.0,3.395,3.4012830000000003,3.385,3.398,3.384,76000,3.383,287200,3.382,867900,3.381,1062200,3.38,1649300,3.379,531800,3.378,246100,3.377,123600,3.376,156200,3.375,658600,3.385,19600,3.386,310000,3.387,400000,3.388,226300,3.389,542200,3.39,292700,3.391,41600,3.392,15800,3.393,829900,3.394,464700
2020-09-03 13:55:35.250,3.384,500.0,3.395,3.4012830000000003,3.384,3.398,3.384,75600,3.383,228100,3.382,767900,3.381,762200,3.38,1855500,3.379,631800,3.378,246100,3.377,123600,3.376,156200,3.375,658600,3.385,15500,3.386,310000,3.387,400000,3.388,226300,3.389,642200,3.39,192700,3.391,41600,3.392,15800,3.393,829900,3.394,464700
2020-09-03 13:55:40.960,3.384,1500.0,3.395,3.4012830000000003,3.384,3.398,3.384,77000,3.383,228100,3.382,827100,3.381,862200,3.38,1555500,3.379,931800,3.378,246100,3.377,123600,3.376,156200,3.375,658600,3.385,15500,3.386,610000,3.387,100000,3.388,226300,3.389,642200,3.39,192700,3.391,41600,3.392,15800,3.393,829900,3.394,464700
2020-09-03 13:55:45.770,3.384,24000.0,3.395,3.4012809999999996,3.384,3.398,3.384,54700,3.383,228100,3.382,827100,3.381,862400,3.38,1555600,3.379,931800,3.378,246100,3.377,123600,3.376,756200,3.375,1258600,3.385,14500,3.386,610000,3.388,126300,3.389,742200,3.39,192700,3.391,41600,3.392,15800,3.393,829900,3.394,464700,3.395,972000
2020-09-03 13:55:50.740,3.385,64500.0,3.395,3.401275,3.384,3.398,3.385,44800,3.384,8600,3.383,326400,3.382,767900,3.381,1067400,3.38,1555600,3.379,631800,3.378,846100,3.377,723600,3.376,156200,3.386,10000,3.388,426300,3.389,742200,3.39,292700,3.391,41600,3.392,15800,3.393,829900,3.394,464700,3.395,972000,3.396,909200
2020-09-03 13:55:54.740,3.385,8400.0,3.395,3.401275,3.384,3.398,3.385,36400,3.384,14700,3.383,226400,3.382,767900,3.381,767400,3.38,1656600,3.379,831800,3.378,308300,3.377,661400,3.376,756200,3.386,310000,3.388,126300,3.389,642200,3.39,230700,3.391,103600,3.392,15800,3.393,829900,3.394,464700,3.395,972000,3.396,909200
2020-09-03 13:55:55.120,3.385,500.0,3.395,3.401275,3.384,3.398,3.385,39200,3.384,15200,3.383,226400,3.382,767900,3.381,767400,3.38,1656600,3.379,831800,3.378,308300,3.377,661400,3.376,756200,3.386,310000,3.388,126300,3.389,642200,3.39,230700,3.391,103600,3.392,15800,3.393,829900,3.394,464700,3.395,972000,3.396,909200
2020-09-03 13:55:59.630,3.386,10000.0,3.395,3.401274,3.384,3.398,3.386,4900,3.385,7600,3.384,15200,3.383,226400,3.382,767900,3.381,677400,3.38,1656600,3.379,831800,3.378,308300,3.377,661400,3.387,300000,3.388,33300,3.389,642200,3.39,230700,3.391,103600,3.392,15800,3.393,829900,3.394,464700,3.395,972000,3.396,909200
2020-09-03 13:56:01.910,3.384,52600.0,3.395,3.401269,3.384,3.398,3.384,57900,3.383,331400,3.382,767900,3.381,777400,3.38,1856600,3.379,594000,3.378,846100,3.377,661400,3.376,156200,3.375,658600,3.386,3000,3.388,333300,3.389,642200,3.39,130700,3.391,141600,3.392,77800,3.393,829900,3.394,464700,3.395,972000,3.396,909200
2020-09-03 13:56:06.360,3.385,3000.0,3.395,3.401269,3.384,3.398,3.384,58900,3.383,331500,3.382,767900,3.381,771400,3.38,1856600,3.379,631800,3.378,246100,3.377,123600,3.376,156200,3.375,658600,3.385,7000,3.386,3000,3.387,300000,3.388,33300,3.389,835200,3.39,130700,3.391,103600,3.392,15800,3.393,829900,3.394,464700
2020-09-03 13:56:10.620,3.384,50000.0,3.395,3.401265,3.384,3.398,3.384,34400,3.383,578700,3.382,767900,3.381,771400,3.38,1956600,3.379,531800,3.378,246100,3.377,123600,3.376,156200,3.375,658600,3.385,7000,3.386,63000,3.387,300000,3.388,33300,3.389,735200,3.39,292700,3.391,41600,3.392,15800,3.393,829900,3.394,464700
2020-09-03 13:56:12.460,3.384,1200.0,3.395,3.401265,3.384,3.398,3.384,89500,3.383,578700,3.382,767900,3.381,773800,3.38,1856600,3.379,631800,3.378,246100,3.377,123600,3.376,156200,3.375,658600,3.385,7000,3.386,63000,3.387,300000,3.388,33300,3.389,835200,3.39,192700,3.391,41600,3.392,15800,3.393,829900,3.394,464700
2020-09-03 13:56:16.410,3.385,12000.0,3.395,3.401264,3.384,3.398,3.385,64100,3.384,190900,3.383,498700,3.382,768100,3.381,1081800,3.38,1556600,3.379,631800,3.378,246100,3.377,123600,3.376,156200,3.386,3000,3.388,126300,3.389,942200,3.39,292700,3.391,141600,3.392,15800,3.393,829900,3.394,464700,3.395,972000,3.396,909200
2020-09-03 13:56:19.630,3.385,20400.0,3.395,3.4012620000000005,3.384,3.398,3.385,60000,3.384,30900,3.383,498700,3.382,1068100,3.381,781800,3.38,1656600,3.379,531800,3.378,308300,3.377,61400,3.376,456200,3.386,3000,3.388,126300,3.389,842200,3.39,330700,3.391,203600,3.392,15800,3.393,829900,3.394,464700,3.395,972000,3.396,909200
2020-09-03 13:56:22.400,3.386,3000.0,3.395,3.4012620000000005,3.384,3.398,3.386,3000,3.385,61800,3.384,118600,3.383,598700,3.382,1068100,3.381,781800,3.38,1656600,3.379,534000,3.378,308300,3.377,61400,3.387,3000,3.388,122300,3.389,842200,3.39,330700,3.391,203600,3.392,15800,3.393,829900,3.394,464700,3.395,972000,3.396,909200
2020-09-03 13:56:25.680,3.386,2900.0,3.395,3.4012620000000005,3.384,3.398,3.386,57600,3.385,1800,3.384,32600,3.383,780200,3.382,768100,3.381,881800,3.38,1556600,3.379,596200,3.378,245100,3.377,61400,3.387,3000,3.388,122300,3.389,542200,3.39,530700,3.391,241600,3.392,77800,3.393,829900,3.394,464700,3.395,972000,3.396,909200
2020-09-03 13:56:29.900,3.386,50000.0,3.395,3.4012580000000003,3.385,3.398,3.387,4100,3.386,95300,3.385,110800,3.384,32600,3.383,790200,3.382,766000,3.381,879400,3.38,1556600,3.379,596200,3.378,245100,3.388,122300,3.389,542200,3.39,130700,3.391,441600,3.392,177800,3.393,929900,3.394,464700,3.395,972000,3.396,909200,3.397,148800
2020-09-03 13:56:32.940,3.386,54100.0,3.395,3.401254,3.385,3.398,3.386,58100,3.385,110800,3.384,332600,3.383,490200,3.382,766000,3.381,786400,3.38,1557100,3.379,534000,3.378,245100,3.377,361400,3.388,39300,3.389,542200,3.39,130700,3.391,141600,3.392,415800,3.393,929900,3.394,464700,3.395,972000,3.396,909200,3.397,148800
2020-09-03 13:56:34.410,3.389,241200.0,3.395,3.401239,3.385,3.398,3.386,2400,3.385,130800,3.384,332600,3.383,583200,3.382,766000,3.381,786400,3.38,2028100,3.379,598200,3.378,545100,3.377,61400,3.388,450000,3.39,130700,3.391,534600,3.392,115800,3.393,991800,3.394,464700,3.395,972000,3.396,909200,3.397,148800,3.398,169600
2020-09-03 13:56:39.010,3.388,4100.0,3.395,3.401239,3.385,3.398,3.386,61500,3.385,130800,3.384,132600,3.383,883200,3.382,766000,3.381,686400,3.38,2029100,3.379,598200,3.378,245100,3.377,361400,3.388,445900,3.39,130700,3.391,434600,3.392,115800,3.393,891800,3.394,564700,3.395,972000,3.396,909200,3.397,148800,3.398,169600
2020-09-03 13:56:40.680,3.386,4100.0,3.395,3.4012379999999998,3.385,3.398,3.386,700,3.385,110800,3.384,32600,3.383,983200,3.382,766000,3.381,686400,3.38,2029100,3.379,598200,3.378,245100,3.377,361400,3.388,445900,3.39,130700,3.391,534600,3.392,115800,3.393,991800,3.394,464700,3.395,972000,3.396,909200,3.397,148800,3.398,169600
2020-09-03 13:56:45.060,3.387,1200.0,3.395,3.4012379999999998,3.385,3.398,3.386,59800,3.385,110800,3.384,332600,3.383,583200,3.382,766000,3.381,786400,3.38,2039100,3.379,598200,3.378,245100,3.377,361400,3.387,348800,3.388,445900,3.39,130700,3.391,634600,3.392,115800,3.393,891800,3.394,464700,3.395,972000,3.396,909200,3.397,148800
2020-09-03 13:56:46.650,3.387,2600.0,3.395,3.4012379999999998,3.385,3.398,3.386,59900,3.385,110800,3.384,332800,3.383,583200,3.382,866000,3.381,686400,3.38,2039100,3.379,598200,3.378,245100,3.377,361400,3.387,376200,3.388,445900,3.39,130700,3.391,534600,3.392,277800,3.393,829900,3.394,464700,3.395,972000,3.396,909200,3.397,148800
2020-09-03 13:56:50.640,3.386,50000.0,3.395,3.4012339999999996,3.385,3.398,3.386,1100,3.385,12000,3.384,32800,3.383,883200,3.382,866000,3.381,686400,3.38,2039100,3.379,598200,3.378,245100,3.377,61400,3.387,376200,3.388,445900,3.39,223700,3.391,441600,3.392,277800,3.393,829900,3.394,464700,3.395,972000,3.396,909200,3.397,148800
2020-09-03 13:56:51.950,3.387,2000.0,3.395,3.4012339999999996,3.385,3.398,3.386,1300,3.385,106800,3.384,432800,3.383,583200,3.382,766000,3.381,786400,3.38,2039100,3.379,598200,3.378,245100,3.377,361400,3.387,384100,3.388,445900,3.39,323700,3.391,541600,3.392,77800,3.393,829900,3.394,464700,3.395,972000,3.396,909200,3.397,148800
2020-09-03 13:56:57.220,3.387,3100.0,3.395,3.4012339999999996,3.385,3.398,3.385,105100,3.384,182800,3.383,883200,3.382,866000,3.381,686400,3.38,2038100,3.379,598200,3.378,245100,3.377,361400,3.376,156200,3.387,334000,3.388,445900,3.389,6000,3.39,623700,3.391,141600,3.392,177800,3.393,829900,3.394,464700,3.395,972000,3.396,909200
2020-09-03 13:57:01.130,3.387,5000.0,3.395,3.4012330000000004,3.385,3.398,3.386,4400,3.385,105100,3.384,212800,3.383,790200,3.382,866000,3.381,686400,3.38,1583100,3.379,546000,3.378,307300,3.377,361400,3.387,329000,3.388,445900,3.389,6000,3.39,530700,3.391,141600,3.392,177800,3.393,829900,3.394,464700,3.395,972000,3.396,909200
2020-09-03 13:57:08.700,3.386,5000.0,3.395,3.4012330000000004,3.385,3.398,3.386,1500,3.385,105200,3.384,512500,3.383,598200,3.382,866000,3.381,686400,3.38,1583100,3.379,608200,3.378,245100,3.377,361400,3.387,329000,3.388,446200,3.389,6000,3.39,323700,3.391,441600,3.392,177800,3.393,829900,3.394,464700,3.395,972000,3.396,909200
2020-09-03 13:57:11.250,3.387,123000.0,3.395,3.4012239999999996,3.385,3.398,3.386,2900,3.385,105200,3.384,512500,3.383,657100,3.382,766000,3.381,786400,3.38,1586100,3.379,608200,3.378,245100,3.377,361400,3.387,267500,3.388,446200,3.389,6000,3.39,323700,3.391,541600,3.392,77800,3.393,841900,3.394,464700,3.395,972000,3.396,909200
2020-09-03 13:57:13.350,3.386,1900.0,3.395,3.4012239999999996,3.385,3.398,3.386,1000,3.385,105200,3.384,512500,3.383,564100,3.382,866000,3.381,686400,3.38,1586500,3.379,608200,3.378,545100,3.377,61400,3.387,267500,3.388,446200,3.389,6000,3.39,230700,3.391,441600,3.392,177800,3.393,841900,3.394,464700,3.395,972000,3.396,909200
2020-09-03 13:57:19.030,3.385,4000.0,3.395,3.4012239999999996,3.385,3.398,3.385,102200,3.384,512500,3.383,657100,3.382,766000,3.381,786400,3.38,1586500,3.379,608200,3.378,245100,3.377,361400,3.376,156200,3.387,267500,3.388,446200,3.389,6000,3.39,323700,3.391,541600,3.392,77800,3.393,841900,3.394,464700,3.395,972200,3.396,909200
2020-09-03 13:57:30.610,3.385,50000.0,3.395,3.40122,3.384,3.398,3.385,101300,3.384,517400,3.383,563900,3.382,859000,3.381,686400,3.38,1686500,3.379,546000,3.378,307300,3.377,361400,3.376,156200,3.387,267700,3.388,445900,3.389,6000,3.39,423700,3.391,441600,3.392,77800,3.393,841900,3.394,464700,3.395,972200,3.396,929200
2020-09-03 13:57:31.590,3.387,100.0,3.395,3.40122,3.384,3.398,3.385,104100,3.384,217400,3.383,863900,3.382,859000,3.381,686400,3.38,1686500,3.379,546000,3.378,307300,3.377,61400,3.376,156200,3.387,267600,3.388,445900,3.389,6000,3.39,423700,3.391,441600,3.392,77800,3.393,841900,3.394,464700,3.395,972200,3.396,929200
2020-09-03 13:57:45.550,3.387,6700.0,3.395,3.401219,3.384,3.398,3.386,1300,3.385,42900,3.384,117500,3.383,563900,3.382,1264000,3.381,686400,3.38,1588500,3.379,608200,3.378,245100,3.377,61400,3.387,562600,3.388,547500,3.389,316000,3.39,323700,3.391,41600,3.392,177800,3.393,841900,3.394,464700,3.395,972200,3.396,929200
2020-09-03 13:57:46.680,3.385,8300.0,3.395,3.401218,3.385,3.398,3.386,30100,3.385,60900,3.384,117500,3.383,643100,3.382,1276000,3.381,686400,3.38,1588500,3.379,608200,3.378,245100,3.377,61400,3.387,562600,3.388,547500,3.389,316000,3.39,230700,3.391,41600,3.392,177800,3.393,841900,3.394,464700,3.395,972200,3.396,929200
2020-09-03 13:57:50.590,3.386,30100.0,3.395,3.4012160000000002,3.384,3.398,3.385,60900,3.384,117800,3.383,736100,3.382,1176000,3.381,686400,3.38,1688500,3.379,608200,3.378,245100,3.377,61400,3.376,156200,3.386,19900,3.387,562600,3.388,101600,3.389,316000,3.39,323700,3.391,41600,3.392,77800,3.393,841900,3.394,464700,3.395,972200
2020-09-03 13:57:54.080,3.386,22900.0,3.395,3.401214,3.384,3.398,3.386,1000,3.385,37700,3.384,122800,3.383,736100,3.382,1176000,3.381,786400,3.38,1588500,3.379,546000,3.378,307300,3.377,61400,3.387,562600,3.388,101700,3.389,416000,3.39,223700,3.391,203600,3.392,15800,3.393,841900,3.394,464700,3.395,972200,3.396,929200
2020-09-03 13:57:55.120,3.386,1000.0,3.395,3.401214,3.384,3.398,3.385,48700,3.384,122800,3.383,736100,3.382,1196000,3.381,786400,3.38,1588500,3.379,608200,3.378,245100,3.377,61400,3.376,156200,3.387,562600,3.388,1700,3.389,116000,3.39,523700,3.391,141600,3.392,77800,3.393,841900,3.394,464700,3.395,972200,3.396,929200
2020-09-03 13:58:02.860,3.387,8900.0,3.395,3.401214,3.384,3.398,3.385,52700,3.384,122900,3.383,943100,3.382,896500,3.381,786400,3.38,1588500,3.379,608200,3.378,245100,3.377,61400,3.376,456200,3.387,560700,3.388,451700,3.389,116000,3.39,530700,3.391,141600,3.392,77800,3.393,841900,3.394,464700,3.395,972200,3.396,929200
2020-09-03 13:58:09.480,3.385,10300.0,3.395,3.401213,3.384,3.398,3.385,92800,3.384,126000,3.383,1036100,3.382,996500,3.381,706400,3.38,1588500,3.379,546000,3.378,307300,3.377,66400,3.376,456200,3.386,300,3.387,560700,3.388,451700,3.389,116000,3.39,623700,3.391,41600,3.392,177800,3.393,841900,3.394,464700,3.395,972200
2020-09-03 13:58:12.600,3.386,52100.0,3.395,3.4012089999999997,3.385,3.398,3.385,42800,3.384,126000,3.383,1036100,3.382,896500,3.381,706400,3.38,1690100,3.379,546000,3.378,307300,3.377,66400,3.376,456200,3.386,38200,3.387,574800,3.388,451700,3.389,116000,3.39,688900,3.391,103600,3.392,15800,3.393,841900,3.394,464700,3.395,972200
2020-09-03 13:58:13.030,3.386,10600.0,3.395,3.401208,3.384,3.398,3.385,43800,3.384,185200,3.383,1076900,3.382,796500,3.381,806400,3.38,1590100,3.379,547900,3.378,307300,3.377,66400,3.376,456200,3.386,27600,3.387,574800,3.388,451700,3.389,116000,3.39,588900,3.391,203600,3.392,15800,3.393,841900,3.394,464700,3.395,972200
2020-09-03 13:58:20.490,3.386,54900.0,3.395,3.4012029999999998,3.384,3.398,3.384,136100,3.383,643100,3.382,1289500,3.381,806400,3.38,1593200,3.379,547900,3.378,307300,3.377,66400,3.376,156200,3.375,934100,3.386,16500,3.387,274800,3.388,551700,3.389,509000,3.39,95900,3.391,203600,3.392,15800,3.393,841900,3.394,464700,3.395,972200
2020-09-03 13:58:22.120,3.386,5000.0,3.395,3.4012029999999998,3.384,3.398,3.385,1000,3.384,136100,3.383,643100,3.382,1289500,3.381,806400,3.38,1598200,3.379,547900,3.378,245100,3.377,128600,3.376,456200,3.386,11500,3.387,274800,3.388,551700,3.389,509000,3.39,95900,3.391,203600,3.392,15800,3.393,841900,3.394,464700,3.395,972200
2020-09-03 13:58:25.140,3.386,16500.0,3.395,3.4012019999999996,3.384,3.398,3.386,3500,3.385,1000,3.384,137300,3.383,653900,3.382,1289500,3.381,806400,3.38,1598200,3.379,97900,3.378,757300,3.377,516400,3.387,274800,3.388,101700,3.389,509000,3.39,96000,3.391,203600,3.392,15800,3.393,841900,3.394,464700,3.395,972200,3.396,929200
2020-09-03 13:58:30.520,3.385,7000.0,3.395,3.4012010000000004,3.383,3.398,3.386,1600,3.384,137500,3.383,653900,3.382,1196400,3.381,806400,3.38,1598200,3.379,160100,3.378,695100,3.377,516400,3.376,157400,3.387,274800,3.388,101700,3.389,416000,3.39,96000,3.391,141600,3.392,77800,3.393,841900,3.394,464700,3.395,972200,3.396,929200
2020-09-03 13:58:32.370,3.385,11600.0,3.395,3.4012,3.383,3.398,3.384,137500,3.383,1046900,3.382,896400,3.381,706400,3.38,1739200,3.379,160100,3.378,695100,3.377,516400,3.376,457400,3.375,634100,3.387,274800,3.388,1700,3.389,116000,3.39,689000,3.391,41600,3.392,77800,3.393,841900,3.394,464700,3.395,972200,3.396,929200
2020-09-03 13:58:35.600,3.385,88400.0,3.395,3.401193,3.384,3.398,3.384,219100,3.383,1037700,3.382,796400,3.381,706400,3.38,1739200,3.379,547900,3.378,695100,3.377,128600,3.376,457400,3.375,634100,3.387,724800,3.388,1700,3.389,116000,3.39,689000,3.391,41600,3.392,77800,3.393,841900,3.394,464700,3.395,972200,3.396,929200
2020-09-03 13:58:40.780,3.387,48600.0,3.395,3.40119,3.384,3.398,3.386,20000,3.385,476900,3.384,180900,3.383,675300,3.382,796400,3.381,703200,3.38,1740300,3.379,847900,3.378,757300,3.377,66400,3.387,514200,3.388,1700,3.389,10000,3.39,289000,3.391,103600,3.392,315800,3.393,841900,3.394,464700,3.395,972200,3.396,929200
2020-09-03 13:58:45.530,3.388,548600.0,3.395,3.401151,3.385,3.398,3.388,292300,3.387,330000,3.386,379800,3.385,329500,3.384,821700,3.383,582300,3.382,896400,3.381,703200,3.38,1640300,3.379,160100,3.389,10000,3.39,96000,3.391,41600,3.392,177800,3.393,841900,3.394,464700,3.395,972200,3.396,1229200,3.397,148800,3.398,170600
2020-09-03 13:58:46.840,3.388,21700.0,3.395,3.40115,3.387,3.398,3.389,660000,3.388,120000,3.387,1138800,3.386,259800,3.385,231700,3.384,401900,3.383,775300,3.382,796400,3.381,765400,3.38,1638100,3.39,189000,3.391,41600,3.392,15800,3.393,941900,3.394,526600,3.395,972200,3.396,1029200,3.397,548800,3.398,170600,3.399,511000
2020-09-03 13:58:50.570,3.391,250300.0,3.395,3.401136,3.388,3.398,3.392,110000,3.391,447700,3.39,430000,3.389,430000,3.388,133000,3.387,1268800,3.386,93000,3.385,313900,3.384,101900,3.383,682300,3.393,1034900,3.394,459700,3.395,972200,3.396,929200,3.397,248800,3.398,470600,3.399,511000,3.4,1021800,3.401,63900,3.402,135800
2020-09-03 13:58:53.630,3.392,21800.0,3.395,3.401135,3.388,3.398,3.392,88200,3.391,447700,3.39,130000,3.389,1260000,3.388,693000,3.387,534800,3.386,100000,3.385,76000,3.384,101900,3.383,582300,3.393,841900,3.394,459700,3.395,972200,3.396,1029200,3.397,548800,3.398,232500,3.399,511000,3.4,1021800,3.401,63900,3.402,135800
2020-09-03 13:58:57.290,3.392,368200.0,3.395,3.4011199999999997,3.391,3.398,3.391,417700,3.39,100000,3.389,693000,3.388,693000,3.387,134800,3.385,76000,3.384,101900,3.383,882300,3.382,796400,3.381,703200,3.392,107200,3.393,541900,3.394,459700,3.395,972200,3.396,1322200,3.397,348800,3.398,232500,3.399,511000,3.4,1021800,3.401,63900
2020-09-03 13:59:03.280,3.39,308600.0,3.395,3.4011050000000003,3.392,3.398,3.39,8000,3.389,393000,3.388,93000,3.387,134800,3.385,13900,3.384,403700,3.383,523400,3.382,796400,3.381,703200,3.38,1638100,3.391,300000,3.392,205000,3.393,541900,3.394,469700,3.395,965700,3.396,1022200,3.397,248800,3.398,170600,3.399,511000,3.4,1021800
2020-09-03 13:59:04.230,3.39,8000.0,3.395,3.4011050000000003,3.391,3.398,3.389,393000,3.388,93000,3.387,54800,3.385,143900,3.384,1003700,3.383,1123400,3.382,796400,3.381,703200,3.38,1638100,3.379,97900,3.39,300000,3.391,330000,3.392,107000,3.393,541900,3.394,469700,3.395,1065700,3.396,1022200,3.397,148800,3.398,170600,3.399,511000
2020-09-03 13:59:15.070,3.391,20100.0,3.395,3.401104,3.391,3.398,3.389,379300,3.388,578000,3.387,654800,3.386,693000,3.385,154100,3.384,110000,3.383,523400,3.382,858500,3.381,685200,3.38,1642400,3.391,20200,3.392,117000,3.393,634900,3.394,469700,3.395,1427600,3.396,929200,3.397,148800,3.398,170600,3.399,511000,3.4,1021500
2020-09-03 13:59:22.250,3.389,10000.0,3.395,3.401103,3.389,3.398,3.389,350200,3.388,177100,3.387,154800,3.386,1093000,3.385,659100,3.384,140100,3.383,524400,3.382,853500,3.381,985200,3.38,1632400,3.391,10000,3.392,1017500,3.393,1541900,3.394,962700,3.395,965700,3.396,1091100,3.397,148800,3.398,170600,3.399,511000,3.4,1021500
2020-09-03 13:59:30.160,3.39,1600.0,3.395,3.401103,3.39,3.398,3.39,6700,3.389,370700,3.388,207100,3.387,454800,3.386,693000,3.385,659100,3.384,240100,3.383,586500,3.382,791400,3.381,985200,3.391,8900,3.392,1017500,3.393,1541900,3.394,1062700,3.395,965700,3.396,991100,3.397,148800,3.398,170600,3.399,511000,3.4,1021500
2020-09-03 13:59:33.040,3.39,16700.0,3.395,3.401102,3.389,3.398,3.389,370700,3.388,448000,3.387,654800,3.386,693000,3.385,159100,3.384,140100,3.383,586500,3.382,1091400,3.381,685200,3.38,1632400,3.39,83300,3.391,8900,3.392,1017500,3.393,1441900,3.394,662700,3.395,1480700,3.396,991100,3.397,148800,3.398,170600,3.399,511000
2020-09-03 13:59:34.060,3.39,500.0,3.395,3.401102,3.39,3.398,3.389,429800,3.388,248000,3.387,954800,3.386,693000,3.385,159100,3.384,140100,3.383,534400,3.382,853500,3.381,985200,3.38,1632400,3.39,82800,3.391,8900,3.392,1019700,3.393,1441900,3.394,962700,3.395,1242600,3.396,929200,3.397,148800,3.398,170600,3.399,511000
2020-09-03 13:59:39.920,3.39,10000.0,3.395,3.401101,3.389,3.398,3.389,350700,3.388,207100,3.387,157800,3.386,993000,3.385,751200,3.384,140100,3.383,534400,3.382,853500,3.381,985200,3.38,1632400,3.39,142900,3.391,909100,3.392,1019700,3.393,634900,3.394,869700,3.395,1242600,3.396,929200,3.397,148800,3.398,170600,3.399,511000
2020-09-03 13:59:43.070,3.39,200.0,3.395,3.401101,3.389,3.398,3.389,350700,3.388,118000,3.387,57800,3.386,993000,3.385,751200,3.384,140100,3.383,534400,3.382,853500,3.381,685200,3.38,1941900,3.39,142700,3.391,1256100,3.392,1019700,3.393,634900,3.394,869700,3.395,1142600,3.396,929200,3.397,148800,3.398,170600,3.399,511000
2020-09-03 13:59:48.310,3.39,37000.0,3.395,3.401099,3.389,3.398,3.389,350500,3.388,157100,3.387,123000,3.386,993000,3.385,751200,3.384,140100,3.383,541700,3.382,853500,3.381,685200,3.38,1938900,3.39,107900,3.391,1261100,3.392,1019700,3.393,734900,3.394,869700,3.395,1142600,3.396,929200,3.397,148800,3.398,170600,3.399,511000
2020-09-03 13:59:51.560,3.389,300.0,3.395,3.401099,3.39,3.398,3.389,350200,3.388,157100,3.387,123000,3.386,93000,3.385,1041500,3.384,740100,3.383,541700,3.382,853400,3.381,685200,3.38,1638900,3.39,107900,3.391,1261100,3.392,1319700,3.393,734900,3.394,469700,3.395,1142600,3.396,929200,3.397,148800,3.398,170600,3.399,511000
2020-09-03 13:59:53.680,3.39,300.0,3.395,3.401099,3.39,3.398,3.389,353000,3.388,157100,3.387,123000,3.385,941400,3.384,840100,3.383,542700,3.382,853400,3.381,685200,3.38,1938900,3.379,99200,3.39,213300,3.391,1261100,3.392,314700,3.393,641900,3.394,569700,3.395,1042600,3.396,929200,3.397,148800,3.398,170600,3.399,511000
2020-09-03 13:59:56.340,3.389,300000.0,3.395,3.4010809999999996,3.39,3.398,3.389,53000,3.388,98000,3.387,23000,3.386,393000,3.385,741400,3.384,740100,3.383,542700,3.382,853400,3.381,685200,3.38,1938900,3.39,213300,3.391,1261100,3.392,14700,3.393,1034900,3.394,469700,3.395,1142600,3.396,929200,3.397,148800,3.398,170600,3.399,511000
2020-09-03 14:00:00.380,3.389,40000.0,3.395,3.401079,3.389,3.398,3.389,17300,3.388,118000,3.387,82100,3.386,493000,3.385,641400,3.384,839900,3.383,542700,3.382,853400,3.381,685200,3.38,1938900,3.39,213300,3.391,1260900,3.392,14700,3.393,1034900,3.394,569700,3.395,1042600,3.396,929200,3.397,148800,3.398,170600,3.399,511000
2020-09-03 14:00:01.460,3.39,1100.0,3.395,3.401079,3.389,3.398,3.389,16400,3.388,98000,3.387,82100,3.386,193000,3.385,941400,3.384,839900,3.383,542700,3.382,853400,3.381,685200,3.38,1938900,3.39,214400,3.391,1260900,3.392,114700,3.393,1034900,3.394,569700,3.395,1042600,3.396,929200,3.397,148800,3.398,170600,3.399,511000
2020-09-03 14:00:05.920,3.389,16400.0,3.395,3.401078,3.389,3.398,3.388,98000,3.387,23000,3.386,93000,3.385,441400,3.384,739900,3.383,1142700,3.382,853400,3.381,685200,3.38,1638900,3.379,399200,3.389,283600,3.39,214400,3.391,1260900,3.392,414700,3.393,734900,3.394,469700,3.395,1142600,3.396,929200,3.397,148800,3.398,170600
2020-09-03 14:00:07.340,3.389,15000.0,3.395,3.4010769999999995,3.389,3.398,3.388,98000,3.387,33000,3.386,59100,3.385,141400,3.384,1139900,3.383,1142700,3.382,792800,3.381,747400,3.38,1638900,3.379,99200,3.389,1168600,3.39,214400,3.391,1560900,3.392,114700,3.393,541900,3.394,631600,3.395,980700,3.396,929200,3.397,148800,3.398,170600
2020-09-03 14:00:11.080,3.389,12900.0,3.395,3.401076,3.389,3.398,3.388,94600,3.387,33000,3.386,59100,3.385,534400,3.384,849000,3.383,1142700,3.382,792800,3.381,747400,3.38,1635900,3.379,99200,3.389,1165900,3.39,225000,3.391,1360900,3.392,507700,3.393,541900,3.394,631600,3.395,980700,3.396,929200,3.397,148800,3.398,170600
2020-09-03 14:00:17.410,3.388,700.0,3.395,3.401076,3.388,3.398,3.388,93900,3.387,33000,3.386,59100,3.385,536400,3.384,849000,3.383,1142700,3.382,792800,3.381,747400,3.38,1635900,3.379,99200,3.389,1165900,3.39,187400,3.391,460900,3.392,507700,3.393,541900,3.394,631600,3.395,980700,3.396,929200,3.397,148800,3.398,170600
2020-09-03 14:00:20.840,3.389,5000.0,3.395,3.401076,3.388,3.398,3.388,93900,3.387,23000,3.386,59100,3.385,237400,3.384,1049000,3.383,1242700,3.382,792800,3.381,747400,3.38,1636400,3.379,399200,3.389,1160900,3.39,187400,3.391,460900,3.392,507700,3.393,641900,3.394,531600,3.395,980700,3.396,929200,3.397,148800,3.398,170600
2020-09-03 14:00:23.040,3.389,1000100.0,3.395,3.401017,3.388,3.398,3.388,93900,3.387,23000,3.386,59100,3.385,537400,3.384,849000,3.383,1142700,3.382,792800,3.381,747400,3.38,1636400,3.379,399200,3.389,160800,3.39,187400,3.391,760900,3.392,207700,3.393,541900,3.394,631600,3.395,980700,3.396,929200,3.397,148800,3.398,170600
2020-09-03 14:00:30.430,3.388,106100.0,3.395,3.40101,3.388,3.398,3.387,33400,3.385,196500,3.384,649000,3.383,542700,3.382,795800,3.381,1347400,3.38,2236400,3.379,99200,3.378,245100,3.377,66400,3.388,313800,3.389,1460800,3.39,187400,3.391,660900,3.392,107700,3.393,541900,3.394,631600,3.395,977700,3.396,929200,3.397,148800
2020-09-03 14:00:35.640,3.387,33400.0,3.395,3.401008,3.387,3.398,3.386,6100,3.385,196500,3.384,249000,3.383,642700,3.382,1095800,3.381,1285200,3.38,2268600,3.379,99200,3.378,245100,3.377,66400,3.387,280000,3.389,1460800,3.39,186900,3.391,360900,3.392,107700,3.393,703800,3.394,469700,3.395,977700,3.396,929200,3.397,148800
2020-09-03 14:00:40.790,3.386,7100.0,3.395,3.401007,3.387,3.398,3.385,44700,3.384,149000,3.383,635700,3.382,895800,3.381,1011200,3.38,2206400,3.379,161400,3.378,245100,3.377,66400,3.376,152400,3.386,292900,3.387,266600,3.388,100000,3.389,1460800,3.39,279900,3.391,360900,3.392,182600,3.393,541900,3.394,469700,3.395,977700
2020-09-03 14:00:45.140,3.386,60800.0,3.395,3.4010029999999998,3.386,3.398,3.385,45700,3.384,154000,3.383,694900,3.382,895800,3.381,1111200,3.38,2206500,3.379,699200,3.378,307300,3.377,66400,3.376,152400,3.386,232100,3.387,30000,3.388,100000,3.389,1460800,3.39,280900,3.391,522900,3.392,20600,3.393,541900,3.394,469700,3.395,977700
2020-09-03 14:00:48.740,3.386,100.0,3.395,3.4010029999999998,3.386,3.398,3.385,45700,3.384,154000,3.383,684900,3.382,895800,3.381,1711200,3.38,2206700,3.379,99200,3.378,307300,3.377,66400,3.376,452400,3.386,232000,3.387,330000,3.388,100000,3.389,1460800,3.39,280900,3.391,522900,3.392,20600,3.393,541900,3.394,469700,3.395,977700
2020-09-03 14:00:50.810,3.386,100000.0,3.395,3.400996,3.386,3.398,3.385,125400,3.384,204000,3.383,532700,3.382,1695800,3.381,1411200,3.38,1606900,3.379,99200,3.378,307300,3.377,366400,3.376,152400,3.386,132000,3.387,330000,3.389,1360800,3.39,187900,3.391,522900,3.392,20600,3.393,541900,3.394,469700,3.395,977700,3.396,929200
2020-09-03 14:00:54.360,3.386,33300.0,3.395,3.400993,3.386,3.398,3.385,156400,3.384,544000,3.383,532700,3.382,1488800,3.381,811200,3.38,1606900,3.379,99200,3.378,307300,3.377,66400,3.376,151200,3.386,98700,3.387,330000,3.389,1153800,3.39,287900,3.391,922900,3.392,20600,3.393,541900,3.394,122700,3.395,977700,3.396,929200
2020-09-03 14:01:00.430,3.386,9900.0,3.395,3.400993,3.386,3.398,3.385,127000,3.384,302600,3.383,933700,3.382,1488800,3.381,1412200,3.38,1607400,3.379,89200,3.378,307300,3.377,366400,3.376,151200,3.386,88800,3.387,30000,3.389,1153800,3.39,587900,3.391,622900,3.392,20600,3.393,541900,3.394,122700,3.395,977700,3.396,929200
2020-09-03 14:01:04.300,3.386,100.0,3.395,3.400993,3.386,3.398,3.385,123500,3.384,193700,3.383,541700,3.382,1188800,3.381,1412200,3.38,2657400,3.379,89200,3.378,308300,3.377,66400,3.376,151200,3.386,88700,3.387,330000,3.389,1903800,3.39,287900,3.391,522900,3.392,20600,3.393,541900,3.394,122700,3.395,977700,3.396,929200
2020-09-03 14:01:11.750,3.386,4000.0,3.395,3.400992,3.386,3.398,3.385,84900,3.384,223700,3.383,596800,3.382,1788800,3.381,1409200,3.38,2057500,3.379,89200,3.378,308300,3.377,366400,3.376,151200,3.386,84700,3.387,330000,3.389,1903800,3.39,287900,3.391,522900,3.392,20600,3.393,541900,3.394,122700,3.395,977700,3.396,929200
2020-09-03 14:01:15.300,3.386,100.0,3.395,3.400992,3.387,3.398,3.385,111200,3.384,285900,3.383,707200,3.382,1788800,3.381,1409200,3.38,2057500,3.379,89200,3.378,308300,3.377,366400,3.376,151200,3.386,104600,3.387,330000,3.389,2003800,3.39,287900,3.391,522900,3.392,20600,3.393,541900,3.394,122700,3.395,977700,3.396,929200
2020-09-03 14:01:18.660,3.385,14700.0,3.395,3.4009910000000003,3.387,3.398,3.385,96500,3.384,285900,3.383,707200,3.382,1695800,3.381,1409200,3.38,2057500,3.379,89200,3.378,308300,3.377,66400,3.376,451200,3.386,104600,3.387,330000,3.389,1910800,3.39,287900,3.391,522900,3.392,20600,3.393,541900,3.394,122700,3.395,977700,3.396,929200
2020-09-03 14:01:24.900,3.386,21900.0,3.395,3.400989,3.386,3.398,3.385,156500,3.384,576700,3.383,1507700,3.382,1488800,3.381,709200,3.38,2160500,3.379,89200,3.378,610300,3.377,66400,3.376,151200,3.386,82700,3.387,330000,3.389,1603800,3.39,687900,3.391,422900,3.392,20600,3.393,541900,3.394,122700,3.395,977700,3.396,929200
2020-09-03 14:01:26.890,3.386,82700.0,3.395,3.400983,3.386,3.398,3.386,16300,3.385,256100,3.384,576700,3.383,1207700,3.382,1488800,3.381,809200,3.38,2060500,3.379,89200,3.378,610300,3.377,66400,3.387,31800,3.389,1603800,3.39,287900,3.391,822900,3.392,20600,3.393,541900,3.394,122700,3.395,977700,3.396,929200,3.397,148800
2020-09-03 14:01:29.140,3.385,50000.0,3.395,3.40098,3.387,3.398,3.386,4200,3.385,167500,3.384,546700,3.383,1207700,3.382,1488800,3.381,809200,3.38,2060500,3.379,151400,3.378,548100,3.377,66400,3.387,31800,3.389,1603800,3.39,287900,3.391,760900,3.392,82600,3.393,541900,3.394,122700,3.395,977700,3.396,929200,3.397,148800
2020-09-03 14:01:31.890,3.387,20000.0,3.395,3.400978,3.387,3.398,3.386,54200,3.385,551700,3.384,246700,3.383,1207700,3.382,1395800,3.381,709200,3.38,2165700,3.379,451400,3.378,248100,3.377,66400,3.387,11800,3.389,1350000,3.39,287900,3.391,360900,3.392,382600,3.393,541900,3.394,122700,3.395,977700,3.396,929200,3.397,309600
2020-09-03 14:01:36.370,3.387,600.0,3.395,3.400978,3.387,3.398,3.386,33000,3.385,108900,3.384,506700,3.383,1207700,3.382,1495800,3.381,1159200,3.38,1625700,3.379,151400,3.378,248100,3.377,366400,3.387,11200,3.388,3400,3.389,900000,3.39,287900,3.391,1110900,3.392,182600,3.393,541900,3.394,122700,3.395,977700,3.396,929200
2020-09-03 14:01:43.090,3.387,10000.0,3.395,3.400978,3.387,3.398,3.386,33000,3.385,108900,3.384,270900,3.383,1700700,3.382,1495800,3.381,1159200,3.38,1625700,3.379,151400,3.378,248100,3.377,66400,3.387,1200,3.388,1503300,3.389,900000,3.39,680900,3.391,810900,3.392,182600,3.393,541900,3.394,122700,3.395,977700,3.396,929200
2020-09-03 14:01:44.450,3.387,100.0,3.395,3.400978,3.387,3.398,3.386,13000,3.385,108900,3.384,270900,3.383,1100700,3.382,1495800,3.381,1759200,3.38,1625700,3.379,151400,3.378,248100,3.377,366400,3.387,1100,3.388,2103300,3.389,900000,3.39,680900,3.391,810900,3.392,182600,3.393,541900,3.394,122700,3.395,977700,3.396,929200
2020-09-03 14:01:47.530,3.387,1000.0,3.395,3.4009769999999997,3.387,3.398,3.386,23000,3.385,83900,3.384,241000,3.383,1100700,3.382,1495800,3.381,1759200,3.38,1625700,3.379,151400,3.378,248100,3.377,366400,3.387,300100,3.388,2203300,3.389,1200000,3.39,380900,3.391,810900,3.392,182600,3.393,541900,3.394,122700,3.395,977700,3.396,929200
2020-09-03 14:01:49.000,3.387,1700.0,3.395,3.4009769999999997,3.387,3.398,3.386,23500,3.385,83900,3.384,182300,3.383,1007700,3.382,1495800,3.381,1761300,3.38,1625700,3.379,151400,3.378,248100,3.377,366400,3.387,598400,3.388,1803300,3.389,900000,3.39,588000,3.391,910900,3.392,182600,3.393,541900,3.394,122700,3.395,977700,3.396,929200
2020-09-03 14:01:56.270,3.387,100.0,3.395,3.4009769999999997,3.387,3.398,3.386,25000,3.385,185300,3.384,193500,3.383,1099700,3.382,1495800,3.381,1761300,3.38,1626600,3.379,151400,3.378,548100,3.377,66400,3.388,903300,3.389,900000,3.39,381000,3.391,1219300,3.392,182600,3.393,541900,3.394,122700,3.395,977700,3.396,929200,3.397,309600
2020-09-03 14:02:03.850,3.386,31300.0,3.395,3.400975,3.387,3.398,3.385,96200,3.384,185900,3.383,708200,3.382,1795800,3.381,1761300,3.38,1688800,3.379,89200,3.378,248100,3.377,366400,3.376,151200,3.387,904300,3.388,899100,3.389,900000,3.39,681000,3.391,919300,3.392,120600,3.393,603800,3.394,122700,3.395,977700,3.396,929200
2020-09-03 14:02:05.780,3.385,82900.0,3.395,3.4009690000000004,3.387,3.398,3.385,13300,3.384,206900,3.383,601700,3.382,1188800,3.381,1261300,3.38,2226600,3.379,689200,3.378,310300,3.377,66400,3.376,451200,3.387,2166600,3.388,1299100,3.389,1200000,3.39,281000,3.391,919300,3.392,82600,3.393,541900,3.394,122700,3.395,977700,3.396,929200
2020-09-03 14:02:07.810,3.385,13300.0,3.395,3.400968,3.387,3.398,3.384,186900,3.383,601700,3.382,947800,3.381,1261300,3.38,2626600,3.379,689200,3.378,310300,3.377,66400,3.376,151200,3.375,636100,3.385,158100,3.387,1266600,3.388,999100,3.389,900000,3.39,381000,3.391,819300,3.392,82600,3.393,541900,3.394,122700,3.395,977700
2020-09-03 14:02:12.650,3.385,18600.0,3.395,3.4009660000000004,3.386,3.398,3.384,186900,3.383,601700,3.382,947900,3.381,1256200,3.38,2626600,3.379,689200,3.378,248100,3.377,128600,3.376,151200,3.375,636100,3.385,139500,3.386,300000,3.387,1000000,3.388,999100,3.389,910000,3.39,443000,3.391,819300,3.392,20600,3.393,541900,3.394,122700
2020-09-03 14:02:15.290,3.384,1700.0,3.395,3.4009660000000004,3.386,3.398,3.384,185200,3.383,601700,3.382,947900,3.381,1240500,3.38,2626600,3.379,689200,3.378,248100,3.377,128600,3.376,151200,3.375,936100,3.385,139500,3.386,300000,3.387,700000,3.388,999100,3.389,910000,3.39,443000,3.391,819300,3.392,20600,3.393,541900,3.394,122700
2020-09-03 14:02:16.450,3.385,7100.0,3.395,3.4009660000000004,3.386,3.398,3.384,216600,3.383,651700,3.382,793200,3.381,1440500,3.38,2226600,3.379,789200,3.378,248100,3.377,128600,3.376,151200,3.375,636100,3.385,133000,3.386,300000,3.387,300000,3.388,1199100,3.389,1010000,3.39,250000,3.391,819300,3.392,20600,3.393,541900,3.394,122700
2020-09-03 14:02:20.760,3.385,5000.0,3.395,3.4009650000000002,3.386,3.398,3.384,256400,3.383,800900,3.382,1193200,3.381,1740500,3.38,2326600,3.379,89200,3.378,248100,3.377,428600,3.376,151200,3.375,636100,3.385,128000,3.386,300000,3.387,300000,3.388,899100,3.389,1310000,3.39,450000,3.391,819300,3.392,20600,3.393,541900,3.394,122700
2020-09-03 14:02:24.230,3.385,14000.0,3.395,3.400964,3.386,3.398,3.384,264400,3.383,801900,3.382,1223700,3.381,1833500,3.38,2326600,3.379,89200,3.378,248100,3.377,128600,3.376,451200,3.375,636100,3.385,114000,3.387,300000,3.388,992100,3.389,1310000,3.39,452800,3.391,819300,3.392,20600,3.393,541900,3.394,122700,3.395,977700
2020-09-03 14:02:26.360,3.385,5200.0,3.395,3.400964,3.386,3.398,3.384,274400,3.383,809800,3.382,1223700,3.381,1834000,3.38,2316600,3.379,89200,3.378,248100,3.377,128600,3.376,451200,3.375,636100,3.385,108800,3.386,10000,3.387,300000,3.388,992100,3.389,1310000,3.39,452800,3.391,819300,3.392,20600,3.393,541900,3.394,122700
2020-09-03 14:02:28.400,3.385,10000.0,3.395,3.400963,3.386,3.398,3.384,244500,3.383,719800,3.382,1224700,3.381,1833000,3.38,2336600,3.379,89200,3.378,248100,3.377,128600,3.376,451200,3.375,636100,3.385,98800,3.386,310000,3.387,101000,3.388,992100,3.389,1310000,3.39,352800,3.391,819300,3.392,20600,3.393,541900,3.394,122700
2020-09-03 14:02:31.610,3.385,14000.0,3.395,3.4009620000000003,3.386,3.398,3.384,225200,3.383,665600,3.382,824700,3.381,2133000,3.38,2336600,3.379,89200,3.378,248100,3.377,128600,3.376,151200,3.375,636100,3.385,88800,3.386,310000,3.387,101000,3.388,1292100,3.389,1010000,3.39,352800,3.391,819300,3.392,20600,3.393,542400,3.394,122700
2020-09-03 14:02:36.190,3.385,60000.0,3.395,3.400957,3.386,3.398,3.384,225700,3.383,665600,3.382,883900,3.381,2233000,3.38,2336600,3.379,89200,3.378,248100,3.377,128600,3.376,151200,3.375,936100,3.385,28800,3.386,310000,3.387,101000,3.388,1292100,3.389,1010000,3.39,352800,3.391,819300,3.392,20600,3.393,542400,3.394,122700
2020-09-03 14:02:39.000,3.385,3100.0,3.395,3.400957,3.386,3.398,3.384,225600,3.383,666500,3.382,883900,3.381,2233000,3.38,2336600,3.379,89200,3.378,248100,3.377,128600,3.376,151200,3.375,936100,3.385,25800,3.386,310000,3.387,401200,3.388,1292100,3.389,1010000,3.39,352800,3.391,819300,3.392,20600,3.393,541900,3.394,122700
2020-09-03 14:02:42.400,3.385,20000.0,3.395,3.400955,3.386,3.398,3.384,275600,3.383,696500,3.382,1124700,3.381,1833000,3.38,2336600,3.379,91200,3.378,248100,3.377,128600,3.376,451200,3.375,636100,3.385,5800,3.386,310000,3.387,301200,3.388,1092100,3.389,1310000,3.39,352800,3.391,819300,3.392,20600,3.393,541900,3.394,122700
2020-09-03 14:02:44.900,3.385,5800.0,3.395,3.400955,3.386,3.398,3.385,14200,3.384,337800,3.383,1078500,3.382,1424700,3.381,1833000,3.38,1736600,3.379,91200,3.378,248100,3.377,428600,3.376,151200,3.386,10000,3.387,1000,3.388,992100,3.389,1010000,3.39,752800,3.391,819300,3.392,20600,3.393,541900,3.394,122700,3.395,978200
2020-09-03 14:02:50.610,3.386,4100.0,3.395,3.400955,3.385,3.398,3.385,14300,3.384,273000,3.383,737700,3.382,1318700,3.381,1290000,3.38,2341600,3.379,541200,3.378,320300,3.377,66400,3.376,451200,3.386,5900,3.387,301000,3.388,899100,3.389,1853000,3.39,390800,3.391,431300,3.392,20600,3.393,541900,3.394,122700,3.395,978200
2020-09-03 14:02:55.280,3.386,200.0,3.395,3.400955,3.386,3.398,3.385,20100,3.384,244000,3.383,737700,3.382,1318700,3.381,1390000,3.38,2240400,3.379,541200,3.378,309300,3.377,66400,3.376,451200,3.386,305700,3.387,301000,3.388,999100,3.389,1853000,3.39,190800,3.391,531300,3.392,20600,3.393,541900,3.394,122700,3.395,978200
2020-09-03 14:03:15.300,3.385,61900.0,3.395,3.40095,3.385,3.398,3.384,271000,3.383,644600,3.382,977900,3.381,1791500,3.38,2241400,3.379,541200,3.378,309300,3.377,66400,3.376,154200,3.375,936300,3.385,1104700,3.386,605700,3.387,601200,3.388,1299100,3.389,1553000,3.39,190800,3.391,531300,3.392,20600,3.393,541900,3.394,122700
2020-09-03 14:03:16.180,3.385,500.0,3.395,3.40095,3.385,3.398,3.384,271000,3.383,682500,3.382,884900,3.381,1784500,3.38,2341400,3.379,541200,3.378,247100,3.377,128600,3.376,154200,3.375,936300,3.385,1105200,3.386,605700,3.387,601200,3.388,1392100,3.389,1460000,3.39,352800,3.391,369300,3.392,20600,3.393,541900,3.394,122700
2020-09-03 14:03:21.120,3.385,12100.0,3.395,3.4009489999999998,3.385,3.398,3.384,271000,3.383,692500,3.382,884900,3.381,1784500,3.38,2341400,3.379,541200,3.378,247100,3.377,128600,3.376,454200,3.375,636300,3.385,826500,3.386,305700,3.387,601200,3.388,1392100,3.389,1460000,3.39,352800,3.391,369300,3.392,20600,3.393,541900,3.394,122700
2020-09-03 14:03:26.490,3.385,300.0,3.395,3.4009489999999998,3.385,3.398,3.384,311000,3.383,684000,3.382,1184900,3.381,1484500,3.38,2341400,3.379,541200,3.378,247100,3.377,128600,3.376,454200,3.375,636300,3.385,2200,3.386,305700,3.387,601200,3.388,1092100,3.389,1760000,3.39,352800,3.391,369300,3.392,20600,3.393,541900,3.394,122700
2020-09-03 14:03:28.410,3.385,2200.0,3.395,3.4009489999999998,3.385,3.398,3.385,5000,3.384,311000,3.383,694000,3.382,884900,3.381,1691500,3.38,2342400,3.379,541200,3.378,247100,3.377,128600,3.376,154200,3.386,305700,3.387,601200,3.388,1299100,3.389,1460000,3.39,352800,3.391,369300,3.392,20600,3.393,541900,3.394,122700,3.395,978700
2020-09-03 14:03:32.980,3.385,5200.0,3.395,3.4009480000000005,3.385,3.398,3.384,291000,3.383,694000,3.382,977900,3.381,1691500,3.38,2342400,3.379,541200,3.378,309300,3.377,66400,3.376,154200,3.375,636300,3.385,294800,3.386,305700,3.387,301000,3.388,1299100,3.389,1553000,3.39,290800,3.391,431300,3.392,20600,3.393,541900,3.394,122700
2020-09-03 14:03:33.970,3.385,500.0,3.395,3.4009480000000005,3.385,3.398,3.384,291000,3.383,669000,3.382,977900,3.381,1691500,3.38,2342400,3.379,541200,3.378,247100,3.377,128600,3.376,154200,3.375,936300,3.385,309300,3.386,305700,3.387,301000,3.388,999200,3.389,1553000,3.39,352800,3.391,369300,3.392,20600,3.393,541900,3.394,122700
2020-09-03 14:03:39.050,3.384,296000.0,3.395,3.400924,3.385,3.398,3.383,669000,3.382,978100,3.381,1091500,3.38,2343400,3.379,1141200,3.378,247100,3.377,128600,3.376,154200,3.375,636300,3.374,341900,3.384,4000,3.385,309400,3.386,405700,3.387,301000,3.388,999200,3.389,1453000,3.39,352800,3.391,369300,3.392,20600,3.393,541900
2020-09-03 14:03:40.650,3.384,2900.0,3.395,3.400924,3.385,3.398,3.383,669000,3.382,1028100,3.381,791500,3.38,2543400,3.379,1241200,3.378,247100,3.377,66400,3.376,216500,3.375,936300,3.374,41900,3.384,501100,3.385,309400,3.386,5700,3.387,701000,3.388,699200,3.389,1615000,3.39,190800,3.391,369300,3.392,20600,3.393,541900
2020-09-03 14:03:45.330,3.384,1000.0,3.395,3.400923,3.385,3.398,3.383,699500,3.382,965100,3.381,1093000,3.38,2243400,3.379,1241200,3.378,247100,3.377,66400,3.376,516500,3.375,636300,3.374,41900,3.384,500100,3.385,15100,3.386,5700,3.387,301000,3.388,699200,3.389,1822000,3.39,190800,3.391,369300,3.392,20600,3.393,541900
2020-09-03 14:03:48.400,3.384,202300.0,3.395,3.400907,3.385,3.398,3.384,15600,3.383,822300,3.382,1195900,3.381,1293000,3.38,2336400,3.379,641200,3.378,247100,3.377,366400,3.376,216500,3.375,636300,3.385,15100,3.386,5700,3.387,94000,3.388,699200,3.389,1622000,3.39,490800,3.391,369300,3.392,20600,3.393,541900,3.394,122700
2020-09-03 14:03:51.360,3.384,500.0,3.395,3.400907,3.385,3.398,3.384,379500,3.383,692300,3.382,1155900,3.381,1295200,3.38,2338400,3.379,641200,3.378,247100,3.377,128600,3.376,454200,3.375,636300,3.385,15100,3.386,5700,3.387,394000,3.388,699200,3.389,1860000,3.39,252800,3.391,369300,3.392,20600,3.393,541900,3.394,122700
2020-09-03 14:04:00.440,3.385,4300.0,3.395,3.400906,3.385,3.398,3.384,131200,3.383,707800,3.382,859900,3.381,1391200,3.38,2245400,3.379,641200,3.378,247100,3.377,128600,3.376,154200,3.375,636300,3.385,20800,3.386,305700,3.387,600900,3.388,792200,3.389,1860000,3.39,252800,3.391,369300,3.392,20600,3.393,541900,3.394,122700
2020-09-03 14:04:04.180,3.383,121700.0,3.395,3.400896,3.385,3.398,3.383,716500,3.382,929900,3.381,791200,3.38,1785000,3.379,1441200,3.378,847100,3.377,128600,3.376,154200,3.375,636300,3.374,41900,3.384,1404300,3.385,20800,3.386,665900,3.387,900900,3.388,692200,3.389,1360000,3.39,352800,3.391,369300,3.392,20600,3.393,541900
2020-09-03 14:04:06.220,3.384,303000.0,3.395,3.40087,3.384,3.398,3.383,416500,3.382,949900,3.381,791300,3.38,1985000,3.379,1141200,3.378,947100,3.377,66400,3.376,216500,3.375,636300,3.374,341900,3.384,602200,3.385,20800,3.386,305700,3.387,900900,3.388,1093400,3.389,1422000,3.39,190800,3.391,369300,3.392,20600,3.393,541900
2020-09-03 14:04:10.880,3.384,1400.0,3.395,3.40087,3.385,3.398,3.383,358300,3.382,859900,3.381,698300,3.38,1985000,3.379,1241200,3.378,847100,3.377,66400,3.376,216500,3.375,636300,3.374,341900,3.384,274400,3.385,20800,3.386,305700,3.387,900900,3.388,300400,3.389,1522000,3.39,190800,3.391,369300,3.392,20600,3.393,541900
2020-09-03 14:04:16.980,3.384,900.0,3.395,3.40087,3.385,3.398,3.383,399700,3.382,864600,3.381,787500,3.38,1883500,3.379,1541200,3.378,847100,3.377,66400,3.376,216500,3.375,636300,3.374,41900,3.384,492200,3.385,20800,3.386,405700,3.387,1093900,3.388,300400,3.389,622000,3.39,190800,3.391,369300,3.392,14700,3.393,541900
2020-09-03 14:04:19.910,3.383,26400.0,3.395,3.400868,3.385,3.398,3.383,373300,3.382,864600,3.381,785300,3.38,2183500,3.379,1241200,3.378,847100,3.377,66400,3.376,216500,3.375,636300,3.374,341900,3.384,492200,3.385,20800,3.386,405700,3.387,1093900,3.388,300400,3.389,622100,3.39,190800,3.391,369300,3.392,14700,3.393,541900
2020-09-03 14:04:24.210,3.384,800.0,3.395,3.400868,3.385,3.398,3.383,373300,3.382,894600,3.381,785300,3.38,2183500,3.379,1141200,3.378,947100,3.377,66400,3.376,216500,3.375,936300,3.374,41900,3.384,491400,3.385,20800,3.386,305700,3.387,793900,3.388,800400,3.389,522100,3.39,190800,3.391,370400,3.392,14700,3.393,541900
2020-09-03 14:04:27.180,3.383,2300.0,3.395,3.400867,3.385,3.398,3.383,450200,3.382,1324600,3.381,1326100,3.38,2290500,3.379,641200,3.378,247100,3.377,66400,3.376,516500,3.375,636300,3.374,41900,3.384,491400,3.385,20800,3.386,305700,3.387,600900,3.388,400400,3.389,1022100,3.39,190800,3.391,370400,3.392,14700,3.393,541900
2020-09-03 14:04:28.690,3.384,900.0,3.395,3.400867,3.384,3.398,3.383,484400,3.382,994600,3.381,1628100,3.38,2383500,3.379,541200,3.378,347100,3.377,66400,3.376,516500,3.375,636300,3.374,41900,3.384,217000,3.385,20800,3.386,305700,3.387,693900,3.388,500400,3.389,922200,3.39,190800,3.391,370400,3.392,14700,3.393,541900
2020-09-03 14:04:39.690,3.384,200.0,3.395,3.400867,3.384,3.398,3.383,395700,3.382,899600,3.381,1628100,3.38,2288400,3.379,641200,3.378,247100,3.377,66400,3.376,216500,3.375,936300,3.374,41900,3.384,216800,3.385,40800,3.386,305700,3.387,393900,3.388,700400,3.389,722300,3.39,190800,3.391,380400,3.392,14700,3.393,541900
2020-09-03 14:04:42.780,3.384,40200.0,3.395,3.400864,3.385,3.398,3.383,393500,3.382,869600,3.381,1028100,3.38,2381400,3.379,641200,3.378,247100,3.377,66400,3.376,216500,3.375,636300,3.374,41900,3.384,178800,3.385,40800,3.386,305700,3.387,393900,3.388,700400,3.389,722300,3.39,190800,3.391,380400,3.392,14700,3.393,541900
2020-09-03 14:04:43.490,3.384,7000.0,3.395,3.400864,3.384,3.398,3.383,405500,3.382,899600,3.381,1028100,3.38,2381500,3.379,1241200,3.378,247100,3.377,66400,3.376,516500,3.375,636300,3.374,41900,3.384,171800,3.385,40800,3.386,305700,3.387,393900,3.388,700400,3.389,722300,3.39,190800,3.391,380400,3.392,14700,3.393,541900
2020-09-03 14:04:48.100,3.384,100.0,3.395,3.400864,3.384,3.398,3.383,499700,3.382,969600,3.381,1038100,3.38,2381500,3.379,1241200,3.378,247100,3.377,66400,3.376,216500,3.375,936300,3.374,41900,3.384,171700,3.385,40800,3.386,305700,3.387,393900,3.388,400400,3.389,1022300,3.39,190800,3.391,380400,3.392,14700,3.393,541900
2020-09-03 14:04:49.100,3.384,5600.0,3.395,3.4008629999999997,3.384,3.398,3.383,499800,3.382,969600,3.381,1038100,3.38,2383600,3.379,1241200,3.378,247100,3.377,66400,3.376,516500,3.375,636300,3.374,41900,3.384,166100,3.385,40800,3.386,305700,3.387,393900,3.388,400500,3.389,1022300,3.39,190800,3.391,380400,3.392,14700,3.393,541900
2020-09-03 14:04:54.360,3.383,2100.0,3.395,3.4008629999999997,3.384,3.398,3.383,1015700,3.382,1269600,3.381,1338100,3.38,2290600,3.379,641200,3.378,247100,3.377,66400,3.376,516500,3.375,636300,3.374,41900,3.384,167300,3.385,40800,3.386,305700,3.387,300900,3.388,400500,3.389,1022300,3.39,190800,3.391,380400,3.392,14700,3.393,541900
2020-09-03 14:04:57.830,3.384,14200.0,3.395,3.400862,3.384,3.398,3.383,1027800,3.382,1286600,3.381,1338100,3.38,2343600,3.379,541200,3.378,347100,3.377,66400,3.376,516500,3.375,636300,3.374,41900,3.384,153100,3.385,40800,3.386,305700,3.387,393900,3.388,500500,3.389,922300,3.39,190800,3.391,380400,3.392,14700,3.393,541900
2020-09-03 14:05:00.790,3.384,107400.0,3.395,3.4008529999999997,3.384,3.398,3.383,1027200,3.382,1286600,3.381,1338100,3.38,2343600,3.379,641200,3.378,247100,3.377,66400,3.376,216500,3.375,636300,3.374,41900,3.384,46300,3.385,40800,3.386,305700,3.387,393900,3.388,400500,3.389,1022300,3.39,190800,3.391,380400,3.392,14700,3.393,541900
2020-09-03 14:05:01.900,3.384,30000.0,3.395,3.40085,3.384,3.398,3.383,958000,3.382,866600,3.381,738100,3.38,2643600,3.379,1241200,3.378,247100,3.377,66400,3.376,216500,3.375,936300,3.374,41900,3.384,21300,3.385,40800,3.386,305700,3.387,393900,3.388,700500,3.389,722300,3.39,190800,3.391,380400,3.392,14700,3.393,541900
2020-09-03 14:05:06.460,3.384,30000.0,3.395,3.4008480000000003,3.384,3.398,3.383,958000,3.382,863600,3.381,1038100,3.38,2343600,3.379,1241200,3.378,247100,3.377,66400,3.376,516500,3.375,636300,3.374,160300,3.384,291300,3.385,40800,3.386,305700,3.387,393900,3.388,400500,3.389,1022300,3.39,190800,3.391,380400,3.392,14700,3.393,541900
2020-09-03 14:05:08.770,3.384,20000.0,3.395,3.400846,3.384,3.398,3.383,958100,3.382,922800,3.381,837100,3.38,2550600,3.379,1241200,3.378,247100,3.377,66400,3.376,216500,3.375,636300,3.374,160300,3.384,271300,3.385,40800,3.386,305700,3.387,301000,3.388,400500,3.389,622300,3.39,190800,3.391,380400,3.392,14700,3.393,541900
2020-09-03 14:05:11.860,3.383,1400.0,3.395,3.400846,3.384,3.398,3.383,912100,3.382,883600,3.381,737100,3.38,2043600,3.379,791200,3.378,847100,3.377,516400,3.376,216500,3.375,636300,3.374,341900,3.384,270900,3.385,340800,3.386,405700,3.387,844000,3.388,400500,3.389,172300,3.39,190800,3.391,380400,3.392,14700,3.393,541900
2020-09-03 14:05:14.130,3.384,1000.0,3.395,3.400846,3.384,3.398,3.383,914200,3.382,863600,3.381,799300,3.38,2142600,3.379,691200,3.378,947100,3.377,516400,3.376,216500,3.375,636300,3.374,341900,3.384,275400,3.385,340800,3.386,305700,3.387,644000,3.388,800500,3.389,72300,3.39,190800,3.391,380400,3.392,14700,3.393,541900
2020-09-03 14:05:16.400,3.383,15000.0,3.395,3.400845,3.384,3.398,3.383,912500,3.382,883600,3.381,799300,3.38,2162600,3.379,791200,3.378,847100,3.377,516400,3.376,216500,3.375,636300,3.374,41900,3.384,275400,3.385,340800,3.386,305700,3.387,944000,3.388,400500,3.389,172300,3.39,190800,3.391,380400,3.392,14700,3.393,541900
2020-09-03 14:05:20.780,3.383,3000.0,3.395,3.400845,3.383,3.398,3.383,915500,3.382,883700,3.381,799300,3.38,1872600,3.379,991200,3.378,947100,3.377,516400,3.376,216500,3.375,636300,3.374,341900,3.384,411400,3.385,340800,3.386,305700,3.387,944000,3.388,500500,3.389,72300,3.39,190800,3.391,380400,3.392,14700,3.393,541900
2020-09-03 14:05:24.130,3.383,666600.0,3.395,3.4007870000000002,3.383,3.398,3.383,246900,3.382,883700,3.381,740100,3.38,1772600,3.379,991200,3.378,948100,3.377,516400,3.376,216500,3.375,636300,3.374,41900,3.384,411400,3.385,340800,3.386,305700,3.387,944000,3.388,400500,3.389,72300,3.39,190800,3.391,380400,3.392,14700,3.393,541900
2020-09-03 14:05:24.320,3.383,246900.0,3.395,3.4007660000000004,3.383,3.398,3.382,863700,3.381,741100,3.38,1831800,3.379,1091200,3.378,948100,3.377,516400,3.376,216500,3.375,636300,3.374,41900,3.373,843100,3.383,2373100,3.384,411400,3.385,440800,3.386,605700,3.387,643000,3.388,400500,3.389,72300,3.39,190800,3.391,380400,3.392,14700
2020-09-03 14:05:31.450,3.382,885900.0,3.395,3.4006870000000005,3.383,3.398,3.381,771200,3.38,1827800,3.379,491200,3.378,948100,3.377,516400,3.376,154200,3.375,698600,3.374,41900,3.373,843100,3.372,180600,3.382,17100,3.383,350100,3.384,426400,3.385,640800,3.386,105700,3.387,843000,3.388,462500,3.389,10300,3.39,190800,3.391,380400
2020-09-03 14:05:35.760,3.382,3500.0,3.395,3.400686,3.383,3.398,3.381,739700,3.38,1705600,3.379,150400,3.378,1148100,3.377,1216400,3.376,154200,3.375,636300,3.374,104200,3.373,543100,3.372,480600,3.382,313600,3.383,350100,3.384,526400,3.385,640800,3.386,105700,3.387,612100,3.388,1300,3.389,10300,3.39,190800,3.391,380400
2020-09-03 14:05:38.130,3.382,10900.0,3.395,3.4006849999999997,3.383,3.398,3.381,737700,3.38,1675600,3.379,91200,3.378,641100,3.377,616400,3.376,754200,3.375,1236300,3.374,104200,3.373,543100,3.372,180600,3.382,302700,3.383,150100,3.384,527400,3.385,733800,3.386,15700,3.387,612100,3.388,1300,3.389,20300,3.39,190800,3.391,380400
2020-09-03 14:05:41.750,3.381,738200.0,3.395,3.4006160000000003,3.383,3.398,3.38,1675600,3.379,91200,3.378,341100,3.377,716400,3.376,1054200,3.375,1236300,3.374,104200,3.373,543100,3.372,180600,3.371,452400,3.381,1860800,3.382,303500,3.383,450100,3.384,527400,3.385,136200,3.386,15700,3.387,612100,3.388,1300,3.389,20300,3.39,190800
2020-09-03 14:05:45.110,3.381,200.0,3.395,3.4006160000000003,3.383,3.398,3.38,1675600,3.379,200400,3.378,342100,3.377,916400,3.376,854200,3.375,1236300,3.374,41900,3.373,605400,3.372,180600,3.371,452400,3.381,964100,3.382,3500,3.383,150100,3.384,827400,3.385,136200,3.386,177800,3.387,450000,3.388,1300,3.389,20300,3.39,85800
2020-09-03 14:05:45.830,3.381,12800.0,3.395,3.400615,3.382,3.398,3.38,1686600,3.379,201400,3.378,343100,3.377,1416400,3.376,854200,3.375,636300,3.374,41900,3.373,605400,3.372,180600,3.371,152400,3.381,377800,3.382,3500,3.383,50100,3.384,726400,3.385,136200,3.386,177800,3.387,450000,3.388,1300,3.389,20300,3.39,85800
2020-09-03 14:05:50.950,3.38,900500.0,3.395,3.400526,3.382,3.398,3.38,766600,3.379,231400,3.378,250400,3.377,1519400,3.376,854200,3.375,636300,3.374,41900,3.373,605400,3.372,480600,3.371,152400,3.381,29500,3.382,3500,3.383,50100,3.384,519400,3.385,343200,3.386,177800,3.387,450000,3.388,1300,3.389,20300,3.39,85800
2020-09-03 14:05:52.430,3.381,25000.0,3.395,3.400524,3.382,3.398,3.38,736700,3.379,172500,3.378,250400,3.377,1534400,3.376,754200,3.375,736300,3.374,41900,3.373,605400,3.372,480600,3.371,152400,3.381,4500,3.382,3500,3.383,50100,3.384,619400,3.385,543200,3.386,77800,3.387,450000,3.388,1300,3.389,20300,3.39,100800
2020-09-03 14:05:55.600,3.382,25000.0,3.395,3.400522,3.382,3.398,3.38,727200,3.379,232700,3.378,350400,3.377,1534400,3.376,854200,3.375,636300,3.374,41900,3.373,605400,3.372,480600,3.371,152400,3.382,3000,3.383,50100,3.384,619400,3.385,443200,3.386,177800,3.387,450000,3.388,1300,3.389,20300,3.39,120800,3.391,370400
2020-09-03 14:05:59.570,3.381,500.0,3.395,3.400522,3.382,3.398,3.381,17900,3.38,729200,3.379,141500,3.378,250400,3.377,1634400,3.376,754200,3.375,634300,3.374,41900,3.373,605400,3.372,180600,3.382,80100,3.383,350100,3.384,919400,3.385,143200,3.386,15700,3.387,612100,3.388,1300,3.389,20300,3.39,120800,3.391,370400
2020-09-03 14:06:02.520,3.381,30300.0,3.395,3.400519,3.382,3.398,3.38,707700,3.379,140200,3.378,310700,3.377,1536400,3.376,854200,3.375,634900,3.374,104200,3.373,543100,3.372,180600,3.371,455400,3.381,119700,3.382,380100,3.383,351100,3.384,826400,3.385,123200,3.386,115700,3.387,512100,3.388,1300,3.389,20300,3.39,130800
2020-09-03 14:06:05.960,3.381,63300.0,3.395,3.4005129999999997,3.382,3.398,3.38,717600,3.379,170200,3.378,320700,3.377,1629400,3.376,854200,3.375,634900,3.374,41900,3.373,605900,3.372,480600,3.371,155400,3.381,67500,3.382,380100,3.383,301000,3.384,619400,3.385,423200,3.386,177800,3.387,450000,3.388,1300,3.389,20300,3.39,130800
2020-09-03 14:06:09.190,3.38,91000.0,3.395,3.400504,3.382,3.398,3.38,692500,3.379,455900,3.378,920700,3.377,1230600,3.376,254200,3.375,635200,3.374,41900,3.373,605900,3.372,180600,3.371,155400,3.381,17000,3.382,80100,3.383,2000,3.384,519400,3.385,24200,3.386,177800,3.387,450000,3.388,301300,3.389,20300,3.39,130800
2020-09-03 14:06:11.760,3.381,1000.0,3.395,3.400504,3.382,3.398,3.381,21900,3.38,694800,3.379,1055900,3.378,920700,3.377,630600,3.376,154200,3.375,735200,3.374,41900,3.373,605900,3.372,180600,3.382,80100,3.383,2000,3.384,519400,3.385,124200,3.386,77800,3.387,750000,3.388,1300,3.389,20300,3.39,131300,3.391,370400
2020-09-03 14:06:14.610,3.381,37800.0,3.395,3.400501,3.382,3.398,3.381,111800,3.38,838200,3.379,1055900,3.378,861700,3.377,630600,3.376,254200,3.375,636200,3.374,104200,3.373,843600,3.372,180600,3.382,45300,3.383,2000,3.384,520400,3.385,124200,3.386,515700,3.387,512100,3.388,1300,3.389,20300,3.39,131300,3.391,370400
2020-09-03 14:06:17.680,3.381,40200.0,3.395,3.400497,3.382,3.398,3.381,25600,3.38,809000,3.379,115900,3.378,1254700,3.377,1137600,3.376,254200,3.375,636200,3.374,104200,3.373,843600,3.372,180600,3.382,55300,3.383,2000,3.384,427400,3.385,517200,3.386,115800,3.387,512100,3.388,1300,3.389,20300,3.39,131300,3.391,370400
2020-09-03 14:06:22.040,3.382,300.0,3.395,3.400497,3.382,3.398,3.381,75600,3.38,814100,3.379,115900,3.378,1274700,3.377,687600,3.376,254200,3.375,1086200,3.374,104200,3.373,843600,3.372,180600,3.382,55000,3.383,22000,3.384,432400,3.385,667200,3.386,415800,3.387,62100,3.388,1300,3.389,20300,3.39,131300,3.391,370400
2020-09-03 14:06:23.530,3.381,2800.0,3.395,3.400497,3.382,3.398,3.381,53000,3.38,712100,3.379,115900,3.378,1274700,3.377,787600,3.376,154200,3.375,1086400,3.374,104200,3.373,843600,3.372,180600,3.382,55900,3.383,22000,3.384,432400,3.385,667200,3.386,315800,3.387,162200,3.388,1300,3.389,20300,3.39,131300,3.391,370400
2020-09-03 14:06:26.520,3.381,5200.0,3.395,3.400496,3.382,3.398,3.381,98000,3.38,742100,3.379,193900,3.378,1386400,3.377,687600,3.376,254200,3.375,1086400,3.374,100200,3.373,843600,3.372,180600,3.382,55700,3.383,22000,3.384,532400,3.385,667200,3.386,415800,3.387,62200,3.388,1300,3.389,20300,3.39,131300,3.391,370400
2020-09-03 14:06:27.880,3.382,300.0,3.395,3.400496,3.382,3.398,3.381,104300,3.38,712100,3.379,129800,3.378,1193400,3.377,687600,3.376,254200,3.375,1081400,3.374,100200,3.373,843600,3.372,180600,3.382,55400,3.383,22000,3.384,532400,3.385,874200,3.386,115800,3.387,62200,3.388,1300,3.389,20300,3.39,131300,3.391,371400
2020-09-03 14:06:32.680,3.382,10000.0,3.395,3.400496,3.382,3.398,3.381,606300,3.38,716300,3.379,133800,3.378,755100,3.377,887600,3.376,754200,3.375,1081400,3.374,100200,3.373,843600,3.372,180600,3.382,45400,3.383,22000,3.384,532400,3.385,667200,3.386,315800,3.387,162200,3.388,1300,3.389,20300,3.39,131300,3.391,371400
2020-09-03 14:06:35.970,3.381,42000.0,3.395,3.400492,3.382,3.398,3.381,608600,3.38,716800,3.379,433800,3.378,1055100,3.377,888600,3.376,154200,3.375,1081400,3.374,100200,3.373,543600,3.372,480600,3.382,43400,3.383,22000,3.384,532400,3.385,667200,3.386,315800,3.387,162200,3.388,1300,3.389,20300,3.39,131300,3.391,371400
2020-09-03 14:06:39.550,3.382,20000.0,3.395,3.40049,3.382,3.398,3.381,584100,3.38,756800,3.379,133800,3.378,455100,3.377,1088600,3.376,854200,3.375,1081400,3.374,100200,3.373,543600,3.372,180600,3.382,23400,3.383,22000,3.384,532400,3.385,967200,3.386,115800,3.387,62200,3.388,1300,3.389,20300,3.39,131300,3.391,371400
2020-09-03 14:06:40.290,3.381,4800.0,3.395,3.400489,3.382,3.398,3.381,589900,3.38,757800,3.379,133800,3.378,460100,3.377,1188600,3.376,754200,3.375,1181400,3.374,100200,3.373,563600,3.372,480600,3.382,23400,3.383,322000,3.384,532400,3.385,967200,3.386,25800,3.387,162200,3.388,1300,3.389,20300,3.39,131300,3.391,371400
2020-09-03 14:06:46.540,3.382,2000.0,3.395,3.400489,3.382,3.398,3.381,620400,3.38,757800,3.379,133800,3.378,1292400,3.377,688600,3.376,254200,3.375,1182400,3.374,100200,3.373,863600,3.372,180600,3.382,21400,3.383,322000,3.384,532400,3.385,667200,3.386,425800,3.387,62200,3.388,1300,3.389,20300,3.39,131300,3.391,372400
2020-09-03 14:06:52.960,3.382,20000.0,3.395,3.4004879999999997,3.382,3.398,3.381,621200,3.38,758300,3.379,203500,3.378,1395400,3.377,793600,3.376,156200,3.375,1187400,3.374,100200,3.373,563600,3.372,480600,3.382,8100,3.383,322000,3.384,532400,3.385,967200,3.386,25800,3.387,162200,3.388,1300,3.389,20300,3.39,131300,3.391,372400
2020-09-03 14:06:57.150,3.381,10000.0,3.395,3.4004870000000005,3.382,3.398,3.381,581300,3.38,758400,3.379,203500,3.378,1395400,3.377,793600,3.376,156200,3.375,1187400,3.374,100200,3.373,1463600,3.372,480600,3.382,8100,3.383,22000,3.384,532400,3.385,967200,3.386,25800,3.387,162200,3.388,1300,3.389,20300,3.39,131300,3.391,372400
2020-09-03 14:07:00.430,3.382,2400.0,3.395,3.400486,3.382,3.398,3.382,3000,3.381,580300,3.38,778400,3.379,203500,3.378,1395600,3.377,701600,3.376,256200,3.375,1187400,3.374,100200,3.373,563600,3.383,22000,3.384,532400,3.385,967200,3.386,125800,3.387,62200,3.388,1300,3.389,20300,3.39,131300,3.391,372400,3.392,20700
2020-09-03 14:07:02.830,3.381,314200.0,3.395,3.400457,3.382,3.398,3.381,269600,3.38,758400,3.379,104800,3.378,395600,3.377,1101600,3.376,760200,3.375,1249700,3.374,37900,3.373,563600,3.372,547700,3.383,17800,3.384,532400,3.385,967200,3.386,25800,3.387,100100,3.388,63300,3.389,20300,3.39,131300,3.391,372400,3.392,20700
2020-09-03 14:07:06.460,3.381,296200.0,3.395,3.4004300000000005,3.382,3.398,3.38,769400,3.379,114800,3.378,464300,3.377,1101600,3.376,860200,3.375,1187400,3.374,100200,3.373,563600,3.372,247700,3.371,155400,3.381,341000,3.382,653300,3.383,17800,3.384,532400,3.385,867200,3.386,125800,3.387,100,3.388,63300,3.389,20300,3.39,131300
2020-09-03 14:07:09.220,3.381,304000.0,3.395,3.400401,3.382,3.398,3.38,440400,3.379,187800,3.378,375600,3.377,1070300,3.376,960200,3.375,1187400,3.374,37900,3.373,625900,3.372,247700,3.371,155400,3.381,937100,3.382,903300,3.383,17800,3.384,832400,3.385,567200,3.386,187900,3.387,100,3.388,1300,3.389,20300,3.39,131300
2020-09-03 14:07:11.900,3.381,4000.0,3.395,3.400401,3.381,3.398,3.38,470400,3.379,207800,3.378,282600,3.377,1070300,3.376,961700,3.375,1187400,3.374,37900,3.373,625900,3.372,550700,3.371,155400,3.381,69700,3.382,803300,3.383,117800,3.384,532400,3.385,774200,3.386,187900,3.387,100,3.388,1300,3.389,20300,3.39,131300
2020-09-03 14:07:14.290,3.381,5200.0,3.395,3.4004,3.382,3.398,3.38,477500,3.379,207800,3.378,282600,3.377,1163300,3.376,961700,3.375,1187400,3.374,37900,3.373,625900,3.372,550700,3.371,155400,3.381,64500,3.382,803300,3.383,117800,3.384,625400,3.385,774200,3.386,187900,3.387,100,3.388,1300,3.389,20300,3.39,131300
2020-09-03 14:07:18.470,3.382,150000.0,3.395,3.4003870000000003,3.382,3.398,3.381,151600,3.38,623300,3.379,897800,3.378,1183600,3.377,194600,3.376,261700,3.375,1177100,3.374,337900,3.373,625900,3.372,250700,3.382,223500,3.383,17800,3.384,520400,3.385,574200,3.386,587900,3.387,100,3.388,1300,3.389,20300,3.39,131300,3.391,372400
2020-09-03 14:07:21.440,3.383,53500.0,3.395,3.400382,3.382,3.398,3.383,2200,3.382,80000,3.381,119200,3.38,872500,3.379,1087700,3.378,883600,3.377,294600,3.376,161700,3.375,1477100,3.374,100200,3.384,520400,3.385,474200,3.386,125800,3.387,462200,3.388,1300,3.389,20300,3.39,131300,3.391,372400,3.392,28200,3.393,544000
2020-09-03 14:07:24.240,3.382,26200.0,3.395,3.40038,3.382,3.398,3.382,26000,3.381,140700,3.38,1437300,3.379,727900,3.378,383600,3.377,101600,3.376,224000,3.375,1477100,3.374,37900,3.373,563600,3.384,427400,3.385,474200,3.386,125800,3.387,493100,3.388,101300,3.389,82300,3.39,131300,3.391,372400,3.392,28200,3.393,544000
2020-09-03 14:07:31.240,3.383,80100.0,3.395,3.400374,3.382,3.398,3.383,57600,3.382,434700,3.381,1162900,3.38,1140600,3.379,127900,3.378,282600,3.377,202600,3.376,674000,3.375,1177100,3.374,37900,3.384,538500,3.385,474200,3.386,20100,3.387,293100,3.388,1400,3.389,382300,3.39,131300,3.391,372400,3.392,28200,3.393,544000
2020-09-03 14:07:34.200,3.384,305000.0,3.395,3.40035,3.383,3.398,3.383,122600,3.382,1034700,3.381,832900,3.38,540600,3.379,127900,3.378,382600,3.377,102600,3.376,674000,3.375,1177100,3.374,37900,3.384,238500,3.385,474200,3.386,20100,3.387,93100,3.388,101400,3.389,382300,3.39,131300,3.391,372400,3.392,58200,3.393,541900
2020-09-03 14:07:35.410,3.384,35000.0,3.395,3.400347,3.383,3.398,3.383,47600,3.382,134900,3.381,1133000,3.38,1047600,3.379,229900,3.378,291200,3.377,552600,3.376,524000,3.375,727100,3.374,37900,3.385,474200,3.386,20100,3.387,100,3.388,1400,3.389,482300,3.39,131300,3.391,372400,3.392,58200,3.393,541900,3.394,137600
2020-09-03 14:07:37.770,3.384,100.0,3.395,3.400347,3.383,3.398,3.383,18200,3.382,42200,3.381,1033000,3.38,1140500,3.379,229900,3.378,291200,3.377,552600,3.376,224000,3.375,1027100,3.374,37900,3.384,260000,3.385,474200,3.386,120100,3.387,100100,3.388,394400,3.389,120300,3.39,193300,3.391,372400,3.392,58200,3.393,541900
2020-09-03 14:07:41.510,3.384,5200.0,3.395,3.400347,3.383,3.398,3.383,18200,3.382,42200,3.381,143000,3.38,1440500,3.379,830900,3.378,291200,3.377,552600,3.376,224000,3.375,1027100,3.374,37900,3.384,254800,3.385,474200,3.386,120100,3.387,100100,3.388,394400,3.389,182300,3.39,131300,3.391,372400,3.392,58200,3.393,541900
2020-09-03 14:07:54.220,3.383,10100.0,3.395,3.400346,3.383,3.398,3.382,38800,3.381,107000,3.38,883300,3.379,830900,3.378,1350200,3.377,552600,3.376,224000,3.375,729100,3.374,337900,3.373,513600,3.383,19900,3.384,254800,3.385,131400,3.386,470100,3.387,943100,3.388,1400,3.389,187300,3.39,131300,3.391,372400,3.392,58200
2020-09-03 14:08:01.120,3.383,2000.0,3.395,3.400346,3.383,3.398,3.382,43100,3.381,210600,3.38,583400,3.379,1030900,3.378,1450400,3.377,552600,3.376,161700,3.375,791400,3.374,337900,3.373,515600,3.383,17900,3.384,555000,3.385,131400,3.386,570100,3.387,843100,3.388,163400,3.389,25300,3.39,131300,3.391,372400,3.392,58200
2020-09-03 14:08:01.270,3.383,4800.0,3.395,3.400346,3.383,3.398,3.382,43600,3.381,210600,3.38,1383400,3.379,725900,3.378,1455400,3.377,552600,3.376,161700,3.375,1091400,3.374,37900,3.373,515600,3.383,13100,3.384,254800,3.385,31400,3.386,570100,3.387,643100,3.388,463400,3.389,25300,3.39,131300,3.391,372400,3.392,58200
2020-09-03 14:08:04.530,3.383,4600.0,3.395,3.4003449999999997,3.383,3.398,3.382,42000,3.381,210600,3.38,1890400,3.379,818900,3.378,855400,3.377,554600,3.376,161700,3.375,1091400,3.374,37900,3.373,515600,3.383,10100,3.384,255000,3.385,31400,3.386,663100,3.387,550100,3.388,463400,3.389,25300,3.39,131300,3.391,372400,3.392,58200
2020-09-03 14:08:08.990,3.383,58300.0,3.395,3.4003400000000004,3.383,3.398,3.382,9800,3.381,210600,3.38,1890400,3.379,824900,3.378,855400,3.377,554600,3.376,161700,3.375,1091400,3.374,37900,3.373,515600,3.383,1800,3.384,255000,3.385,31400,3.386,663100,3.387,850100,3.388,163400,3.389,25300,3.39,131300,3.391,372400,3.392,58200
2020-09-03 14:08:15.670,3.382,76800.0,3.395,3.4003339999999995,3.383,3.398,3.383,4400,3.382,129000,3.381,530600,3.38,1595400,3.379,824900,3.378,405400,3.377,553400,3.376,161700,3.375,791400,3.374,37900,3.384,255000,3.385,31400,3.386,113100,3.387,100100,3.388,563400,3.389,25300,3.39,131300,3.391,372400,3.392,58200,3.393,541900
2020-09-03 14:08:18.940,3.384,34800.0,3.395,3.4003309999999995,3.383,3.398,3.383,15200,3.382,124200,3.381,504400,3.38,1596400,3.379,731900,3.378,295400,3.377,653400,3.376,224000,3.375,1029100,3.374,37900,3.384,220200,3.385,41600,3.386,20100,3.387,200100,3.388,401400,3.389,87300,3.39,131300,3.391,372400,3.392,58200,3.393,541900
2020-09-03 14:08:19.470,3.384,100.0,3.395,3.4003309999999995,3.383,3.398,3.383,42800,3.382,134500,3.381,169400,3.38,1896400,3.379,831900,3.378,745400,3.377,553400,3.376,224000,3.375,1029100,3.374,37900,3.384,220100,3.385,41600,3.386,20100,3.387,100100,3.388,401400,3.389,187300,3.39,131300,3.391,372400,3.392,58200,3.393,541900
2020-09-03 14:08:27.690,3.384,3000.0,3.395,3.4003309999999995,3.383,3.398,3.383,42800,3.382,74500,3.381,174300,3.38,1390400,3.379,231900,3.378,298000,3.377,553400,3.376,224100,3.375,729100,3.374,37900,3.384,217100,3.385,491600,3.386,570100,3.387,493100,3.388,1400,3.389,187300,3.39,131300,3.391,372400,3.392,58200,3.393,541900
2020-09-03 14:08:30.420,3.383,47100.0,3.395,3.400327,3.382,3.398,3.382,64900,3.381,120800,3.38,1088900,3.379,531900,3.378,898000,3.377,1153400,3.376,224100,3.375,729100,3.374,37900,3.373,815600,3.383,1151200,3.384,617000,3.385,491600,3.386,570100,3.387,393100,3.388,1400,3.389,187300,3.39,131300,3.391,372400,3.392,58200
2020-09-03 14:08:41.010,3.383,1000.0,3.395,3.400327,3.382,3.398,3.382,77800,3.381,234700,3.38,1006300,3.379,519900,3.378,998000,3.377,1153400,3.376,172800,3.375,793400,3.374,37900,3.373,515600,3.383,295400,3.384,517000,3.385,591600,3.386,663100,3.387,300100,3.388,163400,3.389,25300,3.39,131300,3.391,364000,3.392,58200
2020-09-03 14:08:44.890,3.383,10000.0,3.395,3.400326,3.382,3.398,3.382,79800,3.381,234700,3.38,1006300,3.379,519900,3.378,998000,3.377,1153400,3.376,172800,3.375,793400,3.374,37900,3.373,815600,3.383,285400,3.384,517000,3.385,591600,3.386,963100,3.387,100,3.388,163400,3.389,15300,3.39,131300,3.391,364000,3.392,58200
2020-09-03 14:08:50.330,3.382,62500.0,3.395,3.400321,3.382,3.398,3.382,18900,3.381,247700,3.38,1006300,3.379,1119900,3.378,1001400,3.377,553400,3.376,172800,3.375,793400,3.374,37900,3.373,815600,3.383,14300,3.384,517000,3.385,591600,3.386,963100,3.387,100,3.388,163300,3.389,15300,3.39,131300,3.391,364000,3.392,58200
2020-09-03 14:08:53.520,3.382,18900.0,3.395,3.400319,3.382,3.398,3.381,147700,3.38,1001300,3.379,1119900,3.378,901400,3.377,653400,3.376,172800,3.375,793400,3.374,37900,3.373,815600,3.372,260700,3.382,236500,3.383,14300,3.384,517000,3.385,591600,3.386,963100,3.387,100100,3.388,63300,3.389,15300,3.39,131300,3.391,364000
2020-09-03 14:08:57.780,3.382,3000.0,3.395,3.400319,3.382,3.398,3.381,137900,3.38,1041100,3.379,219900,3.378,1201400,3.377,1253400,3.376,172800,3.375,732100,3.374,100200,3.373,815600,3.372,260700,3.382,233500,3.383,16300,3.384,517000,3.385,591600,3.386,963100,3.387,162200,3.388,1300,3.389,15300,3.39,131300,3.391,364000
2020-09-03 14:08:58.020,3.382,200.0,3.395,3.400319,3.382,3.398,3.381,139200,3.38,1061300,3.379,219900,3.378,1205300,3.377,1253400,3.376,172800,3.375,732100,3.374,100200,3.373,815600,3.372,260700,3.382,233300,3.383,16300,3.384,317000,3.385,591600,3.386,863100,3.387,162200,3.388,1300,3.389,15300,3.39,131300,3.391,365000
2020-09-03 14:09:01.390,3.382,12000.0,3.395,3.400318,3.382,3.398,3.381,139200,3.38,1023100,3.379,126900,3.378,1210300,3.377,1253400,3.376,172800,3.375,732100,3.374,100200,3.373,515600,3.372,560700,3.382,221300,3.383,316300,3.384,317000,3.385,891600,3.386,470100,3.387,162200,3.388,1300,3.389,15300,3.39,132300,3.391,365000
2020-09-03 14:09:05.880,3.382,61200.0,3.395,3.4003120000000004,3.383,3.398,3.381,79000,3.38,1024100,3.379,126900,3.378,1308300,3.377,1253400,3.376,172800,3.375,732100,3.374,100200,3.373,515600,3.372,260700,3.382,220300,3.383,316300,3.384,317000,3.385,984600,3.386,470100,3.387,162200,3.388,1300,3.389,15300,3.39,132300,3.391,365000
2020-09-03 14:09:09.830,3.381,10000.0,3.395,3.400311,3.383,3.398,3.381,149000,3.38,1374300,3.379,726900,3.378,1011300,3.377,653400,3.376,172800,3.375,732100,3.374,400200,3.373,515600,3.372,260700,3.383,316300,3.384,217000,3.385,684600,3.386,570100,3.387,462200,3.388,1300,3.389,15300,3.39,132300,3.391,365000,3.392,58700
2020-09-03 14:09:19.180,3.383,200.0,3.395,3.400311,3.382,3.398,3.382,9800,3.381,201700,3.38,1320600,3.379,1119900,3.378,918300,3.377,553500,3.376,277800,3.375,794400,3.374,337900,3.373,515600,3.383,18100,3.384,217000,3.385,591600,3.386,763100,3.387,300100,3.388,63300,3.389,15300,3.39,121700,3.391,365000,3.392,58700
2020-09-03 14:09:20.620,3.383,4300.0,3.395,3.400311,3.382,3.398,3.382,100,3.381,176900,3.38,1280600,3.379,1026900,3.378,1018300,3.377,103500,3.376,627800,3.375,1244400,3.374,337900,3.373,515600,3.383,13800,3.384,217000,3.385,591600,3.386,120100,3.387,300200,3.388,163300,3.389,15300,3.39,121700,3.391,365000,3.392,58700
2020-09-03 14:09:29.070,3.383,900.0,3.395,3.400311,3.382,3.398,3.382,9200,3.381,240700,3.38,1584700,3.379,819900,3.378,1021300,3.377,98500,3.376,627800,3.375,1244400,3.374,337900,3.373,515600,3.383,9200,3.384,225800,3.385,591600,3.386,213100,3.387,300200,3.388,163300,3.389,15300,3.39,121700,3.391,365000,3.392,58700
2020-09-03 14:09:32.810,3.383,1000.0,3.395,3.400311,3.382,3.398,3.382,49000,3.381,280700,3.38,1589800,3.379,819900,3.378,1021300,3.377,98500,3.376,627800,3.375,1543600,3.374,37900,3.373,515600,3.383,13200,3.384,225800,3.385,491600,3.386,213100,3.387,100200,3.388,463300,3.389,15300,3.39,121700,3.391,365000,3.392,58700
2020-09-03 14:09:34.290,3.383,13200.0,3.395,3.4003099999999997,3.382,3.398,3.383,51300,3.382,69300,3.381,580700,3.38,1889800,3.379,819900,3.378,426300,3.377,98500,3.376,927800,3.375,1243600,3.374,37900,3.384,9000,3.385,491600,3.386,213100,3.387,100200,3.388,463300,3.389,15300,3.39,121700,3.391,365000,3.392,58700,3.393,542900
2020-09-03 14:09:43.850,3.383,5700.0,3.395,3.4003089999999996,3.382,3.398,3.383,39100,3.382,77000,3.381,580700,3.38,1829900,3.379,819900,3.378,426300,3.377,98500,3.376,689100,3.375,1501300,3.374,37900,3.384,9000,3.385,491600,3.386,113100,3.387,100200,3.388,202200,3.389,377300,3.39,121700,3.391,365000,3.392,58700,3.393,542900
2020-09-03 14:09:48.160,3.383,5000.0,3.395,3.4003089999999996,3.382,3.398,3.383,24300,3.382,107000,3.381,582200,3.38,1829900,3.379,726900,3.378,426300,3.377,98500,3.376,689100,3.375,1502300,3.374,37900,3.384,9000,3.385,491600,3.386,120100,3.387,100200,3.388,402200,3.389,77300,3.39,121700,3.391,365000,3.392,58700,3.393,542900
2020-09-03 14:09:51.240,3.383,40100.0,3.395,3.4003059999999996,3.382,3.398,3.382,42900,3.381,182200,3.38,1322900,3.379,1026900,3.378,1026300,3.377,98500,3.376,689100,3.375,1202300,3.374,37900,3.373,570600,3.383,511700,3.384,913200,3.385,491600,3.386,120100,3.387,93200,3.388,402200,3.389,77300,3.39,121700,3.391,365000,3.392,58700
2020-09-03 14:09:52.730,3.383,300.0,3.395,3.4003059999999996,3.382,3.398,3.382,43000,3.381,192000,3.38,1333000,3.379,1026900,3.378,1026300,3.377,98500,3.376,626800,3.375,1264600,3.374,337900,3.373,270600,3.383,799700,3.384,1113200,3.385,591600,3.386,120100,3.387,393200,3.388,164200,3.389,15300,3.39,121700,3.391,365000,3.392,58700
2020-09-03 14:10:00.600,3.382,48500.0,3.395,3.4003010000000002,3.382,3.398,3.381,195400,3.38,1632900,3.379,726900,3.378,1026300,3.377,98500,3.376,626800,3.375,1264600,3.374,337900,3.373,270600,3.372,260700,3.382,32000,3.383,290800,3.384,813200,3.385,591600,3.386,120100,3.387,395200,3.388,164200,3.389,15300,3.39,121700,3.391,365000
2020-09-03 14:10:03.210,3.381,32000.0,3.395,3.400299,3.382,3.398,3.381,225900,3.38,1644900,3.379,726900,3.378,926300,3.377,198500,3.376,626800,3.375,1502300,3.374,100200,3.373,270600,3.372,260700,3.383,6000,3.384,520000,3.385,591600,3.386,120100,3.387,464300,3.388,2200,3.389,15300,3.39,121700,3.391,365000,3.392,58700
2020-09-03 14:10:10.200,3.383,13100.0,3.395,3.400297,3.382,3.398,3.383,4500,3.382,55800,3.381,216200,3.38,2244900,3.379,726900,3.378,419300,3.377,93500,3.376,726800,3.375,1564600,3.374,37900,3.384,520000,3.385,584600,3.386,220100,3.387,302200,3.388,64200,3.389,15300,3.39,121700,3.391,365000,3.392,58700,3.393,542900
2020-09-03 14:10:21.590,3.383,37700.0,3.395,3.400294,3.381,3.398,3.382,26100,3.381,219200,3.38,2238700,3.379,726900,3.378,426300,3.377,93500,3.376,689100,3.375,1202300,3.374,37900,3.373,270600,3.383,155800,3.384,520000,3.385,491600,3.386,120100,3.387,495200,3.388,102200,3.389,77300,3.39,121700,3.391,365000,3.392,58700
2020-09-03 14:10:24.500,3.383,300.0,3.395,3.400294,3.381,3.398,3.382,16300,3.381,199000,3.38,2239300,3.379,726900,3.378,426300,3.377,93500,3.376,626800,3.375,1264600,3.374,337900,3.373,270600,3.383,755500,3.384,820000,3.385,491600,3.386,120100,3.387,495200,3.388,164200,3.389,15300,3.39,121700,3.391,365000,3.392,58700
2020-09-03 14:10:26.640,3.383,900.0,3.395,3.400294,3.382,3.398,3.382,31900,3.381,199600,3.38,2239500,3.379,716900,3.378,426300,3.377,93500,3.376,626800,3.375,1314600,3.374,337900,3.373,270600,3.383,479700,3.384,820000,3.385,491600,3.386,120100,3.387,495200,3.388,164200,3.389,15300,3.39,121700,3.391,365000,3.392,58700
2020-09-03 14:10:30.590,3.382,36100.0,3.395,3.400291,3.382,3.398,3.381,229600,3.38,2146500,3.379,716900,3.378,426300,3.377,93500,3.376,628800,3.375,1314600,3.374,337900,3.373,270600,3.372,260800,3.382,43900,3.383,531800,3.384,520000,3.385,491600,3.386,120100,3.387,402200,3.388,164200,3.389,15300,3.39,121700,3.391,365000
2020-09-03 14:10:33.010,3.382,9800.0,3.395,3.40029,3.382,3.398,3.381,219800,3.38,2246500,3.379,716900,3.378,419300,3.377,193500,3.376,625800,3.375,1252300,3.374,400200,3.373,270600,3.372,260800,3.382,34100,3.383,531800,3.384,520000,3.385,584600,3.386,120100,3.387,564300,3.388,2200,3.389,15300,3.39,121700,3.391,365000
2020-09-03 14:10:34.330,3.381,34100.0,3.395,3.400287,3.382,3.398,3.382,100000,3.381,185700,3.38,2246500,3.379,716900,3.378,419300,3.377,193500,3.376,625800,3.375,1252300,3.374,400200,3.373,270600,3.383,232000,3.384,220000,3.385,584600,3.386,120100,3.387,564300,3.388,2200,3.389,15300,3.39,121700,3.391,365000,3.392,58700
2020-09-03 14:10:38.310,3.383,5000.0,3.395,3.400287,3.382,3.398,3.382,100500,3.381,197800,3.38,2246500,3.379,716900,3.378,419300,3.377,93500,3.376,725800,3.375,1314600,3.374,337900,3.373,270600,3.383,227000,3.384,220000,3.385,584600,3.386,220100,3.387,402200,3.388,64200,3.389,15300,3.39,121700,3.391,365000,3.392,58700
2020-09-03 14:10:49.100,3.383,154300.0,3.395,3.4002739999999996,3.382,3.398,3.382,149200,3.381,1071000,3.38,2194500,3.379,209900,3.378,436300,3.377,93500,3.376,625800,3.375,1314600,3.374,37900,3.373,270600,3.383,84000,3.384,220000,3.385,491600,3.386,113100,3.387,102200,3.388,464200,3.389,15300,3.39,121700,3.391,365000,3.392,58700
2020-09-03 14:10:50.610,3.383,164000.0,3.395,3.400261,3.382,3.398,3.383,842600,3.382,499200,3.381,1071000,3.38,1915400,3.379,209900,3.378,436300,3.377,93500,3.376,925800,3.375,1314600,3.374,37900,3.384,220000,3.385,491600,3.386,113100,3.387,102200,3.388,264200,3.389,315300,3.39,121700,3.391,365000,3.392,58700,3.393,542900
2020-09-03 14:10:52.640,3.383,1000.0,3.395,3.400261,3.382,3.398,3.383,924800,3.382,1129200,3.381,1013000,3.38,1286400,3.379,209900,3.378,436300,3.377,393500,3.376,688100,3.375,1253300,3.374,37900,3.384,220000,3.385,491600,3.386,113100,3.387,2200,3.388,202200,3.389,177300,3.39,421700,3.391,365000,3.392,58700,3.393,542900
2020-09-03 14:11:03.780,3.384,32600.0,3.395,3.4002589999999997,3.383,3.398,3.384,58300,3.383,973200,3.382,1129300,3.381,847000,3.38,1285000,3.379,107600,3.378,439200,3.377,155700,3.376,925800,3.375,1253300,3.385,465000,3.386,20100,3.387,302200,3.388,295200,3.389,415300,3.39,183700,3.391,365000,3.392,58700,3.393,542900,3.394,138600
2020-09-03 14:11:06.340,3.384,42300.0,3.395,3.4002550000000005,3.383,3.398,3.384,32000,3.383,975200,3.382,1119300,3.381,849000,3.38,1285000,3.379,207600,3.378,339200,3.377,455700,3.376,625800,3.375,1253300,3.385,454000,3.386,20100,3.387,302200,3.388,195200,3.389,515300,3.39,183700,3.391,365000,3.392,58700,3.393,542900,3.394,138600
2020-09-03 14:11:09.840,3.385,81000.0,3.395,3.4002489999999996,3.383,3.398,3.383,957200,3.382,519300,3.381,849000,3.38,1882000,3.379,208600,3.378,339200,3.377,155700,3.376,925800,3.375,1253300,3.374,37900,3.385,423000,3.386,20100,3.387,302200,3.388,195200,3.389,515300,3.39,183700,3.391,365000,3.392,58700,3.393,542900,3.394,138600
2020-09-03 14:11:15.830,3.385,6800.0,3.395,3.4002489999999996,3.382,3.398,3.383,883600,3.382,179300,3.381,1056000,3.38,1982000,3.379,108600,3.378,338800,3.377,93500,3.376,988100,3.375,1253300,3.374,37900,3.385,422000,3.386,20100,3.387,402200,3.388,402200,3.389,77300,3.39,221700,3.391,365000,3.392,58700,3.393,542900,3.394,138600
2020-09-03 14:11:17.730,3.383,82200.0,3.395,3.400242,3.382,3.398,3.384,5000,3.383,808400,3.382,179300,3.381,1062700,3.38,2075000,3.379,108600,3.378,338800,3.377,93500,3.376,988100,3.375,1253300,3.385,415000,3.386,20100,3.387,495200,3.388,102200,3.389,315300,3.39,283700,3.391,365000,3.392,58700,3.393,542900,3.394,138600
2020-09-03 14:11:21.840,3.384,5000.0,3.395,3.400242,3.382,3.398,3.383,808400,3.382,169300,3.381,1074700,3.38,1975000,3.379,108600,3.378,438800,3.377,156200,3.376,925800,3.375,1253300,3.374,37900,3.384,7500,3.385,415000,3.386,20100,3.387,495200,3.388,202200,3.389,315300,3.39,183700,3.391,365000,3.392,58700,3.393,542900
2020-09-03 14:11:22.660,3.384,100.0,3.395,3.400242,3.382,3.398,3.383,808400,3.382,475300,3.381,779700,3.38,2075000,3.379,208600,3.378,338800,3.377,94000,3.376,988100,3.375,1253300,3.374,37900,3.384,7400,3.385,415000,3.386,310100,3.387,495200,3.388,102200,3.389,477300,3.39,121700,3.391,365000,3.392,58700,3.393,542900
2020-09-03 14:11:25.670,3.383,3600.0,3.395,3.400242,3.383,3.398,3.383,806900,3.382,175300,3.381,1079700,3.38,2073000,3.379,208600,3.378,338800,3.377,94000,3.376,988100,3.375,1253300,3.374,37900,3.384,5300,3.385,415000,3.386,310100,3.387,495200,3.388,402200,3.389,177300,3.39,121700,3.391,365000,3.392,58700,3.393,542900
2020-09-03 14:11:30.400,3.384,604300.0,3.395,3.4001930000000002,3.382,3.398,3.383,229600,3.382,148300,3.381,179700,3.38,2373000,3.379,708600,3.378,438800,3.377,94000,3.376,688100,3.375,1553300,3.374,37900,3.384,301200,3.385,415000,3.386,310100,3.387,495200,3.388,502200,3.389,77300,3.39,121700,3.391,365000,3.392,58700,3.393,542900
2020-09-03 14:11:32.030,3.383,251600.0,3.395,3.400173,3.382,3.398,3.382,108300,3.381,177700,3.38,2376000,3.379,808600,3.378,339800,3.377,94000,3.376,688100,3.375,1253300,3.374,37900,3.373,270600,3.383,568700,3.384,591200,3.385,515100,3.386,310100,3.387,795200,3.388,2200,3.389,177300,3.39,121700,3.391,365000,3.392,58700
2020-09-03 14:11:35.140,3.383,75500.0,3.395,3.4001660000000005,3.382,3.398,3.382,32900,3.381,177700,3.38,1476000,3.379,1009100,3.378,1039800,3.377,94000,3.376,625800,3.375,1315600,3.374,37900,3.373,270600,3.383,334100,3.384,301200,3.385,515100,3.386,710100,3.387,395200,3.388,164200,3.389,15300,3.39,121700,3.391,365000,3.392,58700
2020-09-03 14:11:41.870,3.382,42900.0,3.395,3.4001629999999996,3.381,3.398,3.381,179700,3.38,1683000,3.379,709100,3.378,1039800,3.377,94000,3.376,625800,3.375,1315600,3.374,337900,3.373,270600,3.372,260800,3.382,177500,3.383,349300,3.384,301200,3.385,515300,3.386,410100,3.387,602200,3.388,164200,3.389,15300,3.39,121700,3.391,365000
2020-09-03 14:11:45.820,3.382,29400.0,3.395,3.40016,3.382,3.398,3.381,193700,3.38,1463100,3.379,1009100,3.378,1032800,3.377,194000,3.376,625800,3.375,1253300,3.374,400200,3.373,270600,3.372,260800,3.382,148100,3.383,54900,3.384,301200,3.385,608300,3.386,410100,3.387,764300,3.388,2200,3.389,15300,3.39,121700,3.391,365000
2020-09-03 14:11:46.650,3.381,6900.0,3.395,3.40016,3.382,3.398,3.381,191000,3.38,1763100,3.379,709100,3.378,1032800,3.377,194000,3.376,625800,3.375,1253300,3.374,400200,3.373,270600,3.372,260800,3.382,152000,3.383,54900,3.384,301200,3.385,608300,3.386,410100,3.387,764300,3.388,2200,3.389,15300,3.39,121700,3.391,365000
2020-09-03 14:11:50.590,3.381,80500.0,3.395,3.400152,3.381,3.398,3.381,99400,3.38,1763100,3.379,709100,3.378,1032800,3.377,94000,3.376,725800,3.375,1203300,3.374,400200,3.373,270600,3.372,260800,3.382,151500,3.383,54900,3.384,301200,3.385,608300,3.386,210100,3.387,364300,3.388,2200,3.389,15300,3.39,121700,3.391,365000
2020-09-03 14:11:53.220,3.382,1700.0,3.395,3.400152,3.381,3.398,3.381,99400,3.38,1762500,3.379,709100,3.378,1032800,3.377,94000,3.376,725800,3.375,1203300,3.374,400200,3.373,270600,3.372,260800,3.382,149800,3.383,49300,3.384,301200,3.385,608300,3.386,210100,3.387,364300,3.388,2200,3.389,15300,3.39,121700,3.391,365000
2020-09-03 14:11:56.630,3.382,2200.0,3.395,3.400152,3.381,3.398,3.381,99200,3.38,1461500,3.379,1009100,3.378,939800,3.377,194000,3.376,625800,3.375,1203300,3.374,400200,3.373,270600,3.372,260800,3.382,163800,3.383,49300,3.384,301200,3.385,515300,3.386,110100,3.387,464300,3.388,2200,3.389,15300,3.39,121700,3.391,365000
2020-09-03 14:12:00.450,3.382,4400.0,3.395,3.400152,3.381,3.398,3.381,99200,3.38,1461500,3.379,1009100,3.378,432800,3.377,194000,3.376,625800,3.375,1203300,3.374,100200,3.373,570600,3.372,250800,3.382,165000,3.383,48300,3.384,401200,3.385,508300,3.386,110100,3.387,464300,3.388,2200,3.389,15300,3.39,123700,3.391,365000
2020-09-03 14:12:06.310,3.382,7600.0,3.395,3.400151,3.381,3.398,3.381,99200,3.38,1436500,3.379,409100,3.378,1032800,3.377,794000,3.376,175800,3.375,1203300,3.374,100200,3.373,270600,3.372,550800,3.382,157400,3.383,48300,3.384,751200,3.385,193300,3.386,410100,3.387,164300,3.388,2200,3.389,15300,3.39,124500,3.391,365000
2020-09-03 14:12:08.540,3.381,99200.0,3.395,3.4001419999999998,3.381,3.398,3.38,1361700,3.379,109100,3.378,1239800,3.377,794000,3.376,175800,3.375,1203300,3.374,100200,3.373,270600,3.372,550800,3.371,179300,3.381,485600,3.382,467400,3.383,148300,3.384,751200,3.385,493300,3.386,10100,3.387,164300,3.388,2200,3.389,15300,3.39,124500
2020-09-03 14:12:12.410,3.38,300000.0,3.395,3.400114,3.381,3.398,3.38,1061700,3.379,189100,3.378,340000,3.377,1087000,3.376,875800,3.375,1203300,3.374,37900,3.373,332900,3.372,250800,3.371,179300,3.381,565600,3.382,467400,3.383,148300,3.384,844200,3.385,400300,3.386,172200,3.387,2200,3.388,2200,3.389,15300,3.39,124500
2020-09-03 14:12:13.240,3.38,1000.0,3.395,3.400114,3.38,3.398,3.38,1060700,3.379,189100,3.378,342000,3.377,1087000,3.376,775800,3.375,1303300,3.374,37900,3.373,332900,3.372,550800,3.371,179300,3.381,485600,3.382,167400,3.383,148300,3.384,844200,3.385,500300,3.386,72200,3.387,2200,3.388,2200,3.389,15300,3.39,124500
2020-09-03 14:12:18.880,3.381,898700.0,3.395,3.40003,3.381,3.398,3.38,167300,3.379,129100,3.378,342000,3.377,1087000,3.376,775800,3.375,1303300,3.374,37900,3.373,332900,3.372,250800,3.371,179300,3.381,485300,3.382,167400,3.383,148300,3.384,1144200,3.385,100300,3.386,72200,3.387,2200,3.388,2200,3.389,15300,3.39,124500
2020-09-03 14:12:24.460,3.381,39200.0,3.395,3.4000269999999997,3.38,3.398,3.38,163800,3.379,129100,3.378,342000,3.377,994000,3.376,875800,3.375,1203300,3.374,37900,3.373,332900,3.372,550800,3.371,179300,3.381,449800,3.382,167400,3.383,148300,3.384,851200,3.385,300300,3.386,172200,3.387,2200,3.388,2200,3.389,15300,3.39,124500
2020-09-03 14:12:27.180,3.381,111200.0,3.395,3.4000169999999996,3.38,3.398,3.38,53700,3.379,129100,3.378,342300,3.377,1087000,3.376,875800,3.375,753300,3.374,37900,3.373,782900,3.372,550800,3.371,179300,3.381,164900,3.382,167400,3.383,598300,3.384,794200,3.385,300,3.386,172200,3.387,2200,3.388,2200,3.389,15300,3.39,124500
2020-09-03 14:12:30.810,3.38,62300.0,3.395,3.400011,3.38,3.398,3.379,129700,3.378,342700,3.377,1087000,3.376,875800,3.375,753300,3.374,37900,3.373,782900,3.372,250800,3.371,479300,3.37,778100,3.38,325300,3.382,167400,3.383,598300,3.384,794200,3.385,300,3.386,172200,3.387,2200,3.388,2200,3.389,15300,3.39,124500
2020-09-03 14:12:33.960,3.38,10000.0,3.395,3.40001,3.38,3.398,3.379,129700,3.378,422700,3.377,1087000,3.376,775800,3.375,853300,3.374,37900,3.373,720600,3.372,313100,3.371,479300,3.37,778100,3.38,320400,3.382,167400,3.383,598300,3.384,794200,3.385,162400,3.386,10100,3.387,2200,3.388,2200,3.389,15300,3.39,124500
2020-09-03 14:12:36.670,3.38,200.0,3.395,3.40001,3.38,3.398,3.379,129700,3.378,421700,3.377,1087000,3.376,775800,3.375,855200,3.374,37900,3.373,720600,3.372,613100,3.371,179300,3.37,778100,3.38,240200,3.382,167400,3.383,598300,3.384,794200,3.385,162400,3.386,10100,3.387,2200,3.388,2200,3.389,15300,3.39,124500
2020-09-03 14:12:39.610,3.38,320200.0,3.395,3.3999800000000002,3.38,3.398,3.38,343400,3.379,149700,3.378,1561100,3.377,1194000,3.376,175800,3.375,856000,3.374,37900,3.373,720600,3.372,613100,3.371,179300,3.381,4600,3.382,167400,3.383,498300,3.384,101200,3.385,162400,3.386,310100,3.387,2200,3.388,2200,3.389,15300,3.39,124500
2020-09-03 14:12:40.150,3.381,300.0,3.395,3.3999800000000002,3.38,3.398,3.38,343400,3.379,509700,3.378,976700,3.377,687000,3.376,175800,3.375,860300,3.374,37900,3.373,782900,3.372,250800,3.371,179300,3.381,4300,3.382,167400,3.383,498300,3.384,94200,3.385,200300,3.386,172200,3.387,302200,3.388,2200,3.389,15300,3.39,124500
2020-09-03 14:12:50.550,3.38,80000.0,3.395,3.399973,3.379,3.398,3.38,257800,3.379,115200,3.378,1281700,3.377,817000,3.376,275800,3.375,760300,3.374,37900,3.373,1082900,3.372,250800,3.371,182300,3.381,64300,3.382,177400,3.383,450000,3.384,94200,3.385,100300,3.386,572200,3.387,2200,3.388,2200,3.389,15300,3.39,124500
2020-09-03 14:12:52.750,3.381,3000.0,3.395,3.399972,3.379,3.398,3.38,257800,3.379,85200,3.378,1281700,3.377,724000,3.376,175800,3.375,860300,3.374,37900,3.373,1082900,3.372,250800,3.371,182300,3.381,61300,3.382,177400,3.383,450000,3.384,1200,3.385,200400,3.386,472200,3.387,2200,3.388,2200,3.389,15300,3.39,124500
2020-09-03 14:12:55.670,3.381,7600.0,3.395,3.399972,3.379,3.398,3.38,257700,3.379,85200,3.378,1284800,3.377,817000,3.376,275800,3.375,760300,3.374,37900,3.373,1082900,3.372,250800,3.371,182300,3.381,53700,3.382,177400,3.383,450000,3.384,94200,3.385,100400,3.386,572200,3.387,2200,3.388,2200,3.389,15300,3.39,124500
2020-09-03 14:13:00.430,3.381,4800.0,3.395,3.399971,3.379,3.398,3.38,269300,3.379,386200,3.378,989800,3.377,817000,3.376,275800,3.375,760300,3.374,37900,3.373,782900,3.372,550800,3.371,182300,3.381,49200,3.382,177400,3.383,450000,3.384,194200,3.385,100400,3.386,472200,3.387,2200,3.388,2200,3.389,15300,3.39,130500
2020-09-03 14:13:02.490,3.38,8800.0,3.395,3.3999699999999997,3.379,3.398,3.38,274400,3.379,86200,3.378,1289800,3.377,817000,3.376,276300,3.375,760300,3.374,37900,3.373,1082900,3.372,250800,3.371,182300,3.381,45400,3.382,177400,3.383,450000,3.384,194200,3.385,100400,3.386,472200,3.387,2200,3.388,2200,3.389,15300,3.39,130500
2020-09-03 14:13:05.860,3.381,200.0,3.395,3.3999699999999997,3.379,3.398,3.38,277300,3.379,110300,3.378,1289800,3.377,817000,3.376,176300,3.375,860300,3.374,37900,3.373,1082900,3.372,250800,3.371,182300,3.381,45200,3.382,177400,3.383,450000,3.384,194200,3.385,500400,3.386,72200,3.387,2200,3.388,2200,3.389,15300,3.39,130500
2020-09-03 14:13:09.320,3.381,69700.0,3.395,3.3999639999999998,3.38,3.398,3.38,241900,3.379,450300,3.378,989800,3.377,724000,3.376,276300,3.375,760300,3.374,337900,3.373,782900,3.372,250800,3.371,182300,3.381,40900,3.382,177400,3.383,450000,3.384,1200,3.385,100400,3.386,272200,3.387,302200,3.388,2200,3.389,15300,3.39,130500
2020-09-03 14:13:12.590,3.38,94400.0,3.395,3.3999550000000003,3.379,3.398,3.38,447700,3.379,759700,3.378,989800,3.377,237000,3.376,276300,3.375,760300,3.374,337900,3.373,782900,3.372,250800,3.371,182300,3.381,80700,3.382,187400,3.383,450000,3.384,94200,3.385,100400,3.386,272200,3.387,302200,3.388,2200,3.389,15300,3.39,130500
2020-09-03 14:13:15.860,3.381,20000.0,3.395,3.399954,3.379,3.398,3.38,149100,3.379,1295900,3.378,989800,3.377,237000,3.376,176300,3.375,860300,3.374,37900,3.373,782900,3.372,250800,3.371,182300,3.381,60700,3.382,187400,3.383,450000,3.384,94200,3.385,200400,3.386,172200,3.387,302200,3.388,2200,3.389,15300,3.39,130500
2020-09-03 14:13:17.400,3.381,62200.0,3.395,3.399948,3.379,3.398,3.381,382400,3.38,790600,3.379,975900,3.378,849800,3.377,237000,3.376,276300,3.375,763600,3.374,37900,3.373,782900,3.372,250800,3.382,187400,3.383,450000,3.384,94200,3.385,400,3.386,272200,3.387,102200,3.388,302200,3.389,15300,3.39,130500,3.391,18000
2020-09-03 14:13:21.380,3.382,189200.0,3.395,3.3999330000000003,3.381,3.398,3.382,298000,3.381,730000,3.38,960800,3.379,346000,3.378,849800,3.377,237000,3.376,576300,3.375,763600,3.374,37900,3.373,782900,3.383,450000,3.384,94200,3.385,400,3.386,172200,3.387,102200,3.388,2200,3.389,315300,3.39,130500,3.391,18000,3.392,51200
2020-09-03 14:13:24.280,3.382,15000.0,3.395,3.3999309999999996,3.381,3.398,3.382,304000,3.381,1441700,3.38,970900,3.379,399000,3.378,349800,3.377,244000,3.376,476300,3.375,825900,3.374,37900,3.373,720600,3.383,450000,3.384,1200,3.385,400,3.386,103100,3.387,202200,3.388,164200,3.389,315300,3.39,130500,3.391,18000,3.392,51200
2020-09-03 14:13:26.980,3.382,22100.0,3.395,3.3999300000000003,3.382,3.398,3.382,302100,3.381,1441700,3.38,972100,3.379,899000,3.378,349800,3.377,244000,3.376,476300,3.375,825900,3.374,37900,3.373,720600,3.383,430000,3.384,1200,3.385,400,3.386,103100,3.387,202200,3.388,164200,3.389,315300,3.39,131500,3.391,18000,3.392,51200
2020-09-03 14:13:28.650,3.383,25000.0,3.395,3.399928,3.382,3.398,3.382,51200,3.381,1701800,3.38,765400,3.379,900000,3.378,349800,3.377,244000,3.376,176300,3.375,1576000,3.374,37900,3.373,270600,3.384,1200,3.385,450400,3.386,103100,3.387,202200,3.388,464200,3.389,15300,3.39,131500,3.391,18000,3.392,51200,3.393,542900
2020-09-03 14:13:30.690,3.382,29400.0,3.395,3.399925,3.381,3.398,3.381,1702800,3.38,985300,3.379,900000,3.378,449800,3.377,144000,3.376,176300,3.375,1276000,3.374,37900,3.373,270600,3.372,250800,3.382,54700,3.385,447500,3.386,103100,3.387,102200,3.388,502200,3.389,77300,3.39,131500,3.391,18000,3.392,51200,3.393,542900
2020-09-03 14:13:35.600,3.382,54700.0,3.395,3.399921,3.382,3.398,3.382,120300,3.381,1662800,3.38,1015200,3.379,904500,3.378,349800,3.377,244000,3.376,176300,3.375,1213700,3.374,100200,3.373,270600,3.383,166000,3.385,447500,3.386,103100,3.387,264300,3.388,402200,3.389,15300,3.39,131500,3.391,18000,3.392,51200,3.393,542900
2020-09-03 14:13:38.160,3.383,3000.0,3.395,3.39992,3.382,3.398,3.382,120300,3.381,1663000,3.38,1019600,3.379,404500,3.378,352800,3.377,244000,3.376,176300,3.375,1276200,3.374,37900,3.373,270600,3.383,163000,3.385,747500,3.386,103100,3.387,202200,3.388,464200,3.389,15300,3.39,131500,3.391,18000,3.392,51200,3.393,542900
2020-09-03 14:13:48.890,3.382,50700.0,3.395,3.399916,3.382,3.398,3.382,272700,3.381,766600,3.38,1089800,3.379,992300,3.378,452000,3.377,144000,3.376,183000,3.375,1586200,3.374,39200,3.373,270600,3.383,181000,3.384,300000,3.385,747500,3.386,212000,3.387,102200,3.388,464200,3.389,15300,3.39,131500,3.391,18000,3.392,51200
2020-09-03 14:13:50.890,3.383,95000.0,3.395,3.3999089999999996,3.381,3.398,3.382,192700,3.381,55000,3.38,1089800,3.379,1049300,3.378,352000,3.377,244000,3.376,183000,3.375,1586200,3.374,39200,3.373,270600,3.383,1173400,3.384,300000,3.385,747500,3.386,119000,3.387,202200,3.388,364200,3.389,15300,3.39,131500,3.391,18000,3.392,51200
2020-09-03 14:13:53.230,3.383,60000.0,3.395,3.3999040000000003,3.381,3.398,3.382,262500,3.381,55000,3.38,1089800,3.379,1139300,3.378,452000,3.377,144000,3.376,183000,3.375,1586200,3.374,39200,3.373,270600,3.383,1123600,3.384,300000,3.385,747500,3.386,212000,3.387,402200,3.388,164200,3.389,15300,3.39,131500,3.391,18000,3.392,51200
2020-09-03 14:13:57.570,3.383,300.0,3.395,3.3999040000000003,3.382,3.398,3.382,262500,3.381,55000,3.38,1089900,3.379,1139300,3.378,452000,3.377,144000,3.376,183000,3.375,1586200,3.374,39200,3.373,270600,3.383,1123300,3.384,310000,3.385,447500,3.386,212000,3.387,102200,3.388,464200,3.389,15300,3.39,131500,3.391,18000,3.392,51200
2020-09-03 14:14:00.080,3.382,3000.0,3.395,3.3999040000000003,3.381,3.398,3.382,263900,3.381,55000,3.38,1169700,3.379,1149300,3.378,452000,3.377,144000,3.376,183000,3.375,1586200,3.374,39200,3.373,270600,3.383,1130800,3.384,310000,3.385,447500,3.386,212000,3.387,102200,3.388,464200,3.389,15300,3.39,131500,3.391,18000,3.392,51200
2020-09-03 14:14:02.120,3.382,32000.0,3.395,3.3999010000000003,3.381,3.398,3.382,246500,3.381,59000,3.38,1169600,3.379,1149400,3.378,352000,3.377,244000,3.376,183000,3.375,1586200,3.374,39200,3.373,270600,3.383,1130800,3.384,315000,3.385,447500,3.386,212000,3.387,502200,3.388,64200,3.389,15300,3.39,131500,3.391,18000,3.392,51200
2020-09-03 14:14:06.620,3.382,249200.0,3.395,3.3998800000000005,3.381,3.398,3.381,59000,3.38,1175600,3.379,1149400,3.378,352000,3.377,244000,3.376,183000,3.375,1586200,3.374,39200,3.373,270600,3.372,250800,3.382,651400,3.383,1130800,3.384,315000,3.385,447500,3.386,212000,3.387,202200,3.388,364200,3.389,15300,3.39,131500,3.391,18000
2020-09-03 14:14:08.500,3.382,600.0,3.395,3.3998800000000005,3.381,3.398,3.381,29000,3.38,1195800,3.379,1151400,3.378,352000,3.377,244000,3.376,183000,3.375,1523900,3.374,101500,3.373,270600,3.372,250800,3.382,650800,3.383,1154300,3.384,315000,3.385,447500,3.386,212000,3.387,564300,3.388,2200,3.389,15300,3.39,132500,3.391,18000
2020-09-03 14:14:11.780,3.381,32700.0,3.395,3.3998779999999997,3.381,3.398,3.38,1163400,3.379,1151400,3.378,352000,3.377,244000,3.376,183000,3.375,1523900,3.374,101500,3.373,270600,3.372,250800,3.371,182400,3.381,47300,3.382,650800,3.383,1154300,3.384,315000,3.385,447500,3.386,212000,3.387,564300,3.388,2200,3.389,15300,3.39,132500
2020-09-03 14:14:14.170,3.382,53500.0,3.395,3.3998730000000004,3.381,3.398,3.38,192100,3.379,681600,3.378,952000,3.377,144000,3.376,283000,3.375,1223900,3.374,339200,3.373,332900,3.372,250800,3.371,182400,3.382,644600,3.383,1154300,3.384,315000,3.385,547500,3.386,674100,3.387,2200,3.388,2200,3.389,15300,3.39,132500,3.391,18000
2020-09-03 14:14:18.410,3.381,400.0,3.395,3.3998730000000004,3.381,3.398,3.38,172100,3.379,588600,3.378,952000,3.377,844000,3.376,183000,3.375,1223900,3.374,39200,3.373,632900,3.372,250800,3.371,182400,3.381,123100,3.382,644300,3.383,1154300,3.384,415000,3.385,547500,3.386,319000,3.387,164300,3.388,2200,3.389,15300,3.39,132500
2020-09-03 14:14:21.170,3.381,8900.0,3.395,3.3998720000000002,3.381,3.398,3.38,194100,3.379,588600,3.378,952000,3.377,838200,3.376,283000,3.375,1238300,3.374,339200,3.373,332900,3.372,250800,3.371,182400,3.381,114200,3.382,644300,3.383,1154300,3.384,408000,3.385,547500,3.386,281100,3.387,302200,3.388,2200,3.389,15300,3.39,132500
2020-09-03 14:14:24.520,3.381,200.0,3.395,3.3998720000000002,3.381,3.398,3.38,194100,3.379,586500,3.378,952000,3.377,838200,3.376,283000,3.375,1238300,3.374,339200,3.373,332900,3.372,250800,3.371,182400,3.381,114000,3.382,644300,3.383,1154300,3.384,408000,3.385,547500,3.386,581100,3.387,2200,3.388,2200,3.389,15300,3.39,132500
2020-09-03 14:14:26.840,3.381,1400.0,3.395,3.3998720000000002,3.381,3.398,3.38,174100,3.379,586500,3.378,952000,3.377,838200,3.376,283000,3.375,1238100,3.374,39200,3.373,332900,3.372,550800,3.371,182400,3.381,112600,3.382,674300,3.383,1154300,3.384,408000,3.385,547500,3.386,581100,3.387,2200,3.388,2200,3.389,15300,3.39,132500
2020-09-03 14:14:29.770,3.381,13300.0,3.395,3.399871,3.381,3.398,3.38,287100,3.379,261500,3.378,1252000,3.377,838200,3.376,285000,3.375,1238100,3.374,39200,3.373,332900,3.372,250800,3.371,182400,3.381,99300,3.382,674300,3.383,1254300,3.384,408000,3.385,847500,3.386,181100,3.387,2200,3.388,2200,3.389,15300,3.39,132500
2020-09-03 14:14:32.780,3.381,80200.0,3.395,3.399863,3.38,3.398,3.38,237300,3.379,775500,3.378,952000,3.377,745200,3.376,285000,3.375,1239100,3.374,339200,3.373,332900,3.372,250800,3.371,182400,3.381,99100,3.382,674300,3.383,1154300,3.384,415000,3.385,547500,3.386,481100,3.387,2200,3.388,2200,3.389,15300,3.39,132500
2020-09-03 14:14:36.300,3.381,12000.0,3.395,3.399862,3.38,3.398,3.38,242900,3.379,775500,3.378,952000,3.377,838200,3.376,285000,3.375,1238200,3.374,39200,3.373,332900,3.372,250800,3.371,182400,3.381,92100,3.382,674300,3.383,1154300,3.384,508000,3.385,547500,3.386,481100,3.387,2200,3.388,2200,3.389,15300,3.39,132500
2020-09-03 14:14:38.230,3.381,6700.0,3.395,3.399862,3.38,3.398,3.38,218900,3.379,775500,3.378,952000,3.377,838200,3.376,285000,3.375,1338200,3.374,39200,3.373,632900,3.372,250800,3.371,181400,3.381,103600,3.382,30000,3.383,1154300,3.384,208000,3.385,547500,3.386,481100,3.387,2200,3.388,2200,3.389,15300,3.39,132500
2020-09-03 14:14:41.790,3.381,3100.0,3.395,3.399861,3.38,3.398,3.38,217000,3.379,748500,3.378,952000,3.377,838200,3.376,285000,3.375,1338200,3.374,39200,3.373,632900,3.372,250800,3.371,181400,3.381,102400,3.382,30000,3.383,1154300,3.384,208000,3.385,547500,3.386,481100,3.387,2200,3.388,2200,3.389,15300,3.39,132500
2020-09-03 14:14:44.010,3.38,220200.0,3.395,3.3998410000000003,3.38,3.398,3.379,451900,3.378,1252000,3.377,838200,3.376,285000,3.375,1138200,3.374,39200,3.373,632900,3.372,250800,3.371,181400,3.37,797500,3.38,679800,3.381,102400,3.382,30000,3.383,1154300,3.384,208000,3.385,547500,3.386,481100,3.387,2200,3.388,2200,3.389,15300
2020-09-03 14:14:46.520,3.38,3700.0,3.395,3.3998410000000003,3.381,3.398,3.379,451900,3.378,1302000,3.377,745200,3.376,278000,3.375,1238200,3.374,39200,3.373,570600,3.372,313100,3.371,181400,3.37,797500,3.38,676100,3.381,1102400,3.382,30000,3.383,1247300,3.384,115000,3.385,709600,3.386,319000,3.387,2200,3.388,2200,3.389,15300
2020-09-03 14:14:51.120,3.38,85300.0,3.395,3.399833,3.38,3.398,3.379,701900,3.378,1266800,3.377,745200,3.376,278000,3.375,1241200,3.374,339200,3.373,270600,3.372,313100,3.371,181400,3.37,797500,3.38,670800,3.381,1102400,3.382,35000,3.383,1247300,3.384,115000,3.385,709600,3.386,319000,3.387,2200,3.388,2200,3.389,15300
2020-09-03 14:14:52.820,3.38,360300.0,3.395,3.3998,3.38,3.398,3.379,485100,3.378,1246500,3.377,745200,3.376,278000,3.375,1241400,3.374,339200,3.373,270600,3.372,313100,3.371,281400,3.37,798000,3.38,342000,3.381,1102400,3.382,35000,3.383,1247300,3.384,15000,3.385,709600,3.386,119000,3.387,302200,3.388,2200,3.389,15300
2020-09-03 14:14:55.350,3.38,343900.0,3.395,3.399769,3.38,3.398,3.38,286900,3.379,855300,3.378,1246500,3.377,145200,3.376,278000,3.375,796800,3.374,339200,3.373,720600,3.372,313100,3.371,281400,3.381,1102400,3.382,35000,3.383,1697300,3.384,15000,3.385,262100,3.386,119000,3.387,302200,3.388,2200,3.389,15300,3.39,136500
2020-09-03 14:14:59.320,3.38,4700.0,3.395,3.399769,3.38,3.398,3.38,262800,3.379,1655300,3.378,1246500,3.377,145200,3.376,185000,3.375,796800,3.374,339200,3.373,782900,3.372,250800,3.371,281400,3.381,1102400,3.382,35000,3.383,1604300,3.384,15000,3.385,200000,3.386,481100,3.387,2200,3.388,2200,3.389,15300,3.39,136500
2020-09-03 14:15:01.260,3.38,200.0,3.395,3.399769,3.38,3.398,3.38,267100,3.379,1315300,3.378,1326700,3.377,838200,3.376,175000,3.375,796800,3.374,39200,3.373,1082900,3.372,250800,3.371,281400,3.381,1102400,3.382,35000,3.383,1604300,3.384,108000,3.385,500000,3.386,181100,3.387,2200,3.388,2200,3.389,15300,3.39,136500
2020-09-03 14:15:03.750,3.38,35600.0,3.395,3.399765,3.381,3.398,3.38,237500,3.379,1515100,3.378,1326700,3.377,238200,3.376,175000,3.375,796800,3.374,339200,3.373,782900,3.372,250800,3.371,281400,3.381,1102400,3.382,35000,3.383,1604300,3.384,108000,3.385,200000,3.386,481100,3.387,2200,3.388,2200,3.389,15300,3.39,136500
2020-09-03 14:15:09.240,3.38,15200.0,3.395,3.399764,3.381,3.398,3.38,50700,3.379,1635300,3.378,1046700,3.377,238200,3.376,188200,3.375,796800,3.374,39200,3.373,782900,3.372,250800,3.371,281400,3.381,1088200,3.382,35000,3.383,1604300,3.384,108000,3.385,200000,3.386,481100,3.387,2200,3.388,2200,3.389,15300,3.39,137500
2020-09-03 14:15:12.190,3.38,114300.0,3.395,3.399754,3.38,3.398,3.38,216700,3.379,1855100,3.378,1021900,3.377,238200,3.376,188200,3.375,804800,3.374,39200,3.373,782900,3.372,250800,3.371,281400,3.381,1058200,3.382,35000,3.383,1604300,3.384,108000,3.385,200000,3.386,481100,3.387,2200,3.388,2200,3.389,15300,3.39,137500
2020-09-03 14:15:14.780,3.381,60100.0,3.395,3.399749,3.38,3.398,3.38,960000,3.379,1545600,3.378,921900,3.377,145200,3.376,488200,3.375,803800,3.374,39200,3.373,782900,3.372,250800,3.371,281400,3.381,998100,3.382,35000,3.383,1604300,3.384,15000,3.385,100000,3.386,81100,3.387,102200,3.388,402200,3.389,15300,3.39,137500
2020-09-03 14:15:18.020,3.381,1013800.0,3.395,3.399662,3.38,3.398,3.381,144200,3.38,966800,3.379,1545900,3.378,921600,3.377,238200,3.376,288200,3.375,1003800,3.374,39200,3.373,782900,3.372,250800,3.382,35000,3.383,1604300,3.384,108000,3.385,300000,3.386,181100,3.387,402200,3.388,102200,3.389,15300,3.39,137500,3.391,18000
2020-09-03 14:15:18.610,3.382,30000.0,3.395,3.39966,3.381,3.398,3.381,144700,3.38,966800,3.379,1545900,3.378,881600,3.377,238200,3.376,588200,3.375,713800,3.374,101500,3.373,720600,3.372,250800,3.382,15000,3.383,1604300,3.384,108000,3.385,300000,3.386,119000,3.387,164300,3.388,402200,3.389,15300,3.39,137500,3.391,18000
2020-09-03 14:15:21.560,3.383,30000.0,3.395,3.399658,3.381,3.398,3.381,1084900,3.38,694100,3.379,925900,3.378,881600,3.377,338200,3.376,488200,3.375,713800,3.374,101500,3.373,720600,3.372,250800,3.383,1589300,3.384,108000,3.385,300000,3.386,19000,3.387,264300,3.388,402200,3.389,15300,3.39,137500,3.391,18000,3.392,51200
2020-09-03 14:15:24.610,3.383,30000.0,3.395,3.399655,3.381,3.398,3.382,40000,3.381,1154900,3.38,729100,3.379,925900,3.378,981700,3.377,538200,3.376,188200,3.375,713800,3.374,101500,3.373,720600,3.383,1559300,3.384,108000,3.385,300000,3.386,19000,3.387,102200,3.388,564200,3.389,15300,3.39,137500,3.391,18000,3.392,51200
2020-09-03 14:15:29.990,3.382,62500.0,3.395,3.39965,3.381,3.398,3.382,937700,3.381,855400,3.38,621500,3.379,978900,3.378,481700,3.377,445200,3.376,188200,3.375,776100,3.374,489200,3.373,270600,3.383,1559300,3.384,15000,3.385,300000,3.386,112000,3.387,2200,3.388,564200,3.389,115300,3.39,137500,3.391,18000,3.392,51200
2020-09-03 14:15:30.560,3.382,110200.0,3.395,3.3996419999999996,3.381,3.398,3.382,931600,3.381,855400,3.38,624500,3.379,978900,3.378,401700,3.377,396700,3.376,188200,3.375,776100,3.374,489200,3.373,270600,3.383,1529300,3.384,15000,3.385,300000,3.386,112000,3.387,102200,3.388,164200,3.389,415300,3.39,137500,3.391,18000,3.392,51200
2020-09-03 14:15:35.080,3.382,215900.0,3.395,3.399625,3.382,3.398,3.382,808900,3.381,856900,3.38,689600,3.379,978900,3.378,401700,3.377,697200,3.376,188200,3.375,776100,3.374,489200,3.373,270600,3.383,1421400,3.384,15000,3.385,300000,3.386,112000,3.387,104000,3.388,164200,3.389,415300,3.39,137500,3.391,18000,3.392,51200
2020-09-03 14:15:39.140,3.383,40100.0,3.395,3.399622,3.382,3.398,3.382,830200,3.381,856900,3.38,689600,3.379,978900,3.378,401700,3.377,697200,3.376,188200,3.375,1231600,3.374,39200,3.373,270600,3.383,941400,3.384,15000,3.385,750000,3.386,112000,3.387,104000,3.388,164200,3.389,415300,3.39,137500,3.391,18000,3.392,51200
2020-09-03 14:15:40.520,3.383,150200.0,3.395,3.399611,3.382,3.398,3.382,825900,3.381,861900,3.38,1689600,3.379,885900,3.378,501700,3.377,597200,3.376,188200,3.375,1231600,3.374,39200,3.373,270600,3.383,791200,3.384,15000,3.385,750000,3.386,19000,3.387,4000,3.388,264200,3.389,415300,3.39,133500,3.391,18000,3.392,51200
2020-09-03 14:15:44.540,3.382,5000.0,3.395,3.39961,3.383,3.398,3.382,50400,3.381,978700,3.38,1272900,3.379,978900,3.378,501700,3.377,297200,3.376,228200,3.375,1231600,3.374,39200,3.373,270600,3.383,791200,3.384,19300,3.385,750000,3.386,112000,3.387,4000,3.388,564200,3.389,15300,3.39,133500,3.391,18000,3.392,51200
2020-09-03 14:15:45.650,3.383,1000.0,3.395,3.39961,3.383,3.398,3.382,90400,3.381,1018700,3.38,1273100,3.379,978900,3.378,401700,3.377,397200,3.376,528200,3.375,1231600,3.374,39200,3.373,270600,3.383,790200,3.384,19300,3.385,750000,3.386,112000,3.387,104000,3.388,464200,3.389,115300,3.39,133500,3.391,18000,3.392,51200
2020-09-03 14:15:50.570,3.382,154100.0,3.395,3.399598,3.382,3.398,3.382,355500,3.381,718700,3.38,1273100,3.379,968900,3.378,501700,3.377,297200,3.376,228200,3.375,1231600,3.374,39200,3.373,270600,3.383,716100,3.384,19300,3.385,750000,3.386,112000,3.387,4000,3.388,264200,3.389,415300,3.39,133500,3.391,18000,3.392,51200
2020-09-03 14:15:52.050,3.383,8000.0,3.395,3.399598,3.382,3.398,3.382,55500,3.381,1018700,3.38,1273100,3.379,968900,3.378,396700,3.377,697200,3.376,228200,3.375,1231600,3.374,39200,3.373,280600,3.383,1708100,3.384,19800,3.385,750000,3.386,112000,3.387,104000,3.388,464200,3.389,115300,3.39,133500,3.391,18000,3.392,51200
2020-09-03 14:15:57.180,3.383,25100.0,3.395,3.399596,3.382,3.398,3.382,31500,3.381,681700,3.38,1573100,3.379,875900,3.378,495500,3.377,297200,3.376,228200,3.375,1241600,3.374,39200,3.373,280600,3.383,1707100,3.384,19800,3.385,750000,3.386,319000,3.387,10500,3.388,564200,3.389,115300,3.39,133500,3.391,18000,3.392,51200
2020-09-03 14:15:58.090,3.383,1600.0,3.395,3.3995949999999997,3.383,3.398,3.382,72100,3.381,721700,3.38,1573100,3.379,968900,3.378,496500,3.377,387000,3.376,528200,3.375,1241600,3.374,39200,3.373,280600,3.383,1705500,3.384,19800,3.385,750000,3.386,412000,3.387,10500,3.388,564200,3.389,115300,3.39,133500,3.391,18000,3.392,51200
2020-09-03 14:16:03.080,3.383,90200.0,3.395,3.3995889999999997,3.383,3.398,3.382,371400,3.381,721700,3.38,1273100,3.379,968900,3.378,498400,3.377,687000,3.376,228200,3.375,1241700,3.374,39200,3.373,280600,3.383,1612900,3.384,19800,3.385,750000,3.386,412000,3.387,10500,3.388,564200,3.389,115300,3.39,133500,3.391,18000,3.392,51200
2020-09-03 14:16:05.540,3.383,56900.0,3.395,3.3995839999999995,3.383,3.398,3.382,1037600,3.381,898400,3.38,1103100,3.379,968900,3.378,798400,3.377,387000,3.376,228200,3.375,1241700,3.374,39200,3.373,280600,3.383,2562800,3.384,19800,3.385,750000,3.386,412000,3.387,10500,3.388,164200,3.389,415300,3.39,134500,3.391,18000,3.392,51200
2020-09-03 14:16:08.280,3.383,2562800.0,3.395,3.399394,3.383,3.398,3.383,1104300,3.382,1224300,3.381,268400,3.38,603200,3.379,1268900,3.378,498400,3.377,387000,3.376,228200,3.375,1302800,3.374,39200,3.384,19800,3.385,750000,3.386,112000,3.387,10500,3.388,164200,3.389,15300,3.39,534500,3.391,18000,3.392,51200,3.393,542900
2020-09-03 14:16:10.760,3.384,827500.0,3.395,3.3993339999999996,3.383,3.398,3.384,30200,3.383,736600,3.382,1215800,3.381,728400,3.38,696200,3.379,956100,3.378,498400,3.377,388000,3.376,290500,3.375,1260500,3.385,750000,3.386,19000,3.387,103500,3.388,102200,3.389,377300,3.39,234500,3.391,118000,3.392,51200,3.393,542900,3.394,138600
2020-09-03 14:16:14.770,3.384,4000.0,3.395,3.3993339999999996,3.384,3.398,3.384,26200,3.383,736600,3.382,1218800,3.381,728400,3.38,697200,3.379,1656100,3.378,398400,3.377,450200,3.376,228200,3.375,1260500,3.385,750000,3.386,19000,3.387,103500,3.388,2200,3.389,415300,3.39,296500,3.391,118000,3.392,51200,3.393,542900,3.394,138600
2020-09-03 14:16:17.500,3.384,3500.0,3.395,3.3993339999999996,3.384,3.398,3.384,27700,3.383,676600,3.382,1218800,3.381,728400,3.38,700200,3.379,1656100,3.378,698400,3.377,900700,3.376,228200,3.375,810500,3.385,298000,3.386,23300,3.387,553500,3.388,2200,3.389,415300,3.39,296500,3.391,118000,3.392,51200,3.393,542900,3.394,138600
2020-09-03 14:16:20.610,3.385,242700.0,3.395,3.399318,3.383,3.398,3.384,24300,3.383,435000,3.382,1214500,3.381,748400,3.38,607200,3.379,1656100,3.378,698400,3.377,900700,3.376,228200,3.375,810500,3.385,58700,3.386,23300,3.387,460500,3.388,2200,3.389,415300,3.39,296500,3.391,118000,3.392,51200,3.393,542900,3.394,138600
2020-09-03 14:16:24.870,3.385,20000.0,3.395,3.399317,3.383,3.398,3.384,54300,3.383,441800,3.382,1184500,3.381,841400,3.38,707200,3.379,1856100,3.378,398400,3.377,900700,3.376,228200,3.375,810500,3.385,38700,3.386,23300,3.387,460500,3.388,95200,3.389,315300,3.39,396500,3.391,118000,3.392,51200,3.393,542900,3.394,138600
2020-09-03 14:16:25.930,3.385,30000.0,3.395,3.399315,3.384,3.398,3.384,94300,3.383,121800,3.382,1184500,3.381,844400,3.38,707200,3.379,1856100,3.378,388400,3.377,900700,3.376,228200,3.375,810500,3.385,328700,3.386,23300,3.387,460500,3.388,95400,3.389,315300,3.39,396500,3.391,118000,3.392,51200,3.393,542900,3.394,138600
2020-09-03 14:16:29.640,3.385,328700.0,3.395,3.3992940000000003,3.384,3.398,3.385,11300,3.384,98500,3.383,181800,3.382,1184500,3.381,344200,3.38,707200,3.379,1856100,3.378,388400,3.377,900700,3.376,228200,3.386,23300,3.387,460500,3.388,95400,3.389,315300,3.39,396500,3.391,118000,3.392,51200,3.393,542900,3.394,138600,3.395,984200
2020-09-03 14:16:30.650,3.384,80000.0,3.395,3.399289,3.384,3.398,3.385,110000,3.384,29800,3.383,101800,3.382,1144500,3.381,127500,3.38,705200,3.379,1856100,3.378,450600,3.377,838500,3.376,228200,3.386,19000,3.387,460500,3.388,95400,3.389,15300,3.39,634500,3.391,180000,3.392,51200,3.393,542900,3.394,138600,3.395,984200
2020-09-03 14:16:34.530,3.385,1500.0,3.395,3.399289,3.383,3.398,3.385,108500,3.384,89800,3.383,434800,3.382,937800,3.381,34500,3.38,605200,3.379,1956100,3.378,450600,3.377,838500,3.376,228200,3.386,919000,3.387,460500,3.388,302600,3.389,508300,3.39,534500,3.391,180000,3.392,51200,3.393,542900,3.394,138600,3.395,984200
2020-09-03 14:16:37.730,3.385,20000.0,3.395,3.399287,3.383,3.398,3.385,88600,3.384,72800,3.383,432600,3.382,937800,3.381,34500,3.38,709600,3.379,1856100,3.378,450600,3.377,838500,3.376,228200,3.386,1219000,3.387,460500,3.388,302600,3.389,408300,3.39,634500,3.391,180000,3.392,51200,3.393,542900,3.394,138600,3.395,984200
2020-09-03 14:16:40.740,3.386,6500.0,3.395,3.399287,3.384,3.398,3.385,105300,3.384,72800,3.383,144900,3.382,1237800,3.381,34500,3.38,709600,3.379,1556100,3.378,450600,3.377,838500,3.376,228200,3.386,1216100,3.387,460500,3.388,302600,3.389,408400,3.39,634500,3.391,180000,3.392,51200,3.393,542900,3.394,138600,3.395,984200
2020-09-03 14:16:45.320,3.385,21300.0,3.395,3.399286,3.383,3.398,3.385,92400,3.384,92800,3.383,402800,3.382,934800,3.381,134500,3.38,609600,3.379,1856100,3.378,450600,3.377,841500,3.376,228200,3.386,1196100,3.387,460500,3.388,310600,3.389,408400,3.39,534500,3.391,280000,3.392,51200,3.393,542900,3.394,138600,3.395,984200
2020-09-03 14:16:47.530,3.386,33100.0,3.395,3.3992839999999998,3.384,3.398,3.385,64300,3.384,92800,3.383,127300,3.382,1141800,3.381,34500,3.38,710100,3.379,1856100,3.378,450600,3.377,841500,3.376,228200,3.386,1191100,3.387,460500,3.388,310600,3.389,315400,3.39,334500,3.391,180000,3.392,51200,3.393,542900,3.394,138600,3.395,984200
2020-09-03 14:16:51.150,3.385,103500.0,3.395,3.3992769999999997,3.384,3.398,3.384,68600,3.383,113800,3.382,1231800,3.381,134500,3.38,610100,3.379,1856100,3.378,450600,3.377,841500,3.376,228200,3.375,810500,3.385,79500,3.386,1181100,3.387,460500,3.388,310600,3.389,108400,3.39,534500,3.391,280000,3.392,51200,3.393,542900,3.394,138600
2020-09-03 14:16:51.850,3.385,60000.0,3.395,3.3992730000000004,3.384,3.398,3.384,68600,3.383,413800,3.382,931800,3.381,34500,3.38,715100,3.379,1856100,3.378,388400,3.377,903700,3.376,228200,3.375,810500,3.385,19500,3.386,1181200,3.387,460500,3.388,310600,3.389,108400,3.39,696500,3.391,118000,3.392,51200,3.393,542900,3.394,138600
2020-09-03 14:16:57.420,3.385,23900.0,3.395,3.3992720000000003,3.384,3.398,3.384,117300,3.383,153800,3.382,1231800,3.381,34500,3.38,715100,3.379,1856100,3.378,388400,3.377,903700,3.376,228200,3.375,810500,3.385,5600,3.386,1212100,3.387,460500,3.388,310600,3.389,408400,3.39,396500,3.391,118000,3.392,51200,3.393,542900,3.394,138600
2020-09-03 14:17:00.430,3.385,4500.0,3.395,3.3992720000000003,3.384,3.398,3.384,52700,3.383,155300,3.382,1231800,3.381,34500,3.38,715100,3.379,1856100,3.378,388400,3.377,903700,3.376,228200,3.375,810500,3.385,1600,3.386,912100,3.387,460500,3.388,310600,3.389,416400,3.39,396500,3.391,118000,3.392,51200,3.393,543100,3.394,138600
2020-09-03 14:17:06.470,3.385,3500.0,3.395,3.3992709999999997,3.384,3.398,3.384,12700,3.383,46400,3.382,622100,3.381,428200,3.38,726300,3.379,656100,3.378,388400,3.377,2103700,3.376,228200,3.375,810500,3.385,1771500,3.386,912500,3.387,460500,3.388,503400,3.389,23400,3.39,395300,3.391,18000,3.392,51200,3.393,543100,3.394,138600
2020-09-03 14:17:12.430,3.384,16900.0,3.395,3.3992699999999996,3.383,3.398,3.383,156400,3.382,921800,3.381,128200,3.38,746300,3.379,656100,3.378,1588400,3.377,903700,3.376,228200,3.375,806200,3.374,39200,3.385,1171500,3.386,912500,3.387,460500,3.388,103400,3.389,423400,3.39,395300,3.391,18000,3.392,51200,3.393,543100,3.394,138600
2020-09-03 14:17:13.430,3.383,63100.0,3.395,3.3992660000000003,3.383,3.398,3.383,94900,3.382,1027400,3.381,629200,3.38,646300,3.379,756100,3.378,1588400,3.377,841500,3.376,290500,3.375,806200,3.374,39200,3.384,500,3.385,1500,3.386,912500,3.387,460500,3.388,103400,3.389,523400,3.39,295300,3.391,18000,3.392,56200,3.393,543100
2020-09-03 14:17:18.230,3.385,5000.0,3.395,3.399265,3.383,3.398,3.383,94900,3.382,1027400,3.381,536400,3.38,739300,3.379,656100,3.378,1688400,3.377,841500,3.376,290500,3.375,806200,3.374,39200,3.384,297000,3.386,912500,3.387,553500,3.388,110400,3.389,485400,3.39,233500,3.391,18000,3.392,56200,3.393,543100,3.394,133600
2020-09-03 14:17:19.410,3.384,230100.0,3.395,3.39925,3.384,3.398,3.383,102700,3.382,1027400,3.381,531400,3.38,746300,3.379,956100,3.378,1288400,3.377,841500,3.376,290500,3.375,806200,3.374,39200,3.384,66900,3.386,912500,3.387,460500,3.388,10400,3.389,485400,3.39,333500,3.391,18000,3.392,56200,3.393,543100,3.394,133600
2020-09-03 14:17:22.340,3.384,50000.0,3.395,3.3992459999999998,3.384,3.398,3.383,102700,3.382,1244100,3.381,531400,3.38,739300,3.379,1056100,3.378,1288400,3.377,841500,3.376,290500,3.375,806200,3.374,39200,3.384,16900,3.386,912400,3.387,553500,3.388,310600,3.389,485400,3.39,233500,3.391,18000,3.392,56200,3.393,543100,3.394,133600
2020-09-03 14:17:25.240,3.384,16900.0,3.395,3.3992449999999996,3.384,3.398,3.384,63100,3.383,398300,3.382,918500,3.381,534400,3.38,739300,3.379,1956100,3.378,388400,3.377,841400,3.376,290500,3.375,806200,3.385,90000,3.386,912400,3.387,553500,3.388,310600,3.389,185400,3.39,583500,3.391,118000,3.392,56200,3.393,543100,3.394,133600
2020-09-03 14:17:30.630,3.384,107300.0,3.395,3.3992379999999995,3.384,3.398,3.383,398300,3.382,918500,3.381,534400,3.38,739300,3.379,1956700,3.378,388400,3.377,903600,3.376,228200,3.375,806200,3.374,39200,3.384,43900,3.385,20000,3.386,912400,3.387,553500,3.388,310600,3.389,123400,3.39,645500,3.391,118000,3.392,56200,3.393,543100
2020-09-03 14:17:32.970,3.383,50000.0,3.395,3.399235,3.383,3.398,3.383,51600,3.382,1223500,3.381,534400,3.38,739300,3.379,1956700,3.378,388400,3.377,841400,3.376,290500,3.375,806200,3.374,39200,3.384,75000,3.385,20000,3.386,912400,3.387,553500,3.388,310600,3.389,185400,3.39,583500,3.391,118000,3.392,56200,3.393,543100
2020-09-03 14:17:35.160,3.384,65300.0,3.395,3.39923,3.384,3.398,3.383,86600,3.382,1249100,3.381,534400,3.38,648300,3.379,656700,3.378,788400,3.377,841400,3.376,290500,3.375,806200,3.374,39200,3.384,9700,3.385,320000,3.386,912400,3.387,460500,3.388,410600,3.389,385400,3.39,283500,3.391,118000,3.392,56200,3.393,543100
2020-09-03 14:17:41.700,3.384,200.0,3.395,3.39923,3.383,3.398,3.383,86900,3.382,1249100,3.381,534400,3.38,754200,3.379,757700,3.378,1588400,3.377,841400,3.376,290500,3.375,806200,3.374,39200,3.384,9500,3.385,968000,3.386,912400,3.387,553500,3.388,310600,3.389,585300,3.39,283500,3.391,18000,3.392,56200,3.393,543100
2020-09-03 14:17:45.950,3.384,71900.0,3.395,3.399225,3.383,3.398,3.384,22200,3.383,24500,3.382,1249100,3.381,534400,3.38,754200,3.379,758700,3.378,1588400,3.377,841400,3.376,290500,3.375,806200,3.385,968000,3.386,912400,3.387,553500,3.388,311100,3.389,585300,3.39,283500,3.391,18000,3.392,56200,3.393,543100,3.394,133600
2020-09-03 14:17:47.150,3.384,100.0,3.395,3.399225,3.384,3.398,3.384,24100,3.383,104500,3.382,1249100,3.381,534400,3.38,759200,3.379,758700,3.378,1588400,3.377,903600,3.376,228200,3.375,806200,3.385,968100,3.386,912400,3.387,553500,3.388,311100,3.389,523300,3.39,345500,3.391,18000,3.392,56200,3.393,543100,3.394,133600
2020-09-03 14:17:50.610,3.384,26100.0,3.395,3.399224,3.384,3.398,3.383,104500,3.382,1249100,3.381,534400,3.38,666200,3.379,758700,3.378,1288400,3.377,903600,3.376,228200,3.375,806200,3.374,39200,3.384,53900,3.385,971300,3.386,912400,3.387,460500,3.388,311100,3.389,523300,3.39,345500,3.391,18000,3.392,56200,3.393,543100
2020-09-03 14:17:52.020,3.384,40000.0,3.395,3.399221,3.384,3.398,3.383,109500,3.382,1249100,3.381,530900,3.38,765900,3.379,758700,3.378,1588400,3.377,841400,3.376,290800,3.375,806200,3.374,39200,3.384,13900,3.385,971300,3.386,912400,3.387,553500,3.388,311100,3.389,585300,3.39,283500,3.391,18000,3.392,56200,3.393,543100
2020-09-03 14:17:57.400,3.385,25400.0,3.395,3.3992190000000004,3.384,3.398,3.383,105600,3.382,1249100,3.381,530900,3.38,765900,3.379,758900,3.378,1588400,3.377,841400,3.376,290800,3.375,806100,3.374,39200,3.385,959800,3.386,912400,3.387,547000,3.388,311100,3.389,585300,3.39,283500,3.391,18000,3.392,56200,3.393,543100,3.394,133600
2020-09-03 14:18:02.960,3.385,6000.0,3.395,3.3992190000000004,3.384,3.398,3.384,4300,3.383,120400,3.382,1249100,3.381,530900,3.38,865900,3.379,661900,3.378,1588400,3.377,903600,3.376,228500,3.375,806100,3.385,970800,3.386,912400,3.387,547000,3.388,311100,3.389,438300,3.39,445500,3.391,18000,3.392,56200,3.393,543100,3.394,133600
2020-09-03 14:18:05.980,3.385,900.0,3.395,3.3992190000000004,3.384,3.398,3.384,4600,3.383,40400,3.382,1249100,3.381,123900,3.38,778800,3.379,661900,3.378,1588400,3.377,903600,3.376,228500,3.375,806100,3.385,969900,3.386,912400,3.387,454000,3.388,404100,3.389,438300,3.39,445500,3.391,18000,3.392,56200,3.393,543100,3.394,133600
2020-09-03 14:18:09.850,3.385,1900.0,3.395,3.3992190000000004,3.384,3.398,3.384,4600,3.383,45400,3.382,1249100,3.381,123900,3.38,778800,3.379,661900,3.378,1588400,3.377,903600,3.376,228500,3.375,806100,3.385,968000,3.386,913400,3.387,454000,3.388,704100,3.389,138300,3.39,445500,3.391,38000,3.392,56200,3.393,543100,3.394,133600
2020-09-03 14:18:10.610,3.384,4600.0,3.395,3.399218,3.384,3.398,3.383,45400,3.382,949100,3.381,423400,3.38,778900,3.379,661900,3.378,1568400,3.377,903600,3.376,228500,3.375,806100,3.374,39200,3.384,75400,3.385,968000,3.386,913400,3.387,454000,3.388,704100,3.389,138300,3.39,446700,3.391,38000,3.392,56200,3.393,543100
2020-09-03 14:18:16.230,3.382,75400.0,3.395,3.3992129999999996,3.384,3.398,3.382,919300,3.381,423400,3.38,680900,3.379,761900,3.378,1568400,3.377,841400,3.376,290800,3.375,806100,3.374,39200,3.373,279500,3.384,1000,3.385,968000,3.386,912600,3.387,454000,3.388,704100,3.389,300300,3.39,284700,3.391,38000,3.392,56200,3.393,543100
2020-09-03 14:18:17.940,3.385,1100.0,3.395,3.3992129999999996,3.384,3.398,3.384,2000,3.382,919300,3.381,425700,3.38,1180900,3.379,661900,3.378,1568400,3.377,941400,3.376,228500,3.375,868400,3.374,39200,3.385,967900,3.386,912600,3.387,554000,3.388,311100,3.389,500300,3.39,284700,3.391,38000,3.392,56200,3.393,543100,3.394,133600
2020-09-03 14:18:24.700,3.384,42000.0,3.395,3.39921,3.384,3.398,3.384,10300,3.383,144200,3.382,1239300,3.381,640100,3.38,1280900,3.379,661900,3.378,1568400,3.377,903600,3.376,228500,3.375,806100,3.385,967800,3.386,912600,3.387,454000,3.388,404100,3.389,438300,3.39,446700,3.391,38000,3.392,56200,3.393,543100,3.394,133600
2020-09-03 14:18:30.640,3.384,15700.0,3.395,3.3992089999999995,3.384,3.398,3.383,184200,3.382,899500,3.381,942100,3.38,1176700,3.379,761900,3.378,1268400,3.377,903600,3.376,228500,3.375,806100,3.374,39200,3.384,114300,3.385,667900,3.386,31600,3.387,454000,3.388,404100,3.389,548300,3.39,350700,3.391,38000,3.392,56200,3.393,543100
2020-09-03 14:18:35.140,3.383,64300.0,3.395,3.399204,3.383,3.398,3.383,172500,3.382,1269500,3.381,549100,3.38,1269700,3.379,761900,3.378,1553400,3.377,841400,3.376,290800,3.375,807100,3.374,39200,3.384,55000,3.385,667900,3.386,31600,3.387,547000,3.388,311100,3.389,610300,3.39,288700,3.391,38000,3.392,56200,3.393,543100
2020-09-03 14:18:39.030,3.384,55000.0,3.395,3.399201,3.383,3.398,3.384,15000,3.383,188000,3.382,969500,3.381,849100,3.38,1269700,3.379,661900,3.378,1653400,3.377,841400,3.376,290800,3.375,807100,3.385,667900,3.386,31600,3.387,547000,3.388,411100,3.389,510300,3.39,288700,3.391,38000,3.392,56200,3.393,543100,3.394,133600
2020-09-03 14:18:45.970,3.384,20200.0,3.395,3.399199,3.383,3.398,3.383,125500,3.382,752900,3.381,549100,3.38,1588800,3.379,761900,3.378,1253400,3.377,1141400,3.376,290800,3.375,809100,3.374,39200,3.384,873700,3.385,667900,3.386,41600,3.387,547000,3.388,611100,3.389,248300,3.39,250700,3.391,38000,3.392,56200,3.393,543100
2020-09-03 14:18:48.850,3.384,10300.0,3.395,3.399199,3.383,3.398,3.383,115500,3.382,757300,3.381,549100,3.38,1495800,3.379,776600,3.378,353400,3.377,1141400,3.376,1190800,3.375,809100,3.374,39200,3.384,1163400,3.385,967900,3.386,41600,3.387,454000,3.388,410900,3.389,310300,3.39,188700,3.391,38000,3.392,56200,3.393,543100
2020-09-03 14:18:50.600,3.383,80000.0,3.395,3.399193,3.383,3.398,3.383,35500,3.382,717400,3.381,549100,3.38,1591400,3.379,776600,3.378,353400,3.377,1141400,3.376,1190800,3.375,809100,3.374,39200,3.384,1163400,3.385,968900,3.386,41600,3.387,547000,3.388,410900,3.389,310300,3.39,188700,3.391,38000,3.392,56200,3.393,543100
2020-09-03 14:18:57.420,3.383,800.0,3.395,3.399193,3.383,3.398,3.383,36700,3.382,757400,3.381,551000,3.38,1602600,3.379,676600,3.378,453400,3.377,2041400,3.376,290800,3.375,809100,3.374,39200,3.384,873400,3.385,968900,3.386,41500,3.387,547000,3.388,510900,3.389,210300,3.39,188700,3.391,38000,3.392,56200,3.393,543100
2020-09-03 14:19:02.630,3.383,14000.0,3.395,3.3991919999999998,3.383,3.398,3.382,56900,3.381,34300,3.38,710600,3.379,976600,3.378,453400,3.377,841400,3.376,1190800,3.375,2309100,3.374,39200,3.373,279500,3.383,879000,3.384,873400,3.385,668900,3.386,441500,3.387,454000,3.388,210900,3.389,110300,3.39,188700,3.391,38000,3.392,56200
2020-09-03 14:19:06.820,3.383,8000.0,3.395,3.3991910000000005,3.383,3.398,3.382,26900,3.381,64300,3.38,803600,3.379,976600,3.378,453400,3.377,841400,3.376,828500,3.375,2671400,3.374,39200,3.373,279500,3.383,871000,3.384,300000,3.385,668900,3.386,441500,3.387,547000,3.388,272900,3.389,48300,3.39,188700,3.391,38000,3.392,56200
2020-09-03 14:19:09.920,3.382,36900.0,3.395,3.3991879999999997,3.383,3.398,3.381,104300,3.38,803600,3.379,976600,3.378,453400,3.377,841400,3.376,828500,3.375,2371400,3.374,39200,3.373,279500,3.372,250800,3.382,263100,3.383,871000,3.384,320000,3.385,666200,3.386,441500,3.387,547000,3.388,272900,3.389,48300,3.39,188700,3.391,38000
2020-09-03 14:19:12.030,3.382,180000.0,3.395,3.399175,3.383,3.398,3.381,165200,3.38,943600,3.379,1476600,3.378,353400,3.377,941400,3.376,1128500,3.375,2309100,3.374,101500,3.373,279500,3.372,250800,3.382,245400,3.383,581000,3.384,320000,3.385,366200,3.386,341500,3.387,809100,3.388,110900,3.389,48300,3.39,188700,3.391,38000
2020-09-03 14:19:14.770,3.381,245400.0,3.395,3.3991559999999996,3.383,3.398,3.381,58900,3.38,943600,3.379,976600,3.378,353400,3.377,941400,3.376,828500,3.375,2609100,3.374,101500,3.373,279500,3.372,250800,3.383,583000,3.384,320000,3.385,366200,3.386,41500,3.387,1109100,3.388,110900,3.389,48300,3.39,188700,3.391,38000,3.392,56200
2020-09-03 14:19:21.430,3.381,10000.0,3.395,3.3991550000000004,3.383,3.398,3.38,734000,3.379,681500,3.378,746400,3.377,841500,3.376,328500,3.375,809100,3.374,1901500,3.373,879500,3.372,250800,3.371,320500,3.381,300000,3.382,590000,3.383,885700,3.384,20000,3.385,766200,3.386,234500,3.387,454000,3.388,72900,3.389,48300,3.39,188700
2020-09-03 14:19:26.880,3.38,715200.0,3.395,3.3990949999999995,3.383,3.398,3.379,711500,3.378,446400,3.377,1141500,3.376,328500,3.375,809100,3.374,39200,3.373,2141800,3.372,850800,3.371,320500,3.37,799600,3.38,184800,3.381,300000,3.382,300000,3.383,900400,3.384,420000,3.385,496200,3.386,296600,3.387,454000,3.388,10900,3.389,48300
2020-09-03 14:19:30.590,3.379,201000.0,3.395,3.399078,3.382,3.398,3.379,766700,3.378,523400,3.377,1641500,3.376,224500,3.375,909100,3.374,1839200,3.373,879500,3.372,313100,3.371,320500,3.37,799600,3.382,300000,3.383,900400,3.384,420000,3.385,1108300,3.386,41500,3.387,4000,3.388,10900,3.389,48300,3.39,188700,3.391,38000
2020-09-03 14:19:37.140,3.38,73500.0,3.395,3.3990720000000003,3.383,3.398,3.379,763700,3.378,763400,3.377,1341500,3.376,317500,3.375,814100,3.374,1639200,3.373,941800,3.372,250800,3.371,320500,3.37,799600,3.38,6500,3.382,300000,3.383,900400,3.384,120000,3.385,1339200,3.386,141500,3.387,66100,3.388,10900,3.389,48300,3.39,187900
2020-09-03 14:19:38.770,3.379,6500.0,3.395,3.3990709999999997,3.383,3.398,3.38,70000,3.379,762200,3.378,763400,3.377,1341500,3.376,317500,3.375,1214100,3.374,1539200,3.373,879500,3.372,313100,3.371,320500,3.382,300000,3.383,900400,3.384,20000,3.385,1501300,3.386,141500,3.387,4000,3.388,10900,3.389,48300,3.39,187900,3.391,38000
2020-09-03 14:19:45.700,3.38,60800.0,3.395,3.3990660000000004,3.382,3.398,3.38,39200,3.379,762700,3.378,767300,3.377,1341500,3.376,224500,3.375,754100,3.374,1939200,3.373,941800,3.372,250800,3.371,320500,3.382,300000,3.383,600400,3.384,120000,3.385,1146200,3.386,141500,3.387,166100,3.388,10900,3.389,48300,3.39,187900,3.391,38000
2020-09-03 14:19:47.430,3.38,5100.0,3.395,3.3990660000000004,3.382,3.398,3.38,34500,3.379,762700,3.378,767300,3.377,1434500,3.376,224500,3.375,1154100,3.374,1539200,3.373,941800,3.372,250800,3.371,320500,3.382,300000,3.383,597400,3.384,20000,3.385,1339200,3.386,141500,3.387,166100,3.388,10900,3.389,48300,3.39,187900,3.391,38000
2020-09-03 14:19:50.640,3.382,4200.0,3.395,3.3990660000000004,3.382,3.398,3.381,30000,3.38,364500,3.379,808500,3.378,767300,3.377,1434500,3.376,224500,3.375,2354100,3.374,639200,3.373,341800,3.372,250800,3.382,295800,3.383,597400,3.384,20000,3.385,1339200,3.386,141500,3.387,166100,3.388,10900,3.389,48300,3.39,187900,3.391,38000
2020-09-03 14:19:54.410,3.38,30000.0,3.395,3.399063,3.382,3.398,3.38,350900,3.379,1808500,3.378,780300,3.377,1442500,3.376,224500,3.375,754100,3.374,701500,3.373,2079500,3.372,250800,3.371,320500,3.382,295800,3.383,597400,3.384,20000,3.385,1239200,3.386,141500,3.387,266100,3.388,10900,3.389,48300,3.39,187900,3.391,38000
2020-09-03 14:19:59.860,3.38,32000.0,3.395,3.39906,3.382,3.398,3.381,4300,3.38,33100,3.379,1257600,3.378,485300,3.377,692500,3.376,224500,3.375,1304100,3.374,639200,3.373,1841800,3.372,245800,3.382,295800,3.383,297400,3.384,1170200,3.385,1039200,3.386,141500,3.387,66100,3.388,10900,3.389,48300,3.39,187900,3.391,38000
2020-09-03 14:20:03.910,3.381,42300.0,3.395,3.399057,3.382,3.398,3.38,34300,3.379,1218600,3.378,485300,3.377,692500,3.376,226100,3.375,1304100,3.374,101500,3.373,2079500,3.372,845800,3.371,320500,3.381,1410200,3.382,595800,3.383,397400,3.384,1170200,3.385,1039200,3.386,41500,3.387,66100,3.388,10900,3.389,48300,3.39,187900
2020-09-03 14:20:10.050,3.379,414400.0,3.395,3.399021,3.38,3.398,3.379,825200,3.378,393000,3.377,485500,3.376,326100,3.375,1504100,3.374,39200,3.373,348800,3.372,845800,3.371,1820500,3.37,800700,3.38,1129400,3.381,546800,3.382,895800,3.383,397400,3.384,213000,3.385,396200,3.386,203600,3.387,4000,3.388,10900,3.389,48300
2020-09-03 14:20:12.770,3.379,835500.0,3.395,3.3989480000000003,3.38,3.398,3.378,423000,3.377,485500,3.376,226100,3.375,1504100,3.374,139200,3.373,286500,3.372,308100,3.371,2121500,3.37,1400700,3.369,87300,3.379,64500,3.38,829400,3.381,546800,3.382,1345800,3.383,847400,3.384,313000,3.385,458300,3.386,41500,3.387,4000,3.388,10900
2020-09-03 14:20:14.840,3.379,60900.0,3.395,3.398943,3.381,3.398,3.378,433300,3.377,555500,3.376,276600,3.375,1204100,3.374,439200,3.373,286500,3.372,245800,3.371,2183800,3.37,1400800,3.369,87300,3.379,1847800,3.38,529400,3.381,546800,3.382,1445800,3.383,569400,3.384,275100,3.385,396200,3.386,41500,3.387,4000,3.388,10900
2020-09-03 14:20:18.740,3.379,33000.0,3.395,3.39894,3.381,3.398,3.378,433300,3.377,532500,3.376,724600,3.375,1298100,3.374,434200,3.373,286500,3.372,245800,3.371,2183800,3.37,1400800,3.369,87300,3.379,1514800,3.38,534400,3.381,546800,3.382,1088800,3.383,569400,3.384,182100,3.385,396200,3.386,41500,3.387,4000,3.388,10900
2020-09-03 14:20:20.620,3.378,433800.0,3.395,3.3989,3.38,3.398,3.377,502500,3.376,274600,3.375,848100,3.374,884200,3.373,736500,3.372,245800,3.371,1283800,3.37,1400800,3.369,687300,3.368,275800,3.378,511000,3.379,270000,3.38,234400,3.381,846800,3.382,488800,3.383,569400,3.384,182100,3.385,396200,3.386,41500,3.387,4000
2020-09-03 14:20:24.630,3.378,412700.0,3.395,3.3988629999999995,3.38,3.398,3.377,532500,3.376,365500,3.375,1648100,3.374,484200,3.373,836500,3.372,245800,3.371,1821500,3.37,1463200,3.369,87300,3.368,275800,3.378,142800,3.38,234400,3.381,590600,3.382,788800,3.383,731500,3.384,20000,3.385,396200,3.386,41500,3.387,4000,3.388,10900
2020-09-03 14:20:25.940,3.378,152800.0,3.395,3.398849,3.38,3.398,3.378,30000,3.377,471000,3.376,367300,3.375,1648100,3.374,484200,3.373,836500,3.372,545800,3.371,1821500,3.37,1463200,3.369,87300,3.379,500,3.38,234400,3.381,590600,3.382,388800,3.383,1031500,3.384,120000,3.385,396200,3.386,41500,3.387,4000,3.388,10900
2020-09-03 14:20:29.770,3.379,500.0,3.395,3.398849,3.38,3.398,3.379,5200,3.378,91800,3.377,471000,3.376,367300,3.375,1555100,3.374,484200,3.373,839500,3.372,545800,3.371,1883800,3.37,1400800,3.38,234400,3.381,590600,3.383,969400,3.384,182100,3.385,396200,3.386,41500,3.387,4000,3.388,10900,3.389,48300,3.39,197900
2020-09-03 14:20:31.700,3.379,100.0,3.395,3.398849,3.38,3.398,3.379,5100,3.378,97800,3.377,436300,3.376,369400,3.375,1558100,3.374,584200,3.373,739500,3.372,608100,3.371,1821500,3.37,1402000,3.38,234400,3.381,590600,3.383,962400,3.384,220000,3.385,458300,3.386,41500,3.387,4000,3.388,10900,3.389,48300,3.39,197900
2020-09-03 14:20:36.750,3.379,2200.0,3.395,3.398849,3.381,3.398,3.379,3500,3.378,97800,3.377,436300,3.376,374400,3.375,1558800,3.374,584200,3.373,739500,3.372,610100,3.371,1821500,3.37,1404000,3.38,234400,3.381,590600,3.383,962400,3.384,220000,3.385,458300,3.386,41500,3.387,4000,3.388,10900,3.389,48300,3.39,197900
2020-09-03 14:20:37.820,3.379,22200.0,3.395,3.398847,3.381,3.398,3.378,1137800,3.377,486300,3.376,379400,3.375,1587800,3.374,584200,3.373,739500,3.372,2110100,3.371,921500,3.37,804000,3.369,87300,3.38,234400,3.381,590600,3.383,962400,3.384,220000,3.385,111300,3.386,41500,3.387,4000,3.388,10900,3.389,48300,3.39,197900
2020-09-03 14:20:40.900,3.379,2000.0,3.395,3.398847,3.38,3.398,3.378,1036800,3.377,485600,3.376,479400,3.375,1587800,3.374,584200,3.373,739500,3.372,1147800,3.371,1283800,3.37,1404000,3.369,87300,3.379,298000,3.38,237400,3.381,590600,3.382,300000,3.383,662400,3.384,220000,3.385,111300,3.386,41500,3.387,4000,3.388,10900
2020-09-03 14:20:43.630,3.378,400.0,3.395,3.398847,3.38,3.398,3.378,1006900,3.377,455600,3.376,386400,3.375,1089300,3.374,584200,3.373,739500,3.372,1147800,3.371,1283800,3.37,1405000,3.369,87300,3.379,598000,3.38,237400,3.381,590600,3.382,400000,3.383,569400,3.384,120000,3.385,49200,3.386,41500,3.387,4000,3.388,10900
2020-09-03 14:20:46.860,3.379,500.0,3.395,3.398847,3.38,3.398,3.378,1011900,3.377,490600,3.376,639000,3.375,1187400,3.374,484200,3.373,839500,3.372,1147800,3.371,1283800,3.37,1405000,3.369,87300,3.379,597500,3.38,238000,3.381,591600,3.382,493000,3.383,669400,3.384,82100,3.385,49200,3.386,41500,3.387,4000,3.388,10900
2020-09-03 14:20:49.790,3.379,200.0,3.395,3.398847,3.38,3.398,3.378,1041900,3.377,525600,3.376,939000,3.375,892400,3.374,584200,3.373,739500,3.372,1447800,3.371,983800,3.37,1406000,3.369,87300,3.379,327300,3.38,238000,3.381,591600,3.382,193000,3.383,869400,3.384,182100,3.385,49200,3.386,41500,3.387,4000,3.388,10900
2020-09-03 14:20:54.600,3.379,1600.0,3.395,3.398847,3.38,3.398,3.378,1043900,3.377,525700,3.376,939000,3.375,892400,3.374,584200,3.373,744500,3.372,1447800,3.371,983800,3.37,1413000,3.369,87300,3.379,29700,3.38,271400,3.381,591600,3.382,93000,3.383,869400,3.384,182100,3.385,49200,3.386,40500,3.387,4000,3.388,10900
2020-09-03 14:20:56.690,3.378,12000.0,3.395,3.398846,3.38,3.398,3.378,1032400,3.377,528800,3.376,949000,3.375,892400,3.374,585200,3.373,744500,3.372,1147800,3.371,1283800,3.37,1403100,3.369,87300,3.379,29700,3.38,271400,3.381,591600,3.382,93000,3.383,869400,3.384,282100,3.385,49200,3.386,40500,3.387,4000,3.388,10900
2020-09-03 14:21:00.500,3.379,24300.0,3.395,3.398843,3.379,3.398,3.378,1114400,3.377,479500,3.376,849000,3.375,892400,3.374,485200,3.373,844500,3.372,2047800,3.371,983800,3.37,803100,3.369,87300,3.379,5400,3.38,271400,3.381,591600,3.382,93000,3.383,669400,3.384,482100,3.385,49200,3.386,40500,3.387,4000,3.388,16900
2020-09-03 14:21:02.760,3.379,18600.0,3.395,3.3988419999999997,3.38,3.398,3.379,900,3.378,1175200,3.377,880500,3.376,557000,3.375,893400,3.374,585200,3.373,744500,3.372,2047800,3.371,983800,3.37,803100,3.38,270200,3.381,591600,3.382,93000,3.383,569400,3.384,582100,3.385,49200,3.386,40500,3.387,4000,3.388,16900,3.389,48300
2020-09-03 14:21:04.290,3.378,4000.0,3.395,3.3988419999999997,3.379,3.398,3.378,1116900,3.377,882500,3.376,559200,3.375,893400,3.374,593200,3.373,1044500,3.372,1810100,3.371,921500,3.37,803100,3.369,87300,3.38,270200,3.381,591600,3.382,93000,3.383,569400,3.384,520000,3.385,112300,3.386,40500,3.387,4000,3.388,16900,3.389,48300
2020-09-03 14:21:08.750,3.379,12000.0,3.395,3.3988410000000004,3.379,3.398,3.379,50200,3.378,1123700,3.377,882500,3.376,569200,3.375,898400,3.374,493200,3.373,844500,3.372,2047800,3.371,983800,3.37,803100,3.38,42000,3.381,344800,3.382,93000,3.383,669400,3.384,420000,3.385,112300,3.386,40500,3.387,4000,3.388,16900,3.389,48300
2020-09-03 14:21:15.420,3.38,22000.0,3.395,3.3988389999999997,3.38,3.398,3.379,578200,3.378,1150500,3.377,897600,3.376,663200,3.375,805400,3.374,596700,3.373,2252500,3.372,910100,3.371,321500,3.37,803100,3.38,37000,3.381,344800,3.383,562400,3.384,220000,3.385,712300,3.386,40500,3.387,4000,3.388,16900,3.389,48300,3.39,197900
2020-09-03 14:21:17.240,3.38,37000.0,3.395,3.398836,3.38,3.398,3.38,53200,3.379,689200,3.378,1550500,3.377,467700,3.376,663200,3.375,905400,3.374,496700,3.373,2252500,3.372,910100,3.371,319300,3.381,344800,3.383,562400,3.384,120000,3.385,912300,3.386,40500,3.387,4000,3.388,16900,3.389,48300,3.39,197900,3.391,38000
2020-09-03 14:21:20.770,3.38,19500.0,3.395,3.3988339999999995,3.38,3.398,3.38,33700,3.379,630000,3.378,1214800,3.377,747700,3.376,765200,3.375,895400,3.374,496700,3.373,2314800,3.372,1147800,3.371,319300,3.381,644800,3.383,562400,3.384,120000,3.385,850200,3.386,102600,3.387,4000,3.388,16900,3.389,48300,3.39,197900,3.391,38000
2020-09-03 14:21:25.000,3.381,88600.0,3.395,3.398827,3.38,3.398,3.38,53400,3.379,630500,3.378,1214800,3.377,647700,3.376,483000,3.375,900900,3.374,2296700,3.373,1427800,3.372,247800,3.371,319300,3.381,556200,3.383,562400,3.384,20000,3.385,850200,3.386,102600,3.387,4000,3.388,16900,3.389,48300,3.39,197900,3.391,38000
2020-09-03 14:21:26.850,3.38,12000.0,3.395,3.398826,3.38,3.398,3.38,73600,3.379,960500,3.378,1214800,3.377,347700,3.376,439500,3.375,800900,3.374,2296700,3.373,1427800,3.372,255800,3.371,319300,3.381,344800,3.383,469400,3.384,20000,3.385,450200,3.386,502600,3.387,4000,3.388,16900,3.389,48300,3.39,197900,3.391,38000
2020-09-03 14:21:28.610,3.381,20000.0,3.395,3.398825,3.379,3.398,3.38,123600,3.379,960500,3.378,1315500,3.377,440700,3.376,339500,3.375,900900,3.374,2302700,3.373,1427800,3.372,253800,3.371,319300,3.381,24800,3.383,469400,3.384,113000,3.385,550200,3.386,402600,3.387,4000,3.388,16900,3.389,48300,3.39,197900,3.391,38000
2020-09-03 14:21:32.830,3.381,49300.0,3.395,3.398821,3.379,3.398,3.381,49900,3.38,300800,3.379,942800,3.378,1626400,3.377,440700,3.376,440600,3.375,2000900,3.374,652700,3.373,1427800,3.372,253800,3.382,450000,3.383,19400,3.384,113000,3.385,350200,3.386,302600,3.387,404000,3.388,16900,3.389,48300,3.39,197900,3.391,38000
2020-09-03 14:21:37.310,3.382,1100.0,3.395,3.398821,3.38,3.398,3.381,821100,3.38,301300,3.379,942800,3.378,1634400,3.377,440700,3.376,440600,3.375,2300900,3.374,715000,3.373,765500,3.372,253800,3.382,449900,3.383,319400,3.384,113000,3.385,350200,3.386,540500,3.387,166100,3.388,16900,3.389,48300,3.39,197900,3.391,38000
2020-09-03 14:21:38.860,3.381,12000.0,3.395,3.3988199999999997,3.38,3.398,3.381,839100,3.38,415600,3.379,943800,3.378,1141400,3.377,540700,3.376,340600,3.375,2600900,3.374,715000,3.373,765500,3.372,253800,3.382,449900,3.383,319400,3.384,113000,3.385,350200,3.386,440500,3.387,266100,3.388,16900,3.389,48300,3.39,197900,3.391,38000
2020-09-03 14:21:41.240,3.381,500.0,3.395,3.3988199999999997,3.38,3.398,3.381,838700,3.38,415600,3.379,947800,3.378,1234400,3.377,347700,3.376,442600,3.375,2600900,3.374,718000,3.373,765500,3.372,253800,3.382,449800,3.383,319400,3.384,320000,3.385,443200,3.386,240500,3.387,466100,3.388,16900,3.389,48300,3.39,197900,3.391,38000
2020-09-03 14:21:44.850,3.381,14000.0,3.395,3.398819,3.38,3.398,3.381,824700,3.38,715700,3.379,647800,3.378,1234400,3.377,345700,3.376,442600,3.375,2600900,3.374,718000,3.373,765500,3.372,253800,3.382,449800,3.383,319400,3.384,320000,3.385,446200,3.386,240500,3.387,466100,3.388,16900,3.389,48300,3.39,197900,3.391,38000
2020-09-03 14:21:50.900,3.381,16100.0,3.395,3.398818,3.38,3.398,3.381,49600,3.38,371700,3.379,1054800,3.378,1234400,3.377,345700,3.376,442600,3.375,2050900,3.374,718000,3.373,1365500,3.372,253800,3.382,445600,3.383,319400,3.384,320000,3.385,446200,3.386,540500,3.387,166100,3.388,16900,3.389,48300,3.39,197900,3.391,38000
2020-09-03 14:21:56.750,3.381,12000.0,3.395,3.3988169999999998,3.38,3.398,3.381,37600,3.38,673300,3.379,654800,3.378,1239300,3.377,345700,3.376,442600,3.375,2650900,3.374,718000,3.373,765500,3.372,253800,3.382,445600,3.383,319400,3.384,320000,3.385,446200,3.386,240500,3.387,466100,3.388,16900,3.389,48300,3.39,197900,3.391,38000
2020-09-03 14:22:02.950,3.381,76300.0,3.395,3.3988110000000002,3.38,3.398,3.38,396400,3.379,1024800,3.378,1244300,3.377,355700,3.376,442600,3.375,2070900,3.374,718000,3.373,1365500,3.372,253800,3.371,327300,3.381,65700,3.382,445600,3.383,319400,3.384,320000,3.385,454000,3.386,540500,3.387,166100,3.388,16900,3.389,48300,3.39,197900
2020-09-03 14:22:06.610,3.381,66400.0,3.395,3.3988059999999995,3.379,3.398,3.381,15600,3.38,637200,3.379,624800,3.378,1744300,3.377,355700,3.376,442600,3.375,2670900,3.374,655700,3.373,827800,3.372,254300,3.382,445600,3.383,319400,3.384,320000,3.385,454000,3.386,302600,3.387,404000,3.388,16900,3.389,48300,3.39,197900,3.391,38000
2020-09-03 14:22:09.960,3.382,93100.0,3.395,3.398799,3.379,3.398,3.381,91800,3.38,637700,3.379,619800,3.378,1651300,3.377,355700,3.376,442600,3.375,2670900,3.374,718000,3.373,765500,3.372,254300,3.382,375500,3.383,319400,3.384,320000,3.385,361000,3.386,240500,3.387,466100,3.388,16900,3.389,48300,3.39,197900,3.391,38000
2020-09-03 14:22:13.030,3.382,109100.0,3.395,3.3987910000000006,3.38,3.398,3.381,487500,3.38,646700,3.379,608900,3.378,1744300,3.377,456100,3.376,342600,3.375,2670900,3.374,718000,3.373,765500,3.372,254300,3.382,295400,3.383,319400,3.384,20000,3.385,454000,3.386,140500,3.387,566100,3.388,16900,3.389,48300,3.39,197900,3.391,38000
2020-09-03 14:22:15.930,3.381,12300.0,3.395,3.39879,3.38,3.398,3.381,406700,3.38,346000,3.379,919900,3.378,1754300,3.377,456100,3.376,342600,3.375,2370900,3.374,718000,3.373,765500,3.372,254300,3.382,295200,3.383,319400,3.384,20000,3.385,454100,3.386,140500,3.387,566100,3.388,16900,3.389,48300,3.39,197900,3.391,38000
2020-09-03 14:22:18.300,3.381,13200.0,3.395,3.398789,3.38,3.398,3.381,397000,3.38,346100,3.379,919900,3.378,1754300,3.377,355800,3.376,442600,3.375,2670900,3.374,718000,3.373,785500,3.372,254300,3.382,292200,3.383,319400,3.384,20000,3.385,454100,3.386,540500,3.387,66100,3.388,16900,3.389,48300,3.39,197900,3.391,38000
2020-09-03 14:22:21.570,3.381,311900.0,3.395,3.398765,3.38,3.398,3.381,44300,3.38,405300,3.379,1019900,3.378,1754500,3.377,361700,3.376,442600,3.375,2370900,3.374,1018000,3.373,785500,3.372,254300,3.382,297200,3.383,319400,3.384,120000,3.385,454100,3.386,540500,3.387,66100,3.388,16900,3.389,48300,3.39,197900,3.391,38000
2020-09-03 14:22:23.830,3.381,44300.0,3.395,3.398761,3.38,3.398,3.38,358000,3.379,979300,3.378,1854500,3.377,361700,3.376,442600,3.375,1770900,3.374,1018000,3.373,1385500,3.372,254300,3.371,333600,3.381,785700,3.382,297200,3.383,319500,3.384,120000,3.385,454100,3.386,540500,3.387,66100,3.388,16900,3.389,48300,3.39,197900
2020-09-03 14:22:27.740,3.381,69000.0,3.395,3.3987559999999997,3.38,3.398,3.38,358000,3.379,739300,3.378,1654500,3.377,361700,3.376,442600,3.375,1770900,3.374,955700,3.373,1447800,3.372,254300,3.371,333600,3.381,728700,3.382,297200,3.383,319500,3.384,120000,3.385,454100,3.386,602600,3.387,4000,3.388,16900,3.389,48300,3.39,197900
2020-09-03 14:22:29.970,3.381,1100.0,3.395,3.3987559999999997,3.38,3.398,3.38,351200,3.379,1040400,3.378,1354500,3.377,366000,3.376,442600,3.375,1770900,3.374,955700,3.373,1447800,3.372,254300,3.371,333600,3.381,727600,3.382,297200,3.383,319500,3.384,120000,3.385,454100,3.386,602600,3.387,4000,3.388,16900,3.389,48300,3.39,197900
2020-09-03 14:22:32.900,3.381,12100.0,3.395,3.3987550000000004,3.38,3.398,3.38,295100,3.379,803200,3.378,1658500,3.377,366000,3.376,442600,3.375,870900,3.374,1405700,3.373,997800,3.372,254300,3.371,333600,3.381,727500,3.382,297200,3.383,419500,3.384,120000,3.385,754100,3.386,202600,3.387,4000,3.388,16900,3.389,48300,3.39,197900
2020-09-03 14:22:34.590,3.38,100000.0,3.395,3.398747,3.38,3.398,3.38,215200,3.379,744000,3.378,1465800,3.377,360400,3.376,442600,3.375,870900,3.374,1105700,3.373,2197800,3.372,254300,3.371,333600,3.381,747500,3.382,297200,3.383,419500,3.384,130100,3.385,661100,3.386,202600,3.387,4000,3.388,16900,3.389,48300,3.39,197900
2020-09-03 14:22:38.910,3.38,164000.0,3.395,3.3987339999999997,3.38,3.398,3.38,51200,3.379,805200,3.378,1565800,3.377,453400,3.376,342600,3.375,970900,3.374,1405700,3.373,1897800,3.372,254300,3.371,333600,3.381,748400,3.382,297200,3.383,419500,3.384,223100,3.385,761100,3.386,102600,3.387,4000,3.388,16900,3.389,48300,3.39,197900
2020-09-03 14:22:42.600,3.381,100.0,3.395,3.3987339999999997,3.38,3.398,3.38,21200,3.379,716000,3.378,1465800,3.377,453400,3.376,342600,3.375,967900,3.374,1405700,3.373,1897800,3.372,254300,3.371,333600,3.381,748300,3.382,297200,3.383,419500,3.384,223100,3.385,761100,3.386,102600,3.387,4000,3.388,16900,3.389,48300,3.39,197900
2020-09-03 14:22:45.100,3.38,62000.0,3.395,3.398729,3.38,3.398,3.38,14400,3.379,805200,3.378,1566800,3.377,453400,3.376,442600,3.375,867900,3.374,1405700,3.373,1897800,3.372,254300,3.371,333600,3.381,32900,3.382,297200,3.383,319500,3.384,223100,3.385,461100,3.386,502600,3.387,4000,3.388,16900,3.389,48300,3.39,197900
2020-09-03 14:22:48.390,3.381,4900.0,3.395,3.3987279999999997,3.38,3.398,3.38,33200,3.379,805200,3.378,1566800,3.377,463400,3.376,342600,3.375,967900,3.374,2305700,3.373,997800,3.372,254300,3.371,333600,3.381,27100,3.382,297200,3.383,319500,3.384,223100,3.385,561100,3.386,402600,3.387,4000,3.388,16900,3.389,48300,3.39,197900
2020-09-03 14:22:50.910,3.38,11900.0,3.395,3.3987269999999996,3.38,3.398,3.38,24300,3.379,746000,3.378,1466800,3.377,370400,3.376,442600,3.375,867900,3.374,2005700,3.373,997800,3.372,254300,3.371,333600,3.381,77100,3.382,297200,3.383,319500,3.384,130100,3.385,745100,3.386,202600,3.387,4000,3.388,16900,3.389,48300,3.39,197900
2020-09-03 14:22:52.570,3.38,20000.0,3.395,3.3987260000000004,3.38,3.398,3.38,4300,3.379,775200,3.378,1566800,3.377,463400,3.376,342600,3.375,969400,3.374,2005700,3.373,1297800,3.372,254300,3.371,333600,3.381,77100,3.382,297200,3.383,319500,3.384,223100,3.385,845100,3.386,102600,3.387,4000,3.388,16900,3.389,48300,3.39,197900
2020-09-03 14:22:56.790,3.38,7000.0,3.395,3.398725,3.38,3.398,3.379,775200,3.378,1566800,3.377,463400,3.376,342600,3.375,969400,3.374,2305700,3.373,997800,3.372,254300,3.371,333600,3.37,813700,3.38,5900,3.381,77100,3.382,297200,3.383,319500,3.384,223100,3.385,845100,3.386,102600,3.387,4000,3.388,16900,3.389,48300
2020-09-03 14:23:00.660,3.38,34400.0,3.395,3.3987220000000002,3.38,3.398,3.379,775200,3.378,1706800,3.377,468500,3.376,342600,3.375,969400,3.374,2305700,3.373,935500,3.372,316600,3.371,333600,3.37,813700,3.38,71500,3.381,424100,3.382,297200,3.383,319500,3.384,223100,3.385,907200,3.386,40500,3.387,4000,3.388,16900,3.389,48300
2020-09-03 14:23:03.410,3.38,83500.0,3.395,3.3987160000000003,3.38,3.398,3.38,24700,3.379,788600,3.378,1706800,3.377,468500,3.376,342600,3.375,974400,3.374,2305700,3.373,935500,3.372,316600,3.371,333600,3.381,424100,3.382,297200,3.383,319500,3.384,223100,3.385,607200,3.386,340500,3.387,4000,3.388,16900,3.389,48300,3.39,197900
2020-09-03 14:23:06.010,3.38,15500.0,3.395,3.398715,3.38,3.398,3.38,26600,3.379,788600,3.378,1706800,3.377,468500,3.376,343600,3.375,974400,3.374,2305700,3.373,997800,3.372,257300,3.371,333600,3.381,424100,3.382,297200,3.383,319500,3.384,223100,3.385,845100,3.386,102600,3.387,4000,3.388,16900,3.389,48300,3.39,197900
2020-09-03 14:23:08.970,3.38,12000.0,3.395,3.398714,3.38,3.398,3.38,14600,3.379,1088600,3.378,1376800,3.377,468500,3.376,343600,3.375,974400,3.374,2006700,3.373,997800,3.372,257300,3.371,333600,3.381,424100,3.382,297200,3.383,319500,3.384,223100,3.385,545100,3.386,402600,3.387,4000,3.388,16900,3.389,48300,3.39,197900
2020-09-03 14:23:11.760,3.381,10000.0,3.395,3.398713,3.379,3.398,3.38,155000,3.379,1099600,3.378,1376800,3.377,468500,3.376,343600,3.375,974400,3.374,2006700,3.373,997800,3.372,257300,3.371,333600,3.381,430100,3.382,297200,3.383,316800,3.384,223100,3.385,545100,3.386,402600,3.387,4000,3.388,16900,3.389,48300,3.39,197900
2020-09-03 14:23:15.420,3.38,22000.0,3.395,3.398711,3.379,3.398,3.38,158400,3.379,1119600,3.378,1376800,3.377,468500,3.376,443600,3.375,1183400,3.374,2006700,3.373,997800,3.372,257300,3.371,333600,3.381,428100,3.382,297200,3.383,316800,3.384,223100,3.385,445100,3.386,502600,3.387,4000,3.388,16900,3.389,48300,3.39,198400
2020-09-03 14:23:16.950,3.381,40000.0,3.395,3.398708,3.379,3.398,3.38,230600,3.379,1119600,3.378,1377800,3.377,375500,3.376,344100,3.375,1283400,3.374,2006700,3.373,997800,3.372,257300,3.371,333600,3.381,388100,3.382,297200,3.383,316800,3.384,130100,3.385,545100,3.386,402600,3.387,4000,3.388,16900,3.389,48300,3.39,198400
2020-09-03 14:23:20.970,3.38,32000.0,3.395,3.398705,3.379,3.398,3.38,238600,3.379,1099600,3.378,1377800,3.377,478900,3.376,444100,3.375,1183500,3.374,2006700,3.373,997800,3.372,257300,3.371,330600,3.381,368100,3.382,297200,3.383,316800,3.384,123100,3.385,445100,3.386,602600,3.387,4000,3.388,16900,3.389,48300,3.39,198400
2020-09-03 14:23:24.320,3.38,23000.0,3.395,3.398704,3.379,3.398,3.38,226600,3.379,1125600,3.378,1377800,3.377,511200,3.376,344100,3.375,1283500,3.374,2006700,3.373,997800,3.372,257300,3.371,330600,3.381,357100,3.382,297200,3.383,316800,3.384,123100,3.385,545100,3.386,502600,3.387,4000,3.388,16900,3.389,48300,3.39,198400
2020-09-03 14:23:27.020,3.38,11900.0,3.395,3.398703,3.38,3.398,3.38,215000,3.379,1125600,3.378,1397800,3.377,511200,3.376,344100,3.375,1283500,3.374,2006700,3.373,997800,3.372,257300,3.371,330600,3.381,359800,3.382,297200,3.383,316800,3.384,123100,3.385,545100,3.386,502600,3.387,4000,3.388,16900,3.389,48300,3.39,198400
2020-09-03 14:23:27.830,3.38,100.0,3.395,3.398703,3.38,3.398,3.38,219600,3.379,1129300,3.378,1397800,3.377,521200,3.376,344100,3.375,983500,3.374,2306700,3.373,997800,3.372,257300,3.371,330600,3.381,359800,3.382,297200,3.383,316800,3.384,123100,3.385,545100,3.386,502600,3.387,4000,3.388,16900,3.389,48300,3.39,198400
2020-09-03 14:23:32.850,3.38,18000.0,3.395,3.3987010000000004,3.38,3.398,3.38,204600,3.379,1129300,3.378,1397800,3.377,428200,3.376,344100,3.375,983500,3.374,2306700,3.373,997800,3.372,257300,3.371,330600,3.381,356800,3.382,297200,3.383,316800,3.384,30100,3.385,545100,3.386,502600,3.387,4000,3.388,16900,3.389,48300,3.39,198400
2020-09-03 14:23:39.090,3.38,23000.0,3.395,3.3986989999999997,3.38,3.398,3.38,146100,3.379,809300,3.378,1698300,3.377,521200,3.376,346000,3.375,983500,3.374,2306700,3.373,1000800,3.372,257300,3.371,330600,3.381,356800,3.382,297200,3.383,316800,3.384,223100,3.385,545100,3.386,402600,3.387,4000,3.388,16900,3.389,48300,3.39,198400
2020-09-03 14:23:42.560,3.38,50400.0,3.395,3.3986949999999996,3.379,3.398,3.38,110100,3.379,809300,3.378,1698300,3.377,537400,3.376,346500,3.375,983500,3.374,2306700,3.373,1000800,3.372,257300,3.371,330600,3.381,349800,3.382,297200,3.383,316800,3.384,223100,3.385,545100,3.386,402600,3.387,4000,3.388,16900,3.389,48300,3.39,198400
2020-09-03 14:23:45.050,3.38,12000.0,3.395,3.3986940000000003,3.379,3.398,3.38,98100,3.379,809300,3.378,1703300,3.377,537400,3.376,346500,3.375,983500,3.374,2306700,3.373,1000800,3.372,257300,3.371,330600,3.381,349800,3.382,297200,3.383,316800,3.384,223100,3.385,545100,3.386,402600,3.387,4000,3.388,16900,3.389,48300,3.39,198400
2020-09-03 14:23:48.190,3.38,35800.0,3.395,3.398692,3.379,3.398,3.38,86800,3.379,1109300,3.378,1403300,3.377,537400,3.376,346500,3.375,983500,3.374,1406700,3.373,1000800,3.372,257300,3.371,330600,3.381,325300,3.382,297200,3.383,316800,3.384,223100,3.385,545100,3.386,402600,3.387,4000,3.388,16900,3.389,48300,3.39,198400
2020-09-03 14:23:51.180,3.381,12100.0,3.395,3.3986910000000004,3.379,3.398,3.38,76300,3.379,1127600,3.378,1403300,3.377,537400,3.376,346500,3.375,980500,3.374,1409600,3.373,1000800,3.372,257300,3.371,330600,3.381,325200,3.382,297200,3.383,316800,3.384,223100,3.385,545100,3.386,412600,3.387,4000,3.388,16900,3.389,48300,3.39,198400
2020-09-03 14:23:53.270,3.381,2000.0,3.395,3.3986910000000004,3.379,3.398,3.38,82200,3.379,827600,3.378,1703300,3.377,537400,3.376,446500,3.375,880500,3.374,1409600,3.373,997800,3.372,257300,3.371,330600,3.381,323200,3.382,297200,3.383,316800,3.384,223100,3.385,445100,3.386,512600,3.387,4000,3.388,16900,3.389,48300,3.39,198400
2020-09-03 14:23:56.920,3.38,11900.0,3.395,3.39869,3.38,3.398,3.38,70300,3.379,627600,3.378,1411300,3.377,537400,3.376,446500,3.375,880500,3.374,1409600,3.373,997300,3.372,257300,3.371,330600,3.381,323200,3.382,297200,3.383,316800,3.384,223100,3.385,445100,3.386,512600,3.387,4000,3.388,16900,3.389,48300,3.39,198400
2020-09-03 14:24:00.540,3.381,250000.0,3.395,3.3986709999999998,3.379,3.398,3.38,74600,3.379,588900,3.378,1311300,3.377,444400,3.376,346500,3.375,1880500,3.374,1109600,3.373,397300,3.372,257300,3.371,330600,3.381,73200,3.382,297200,3.383,316800,3.384,30100,3.385,545100,3.386,412600,3.387,4000,3.388,16900,3.389,48300,3.39,198400
2020-09-03 14:24:03.670,3.381,85200.0,3.395,3.398664,3.379,3.398,3.381,19800,3.38,502600,3.379,258900,3.378,1701400,3.377,521200,3.376,746500,3.375,1480500,3.374,1109600,3.373,397300,3.372,257300,3.382,297200,3.383,316800,3.384,103100,3.385,445100,3.386,312600,3.387,304000,3.388,16900,3.389,48300,3.39,198400,3.391,38000
2020-09-03 14:24:06.580,3.383,615000.0,3.395,3.398622,3.38,3.398,3.383,40200,3.382,65800,3.381,469900,3.38,822800,3.379,464800,3.378,1201400,3.377,1422200,3.376,1046500,3.375,880500,3.374,571900,3.384,103100,3.385,345100,3.386,250500,3.387,66100,3.388,316900,3.389,48300,3.39,198400,3.391,38000,3.392,56200,3.393,543100
2020-09-03 14:24:09.580,3.384,23100.0,3.395,3.3986199999999998,3.38,3.398,3.384,5700,3.383,1317200,3.382,199300,3.381,1206700,3.38,733800,3.379,148600,3.378,2201400,3.377,1029200,3.376,346500,3.375,880500,3.385,345100,3.386,50500,3.387,104000,3.388,216900,3.389,48300,3.39,498400,3.391,38000,3.392,56200,3.393,543100,3.394,133600
2020-09-03 14:24:15.590,3.385,312000.0,3.395,3.398602,3.384,3.398,3.384,73700,3.383,1017200,3.382,199300,3.381,1282700,3.38,520200,3.379,248600,3.378,2101400,3.377,1091900,3.376,346500,3.375,880500,3.385,45100,3.386,50500,3.387,104000,3.388,209900,3.389,148300,3.39,560400,3.391,38000,3.392,56200,3.393,543100,3.394,133600
2020-09-03 14:24:18.670,3.384,18600.0,3.395,3.398601,3.384,3.398,3.384,55100,3.383,1017200,3.382,100000,3.381,1282700,3.38,624200,3.379,168600,3.378,1811400,3.377,1091900,3.376,346500,3.375,880500,3.385,45100,3.386,50500,3.387,104000,3.388,209900,3.389,48300,3.39,660400,3.391,38000,3.392,56200,3.393,543100,3.394,133600
2020-09-03 14:24:21.010,3.384,20300.0,3.395,3.3986,3.384,3.398,3.383,1066400,3.382,131000,3.381,606000,3.38,521400,3.379,268600,3.378,1811400,3.377,1391900,3.376,346500,3.375,880700,3.374,59800,3.385,40800,3.386,1250500,3.387,104000,3.388,209900,3.389,148300,3.39,560400,3.391,38000,3.392,56200,3.393,543100,3.394,133600
2020-09-03 14:24:23.520,3.385,30000.0,3.395,3.3985980000000002,3.384,3.398,3.384,72100,3.383,786400,3.382,511000,3.381,513000,3.38,614400,3.379,268600,3.378,1829700,3.377,1029300,3.376,408800,3.375,880700,3.385,45800,3.386,1250500,3.387,104000,3.388,209900,3.389,148300,3.39,560400,3.391,38000,3.392,56200,3.393,543100,3.394,133600
2020-09-03 14:24:27.040,3.384,16900.0,3.395,3.398597,3.385,3.398,3.384,42000,3.383,1086400,3.382,727700,3.381,513000,3.38,714400,3.379,274600,3.378,1829700,3.377,1091500,3.376,346500,3.375,880700,3.385,40800,3.386,1250500,3.387,4000,3.388,209900,3.389,48300,3.39,660400,3.391,38000,3.392,56200,3.393,543100,3.394,133600
2020-09-03 14:24:28.250,3.385,10000.0,3.395,3.398596,3.384,3.398,3.384,252900,3.383,1086400,3.382,727700,3.381,513000,3.38,614400,3.379,674600,3.378,1829700,3.377,1091500,3.376,346500,3.375,880700,3.385,30800,3.386,350500,3.387,4000,3.388,209900,3.389,148300,3.39,260400,3.391,338000,3.392,56200,3.393,543100,3.394,133600
2020-09-03 14:24:33.070,3.384,12000.0,3.395,3.398595,3.384,3.398,3.384,270900,3.383,1067300,3.382,716800,3.381,513000,3.38,714400,3.379,574600,3.378,1829700,3.377,1091500,3.376,346500,3.375,880700,3.385,30800,3.386,350500,3.387,4000,3.388,209900,3.389,48300,3.39,360400,3.391,338000,3.392,56200,3.393,543100,3.394,133600
2020-09-03 14:24:34.470,3.385,30800.0,3.395,3.398594,3.384,3.398,3.385,359400,3.384,570900,3.383,767300,3.382,1136800,3.381,13000,3.38,521400,3.379,974600,3.378,1829700,3.377,491500,3.376,346500,3.386,50500,3.387,904000,3.388,116900,3.389,248300,3.39,260400,3.391,338000,3.392,56200,3.393,543100,3.394,133600,3.395,984900
2020-09-03 14:24:39.120,3.385,29000.0,3.395,3.398592,3.384,3.398,3.385,794200,3.384,386100,3.383,1164100,3.382,1109800,3.381,13100,3.38,1521400,3.379,874600,3.378,1291900,3.377,429300,3.376,346500,3.386,50500,3.387,904000,3.388,16900,3.389,241300,3.39,406400,3.391,100000,3.392,356200,3.393,543100,3.394,133600,3.395,984900
2020-09-03 14:24:41.790,3.385,7000.0,3.395,3.398592,3.385,3.398,3.385,487200,3.384,686100,3.383,1164100,3.382,1109800,3.381,13100,3.38,1521400,3.379,874900,3.378,1291900,3.377,429300,3.376,346500,3.386,50500,3.387,904000,3.388,16900,3.389,241300,3.39,406400,3.391,400000,3.392,56200,3.393,543100,3.394,133600,3.395,984900
2020-09-03 14:24:45.330,3.386,14900.0,3.395,3.398591,3.385,3.398,3.385,365300,3.384,666100,3.383,1164100,3.382,1109800,3.381,13100,3.38,1221400,3.379,1172900,3.378,1291900,3.377,429300,3.376,346500,3.386,47500,3.387,904000,3.388,16900,3.389,241300,3.39,406400,3.391,400000,3.392,56200,3.393,543100,3.394,133600,3.395,984900
2020-09-03 14:24:47.050,3.385,100.0,3.395,3.398591,3.385,3.398,3.385,297200,3.384,366100,3.383,1464100,3.382,609800,3.381,113100,3.38,521400,3.379,1172900,3.378,1891900,3.377,429300,3.376,346600,3.386,1247500,3.387,904000,3.388,16900,3.389,241300,3.39,506400,3.391,200000,3.392,56200,3.393,543100,3.394,133600,3.395,984900
2020-09-03 14:24:51.110,3.385,24900.0,3.395,3.398589,3.385,3.398,3.385,345200,3.384,251100,3.383,1016400,3.382,616800,3.381,18100,3.38,614600,3.379,872900,3.378,2191900,3.377,430100,3.376,346600,3.386,1234600,3.387,1004000,3.388,16900,3.389,148300,3.39,606400,3.391,100000,3.392,64200,3.393,543100,3.394,133600,3.395,984900
2020-09-03 14:24:52.680,3.385,345200.0,3.395,3.398569,3.385,3.398,3.384,171100,3.383,627400,3.382,978800,3.381,108100,3.38,614600,3.379,272900,3.378,2191900,3.377,1030100,3.376,346600,3.375,881700,3.385,1474300,3.386,1534600,3.387,1004000,3.388,16900,3.389,241300,3.39,606400,3.391,100000,3.392,64200,3.393,543100,3.394,133600
2020-09-03 14:25:00.560,3.385,558000.0,3.395,3.398535,3.385,3.398,3.384,84400,3.383,747400,3.382,609800,3.381,9100,3.38,615600,3.379,874400,3.378,2129700,3.377,492300,3.376,345600,3.375,880700,3.385,38000,3.386,1244600,3.387,904000,3.388,117000,3.389,241300,3.39,368400,3.391,328000,3.392,64200,3.393,543100,3.394,133600
2020-09-03 14:25:03.000,3.384,11900.0,3.395,3.3985339999999997,3.385,3.398,3.384,103400,3.383,1086400,3.382,709800,3.381,18100,3.38,615600,3.379,874400,3.378,1829700,3.377,492300,3.376,345600,3.375,880700,3.385,38000,3.386,344600,3.387,904000,3.388,117000,3.389,241300,3.39,668400,3.391,28000,3.392,64200,3.393,543100,3.394,133600
2020-09-03 14:25:06.110,3.385,38000.0,3.395,3.398532,3.384,3.398,3.385,289600,3.384,103500,3.383,1086400,3.382,616800,3.381,111100,3.38,515600,3.379,1274400,3.378,1829700,3.377,492300,3.376,345600,3.386,344600,3.387,904000,3.388,210000,3.389,248300,3.39,568400,3.391,28000,3.392,64200,3.393,543100,3.394,133600,3.395,984900
2020-09-03 14:25:10.000,3.385,28400.0,3.395,3.3985300000000005,3.384,3.398,3.385,262200,3.384,103500,3.383,789400,3.382,916800,3.381,111100,3.38,615600,3.379,1224400,3.378,1891900,3.377,430100,3.376,345600,3.386,44600,3.387,904000,3.388,210000,3.389,448300,3.39,306400,3.391,90000,3.392,64200,3.393,543100,3.394,133600,3.395,984900
2020-09-03 14:25:16.040,3.385,8600.0,3.395,3.3985300000000005,3.385,3.398,3.384,73500,3.383,489400,3.382,916800,3.381,111100,3.38,618600,3.379,1224400,3.378,1891900,3.377,430100,3.376,345600,3.375,880700,3.385,3400,3.386,347600,3.387,4100,3.388,510000,3.389,448300,3.39,306400,3.391,90000,3.392,64200,3.393,543100,3.394,133600
2020-09-03 14:25:19.700,3.386,5000.0,3.395,3.398529,3.385,3.398,3.384,103500,3.383,819400,3.382,616800,3.381,20100,3.38,618600,3.379,1674400,3.378,1829700,3.377,492300,3.376,345600,3.375,880700,3.386,68000,3.387,5100,3.388,867000,3.389,448300,3.39,373400,3.391,28000,3.392,64200,3.393,543100,3.394,133600,3.395,984900
2020-09-03 14:25:22.450,3.386,13900.0,3.395,3.398529,3.385,3.398,3.385,502800,3.384,133500,3.383,789400,3.382,616800,3.381,213100,3.38,532400,3.379,1674400,3.378,1829700,3.377,492300,3.376,345600,3.386,66000,3.387,5100,3.388,867000,3.389,241300,3.39,512600,3.391,190000,3.392,64200,3.393,543100,3.394,133600,3.395,984900
2020-09-03 14:25:27.050,3.385,12000.0,3.395,3.3985279999999998,3.384,3.398,3.385,490800,3.384,133500,3.383,789400,3.382,616800,3.381,213100,3.38,550400,3.379,1674400,3.378,1891900,3.377,430100,3.376,345600,3.386,66000,3.387,1505100,3.388,867000,3.389,241300,3.39,512600,3.391,190000,3.392,64200,3.393,543100,3.394,133600,3.395,984900
2020-09-03 14:25:29.340,3.386,1000.0,3.395,3.3985279999999998,3.385,3.398,3.385,490800,3.384,133500,3.383,789400,3.382,616800,3.381,113100,3.38,950400,3.379,1374400,3.378,1891900,3.377,430100,3.376,345600,3.386,65000,3.387,1505100,3.388,867000,3.389,241300,3.39,612600,3.391,98000,3.392,64200,3.393,543100,3.394,133600,3.395,984900
2020-09-03 14:25:31.740,3.386,14200.0,3.395,3.3985269999999996,3.385,3.398,3.385,490800,3.384,133500,3.383,789400,3.382,616800,3.381,120100,3.38,550400,3.379,1674400,3.378,1891900,3.377,430100,3.376,345600,3.386,50800,3.387,1505100,3.388,867000,3.389,148300,3.39,512600,3.391,198000,3.392,64200,3.393,543100,3.394,133600,3.395,984900
2020-09-03 14:25:33.080,3.385,11900.0,3.395,3.3985260000000004,3.385,3.398,3.385,478900,3.384,153500,3.383,789400,3.382,709800,3.381,120100,3.38,850400,3.379,1374400,3.378,1891900,3.377,429100,3.376,345600,3.386,50800,3.387,904100,3.388,567000,3.389,241300,3.39,512600,3.391,198000,3.392,64200,3.393,543100,3.394,133600,3.395,984900
2020-09-03 14:25:38.000,3.386,22500.0,3.395,3.398525,3.385,3.398,3.385,558900,3.384,155500,3.383,489400,3.382,709800,3.381,20100,3.38,950900,3.379,1374400,3.378,1892900,3.377,429100,3.376,345600,3.386,28300,3.387,604100,3.388,567000,3.389,241300,3.39,612600,3.391,98000,3.392,64200,3.393,543100,3.394,133600,3.395,984900
2020-09-03 14:25:40.960,3.387,55300.0,3.395,3.3985220000000003,3.385,3.398,3.386,11700,3.385,546900,3.384,164500,3.383,489400,3.382,709800,3.381,120100,3.38,851900,3.379,1374400,3.378,1872900,3.377,419100,3.387,589100,3.388,567000,3.389,241300,3.39,512600,3.391,198000,3.392,64200,3.393,546200,3.394,133600,3.395,984900,3.396,946200
2020-09-03 14:25:43.400,3.386,15700.0,3.395,3.398521,3.384,3.398,3.385,553900,3.384,164500,3.383,372200,3.382,293100,3.381,20100,3.38,851900,3.379,1436600,3.378,1810700,3.377,419100,3.376,345600,3.386,16300,3.387,589100,3.388,567000,3.389,241300,3.39,512600,3.391,36000,3.392,226200,3.393,546200,3.394,133600,3.395,984900
2020-09-03 14:25:46.520,3.387,292300.0,3.395,3.398507,3.384,3.398,3.386,500,3.385,547900,3.384,164500,3.383,372200,3.382,100100,3.381,120100,3.38,551900,3.379,1374400,3.378,1872900,3.377,419100,3.387,325100,3.388,567000,3.389,148300,3.39,512600,3.391,198000,3.392,64200,3.393,546200,3.394,133600,3.395,984900,3.396,946200
2020-09-03 14:25:50.800,3.386,600.0,3.395,3.398507,3.385,3.398,3.386,6300,3.385,547900,3.384,164500,3.383,465200,3.382,200100,3.381,20100,3.38,598400,3.379,1736600,3.378,1809700,3.377,419100,3.387,625100,3.388,567000,3.389,148300,3.39,605600,3.391,36000,3.392,226200,3.393,546200,3.394,133600,3.395,984900,3.396,946200
2020-09-03 14:25:51.330,3.385,12400.0,3.395,3.398506,3.385,3.398,3.385,241800,3.384,164500,3.383,465200,3.382,100100,3.381,120100,3.38,598400,3.379,1736600,3.378,1809700,3.377,419100,3.376,345600,3.386,1190000,3.387,1825100,3.388,567000,3.389,148300,3.39,605600,3.391,136000,3.392,126200,3.393,546200,3.394,133600,3.395,984900
2020-09-03 14:25:55.830,3.386,5300.0,3.395,3.398506,3.385,3.398,3.385,281800,3.384,164500,3.383,465200,3.382,400100,3.381,20100,3.38,998400,3.379,1374400,3.378,1871900,3.377,419100,3.376,345600,3.386,600000,3.387,2125100,3.388,467000,3.389,148300,3.39,705600,3.391,98000,3.392,64200,3.393,546200,3.394,133600,3.395,984900
2020-09-03 14:25:59.730,3.386,22000.0,3.395,3.398505,3.385,3.398,3.386,166800,3.385,341800,3.384,434500,3.383,166800,3.382,400100,3.381,120100,3.38,1498400,3.379,1374400,3.378,1271900,3.377,419100,3.387,1525100,3.388,467000,3.389,148300,3.39,404400,3.391,498000,3.392,64200,3.393,546200,3.394,133600,3.395,984900,3.396,946200
2020-09-03 14:26:03.030,3.387,1700.0,3.395,3.398505,3.385,3.398,3.386,174100,3.385,351800,3.384,434500,3.383,166800,3.382,400100,3.381,120100,3.38,1498400,3.379,1436600,3.378,1209700,3.377,419100,3.387,623400,3.388,467000,3.389,148300,3.39,404400,3.391,436000,3.392,126200,3.393,546200,3.394,133600,3.395,984900,3.396,946200
2020-09-03 14:26:03.070,3.386,12000.0,3.395,3.398504,3.385,3.398,3.386,163400,3.385,651800,3.384,134500,3.383,166800,3.382,500100,3.381,20100,3.38,968400,3.379,1436600,3.378,1209700,3.377,419100,3.387,623400,3.388,467000,3.389,198300,3.39,404400,3.391,36000,3.392,526200,3.393,546200,3.394,133600,3.395,984900,3.396,946200
2020-09-03 14:26:06.970,3.386,163400.0,3.395,3.3984949999999996,3.385,3.398,3.385,211800,3.384,114500,3.383,466800,3.382,400100,3.381,120100,3.38,668400,3.379,1436600,3.378,2109700,3.377,419100,3.376,345600,3.386,2404600,3.387,623400,3.388,567000,3.389,198300,3.39,304400,3.391,436000,3.392,126200,3.393,546200,3.394,133600,3.395,984900
2020-09-03 14:26:09.280,3.386,87200.0,3.395,3.3984910000000004,3.385,3.398,3.385,23000,3.384,84500,3.383,397800,3.382,369100,3.381,220100,3.38,669400,3.379,774400,3.378,2171900,3.377,419100,3.376,345600,3.386,3176200,3.387,623400,3.388,567000,3.389,198300,3.39,604400,3.391,198000,3.392,64200,3.393,547200,3.394,133600,3.395,984900
2020-09-03 14:26:12.120,3.385,23000.0,3.395,3.3984900000000002,3.384,3.398,3.384,12000,3.383,304800,3.382,369100,3.381,220100,3.38,749200,3.379,774400,3.378,2171900,3.377,1019100,3.376,345600,3.375,883700,3.385,2977100,3.386,2276200,3.387,723400,3.388,567000,3.389,98300,3.39,511400,3.391,198000,3.392,64200,3.393,547200,3.394,133600
2020-09-03 14:26:17.490,3.385,62900.0,3.395,3.398486,3.384,3.398,3.384,12000,3.383,444800,3.382,369100,3.381,213100,3.38,859200,3.379,774400,3.378,2109700,3.377,1087300,3.376,345600,3.375,883700,3.385,1728300,3.386,876200,3.387,723400,3.388,660100,3.389,99500,3.39,674400,3.391,36000,3.392,64200,3.393,547200,3.394,133600
2020-09-03 14:26:18.530,3.384,21000.0,3.395,3.398485,3.384,3.398,3.384,351000,3.383,434800,3.382,869100,3.381,213100,3.38,859200,3.379,1074400,3.378,1809700,3.377,1087300,3.376,345600,3.375,883700,3.385,614200,3.386,351400,3.387,323400,3.388,660100,3.389,199500,3.39,674400,3.391,36000,3.392,64200,3.393,547200,3.394,133600
2020-09-03 14:26:23.860,3.385,652000.0,3.395,3.398448,3.384,3.398,3.384,659000,3.383,134800,3.382,1400100,3.381,713100,3.38,753200,3.379,1174400,3.378,1209700,3.377,487300,3.376,345600,3.375,883700,3.385,21200,3.386,51400,3.388,660100,3.389,299500,3.39,274400,3.391,336000,3.392,64200,3.393,547200,3.394,133600,3.395,984900
2020-09-03 14:26:27.180,3.384,11900.0,3.395,3.398447,3.385,3.398,3.384,716100,3.383,234800,3.382,1400100,3.381,713100,3.38,853200,3.379,1074400,3.378,1209900,3.377,487300,3.376,345600,3.375,883700,3.385,21200,3.386,51400,3.388,660100,3.389,199500,3.39,374400,3.391,336200,3.392,64200,3.393,547200,3.394,133600,3.395,985300
2020-09-03 14:26:30.460,3.385,4100.0,3.395,3.398447,3.385,3.398,3.384,746400,3.383,234800,3.382,1400100,3.381,713100,3.38,756200,3.379,1174400,3.378,1209900,3.377,487300,3.376,354300,3.375,883700,3.385,17100,3.386,51400,3.388,660100,3.389,299500,3.39,277400,3.391,336200,3.392,64200,3.393,547200,3.394,133600,3.395,985300
2020-09-03 14:26:33.190,3.384,12400.0,3.395,3.398446,3.385,3.398,3.384,626100,3.383,264800,3.382,1400100,3.381,713100,3.38,856200,3.379,774400,3.378,1209900,3.377,487300,3.376,354300,3.375,883700,3.385,17100,3.386,374800,3.387,300000,3.388,660100,3.389,199600,3.39,377400,3.391,336200,3.392,64200,3.393,547200,3.394,133600
2020-09-03 14:26:39.230,3.384,12000.0,3.395,3.3984449999999997,3.384,3.398,3.384,278900,3.383,534800,3.382,1000200,3.381,713100,3.38,742400,3.379,1174400,3.378,1109900,3.377,487300,3.376,354300,3.375,883700,3.385,17100,3.386,374700,3.387,1200000,3.388,668100,3.389,300600,3.39,277400,3.391,336200,3.392,64200,3.393,547200,3.394,133600
2020-09-03 14:26:46.740,3.385,16900.0,3.395,3.398444,3.384,3.398,3.384,334900,3.383,504800,3.382,1500200,3.381,713100,3.38,742400,3.379,1174400,3.378,1109900,3.377,487300,3.376,354300,3.375,884700,3.385,14200,3.386,374700,3.387,1208000,3.388,668100,3.389,300600,3.39,577400,3.391,36200,3.392,64200,3.393,547200,3.394,133600
2020-09-03 14:26:50.180,3.384,1900.0,3.395,3.398444,3.384,3.398,3.384,333000,3.383,504800,3.382,1500200,3.381,713100,3.38,842400,3.379,1074400,3.378,1109900,3.377,487300,3.376,354300,3.375,884700,3.385,14200,3.386,434700,3.387,308000,3.388,668100,3.389,200600,3.39,677400,3.391,36200,3.392,64200,3.393,547200,3.394,133600
2020-09-03 14:26:51.420,3.384,13800.0,3.395,3.398443,3.384,3.398,3.384,330500,3.383,504800,3.382,1500200,3.381,714900,3.38,742500,3.379,1174400,3.378,1109900,3.377,487300,3.376,354300,3.375,884700,3.385,34200,3.386,434700,3.387,308000,3.388,668100,3.389,300600,3.39,577400,3.391,36200,3.392,64200,3.393,547200,3.394,133600
2020-09-03 14:26:58.170,3.384,12000.0,3.395,3.3984419999999997,3.385,3.398,3.384,318700,3.383,504900,3.382,1500200,3.381,621900,3.38,745600,3.379,1174400,3.378,1109900,3.377,487300,3.376,354300,3.375,884700,3.385,64200,3.386,452700,3.387,308000,3.388,575100,3.389,300600,3.39,277400,3.391,336200,3.392,64200,3.393,547200,3.394,133600
2020-09-03 14:27:00.430,3.385,6600.0,3.395,3.3984419999999997,3.384,3.398,3.384,298100,3.383,534900,3.382,1500200,3.381,714900,3.38,745600,3.379,1174400,3.378,1109900,3.377,487300,3.376,354300,3.375,884700,3.385,57600,3.386,452700,3.387,308000,3.388,668100,3.389,300600,3.39,298100,3.391,336200,3.392,64200,3.393,547200,3.394,133600
2020-09-03 14:27:03.740,3.384,195300.0,3.395,3.3984300000000003,3.384,3.398,3.384,3700,3.383,165900,3.382,600200,3.381,783900,3.38,946800,3.379,774400,3.378,1103100,3.377,487300,3.376,354300,3.375,884700,3.385,57300,3.386,452700,3.387,8000,3.388,668100,3.389,200600,3.39,695100,3.391,36200,3.392,64200,3.393,547200,3.394,133600
2020-09-03 14:27:06.910,3.384,8100.0,3.395,3.3984300000000003,3.384,3.398,3.383,465900,3.382,369200,3.381,814900,3.38,1346800,3.379,874400,3.378,1403100,3.377,487300,3.376,354300,3.375,884700,3.374,78300,3.384,303800,3.385,57300,3.386,452700,3.387,8000,3.388,218100,3.389,300600,3.39,595100,3.391,36200,3.392,64200,3.393,547200
2020-09-03 14:27:10.240,3.383,12000.0,3.395,3.398429,3.384,3.398,3.383,453900,3.382,499200,3.381,814900,3.38,1354200,3.379,874400,3.378,1403100,3.377,425100,3.376,416600,3.375,884700,3.374,78300,3.384,3800,3.385,382500,3.386,552700,3.387,8000,3.388,218100,3.389,562600,3.39,233100,3.391,36200,3.392,64200,3.393,547200
2020-09-03 14:27:12.210,3.383,500.0,3.395,3.398429,3.384,3.398,3.383,453800,3.382,499200,3.381,721900,3.38,1447200,3.379,324400,3.378,1953100,3.377,875100,3.376,416600,3.375,884700,3.374,78300,3.384,3400,3.385,382500,3.386,552700,3.387,101000,3.388,225100,3.389,462600,3.39,233100,3.391,36200,3.392,64200,3.393,547200
2020-09-03 14:27:15.440,3.384,4400.0,3.395,3.398429,3.383,3.398,3.384,8600,3.383,452800,3.382,499200,3.381,1221900,3.38,1447200,3.379,324400,3.378,1953100,3.377,875100,3.376,417600,3.375,884700,3.385,832500,3.386,452700,3.387,201000,3.388,225100,3.389,162600,3.39,533100,3.391,36200,3.392,64200,3.393,547200,3.394,133600
2020-09-03 14:27:16.250,3.383,12000.0,3.395,3.398428,3.383,3.398,3.384,80000,3.383,419400,3.382,1315900,3.381,1221900,3.38,847200,3.379,664400,3.378,1553100,3.377,937300,3.376,355300,3.375,884700,3.385,532300,3.386,452700,3.387,101000,3.388,125100,3.389,300600,3.39,595100,3.391,36200,3.392,64200,3.393,547200,3.394,133600
2020-09-03 14:27:21.280,3.385,40600.0,3.395,3.398425,3.383,3.398,3.384,429400,3.383,149900,3.382,1646900,3.381,621900,3.38,847200,3.379,564400,3.378,1653100,3.377,937300,3.376,355300,3.375,884700,3.385,45300,3.386,452700,3.387,101000,3.388,225100,3.389,200600,3.39,295100,3.391,336200,3.392,64200,3.393,547200,3.394,133600
2020-09-03 14:27:23.870,3.385,58300.0,3.395,3.398422,3.383,3.398,3.385,44700,3.384,515400,3.383,1036600,3.382,1616900,3.381,114900,3.38,1154200,3.379,264400,3.378,1553100,3.377,937300,3.376,355300,3.386,152700,3.387,8000,3.388,118100,3.389,200600,3.39,495100,3.391,36200,3.392,364200,3.393,547200,3.394,133600,3.395,985300
2020-09-03 14:27:27.120,3.385,384700.0,3.395,3.3984,3.383,3.398,3.384,215400,3.383,1036600,3.382,1626900,3.381,114900,3.38,1154200,3.379,264400,3.378,1615300,3.377,875100,3.376,355300,3.375,884700,3.385,65300,3.386,152700,3.387,8000,3.388,118100,3.389,200600,3.39,433100,3.391,98200,3.392,364200,3.393,547200,3.394,133600
2020-09-03 14:27:29.170,3.385,51900.0,3.395,3.398397,3.384,3.398,3.384,517700,3.383,1036600,3.382,1626900,3.381,114900,3.38,1154200,3.379,264400,3.378,1103100,3.377,487300,3.376,355300,3.375,884700,3.386,152700,3.387,8000,3.388,118100,3.389,200600,3.39,507100,3.391,336200,3.392,64200,3.393,547200,3.394,133600,3.395,985300
2020-09-03 14:27:34.280,3.385,12000.0,3.395,3.398397,3.384,3.398,3.385,49500,3.384,222700,3.383,1435900,3.382,1626900,3.381,114900,3.38,1154200,3.379,274400,3.378,1103100,3.377,487300,3.376,355300,3.386,152700,3.387,8000,3.388,118100,3.389,200600,3.39,445100,3.391,398200,3.392,64200,3.393,547200,3.394,133600,3.395,985300
2020-09-03 14:27:34.670,3.385,100.0,3.395,3.398397,3.384,3.398,3.385,49400,3.384,224700,3.383,1435900,3.382,1626900,3.381,21900,3.38,1154200,3.379,274400,3.378,1165300,3.377,425100,3.376,355300,3.386,208700,3.387,1208000,3.388,25100,3.389,200600,3.39,745100,3.391,98200,3.392,64200,3.393,547200,3.394,133600,3.395,990300
2020-09-03 14:27:39.460,3.386,600.0,3.395,3.398397,3.384,3.398,3.385,2500,3.384,234700,3.383,1439200,3.382,1719900,3.381,21900,3.38,859200,3.379,574400,3.378,1165300,3.377,425100,3.376,355300,3.386,209700,3.387,1508000,3.388,25100,3.389,293600,3.39,745100,3.391,98200,3.392,64200,3.393,547200,3.394,133600,3.395,990300
2020-09-03 14:27:41.760,3.385,315300.0,3.395,3.3983809999999997,3.384,3.398,3.384,136200,3.383,1408200,3.382,1819900,3.381,121900,3.38,759200,3.379,574400,3.378,1165300,3.377,425100,3.376,355300,3.375,884700,3.385,2900,3.386,600000,3.387,1717700,3.388,25100,3.389,293600,3.39,645100,3.391,198200,3.392,64200,3.393,547200,3.394,133600
2020-09-03 14:27:44.560,3.385,6200.0,3.395,3.3983800000000004,3.384,3.398,3.385,43800,3.384,136400,3.383,1438200,3.382,1819900,3.381,21900,3.38,1159200,3.379,274400,3.378,1103100,3.377,487300,3.376,355300,3.386,1200000,3.387,1717700,3.388,25100,3.389,293600,3.39,807100,3.391,36200,3.392,64200,3.393,547200,3.394,133600,3.395,990300
2020-09-03 14:27:48.460,3.386,12000.0,3.395,3.3983800000000004,3.384,3.398,3.385,31900,3.384,166400,3.383,1408200,3.382,1319900,3.381,21900,3.38,859200,3.379,274400,3.378,1166300,3.377,425100,3.376,355300,3.386,1199900,3.387,1717700,3.388,25100,3.389,293600,3.39,745100,3.391,98200,3.392,64200,3.393,547200,3.394,133600,3.395,990300
2020-09-03 14:27:50.540,3.386,5200.0,3.395,3.3983790000000003,3.384,3.398,3.385,34900,3.384,82200,3.383,508200,3.382,1526900,3.381,721900,3.38,759200,3.379,574400,3.378,1166300,3.377,425100,3.376,355300,3.386,894700,3.387,1817700,3.388,25100,3.389,500600,3.39,245100,3.391,198200,3.392,64200,3.393,547200,3.394,133600,3.395,990300
2020-09-03 14:27:53.090,3.385,34900.0,3.395,3.3983769999999995,3.384,3.398,3.384,37200,3.383,222500,3.382,1588900,3.381,821900,3.38,759200,3.379,274400,3.378,1466300,3.377,425100,3.376,355300,3.375,884700,3.385,1423900,3.386,894700,3.387,1817700,3.388,25100,3.389,593600,3.39,245100,3.391,198200,3.392,64200,3.393,547200,3.394,133600
2020-09-03 14:28:00.110,3.385,7000.0,3.395,3.3983769999999995,3.383,3.398,3.384,50500,3.383,222500,3.382,1588900,3.381,721900,3.38,859200,3.379,274400,3.378,1404100,3.377,497300,3.376,355300,3.375,884700,3.385,1428800,3.386,894700,3.387,1517700,3.388,125100,3.389,493600,3.39,407200,3.391,36200,3.392,64200,3.393,547200,3.394,133600
2020-09-03 14:28:02.890,3.384,10500.0,3.395,3.3983760000000003,3.383,3.398,3.384,50000,3.383,120100,3.382,403200,3.381,921900,3.38,1459200,3.379,274400,3.378,1104100,3.377,797300,3.376,355300,3.375,884700,3.385,1418800,3.386,894700,3.387,1517700,3.388,325100,3.389,193600,3.39,407200,3.391,36200,3.392,74200,3.393,547200,3.394,133600
2020-09-03 14:28:06.770,3.383,165100.0,3.395,3.398366,3.383,3.398,3.382,310200,3.381,114900,3.38,1659200,3.379,374400,3.378,1104100,3.377,497300,3.376,655300,3.375,884700,3.374,78300,3.373,335000,3.383,449900,3.384,296100,3.385,1218800,3.386,600000,3.387,1000000,3.388,118100,3.389,200600,3.39,307200,3.391,36200,3.392,74200
2020-09-03 14:28:09.530,3.383,5200.0,3.395,3.398366,3.383,3.398,3.382,310200,3.381,224900,3.38,828200,3.379,1274400,3.378,1804300,3.377,435100,3.376,655300,3.375,947000,3.374,78300,3.373,335000,3.383,444700,3.384,296100,3.385,318800,3.386,400000,3.387,300000,3.388,283100,3.389,100600,3.39,245200,3.391,36200,3.392,74200
2020-09-03 14:28:12.740,3.382,16100.0,3.395,3.398364,3.383,3.398,3.382,308900,3.381,194900,3.38,828200,3.379,1274400,3.378,1804300,3.377,435100,3.376,355300,3.375,947000,3.374,78300,3.373,335000,3.383,429900,3.384,308100,3.385,320200,3.386,400000,3.387,300000,3.388,283100,3.389,100600,3.39,245200,3.391,36200,3.392,74200
2020-09-03 14:28:15.660,3.383,36200.0,3.395,3.398362,3.383,3.398,3.382,348900,3.381,274900,3.38,1128200,3.379,974400,3.378,1704300,3.377,537100,3.376,655300,3.375,947000,3.374,78300,3.373,335000,3.383,393700,3.384,308100,3.385,320200,3.386,400000,3.387,400000,3.388,183100,3.389,100600,3.39,245200,3.391,36200,3.392,74200
2020-09-03 14:28:18.210,3.383,14700.0,3.395,3.398361,3.382,3.398,3.382,336900,3.381,141900,3.38,1137000,3.379,974400,3.378,1804300,3.377,442600,3.376,671800,3.375,947000,3.374,78300,3.373,335000,3.384,308100,3.385,320200,3.386,400200,3.387,300000,3.388,190100,3.389,100600,3.39,245200,3.391,36200,3.392,74200,3.393,547200
2020-09-03 14:28:22.230,3.382,11900.0,3.395,3.39836,3.382,3.398,3.383,500,3.382,385100,3.381,181900,3.38,1737000,3.379,1067400,3.378,1204300,3.377,442600,3.376,671800,3.375,947000,3.374,78300,3.384,301800,3.385,320200,3.386,100200,3.387,393000,3.388,128100,3.389,162600,3.39,245200,3.391,36200,3.392,74200,3.393,547200
2020-09-03 14:28:25.080,3.383,100.0,3.395,3.39836,3.382,3.398,3.383,700,3.382,385100,3.381,151900,3.38,1737000,3.379,1067400,3.378,1104300,3.377,542600,3.376,434100,3.375,884700,3.374,78300,3.384,301800,3.385,220200,3.386,100200,3.387,593000,3.388,28100,3.389,162600,3.39,245200,3.391,36200,3.392,74200,3.393,547200
2020-09-03 14:28:25.750,3.383,40700.0,3.395,3.398358,3.382,3.398,3.382,445100,3.381,151900,3.38,1735000,3.379,1067400,3.378,1204300,3.377,742600,3.376,434100,3.375,884700,3.374,78300,3.373,335000,3.383,459300,3.384,301800,3.385,220200,3.386,100200,3.387,193000,3.388,428100,3.389,162600,3.39,245200,3.391,36200,3.392,74200
2020-09-03 14:28:30.700,3.383,136100.0,3.395,3.3983489999999996,3.382,3.398,3.382,433400,3.381,411900,3.38,1866000,3.379,967400,3.378,1204300,3.377,442600,3.376,371800,3.375,947000,3.374,78300,3.373,335000,3.383,416800,3.384,301800,3.385,220200,3.386,100200,3.387,193000,3.388,490100,3.389,100600,3.39,245200,3.391,36200,3.392,74200
2020-09-03 14:28:33.760,3.383,270200.0,3.395,3.398332,3.382,3.398,3.382,772400,3.381,1028600,3.38,1866000,3.379,274400,3.378,1504400,3.377,442600,3.376,371800,3.375,947000,3.374,78300,3.373,335000,3.383,154700,3.384,12000,3.385,220200,3.386,200,3.387,100000,3.388,490100,3.389,100600,3.39,245200,3.391,36200,3.392,74200
2020-09-03 14:28:36.310,3.382,224700.0,3.395,3.398317,3.382,3.398,3.383,70000,3.382,457700,3.381,1328600,3.38,1866000,3.379,367400,3.378,1504700,3.377,442600,3.376,371800,3.375,947000,3.374,78300,3.384,12000,3.385,220200,3.386,93200,3.387,100000,3.388,290100,3.389,400600,3.39,245200,3.391,36200,3.392,74200,3.393,547200
2020-09-03 14:28:38.680,3.383,100.0,3.395,3.398317,3.382,3.398,3.383,80000,3.382,389200,3.381,628600,3.38,1866000,3.379,367400,3.378,1104700,3.377,842600,3.376,434100,3.375,884700,3.374,78300,3.384,12000,3.385,220200,3.386,93200,3.387,200000,3.388,428100,3.389,162600,3.39,245200,3.391,36200,3.392,74200,3.393,547200
2020-09-03 14:28:42.210,3.383,17000.0,3.395,3.3983160000000003,3.382,3.398,3.383,63100,3.382,389200,3.381,697600,3.38,1966000,3.379,967400,3.378,1486100,3.377,442600,3.376,434100,3.375,884700,3.374,78300,3.384,912000,3.385,520200,3.386,393200,3.387,100000,3.388,528100,3.389,162600,3.39,245200,3.391,36200,3.392,74200,3.393,547200
2020-09-03 14:28:44.670,3.383,63100.0,3.395,3.398312,3.383,3.398,3.382,389700,3.381,697600,3.38,1966000,3.379,967400,3.378,1186100,3.377,442600,3.376,434100,3.375,884700,3.374,78300,3.373,335000,3.383,491900,3.384,912000,3.385,520200,3.386,693400,3.387,100000,3.388,528100,3.389,162600,3.39,245200,3.391,36200,3.392,74200
2020-09-03 14:28:47.330,3.383,92600.0,3.395,3.398306,3.383,3.398,3.382,400600,3.381,697600,3.38,1966000,3.379,967400,3.378,1486100,3.377,442600,3.376,371800,3.375,947000,3.374,78300,3.373,335000,3.383,411200,3.384,12000,3.385,520200,3.386,693400,3.387,100000,3.388,590100,3.389,100600,3.39,245200,3.391,36200,3.392,74200
2020-09-03 14:28:51.730,3.383,411200.0,3.395,3.39828,3.382,3.398,3.383,5400,3.382,360600,3.381,1297600,3.38,1969200,3.379,368900,3.378,1486100,3.377,442600,3.376,371800,3.375,947000,3.374,78300,3.384,12000,3.385,520200,3.386,693400,3.387,100000,3.388,590100,3.389,100600,3.39,245200,3.391,36200,3.392,74200,3.393,547200
2020-09-03 14:28:52.680,3.383,13000.0,3.395,3.398279,3.382,3.398,3.383,39000,3.382,357500,3.381,1297600,3.38,1969200,3.379,369900,3.378,1486100,3.377,442600,3.376,434100,3.375,884700,3.374,78300,3.384,12000,3.385,520200,3.386,693400,3.387,100000,3.388,528100,3.389,162600,3.39,245200,3.391,36200,3.392,74200,3.393,547200
2020-09-03 14:29:00.590,3.383,38000.0,3.395,3.398276,3.382,3.398,3.383,5300,3.382,658500,3.381,997600,3.38,1969200,3.379,276900,3.378,1185800,3.377,742600,3.376,434100,3.375,884700,3.374,78300,3.384,12000,3.385,834900,3.386,300200,3.387,100000,3.388,528100,3.389,162600,3.39,251700,3.391,36200,3.392,74200,3.393,547200
2020-09-03 14:29:03.550,3.383,4400.0,3.395,3.398276,3.382,3.398,3.382,309300,3.381,397600,3.38,1859000,3.379,876900,3.378,1185800,3.377,742600,3.376,434100,3.375,884700,3.374,78300,3.373,335000,3.383,595700,3.384,1419400,3.385,934900,3.386,300200,3.387,493000,3.388,128100,3.389,162600,3.39,251700,3.391,36200,3.392,74200
2020-09-03 14:29:05.620,3.383,200.0,3.395,3.398276,3.382,3.398,3.382,309300,3.381,437600,3.38,1859000,3.379,876900,3.378,1185800,3.377,742600,3.376,371800,3.375,947000,3.374,78300,3.373,335000,3.383,607500,3.384,1419400,3.385,634900,3.386,300200,3.387,493000,3.388,190100,3.389,100600,3.39,251700,3.391,36200,3.392,74200
2020-09-03 14:29:07.020,3.383,2000.0,3.395,3.398276,3.382,3.398,3.382,399300,3.381,737600,3.38,2059000,3.379,876900,3.378,1185800,3.377,742600,3.376,371800,3.375,947000,3.374,78300,3.373,335000,3.383,605500,3.384,1130200,3.385,234900,3.386,300200,3.387,193000,3.388,490100,3.389,100600,3.39,251700,3.391,36200,3.392,74200
2020-09-03 14:29:10.480,3.382,48200.0,3.395,3.398273,3.382,3.398,3.382,387400,3.381,737600,3.38,2051700,3.379,876900,3.378,1489000,3.377,442600,3.376,371800,3.375,947000,3.374,78300,3.373,335000,3.383,12000,3.384,830200,3.385,234900,3.386,400200,3.387,193000,3.388,490100,3.389,100600,3.39,251700,3.391,36200,3.392,74200
2020-09-03 14:29:14.770,3.383,16300.0,3.395,3.398272,3.382,3.398,3.383,83700,3.382,687400,3.381,930600,3.38,1858700,3.379,276900,3.378,1389000,3.377,542600,3.376,371800,3.375,946000,3.374,78300,3.384,830200,3.385,234900,3.386,300200,3.387,200000,3.388,190100,3.389,400600,3.39,251700,3.391,36200,3.392,74200,3.393,547200
2020-09-03 14:29:18.120,3.383,12300.0,3.395,3.398271,3.382,3.398,3.383,71400,3.382,756400,3.381,1530600,3.38,1451700,3.379,278300,3.378,1489000,3.377,442600,3.376,434100,3.375,883700,3.374,78300,3.384,12500,3.385,39000,3.386,300200,3.387,193000,3.388,228100,3.389,462600,3.39,251700,3.391,36200,3.392,74200,3.393,547200
2020-09-03 14:29:24.220,3.384,12800.0,3.395,3.3982699999999997,3.381,3.398,3.383,129400,3.382,733700,3.381,1540600,3.38,1451700,3.379,278300,3.378,1489000,3.377,442600,3.376,434100,3.375,883700,3.374,78300,3.384,11700,3.385,39000,3.386,817900,3.387,193000,3.388,228100,3.389,462600,3.39,251700,3.391,36200,3.392,74200,3.393,547200
2020-09-03 14:29:30.440,3.384,21900.0,3.395,3.3982690000000004,3.382,3.398,3.383,61700,3.382,433700,3.381,1340600,3.38,1451700,3.379,378300,3.378,1089000,3.377,465600,3.376,434100,3.375,883700,3.374,78300,3.384,7500,3.385,339000,3.386,1096171,3.387,193000,3.388,428100,3.389,262600,3.39,251700,3.391,36200,3.392,74200,3.393,46200
2020-09-03 14:29:34.000,3.384,3500.0,3.395,3.3982690000000004,3.381,3.398,3.383,23200,3.382,404700,3.381,1240600,3.38,1451700,3.379,378300,3.378,1089000,3.377,765600,3.376,434100,3.375,883700,3.374,78300,3.384,1504200,3.385,339000,3.386,278471,3.387,193000,3.388,428100,3.389,262600,3.39,251700,3.391,36200,3.392,74200,3.393,46200
2020-09-03 14:29:35.800,3.383,13500.0,3.395,3.398268,3.381,3.398,3.382,384700,3.381,709600,3.38,1551700,3.379,978300,3.378,1089000,3.377,765600,3.376,434100,3.375,883700,3.374,78300,3.373,335000,3.383,1100500,3.384,1504200,3.385,339000,3.386,278471,3.387,193000,3.388,428100,3.389,262600,3.39,251700,3.391,36200,3.392,74200
2020-09-03 14:29:42.790,3.383,2000.0,3.395,3.398268,3.381,3.398,3.382,314700,3.381,449600,3.38,1757400,3.379,878300,3.378,1189000,3.377,780600,3.376,374800,3.375,946000,3.374,78300,3.373,335000,3.383,210500,3.384,1505000,3.385,339000,3.386,278471,3.387,100000,3.388,490100,3.389,100600,3.39,251700,3.391,36200,3.392,74200
2020-09-03 14:29:45.920,3.383,37400.0,3.395,3.3982650000000003,3.381,3.398,3.382,274700,3.381,449600,3.38,1757400,3.379,971300,3.378,1189000,3.377,780600,3.376,374800,3.375,946000,3.374,78300,3.373,335000,3.383,173300,3.384,1505000,3.385,339000,3.386,471471,3.387,400000,3.388,190100,3.389,100600,3.39,251700,3.391,36200,3.392,74200
2020-09-03 14:29:46.530,3.382,12000.0,3.395,3.3982639999999997,3.381,3.398,3.382,312700,3.381,449600,3.38,1758500,3.379,971300,3.378,1189000,3.377,480600,3.376,374800,3.375,946000,3.374,78300,3.373,335000,3.383,173300,3.384,1505000,3.385,339000,3.386,471471,3.387,400000,3.388,190100,3.389,100600,3.39,253700,3.391,36200,3.392,74200
2020-09-03 14:29:51.700,3.382,315700.0,3.395,3.398243,3.381,3.398,3.381,133900,3.38,758500,3.379,1271300,3.378,1689000,3.377,580600,3.376,674800,3.375,946000,3.374,78300,3.373,335000,3.372,253500,3.382,805000,3.383,170300,3.384,1205000,3.385,339000,3.386,471471,3.387,500000,3.388,90100,3.389,100600,3.39,253700,3.391,36200
2020-09-03 14:29:53.390,3.382,500.0,3.395,3.398243,3.381,3.398,3.381,119800,3.38,917500,3.379,1371300,3.378,1689000,3.377,580600,3.376,674800,3.375,883700,3.374,140600,3.373,335000,3.372,253500,3.382,3307400,3.383,170300,3.384,1205000,3.385,439000,3.386,471471,3.387,462100,3.388,28100,3.389,100600,3.39,253700,3.391,36200
2020-09-03 14:29:58.270,3.381,3500.0,3.395,3.398243,3.381,3.398,3.381,77800,3.38,957500,3.379,1278300,3.378,1689000,3.377,580600,3.376,374800,3.375,903700,3.374,140600,3.373,335000,3.372,253500,3.382,1207400,3.383,170300,3.384,1205000,3.385,439000,3.386,378471,3.387,462100,3.388,28100,3.389,100600,3.39,253700,3.391,36200
2020-09-03 14:30:01.040,3.382,200.0,3.395,3.398243,3.381,3.398,3.381,142200,3.38,917500,3.379,1278300,3.378,1782000,3.377,480600,3.376,774800,3.375,903700,3.374,140600,3.373,335000,3.372,253500,3.382,1219200,3.383,170300,3.384,1205000,3.385,532000,3.386,478471,3.387,362100,3.388,28100,3.389,100600,3.39,253700,3.391,36200
2020-09-03 14:30:02.920,3.382,50000.0,3.395,3.398239,3.381,3.398,3.381,177800,3.38,1217500,3.379,1478300,3.378,1782000,3.377,580600,3.376,674800,3.375,903700,3.374,140600,3.373,335000,3.372,253500,3.382,869200,3.383,170300,3.384,1205000,3.385,232000,3.386,378471,3.387,462100,3.388,28100,3.389,100600,3.39,253700,3.391,36200
2020-09-03 14:30:06.650,3.382,52200.0,3.395,3.3982360000000003,3.382,3.398,3.381,119900,3.38,2336200,3.379,1478300,3.378,1182000,3.377,580600,3.376,374800,3.375,903700,3.374,140600,3.373,335000,3.372,253500,3.382,74900,3.383,170300,3.384,1205000,3.385,232000,3.386,378471,3.387,462100,3.388,28100,3.389,100600,3.39,253700,3.391,36200
2020-09-03 14:30:09.670,3.381,133000.0,3.395,3.398226,3.382,3.398,3.38,1862500,3.379,1476800,3.378,1182000,3.377,580600,3.376,374800,3.375,906700,3.374,140600,3.373,335000,3.372,253500,3.371,339300,3.381,568000,3.382,23900,3.383,170300,3.384,1205000,3.385,232000,3.386,378471,3.387,462100,3.388,28100,3.389,100600,3.39,253700
2020-09-03 14:30:12.750,3.382,610600.0,3.395,3.398183,3.381,3.398,3.382,16100,3.381,858300,3.38,1862500,3.379,1476800,3.378,1090000,3.377,873600,3.376,474800,3.375,906700,3.374,78300,3.373,397300,3.383,312200,3.384,1298000,3.385,39000,3.386,540571,3.387,100000,3.388,328100,3.389,100600,3.39,253700,3.391,36200,3.392,74200
2020-09-03 14:30:15.750,3.382,328100.0,3.395,3.398162,3.381,3.398,3.382,28000,3.381,898300,3.38,1493500,3.379,1376800,3.378,1090000,3.377,973600,3.376,374800,3.375,969000,3.374,78300,3.373,335000,3.383,12200,3.384,998000,3.385,39000,3.386,378471,3.387,200000,3.388,390100,3.389,100600,3.39,253700,3.391,36200,3.392,74200
2020-09-03 14:30:16.710,3.382,12000.0,3.395,3.398161,3.381,3.398,3.382,56000,3.381,967600,3.38,1593500,3.379,1376800,3.378,1390000,3.377,673600,3.376,374800,3.375,969000,3.374,78300,3.373,335000,3.383,12200,3.384,998000,3.385,39000,3.386,378471,3.387,200000,3.388,390100,3.389,100600,3.39,253700,3.391,36200,3.392,74200
2020-09-03 14:30:21.220,3.382,80800.0,3.395,3.3981559999999997,3.381,3.398,3.381,511300,3.38,1893500,3.379,1370800,3.378,1090000,3.377,973600,3.376,374800,3.375,969000,3.374,78300,3.373,335000,3.372,253500,3.382,119900,3.383,11500,3.384,998000,3.385,39000,3.386,378471,3.387,200000,3.388,390100,3.389,100600,3.39,253700,3.391,36200
2020-09-03 14:30:25.140,3.382,163300.0,3.395,3.3981449999999995,3.381,3.398,3.381,511300,3.38,1933500,3.379,1370800,3.378,1090000,3.377,880600,3.376,364800,3.375,906700,3.374,140600,3.373,335000,3.372,253500,3.382,268500,3.383,62500,3.384,905000,3.385,39000,3.386,378471,3.387,562100,3.388,28100,3.389,100600,3.39,253700,3.391,36200
2020-09-03 14:30:27.030,3.381,33300.0,3.395,3.398143,3.381,3.398,3.381,478000,3.38,1913700,3.379,1370800,3.378,1183000,3.377,880600,3.376,364800,3.375,906700,3.374,140600,3.373,335000,3.372,253500,3.382,268500,3.383,362500,3.384,904200,3.385,132000,3.386,378471,3.387,262100,3.388,328100,3.389,100600,3.39,253700,3.391,36200
2020-09-03 14:30:31.120,3.382,262200.0,3.395,3.3981239999999997,3.381,3.398,3.381,591900,3.38,1638700,3.379,1370800,3.378,1183000,3.377,780600,3.376,464800,3.375,906700,3.374,140600,3.373,335000,3.372,253500,3.382,218300,3.383,362500,3.384,904200,3.385,132000,3.386,478471,3.387,162100,3.388,328100,3.389,100600,3.39,253700,3.391,36200
2020-09-03 14:30:31.950,3.382,219800.0,3.395,3.398109,3.381,3.398,3.382,81800,3.381,290400,3.38,1938700,3.379,1370300,3.378,1183000,3.377,880600,3.376,364800,3.375,906700,3.374,140600,3.373,335000,3.383,362500,3.384,904200,3.385,132000,3.386,378471,3.387,562100,3.388,28100,3.389,100600,3.39,253700,3.391,36200,3.392,74200
2020-09-03 14:30:36.370,3.381,243800.0,3.395,3.398093,3.381,3.398,3.38,1307700,3.379,870300,3.378,1783000,3.377,580600,3.376,364800,3.375,1269000,3.374,78300,3.373,335000,3.372,253500,3.371,339300,3.381,68400,3.382,900000,3.383,362500,3.384,904200,3.385,232000,3.386,378471,3.387,400000,3.388,90100,3.389,100600,3.39,253700
2020-09-03 14:30:39.590,3.381,4000.0,3.395,3.3980919999999997,3.381,3.398,3.38,1007700,3.379,1380300,3.378,2190000,3.377,480600,3.376,764800,3.375,906700,3.374,78300,3.373,397300,3.372,253500,3.371,339300,3.381,64400,3.382,900000,3.383,362500,3.384,904200,3.385,139000,3.386,840571,3.388,28100,3.389,100600,3.39,253700,3.391,36200
2020-09-03 14:30:42.280,3.38,242000.0,3.395,3.398074,3.381,3.398,3.38,182000,3.379,749300,3.378,1800000,3.377,1173600,3.376,464800,3.375,906700,3.374,78300,3.373,397300,3.372,253500,3.371,339300,3.381,22400,3.382,12000,3.383,362500,3.384,997200,3.385,139000,3.386,740571,3.388,28100,3.389,100600,3.39,253700,3.391,36200
2020-09-03 14:30:43.970,3.38,900.0,3.395,3.398074,3.381,3.398,3.38,221200,3.379,1349300,3.378,1800000,3.377,573600,3.376,662800,3.375,1006700,3.374,78300,3.373,397300,3.372,253500,3.371,339300,3.381,66800,3.382,12000,3.383,362500,3.384,1097200,3.385,239000,3.386,640571,3.388,28100,3.389,100600,3.39,253700,3.391,36200
2020-09-03 14:30:46.810,3.38,11900.0,3.395,3.398074,3.381,3.398,3.38,180000,3.379,1369300,3.378,1800000,3.377,573600,3.376,362800,3.375,1306700,3.374,78300,3.373,397300,3.372,253500,3.371,339300,3.381,66800,3.382,12000,3.383,362500,3.384,1097200,3.385,239000,3.386,640571,3.388,28100,3.389,100600,3.39,253700,3.391,36200
2020-09-03 14:30:52.780,3.38,12000.0,3.395,3.398073,3.381,3.398,3.38,146100,3.379,474300,3.378,2100000,3.377,1173600,3.376,362800,3.375,1306700,3.374,78300,3.373,397300,3.372,253500,3.371,339300,3.381,66800,3.382,612000,3.383,362500,3.384,1097200,3.385,539100,3.386,340571,3.388,28100,3.389,100600,3.39,253700,3.391,36200
2020-09-03 14:30:57.720,3.381,600.0,3.395,3.398073,3.381,3.398,3.38,244100,3.379,1576900,3.378,1800000,3.377,573600,3.376,362800,3.375,1006700,3.374,78300,3.373,397300,3.372,253500,3.371,339300,3.381,66200,3.382,612000,3.383,362500,3.384,1097200,3.385,239100,3.386,640571,3.388,28100,3.389,100600,3.39,253700,3.391,36200
2020-09-03 14:30:58.900,3.381,78700.0,3.395,3.3980669999999997,3.381,3.398,3.381,103100,3.38,228400,3.379,1576900,3.378,2310000,3.377,573600,3.376,762800,3.375,906700,3.374,78300,3.373,397300,3.372,253500,3.382,11500,3.383,362500,3.384,997200,3.385,139100,3.386,540571,3.387,300000,3.388,28700,3.389,100600,3.39,253700,3.391,36200
2020-09-03 14:31:01.920,3.381,136000.0,3.395,3.398057,3.381,3.398,3.381,136100,3.38,1460800,3.379,1607900,3.378,1110000,3.377,873600,3.376,462800,3.375,1356700,3.374,140600,3.373,335000,3.372,253500,3.382,11500,3.383,362500,3.384,1447200,3.385,39100,3.386,478471,3.387,162100,3.388,328700,3.389,100600,3.39,253700,3.391,36200
2020-09-03 14:31:06.260,3.384,396000.0,3.395,3.3980339999999996,3.381,3.398,3.383,64600,3.382,913200,3.381,1976700,3.38,955900,3.379,808400,3.378,1140000,3.377,480600,3.376,463700,3.375,1356700,3.374,140600,3.384,1054200,3.385,39100,3.386,100200,3.387,62100,3.388,128700,3.389,500600,3.39,253700,3.391,36200,3.392,74200,3.393,46200
2020-09-03 14:31:06.950,3.384,12500.0,3.395,3.3980330000000003,3.381,3.398,3.383,131400,3.382,1613200,3.381,1978800,3.38,441700,3.379,386100,3.378,1140000,3.377,480600,3.376,426000,3.375,1356700,3.374,78300,3.384,450000,3.385,40100,3.386,200,3.387,93000,3.388,128700,3.389,662600,3.39,253700,3.391,36200,3.392,74200,3.393,46200
2020-09-03 14:31:12.740,3.384,112000.0,3.395,3.3980269999999995,3.382,3.398,3.383,489400,3.382,1313200,3.381,1998800,3.38,444700,3.379,686200,3.378,1140000,3.377,481600,3.376,426000,3.375,1356700,3.374,78300,3.384,650000,3.385,40100,3.386,200,3.387,93000,3.388,128700,3.389,662600,3.39,253700,3.391,36200,3.392,74200,3.393,46200
2020-09-03 14:31:15.600,3.384,310000.0,3.395,3.3980089999999996,3.382,3.398,3.383,150400,3.382,1513200,3.381,1938800,3.38,452200,3.379,386200,3.378,1440000,3.377,481100,3.376,426000,3.375,1358700,3.374,78300,3.384,341200,3.385,40100,3.386,200,3.387,93000,3.388,128700,3.389,662600,3.39,253700,3.391,36200,3.392,74200,3.393,46200
2020-09-03 14:31:16.860,3.383,16900.0,3.395,3.3980080000000004,3.382,3.398,3.383,30300,3.382,213600,3.381,1138800,3.38,1052200,3.379,985700,3.378,1140000,3.377,479900,3.376,426000,3.375,907200,3.374,78300,3.384,301200,3.385,40100,3.386,200,3.387,93000,3.388,428700,3.389,262600,3.39,253700,3.391,36200,3.392,74200,3.393,46200
2020-09-03 14:31:20.650,3.384,4400.0,3.395,3.3980080000000004,3.382,3.398,3.383,30500,3.382,214600,3.381,1138800,3.38,954900,3.379,885700,3.378,1230000,3.377,781600,3.376,426000,3.375,907200,3.374,78300,3.384,296800,3.385,40100,3.386,200,3.388,528700,3.389,162600,3.39,253700,3.391,36200,3.392,74200,3.393,46200,3.394,140200
2020-09-03 14:31:23.710,3.383,35700.0,3.395,3.3980050000000004,3.382,3.398,3.382,214600,3.381,1738800,3.38,1057900,3.379,585700,3.378,1130000,3.377,481600,3.376,426000,3.375,907200,3.374,78300,3.373,335000,3.383,281500,3.384,291600,3.385,40100,3.386,1050400,3.387,93000,3.388,428700,3.389,262600,3.39,253700,3.391,36200,3.392,74200
2020-09-03 14:31:25.670,3.383,9000.0,3.395,3.3980050000000004,3.382,3.398,3.382,114700,3.381,1829900,3.38,1558900,3.379,485700,3.378,1530000,3.377,481600,3.376,363700,3.375,969500,3.374,78300,3.373,335000,3.383,272500,3.384,291600,3.385,40100,3.386,2028671,3.387,93000,3.388,590700,3.389,100600,3.39,253700,3.391,36200,3.392,74200
2020-09-03 14:31:27.740,3.383,10000.0,3.395,3.3980040000000002,3.382,3.398,3.382,187900,3.381,1929900,3.38,1558900,3.379,485700,3.378,1230000,3.377,481600,3.376,363700,3.375,969500,3.374,78300,3.373,335000,3.383,278100,3.384,291600,3.385,40100,3.386,1050400,3.387,203000,3.388,290700,3.389,400600,3.39,253700,3.391,36200,3.392,74200
2020-09-03 14:31:33.560,3.383,304400.0,3.395,3.397986,3.382,3.398,3.382,116500,3.381,1898900,3.38,1660900,3.379,485700,3.378,1230000,3.377,481600,3.376,363700,3.375,969500,3.374,78300,3.373,335000,3.383,6100,3.384,291600,3.385,40100,3.386,1050400,3.387,228000,3.388,590700,3.389,100600,3.39,253700,3.391,36200,3.392,74200
2020-09-03 14:31:35.720,3.384,18200.0,3.395,3.3979839999999997,3.382,3.398,3.383,4000,3.382,121500,3.381,1906900,3.38,1567900,3.379,578700,3.378,1530000,3.377,481600,3.376,363700,3.375,969500,3.374,78300,3.384,291500,3.385,40100,3.386,1143400,3.387,135000,3.388,290700,3.389,400600,3.39,253700,3.391,36200,3.392,74200,3.393,46200
2020-09-03 14:31:40.930,3.383,4000.0,3.395,3.3979839999999997,3.382,3.398,3.382,121500,3.381,1906900,3.38,1667900,3.379,682300,3.378,1130000,3.377,781600,3.376,426000,3.375,906200,3.374,78300,3.373,335000,3.383,7900,3.384,291500,3.385,918371,3.386,1143400,3.387,135000,3.388,428700,3.389,262600,3.39,253700,3.391,36200,3.392,74200
2020-09-03 14:31:43.510,3.383,2000.0,3.395,3.3979839999999997,3.381,3.398,3.382,15200,3.381,351200,3.38,466700,3.379,1588200,3.378,1830000,3.377,481600,3.376,663700,3.375,968500,3.374,78300,3.373,335000,3.383,5900,3.384,451500,3.385,1018371,3.386,1443400,3.387,35000,3.388,190700,3.389,100600,3.39,253700,3.391,36200,3.392,74200
2020-09-03 14:31:46.710,3.383,100.0,3.395,3.3979839999999997,3.381,3.398,3.382,15200,3.381,330100,3.38,535700,3.379,1589600,3.378,1830000,3.377,481600,3.376,663700,3.375,968500,3.374,78300,3.373,335000,3.383,665700,3.384,351500,3.385,1318371,3.386,1243400,3.387,335000,3.388,190700,3.389,100600,3.39,253700,3.391,36200,3.392,74200
2020-09-03 14:31:49.950,3.383,35400.0,3.395,3.397982,3.382,3.398,3.382,15300,3.381,330100,3.38,535700,3.379,1496600,3.378,1830000,3.377,481600,3.376,663700,3.375,968500,3.374,78300,3.373,335000,3.383,630300,3.384,291500,3.385,440100,3.386,1300400,3.387,35000,3.388,190700,3.389,100600,3.39,253700,3.391,36200,3.392,74200
2020-09-03 14:31:52.580,3.382,20000.0,3.395,3.3979809999999997,3.382,3.398,3.381,330100,3.38,540700,3.379,1589600,3.378,1833000,3.377,481600,3.376,663700,3.375,968500,3.374,78300,3.373,335000,3.372,253500,3.382,293100,3.383,630300,3.384,312000,3.385,450100,3.386,1393400,3.387,35000,3.388,190700,3.389,100600,3.39,253700,3.391,36200
2020-09-03 14:31:55.690,3.382,4500.0,3.395,3.3979800000000004,3.382,3.398,3.381,333000,3.38,667800,3.379,1589600,3.378,1733500,3.377,581600,3.376,663700,3.375,906200,3.374,140600,3.373,335000,3.372,253400,3.382,288600,3.383,630300,3.384,291500,3.385,450100,3.386,493200,3.387,197100,3.388,28700,3.389,100600,3.39,253700,3.391,36200
2020-09-03 14:31:58.860,3.381,12300.0,3.395,3.3979790000000003,3.382,3.398,3.381,321100,3.38,667800,3.379,1496600,3.378,1733500,3.377,581600,3.376,373700,3.375,906200,3.374,140600,3.373,335000,3.372,253400,3.382,288200,3.383,630300,3.384,291500,3.385,150100,3.386,400200,3.387,197100,3.388,28700,3.389,100600,3.39,253700,3.391,36200
2020-09-03 14:32:01.410,3.383,27400.0,3.395,3.3979779999999997,3.381,3.398,3.381,322300,3.38,968000,3.379,1196600,3.378,1826500,3.377,481600,3.376,773700,3.375,906200,3.374,140600,3.373,335000,3.372,253400,3.383,51900,3.384,291500,3.385,243100,3.386,200200,3.387,397100,3.388,28700,3.389,100600,3.39,253700,3.391,36200,3.392,74200
2020-09-03 14:32:04.790,3.381,12000.0,3.395,3.3979769999999996,3.382,3.398,3.381,311900,3.38,969000,3.379,1196600,3.378,1926500,3.377,523200,3.376,673700,3.375,906200,3.374,140600,3.373,335000,3.372,253400,3.382,4800,3.383,51900,3.384,291500,3.385,243100,3.386,100200,3.387,335000,3.388,190700,3.389,100600,3.39,253700,3.391,36200
2020-09-03 14:32:08.420,3.381,165000.0,3.395,3.397965,3.382,3.398,3.381,151900,3.38,343300,3.379,808200,3.378,1826500,3.377,523200,3.376,473700,3.375,1206200,3.374,140600,3.373,335000,3.372,253400,3.382,4800,3.383,337900,3.384,291500,3.385,243100,3.386,500200,3.387,97100,3.388,28700,3.389,100600,3.39,253700,3.391,36200
2020-09-03 14:32:09.780,3.381,152900.0,3.395,3.3979550000000005,3.382,3.398,3.38,301200,3.379,577200,3.378,2226500,3.377,1123200,3.376,474700,3.375,906200,3.374,440600,3.373,335000,3.372,253400,3.371,339300,3.381,2207000,3.382,16800,3.383,337900,3.384,391500,3.385,243100,3.386,400200,3.387,97100,3.388,28700,3.389,100600,3.39,253700
2020-09-03 14:32:13.640,3.381,50400.0,3.395,3.3979510000000004,3.382,3.398,3.38,331200,3.379,685900,3.378,2133500,3.377,1216200,3.376,474700,3.375,1206200,3.374,78300,3.373,397300,3.372,253400,3.371,339300,3.381,657500,3.382,16800,3.383,637900,3.384,384500,3.385,150100,3.386,462300,3.387,35000,3.388,28700,3.389,100600,3.39,258700
2020-09-03 14:32:16.770,3.381,79700.0,3.395,3.397946,3.382,3.398,3.381,260300,3.38,670200,3.379,1764400,3.378,2333500,3.377,616200,3.376,774700,3.375,806200,3.374,78300,3.373,397300,3.372,253400,3.382,17400,3.383,637900,3.384,384500,3.385,50100,3.386,262300,3.387,435000,3.388,28700,3.389,100600,3.39,258700,3.391,36200
2020-09-03 14:32:20.200,3.381,1800.0,3.395,3.397946,3.381,3.398,3.381,518500,3.38,669200,3.379,1695400,3.378,2233500,3.377,916200,3.376,474700,3.375,806200,3.374,140600,3.373,335000,3.372,253400,3.382,16800,3.383,637900,3.384,94200,3.385,50100,3.386,200200,3.387,497100,3.388,28700,3.389,100600,3.39,257500,3.391,36200
2020-09-03 14:32:22.780,3.381,18400.0,3.395,3.3979440000000003,3.381,3.398,3.381,500300,3.38,1338200,3.379,1795400,3.378,2233500,3.377,616200,3.376,774700,3.375,806200,3.374,140600,3.373,335000,3.372,253400,3.382,16800,3.383,637900,3.384,94200,3.385,50100,3.386,200200,3.387,497100,3.388,28700,3.389,100600,3.39,257500,3.391,36200
2020-09-03 14:32:24.270,3.382,16800.0,3.395,3.397943,3.382,3.398,3.381,857400,3.38,1326100,3.379,2265400,3.378,1133500,3.377,966200,3.376,474800,3.375,806200,3.374,146600,3.373,335000,3.372,253400,3.383,637900,3.384,94200,3.385,75100,3.386,200200,3.387,197100,3.388,328700,3.389,100600,3.39,257500,3.391,36200,3.392,74200
2020-09-03 14:32:28.810,3.381,31900.0,3.395,3.3979410000000003,3.381,3.398,3.381,698300,3.38,1348200,3.379,1765400,3.378,1226500,3.377,673200,3.376,674800,3.375,806200,3.374,146600,3.373,335000,3.372,253400,3.382,1000,3.383,617900,3.384,1200,3.385,75100,3.386,193200,3.387,535000,3.388,90700,3.389,100600,3.39,257500,3.391,36200
2020-09-03 14:32:29.600,3.383,10100.0,3.395,3.3979410000000003,3.381,3.398,3.382,4200,3.381,600200,3.38,679200,3.379,1665500,3.378,1226500,3.377,573200,3.376,474800,3.375,1106200,3.374,146600,3.373,335000,3.383,608800,3.384,1200,3.385,175100,3.386,293200,3.387,397100,3.388,28700,3.389,100600,3.39,257500,3.391,36200,3.392,74200
2020-09-03 14:32:33.110,3.382,4200.0,3.395,3.39794,3.382,3.398,3.381,200,3.38,448200,3.379,2024500,3.378,1926500,3.377,573200,3.376,374800,3.375,1169500,3.374,84300,3.373,335000,3.372,253400,3.382,307800,3.383,608800,3.384,1200,3.385,1075300,3.386,493200,3.387,35000,3.388,190700,3.389,100600,3.39,257500,3.391,36200
2020-09-03 14:32:36.410,3.382,1500.0,3.395,3.39794,3.382,3.398,3.381,200,3.38,448200,3.379,2014900,3.378,1826500,3.377,673200,3.376,824800,3.375,807200,3.374,146600,3.373,335000,3.372,253400,3.382,306300,3.383,608800,3.384,52400,3.385,1525300,3.386,493200,3.387,197100,3.388,28700,3.389,100600,3.39,257500,3.391,36200
2020-09-03 14:32:38.660,3.382,100.0,3.395,3.39794,3.382,3.398,3.381,200,3.38,448200,3.379,2015000,3.378,1733500,3.377,673200,3.376,1124800,3.375,807200,3.374,146600,3.373,335000,3.372,253400,3.382,608500,3.383,608800,3.384,52400,3.385,1525300,3.386,400200,3.387,197100,3.388,28700,3.389,100600,3.39,257500,3.391,36200
2020-09-03 14:32:46.870,3.381,200.0,3.395,3.39794,3.382,3.398,3.38,395300,3.379,1985000,3.378,1926500,3.377,673200,3.376,824800,3.375,1107200,3.374,146600,3.373,335000,3.372,253400,3.371,339300,3.381,11800,3.382,609200,3.383,609100,3.384,52400,3.385,1618300,3.386,400200,3.387,197100,3.388,28700,3.389,100600,3.39,257500
2020-09-03 14:32:52.030,3.381,11400.0,3.395,3.397939,3.382,3.398,3.38,428300,3.379,2095000,3.378,2426500,3.377,573200,3.376,1224800,3.375,807200,3.374,84300,3.373,397300,3.372,253400,3.371,339300,3.381,700,3.382,609200,3.383,609100,3.384,52400,3.385,1618300,3.386,262300,3.387,335000,3.388,28700,3.389,100600,3.39,257500
2020-09-03 14:32:54.520,3.381,10000.0,3.395,3.397939,3.382,3.398,3.38,429700,3.379,2095000,3.378,2343500,3.377,573200,3.376,924800,3.375,807200,3.374,84300,3.373,397300,3.372,253400,3.371,339300,3.381,2700,3.382,320000,3.383,609100,3.384,52400,3.385,1525300,3.386,262300,3.387,335000,3.388,28700,3.389,100600,3.39,257500
2020-09-03 14:32:57.970,3.381,13700.0,3.395,3.397938,3.382,3.398,3.38,729700,3.379,1795000,3.378,2343500,3.377,666200,3.376,1224800,3.375,807200,3.374,84300,3.373,397300,3.372,253400,3.371,339300,3.381,19000,3.382,320000,3.383,610300,3.384,145400,3.385,1525300,3.386,262300,3.387,335000,3.388,28700,3.389,100600,3.39,257500
2020-09-03 14:33:00.790,3.381,255200.0,3.395,3.3979199999999996,3.382,3.398,3.38,529700,3.379,1726000,3.378,2243500,3.377,666200,3.376,1224800,3.375,807200,3.374,84300,3.373,397300,3.372,253400,3.371,339300,3.381,67000,3.382,319000,3.383,310300,3.384,145400,3.385,1525300,3.386,262300,3.387,335000,3.388,28700,3.389,100600,3.39,257500
2020-09-03 14:33:01.490,3.381,67000.0,3.395,3.3979160000000004,3.382,3.398,3.381,826800,3.38,1412600,3.379,1686000,3.378,1643500,3.377,669200,3.376,1224800,3.375,807200,3.374,84300,3.373,394300,3.372,253400,3.382,319000,3.383,310300,3.384,145400,3.385,1425300,3.386,262300,3.387,35000,3.388,328700,3.389,100600,3.39,257500,3.391,36200
2020-09-03 14:33:06.260,3.383,340700.0,3.395,3.3978949999999997,3.382,3.398,3.382,341300,3.381,528800,3.38,1629300,3.379,2156000,3.378,1236500,3.377,576200,3.376,924800,3.375,807200,3.374,146600,3.373,332000,3.383,9500,3.384,52400,3.385,618100,3.386,200200,3.387,197100,3.388,328700,3.389,100600,3.39,257500,3.391,36200,3.392,74200
2020-09-03 14:33:09.920,3.382,30000.0,3.395,3.397893,3.382,3.398,3.382,310000,3.381,829300,3.38,1329800,3.379,2116000,3.378,1243500,3.377,876200,3.376,824800,3.375,869500,3.374,84300,3.373,332000,3.383,309500,3.384,52400,3.385,525100,3.386,100200,3.387,135000,3.388,490700,3.389,100600,3.39,257500,3.391,36200,3.392,74200
2020-09-03 14:33:12.560,3.383,30000.0,3.395,3.3978910000000004,3.382,3.398,3.382,298000,3.381,501300,3.38,1634000,3.379,2209000,3.378,1146500,3.377,976200,3.376,824800,3.375,869500,3.374,84300,3.373,332000,3.383,591500,3.384,52400,3.385,525100,3.386,193200,3.387,235000,3.388,390700,3.389,100600,3.39,257500,3.391,36200,3.392,74200
2020-09-03 14:33:13.900,3.383,10000.0,3.395,3.3978900000000003,3.382,3.398,3.382,298000,3.381,503300,3.38,1612900,3.379,2211000,3.378,1246500,3.377,578200,3.376,1124800,3.375,869500,3.374,84300,3.373,332000,3.383,290000,3.384,352400,3.385,525100,3.386,193200,3.387,135000,3.388,490700,3.389,100600,3.39,257500,3.391,36200,3.392,74200
2020-09-03 14:33:18.590,3.383,79200.0,3.395,3.397885,3.382,3.398,3.382,230800,3.381,503300,3.38,1612900,3.379,2211000,3.378,1246500,3.377,578200,3.376,1124800,3.375,869500,3.374,84300,3.373,332000,3.383,248000,3.384,352400,3.385,525100,3.386,193200,3.387,135300,3.388,490700,3.389,100600,3.39,257500,3.391,36200,3.392,74200
2020-09-03 14:33:20.830,3.383,13000.0,3.395,3.3978839999999995,3.382,3.398,3.382,230800,3.381,444700,3.38,1515900,3.379,1711000,3.378,1246500,3.377,578200,3.376,1124800,3.375,869500,3.374,84300,3.373,332000,3.383,535100,3.384,352400,3.385,525100,3.386,193200,3.387,435300,3.388,190700,3.389,100600,3.39,257500,3.391,36200,3.392,74200
2020-09-03 14:33:24.640,3.382,240900.0,3.395,3.397869,3.382,3.398,3.381,391600,3.38,1575400,3.379,1811000,3.378,1246500,3.377,878200,3.376,824800,3.375,869600,3.374,84300,3.373,332000,3.372,253400,3.382,671000,3.383,535100,3.384,352400,3.385,1425300,3.386,193200,3.387,435300,3.388,190700,3.389,100600,3.39,257500,3.391,36200
2020-09-03 14:33:27.370,3.383,172200.0,3.395,3.397857,3.381,3.398,3.381,524500,3.38,1335500,3.379,1811000,3.378,1146500,3.377,978200,3.376,824800,3.375,807300,3.374,84300,3.373,332000,3.372,253400,3.383,530100,3.384,352400,3.385,1425300,3.386,193200,3.387,235300,3.388,328700,3.389,100600,3.39,257500,3.391,36200,3.392,74200
2020-09-03 14:33:30.390,3.382,7700.0,3.395,3.397857,3.382,3.398,3.381,454500,3.38,459600,3.379,1711000,3.378,1246500,3.377,578200,3.376,824800,3.375,807300,3.374,146600,3.373,332000,3.372,253400,3.382,4300,3.383,530200,3.384,352400,3.385,1425300,3.386,93200,3.387,35300,3.388,490700,3.389,100600,3.39,257500,3.391,36200
2020-09-03 14:33:32.550,3.382,100.0,3.395,3.397857,3.382,3.398,3.381,21100,3.38,761700,3.379,1811000,3.378,1746500,3.377,678200,3.376,824800,3.375,1107300,3.374,146600,3.373,332000,3.372,253400,3.382,604200,3.383,530200,3.384,452400,3.385,1525300,3.386,93200,3.387,497400,3.388,28700,3.389,100600,3.39,257500,3.391,36200
2020-09-03 14:33:34.860,3.381,12100.0,3.395,3.397856,3.381,3.398,3.381,337100,3.38,518800,3.379,1718000,3.378,1739700,3.377,678200,3.376,1124800,3.375,807300,3.374,146600,3.373,332000,3.372,253400,3.382,304100,3.383,530200,3.384,352400,3.385,1525300,3.386,200,3.387,197400,3.388,328700,3.389,100600,3.39,257500,3.391,36200
2020-09-03 14:33:38.570,3.382,4100.0,3.395,3.397856,3.381,3.398,3.382,95900,3.381,7900,3.38,818800,3.379,1718000,3.378,1832700,3.377,578200,3.376,1224800,3.375,807300,3.374,146600,3.373,332000,3.383,530200,3.384,352400,3.385,1618300,3.386,100200,3.387,397400,3.388,28700,3.389,100600,3.39,257500,3.391,36200,3.392,74200
2020-09-03 14:33:41.760,3.382,96400.0,3.395,3.397849,3.381,3.398,3.381,12900,3.38,719600,3.379,1618000,3.378,1832700,3.377,688200,3.376,1124800,3.375,869600,3.374,84300,3.373,332000,3.372,253400,3.382,287100,3.383,529700,3.384,452400,3.385,1618300,3.386,200,3.387,435300,3.388,90700,3.389,100600,3.39,257500,3.391,36200
2020-09-03 14:33:44.210,3.382,10800.0,3.395,3.397849,3.381,3.398,3.381,13500,3.38,819900,3.379,1718000,3.378,1832700,3.377,688200,3.376,1124800,3.375,807300,3.374,146600,3.373,332000,3.372,253400,3.382,277100,3.383,229600,3.384,452400,3.385,1618300,3.386,30500,3.387,497400,3.388,28700,3.389,100600,3.39,257500,3.391,36200
2020-09-03 14:33:45.570,3.382,300.0,3.395,3.397849,3.382,3.398,3.381,23600,3.38,820000,3.379,1718000,3.378,1832700,3.377,688200,3.376,1124800,3.375,807300,3.374,146600,3.373,332000,3.372,253400,3.382,288800,3.383,229600,3.384,452400,3.385,1618300,3.386,30500,3.387,497400,3.388,28700,3.389,100600,3.39,257500,3.391,36200
2020-09-03 14:33:49.740,3.381,16600.0,3.395,3.397847,3.381,3.398,3.381,7900,3.38,403900,3.379,1977200,3.378,1838700,3.377,688200,3.376,829800,3.375,1107300,3.374,146600,3.373,332000,3.372,253400,3.382,288800,3.383,229600,3.384,152400,3.385,1525300,3.386,30500,3.387,497400,3.388,28700,3.389,100600,3.39,257500,3.391,36200
2020-09-03 14:33:53.180,3.381,8400.0,3.395,3.397847,3.381,3.398,3.38,403900,3.379,1977200,3.378,1931700,3.377,588200,3.376,929800,3.375,1107300,3.374,146600,3.373,332000,3.372,253400,3.371,339300,3.381,3500,3.382,288800,3.383,229600,3.384,152400,3.385,1618300,3.386,130500,3.387,397400,3.388,28700,3.389,100600,3.39,257500
2020-09-03 14:33:56.470,3.381,3500.0,3.395,3.397847,3.381,3.398,3.381,100,3.38,403900,3.379,2104300,3.378,1934100,3.377,588200,3.376,929800,3.375,1107300,3.374,84300,3.373,394300,3.372,253400,3.382,288800,3.383,229600,3.384,152400,3.385,1618300,3.386,192600,3.387,335300,3.388,28700,3.389,100600,3.39,257500,3.391,36200
2020-09-03 14:34:00.410,3.381,4400.0,3.395,3.397846,3.381,3.398,3.38,403900,3.379,2107300,3.378,1934100,3.377,588200,3.376,929800,3.375,1105300,3.374,146600,3.373,332000,3.372,253400,3.371,339300,3.381,7600,3.382,288800,3.383,100,3.384,152400,3.385,1618300,3.386,130500,3.387,397400,3.388,28700,3.389,100600,3.39,257500
2020-09-03 14:34:02.860,3.381,4100.0,3.395,3.397846,3.381,3.398,3.38,703900,3.379,1807300,3.378,1934100,3.377,588200,3.376,939800,3.375,1105300,3.374,84300,3.373,394300,3.372,253400,3.371,339300,3.381,3500,3.382,288800,3.383,100,3.384,152400,3.385,1618300,3.386,192600,3.387,335300,3.388,28700,3.389,100600,3.39,257500
2020-09-03 14:34:06.010,3.381,500.0,3.395,3.397846,3.381,3.398,3.38,708900,3.379,1807300,3.378,1841100,3.377,681200,3.376,1239800,3.375,805300,3.374,84300,3.373,406400,3.372,253400,3.371,339300,3.381,15000,3.382,12000,3.383,300100,3.384,295400,3.385,1525300,3.386,192600,3.387,335300,3.388,28700,3.389,100600,3.39,257500
2020-09-03 14:34:08.710,3.381,40000.0,3.395,3.397843,3.381,3.398,3.381,693400,3.38,464700,3.379,1790200,3.378,2345000,3.377,691200,3.376,1239800,3.375,805300,3.374,84300,3.373,406400,3.372,253400,3.382,241500,3.383,300100,3.384,195400,3.385,1525300,3.386,292600,3.387,35300,3.388,328700,3.389,100600,3.39,257500,3.391,36200
2020-09-03 14:34:11.890,3.381,12000.0,3.395,3.397842,3.381,3.398,3.381,731500,3.38,464700,3.379,1790200,3.378,2345000,3.377,691200,3.376,1239800,3.375,805300,3.374,146600,3.373,344100,3.372,253400,3.382,241500,3.383,300100,3.384,195400,3.385,1525300,3.386,230500,3.387,97400,3.388,328700,3.389,100600,3.39,257500,3.391,36200
2020-09-03 14:34:15.110,3.381,639900.0,3.395,3.397799,3.381,3.398,3.381,54800,3.38,377600,3.379,2073500,3.378,1846300,3.377,691200,3.376,939800,3.375,1105300,3.374,146600,3.373,344100,3.372,253400,3.382,301500,3.383,300100,3.384,195400,3.385,1525300,3.386,230500,3.387,397400,3.388,28700,3.389,100600,3.39,257500,3.391,36200
2020-09-03 14:34:17.930,3.381,66900.0,3.395,3.397794,3.381,3.398,3.38,392400,3.379,2073500,3.378,1846300,3.377,598200,3.376,939800,3.375,1105300,3.374,146600,3.373,344100,3.372,253400,3.371,339300,3.381,854600,3.382,241500,3.383,400100,3.384,102400,3.385,1525300,3.386,430500,3.387,97400,3.388,28700,3.389,100600,3.39,257500
2020-09-03 14:34:20.960,3.38,600.0,3.395,3.397794,3.381,3.398,3.38,691800,3.379,1790600,3.378,1846300,3.377,691200,3.376,939800,3.375,1105300,3.374,84300,3.373,406400,3.372,253400,3.371,339300,3.381,554600,3.382,279800,3.383,300100,3.384,295400,3.385,1525300,3.386,192600,3.387,335300,3.388,28700,3.389,100600,3.39,257500
2020-09-03 14:34:24.410,3.381,27500.0,3.395,3.397792,3.381,3.398,3.38,679900,3.379,1790600,3.378,1846300,3.377,691200,3.376,839800,3.375,1205300,3.374,84300,3.373,406400,3.372,253400,3.371,339300,3.381,539000,3.382,279800,3.383,300100,3.384,295400,3.385,1625300,3.386,92600,3.387,335300,3.388,28700,3.389,100600,3.39,257500
2020-09-03 14:34:27.780,3.38,300000.0,3.395,3.397771,3.381,3.398,3.38,39900,3.379,1491000,3.378,1246300,3.377,1291200,3.376,1539800,3.375,1105300,3.374,84300,3.373,406400,3.372,253400,3.371,339300,3.381,768500,3.382,12000,3.383,300100,3.384,295400,3.385,625100,3.386,192600,3.387,335300,3.388,28700,3.389,100600,3.39,257500
2020-09-03 14:34:30.020,3.38,22000.0,3.395,3.3977690000000003,3.381,3.398,3.38,32100,3.379,1490700,3.378,1846300,3.377,1291200,3.376,839800,3.375,1208400,3.374,84300,3.373,406400,3.372,253400,3.371,339300,3.381,758500,3.382,12000,3.383,300100,3.384,308900,3.385,725100,3.386,392600,3.387,35300,3.388,28700,3.389,100600,3.39,257500
2020-09-03 14:34:36.030,3.38,13500.0,3.395,3.397768,3.381,3.398,3.38,32100,3.379,1431500,3.378,1753100,3.377,1294100,3.376,839800,3.375,908400,3.374,84300,3.373,406400,3.372,253400,3.371,339300,3.381,251000,3.382,12200,3.383,300100,3.384,308900,3.385,725100,3.386,92600,3.387,635300,3.388,28700,3.389,100600,3.39,257500
2020-09-03 14:34:39.880,3.38,36100.0,3.395,3.3977660000000003,3.381,3.398,3.379,1490700,3.378,1753100,3.377,1394100,3.376,389800,3.375,1658400,3.374,534300,3.373,406400,3.372,253400,3.371,339300,3.37,838500,3.38,193400,3.381,21500,3.382,12200,3.383,300100,3.384,308900,3.385,275100,3.386,392600,3.387,335300,3.388,28700,3.389,100600
2020-09-03 14:34:44.950,3.38,300.0,3.395,3.3977660000000003,3.381,3.398,3.379,1490700,3.378,1864600,3.377,1892100,3.376,839800,3.375,1658400,3.374,84300,3.373,344100,3.372,315700,3.371,339300,3.37,838500,3.38,255100,3.381,21500,3.382,12200,3.383,300100,3.384,308900,3.385,337200,3.386,30500,3.387,635300,3.388,28700,3.389,100600
2020-09-03 14:34:47.770,3.379,3000.0,3.395,3.397765,3.381,3.398,3.379,1439700,3.378,2081300,3.377,1799100,3.376,839800,3.375,1658400,3.374,84300,3.373,344100,3.372,315700,3.371,339300,3.37,838500,3.38,253100,3.381,21500,3.382,312200,3.383,300100,3.384,215900,3.385,337200,3.386,30500,3.387,635300,3.388,28700,3.389,100600
2020-09-03 14:34:49.960,3.38,266600.0,3.395,3.3977459999999997,3.381,3.398,3.38,128100,3.379,1427700,3.378,2081300,3.377,1799100,3.376,927800,3.375,1548400,3.374,184300,3.373,344100,3.372,315700,3.371,339300,3.381,21500,3.382,312200,3.383,393100,3.384,315900,3.385,237200,3.386,30500,3.387,635300,3.388,28700,3.389,100600,3.39,257500
2020-09-03 14:34:54.180,3.38,12000.0,3.395,3.3977449999999996,3.381,3.398,3.38,116100,3.379,1427700,3.378,2092500,3.377,1799100,3.376,927800,3.375,1648400,3.374,84300,3.373,406400,3.372,253400,3.371,339300,3.381,21500,3.382,312200,3.383,393100,3.384,665900,3.385,275100,3.386,92600,3.387,635300,3.388,28700,3.389,100600,3.39,257500
2020-09-03 14:34:58.060,3.38,116900.0,3.395,3.3977370000000002,3.381,3.398,3.379,1428500,3.378,2092500,3.377,1799100,3.376,933800,3.375,1348400,3.374,381400,3.373,406200,3.372,253400,3.371,339300,3.37,838500,3.38,390600,3.381,21500,3.382,412200,3.383,393100,3.384,665900,3.385,275100,3.386,392600,3.387,335300,3.388,28700,3.389,100600
2020-09-03 14:34:59.650,3.38,3400.0,3.395,3.3977370000000002,3.381,3.398,3.379,1432800,3.378,2092500,3.377,1799100,3.376,843700,3.375,1348400,3.374,381400,3.373,343900,3.372,315700,3.371,339300,3.37,838500,3.38,399100,3.381,21500,3.382,412200,3.383,300100,3.384,665900,3.385,337200,3.386,330500,3.387,335300,3.388,28700,3.389,100600
2020-09-03 14:35:01.820,3.38,35000.0,3.395,3.397734,3.381,3.398,3.379,1074300,3.378,1851800,3.377,1299100,3.376,1536700,3.375,1348400,3.374,81400,3.373,343900,3.372,315700,3.371,339300,3.37,838500,3.38,365100,3.381,21500,3.382,512200,3.383,393100,3.384,665900,3.385,537200,3.386,30500,3.387,335300,3.388,28700,3.389,100600
2020-09-03 14:35:06.400,3.38,101400.0,3.395,3.3977269999999997,3.381,3.398,3.379,988100,3.378,1809600,3.377,1299100,3.376,1536700,3.375,1348400,3.374,381400,3.373,343900,3.372,315700,3.371,339300,3.37,838500,3.38,292800,3.381,21500,3.382,412200,3.383,493100,3.384,665900,3.385,537200,3.386,30500,3.387,335300,3.388,28700,3.389,100600
2020-09-03 14:35:08.920,3.38,132900.0,3.395,3.3977169999999997,3.381,3.398,3.38,327100,3.379,1028100,3.378,2095500,3.377,1699100,3.376,1236700,3.375,1348900,3.374,81400,3.373,343900,3.372,315700,3.371,339300,3.381,21500,3.382,412200,3.383,393100,3.384,665900,3.385,337200,3.386,30500,3.387,635300,3.388,28700,3.389,100600,3.39,257500
2020-09-03 14:35:12.010,3.38,14000.0,3.395,3.3977160000000004,3.381,3.398,3.38,46600,3.379,1404400,3.378,2195500,3.377,1699100,3.376,936700,3.375,1348900,3.374,81400,3.373,406200,3.372,253400,3.371,342300,3.381,21500,3.382,412200,3.383,393100,3.384,665900,3.385,275100,3.386,392600,3.387,335300,3.388,28700,3.389,100600,3.39,257500
2020-09-03 14:35:16.090,3.38,100.0,3.395,3.3977160000000004,3.38,3.398,3.38,18700,3.379,1404400,3.378,2195500,3.377,1699100,3.376,393700,3.375,1648900,3.374,81400,3.373,406200,3.372,253400,3.371,342300,3.381,24800,3.382,412200,3.383,300100,3.384,665900,3.385,275100,3.386,392600,3.387,335300,3.388,28700,3.389,100600,3.39,257500
2020-09-03 14:35:16.280,3.38,18700.0,3.395,3.3977150000000003,3.38,3.398,3.379,1404400,3.378,2195500,3.377,1797100,3.376,393700,3.375,1369100,3.374,381400,3.373,406200,3.372,253400,3.371,342300,3.37,838500,3.38,153200,3.381,24800,3.382,412200,3.383,300100,3.384,758900,3.385,275300,3.386,392600,3.387,335300,3.388,28700,3.389,100600
2020-09-03 14:35:20.240,3.38,151100.0,3.395,3.397704,3.38,3.398,3.379,988100,3.378,1871900,3.377,1397100,3.376,993700,3.375,1369100,3.374,381400,3.373,343900,3.372,315700,3.371,342300,3.37,838500,3.38,12400,3.381,594000,3.382,412000,3.383,300100,3.384,758900,3.385,337400,3.386,330500,3.387,335300,3.388,28700,3.389,100600
2020-09-03 14:35:24.600,3.38,12300.0,3.395,3.397703,3.38,3.398,3.379,946100,3.378,1872200,3.377,1397100,3.376,993700,3.375,1369100,3.374,81400,3.373,643900,3.372,315700,3.371,342300,3.37,838500,3.38,314100,3.381,594000,3.382,412000,3.383,300100,3.384,758900,3.385,544400,3.386,30500,3.387,335300,3.388,28700,3.389,100600
2020-09-03 14:35:27.870,3.379,930900.0,3.395,3.3976330000000003,3.38,3.398,3.378,1358500,3.377,998800,3.376,993700,3.375,1969100,3.374,81400,3.373,643900,3.372,315700,3.371,342300,3.37,838500,3.369,149000,3.379,1670400,3.38,5200,3.381,28700,3.382,412000,3.383,300100,3.384,958900,3.385,244400,3.386,30500,3.387,335300,3.388,28700
2020-09-03 14:35:29.890,3.378,44700.0,3.395,3.3976300000000004,3.38,3.398,3.378,1245200,3.377,1032900,3.376,993700,3.375,1962100,3.374,181400,3.373,643900,3.372,253400,3.371,404600,3.37,838500,3.369,149000,3.379,1978700,3.38,8100,3.381,28700,3.382,505000,3.383,300100,3.384,728000,3.385,382300,3.386,30500,3.387,335300,3.388,28700
2020-09-03 14:35:33.890,3.378,300000.0,3.395,3.3976059999999997,3.38,3.398,3.378,835200,3.377,1032900,3.376,993700,3.375,1962100,3.374,81400,3.373,443900,3.372,553400,3.371,404600,3.37,838500,3.369,149000,3.379,1378700,3.38,8100,3.381,28700,3.382,605000,3.383,500100,3.384,928000,3.385,82300,3.386,30500,3.387,335300,3.388,28700
2020-09-03 14:35:36.030,3.378,12900.0,3.395,3.3976050000000004,3.379,3.398,3.378,829100,3.377,1032900,3.376,1053000,3.375,1614600,3.374,81400,3.373,443900,3.372,553400,3.371,404600,3.37,838500,3.369,149000,3.379,1377700,3.38,8100,3.381,28700,3.382,605000,3.383,200100,3.384,478000,3.385,82300,3.386,30500,3.387,335300,3.388,28700
2020-09-03 14:35:37.810,3.378,601271.0,3.395,3.397558,3.379,3.398,3.378,281329,3.377,722900,3.376,1353000,3.375,1614600,3.374,81400,3.373,893900,3.372,553400,3.371,404600,3.37,838500,3.369,149000,3.379,1077600,3.38,308100,3.381,33600,3.382,605000,3.383,200100,3.384,478000,3.385,82300,3.386,30500,3.387,335300,3.388,25700
2020-09-03 14:35:42.660,3.378,22800.0,3.395,3.397556,3.38,3.398,3.378,269329,3.377,1122900,3.376,1053100,3.375,1501600,3.374,531400,3.373,893900,3.372,553400,3.371,404600,3.37,838500,3.369,149000,3.379,1066900,3.38,308100,3.381,33600,3.382,962000,3.383,200100,3.384,478000,3.385,82300,3.386,30500,3.387,335300,3.388,25700
2020-09-03 14:35:43.000,3.379,6900.0,3.395,3.397556,3.379,3.398,3.378,270329,3.377,735800,3.376,1353100,3.375,1594600,3.374,531400,3.373,893900,3.372,553300,3.371,404600,3.37,838500,3.369,149000,3.379,1060000,3.38,481600,3.381,33600,3.382,1055000,3.383,100100,3.384,478000,3.385,82300,3.386,30500,3.387,335300,3.388,25700
2020-09-03 14:35:48.120,3.378,17000.0,3.395,3.397555,3.379,3.398,3.378,255329,3.377,1093100,3.376,1053100,3.375,1594600,3.374,631400,3.373,793900,3.372,553300,3.371,404600,3.37,838500,3.369,149000,3.379,820000,3.38,482600,3.381,133600,3.382,1055000,3.383,100,3.384,578000,3.385,82300,3.386,30500,3.387,335300,3.388,25700
2020-09-03 14:35:50.720,3.378,277329.0,3.395,3.397533,3.379,3.398,3.377,1113100,3.376,1053100,3.375,1594600,3.374,531500,3.373,1193900,3.372,253300,3.371,404600,3.37,838500,3.369,149000,3.368,333200,3.379,750000,3.38,509600,3.381,33600,3.382,1055000,3.383,100100,3.384,478000,3.385,82300,3.386,30500,3.387,335300,3.388,25700
2020-09-03 14:35:53.790,3.378,6100.0,3.395,3.397532,3.379,3.398,3.377,1096900,3.376,1163200,3.375,1594600,3.374,531500,3.373,1193900,3.372,253300,3.371,342300,3.37,900900,3.369,149000,3.368,333200,3.378,50900,3.379,455800,3.38,509600,3.381,133600,3.382,1055000,3.383,100100,3.384,478000,3.385,84600,3.386,30500,3.387,335300
2020-09-03 14:35:56.910,3.378,1900.0,3.395,3.397532,3.379,3.398,3.377,1027100,3.376,1180300,3.375,1505200,3.374,531500,3.373,893900,3.372,553300,3.371,342300,3.37,900900,3.369,149000,3.368,333200,3.378,60700,3.379,455800,3.38,509600,3.381,133600,3.382,962000,3.383,162200,3.384,415900,3.385,84600,3.386,30500,3.387,335300
2020-09-03 14:36:00.390,3.378,29900.0,3.395,3.39753,3.379,3.398,3.377,715200,3.376,1463800,3.375,1505200,3.374,174500,3.373,1193900,3.372,253300,3.371,342300,3.37,900900,3.369,149000,3.368,333200,3.378,42800,3.379,455800,3.38,509600,3.381,226600,3.382,962000,3.383,162200,3.384,415900,3.385,84600,3.386,30500,3.387,325300
2020-09-03 14:36:01.760,3.379,43000.0,3.395,3.3975269999999997,3.378,3.398,3.378,951500,3.377,715200,3.376,1463800,3.375,1505200,3.374,174500,3.373,893900,3.372,553300,3.371,342300,3.37,902900,3.369,149000,3.379,455600,3.38,509600,3.381,226600,3.382,962000,3.383,162200,3.384,415900,3.385,84600,3.386,30500,3.387,325300,3.388,25700
2020-09-03 14:36:06.080,3.378,327000.0,3.395,3.397501,3.378,3.398,3.378,634400,3.377,1015300,3.376,1163800,3.375,1505200,3.374,274500,3.373,793900,3.372,553300,3.371,404600,3.37,840500,3.369,149000,3.379,455600,3.38,509600,3.381,226600,3.382,962000,3.383,100,3.384,578000,3.385,84600,3.386,30500,3.387,325300,3.388,25700
2020-09-03 14:36:06.790,3.378,40000.0,3.395,3.397498,3.378,3.398,3.378,595400,3.377,1015300,3.376,1163800,3.375,1505200,3.374,174500,3.373,893900,3.372,553300,3.371,404600,3.37,840500,3.369,149000,3.379,455600,3.38,509600,3.381,225400,3.382,962000,3.383,100100,3.384,478000,3.385,84600,3.386,30500,3.387,325300,3.388,25700
2020-09-03 14:36:11.990,3.378,28400.0,3.395,3.397496,3.378,3.398,3.378,582000,3.377,1044400,3.376,1163800,3.375,1568200,3.374,81500,3.373,893900,3.372,553300,3.371,399700,3.37,840500,3.369,149000,3.379,454200,3.38,509600,3.381,132400,3.382,1055000,3.383,100100,3.384,478000,3.385,84600,3.386,30500,3.387,325300,3.388,25700
2020-09-03 14:36:14.150,3.378,10000.0,3.395,3.3974949999999997,3.378,3.398,3.378,573000,3.377,1014400,3.376,1166800,3.375,1568200,3.374,81500,3.373,893900,3.372,553300,3.371,399700,3.37,840400,3.369,149000,3.379,454200,3.38,509600,3.381,132400,3.382,755000,3.383,100100,3.384,478000,3.385,84600,3.386,30500,3.387,325300,3.388,25700
2020-09-03 14:36:18.550,3.378,654500.0,3.395,3.397444,3.378,3.398,3.378,19000,3.377,974400,3.376,1166800,3.375,1568200,3.374,81500,3.373,903900,3.372,553300,3.371,399700,3.37,840400,3.369,149000,3.379,453700,3.38,507600,3.381,132400,3.382,755000,3.383,100100,3.384,478000,3.385,84600,3.386,30500,3.387,325300,3.388,25700
2020-09-03 14:36:18.990,3.378,19000.0,3.395,3.397443,3.378,3.398,3.377,994400,3.376,1166800,3.375,1568200,3.374,82500,3.373,903900,3.372,553300,3.371,399700,3.37,840400,3.369,149000,3.368,333200,3.378,281000,3.379,453700,3.38,507600,3.381,132400,3.382,755000,3.383,100100,3.384,478000,3.385,84600,3.386,30500,3.387,325300
2020-09-03 14:36:23.890,3.378,9500.0,3.395,3.397442,3.378,3.398,3.377,694400,3.376,1466800,3.375,1480200,3.374,82500,3.373,903900,3.372,553300,3.371,337400,3.37,902800,3.369,149000,3.368,333200,3.378,288800,3.379,453700,3.38,507600,3.381,132400,3.382,662000,3.383,462200,3.384,115900,3.385,84600,3.386,30500,3.387,325300
2020-09-03 14:36:27.190,3.378,9500.0,3.395,3.397441,3.378,3.398,3.377,694000,3.376,1471800,3.375,1480200,3.374,175500,3.373,903900,3.372,553300,3.371,337400,3.37,902800,3.369,149000,3.368,343200,3.378,285100,3.379,453700,3.38,507600,3.381,225400,3.382,662000,3.383,162200,3.384,415900,3.385,84600,3.386,30500,3.387,325300
2020-09-03 14:36:30.170,3.377,20300.0,3.395,3.39744,3.378,3.398,3.377,781700,3.376,871800,3.375,1480200,3.374,775500,3.373,908900,3.372,553300,3.371,337400,3.37,902900,3.369,149000,3.368,343200,3.378,281800,3.379,453700,3.38,507600,3.381,225400,3.382,662000,3.383,162200,3.384,415900,3.385,84600,3.386,30500,3.387,325300
2020-09-03 14:36:32.130,3.378,400.0,3.395,3.39744,3.378,3.398,3.377,866700,3.376,812500,3.375,1380000,3.374,775500,3.373,811900,3.372,353300,3.371,637400,3.37,902900,3.369,149000,3.368,349200,3.378,281400,3.379,453700,3.38,507600,3.381,225400,3.382,762000,3.383,362200,3.384,115900,3.385,84600,3.386,30500,3.387,325300
2020-09-03 14:36:35.880,3.377,878200.0,3.395,3.3973690000000003,3.378,3.398,3.376,445400,3.375,1080000,3.374,775500,3.373,1516900,3.372,253300,3.371,337400,3.37,1182900,3.369,149000,3.368,349200,3.367,82000,3.377,3125600,3.378,276400,3.379,253600,3.38,507600,3.381,225400,3.382,862000,3.383,162200,3.384,115900,3.385,84600,3.386,30500
2020-09-03 14:36:39.520,3.377,19500.0,3.395,3.397367,3.378,3.398,3.376,405800,3.375,1145500,3.374,682500,3.373,1416900,3.372,353300,3.371,337400,3.37,1122000,3.369,211400,3.368,349200,3.367,82000,3.377,2656100,3.378,326700,3.379,112000,3.38,507600,3.381,32400,3.382,1024100,3.383,100,3.384,115900,3.385,84600,3.386,30500
2020-09-03 14:36:41.770,3.377,302000.0,3.395,3.3973410000000004,3.378,3.398,3.376,106600,3.375,773500,3.374,382500,3.373,1569200,3.372,1053300,3.371,337400,3.37,822000,3.369,511400,3.368,349200,3.367,82000,3.377,1469500,3.378,126600,3.379,112000,3.38,300600,3.381,332400,3.382,724100,3.383,100,3.384,115900,3.385,84600,3.386,30500
2020-09-03 14:36:44.310,3.376,9000.0,3.395,3.3973410000000004,3.378,3.398,3.376,102100,3.375,774600,3.374,382500,3.373,1569200,3.372,1053300,3.371,337400,3.37,822000,3.369,511400,3.368,349200,3.367,82000,3.377,866200,3.378,123600,3.379,112000,3.38,300600,3.381,332400,3.382,724100,3.383,100,3.384,115900,3.385,83200,3.386,30500
2020-09-03 14:36:47.150,3.376,105200.0,3.395,3.397332,3.378,3.398,3.375,769100,3.374,382500,3.373,909900,3.372,853300,3.371,457400,3.37,822000,3.369,511400,3.368,349200,3.367,82000,3.366,483700,3.376,376900,3.377,866200,3.378,123600,3.379,112000,3.38,300600,3.381,432400,3.382,624100,3.383,100,3.384,115900,3.385,83200
2020-09-03 14:36:51.090,3.375,437900.0,3.395,3.397293,3.378,3.398,3.375,371800,3.374,82500,3.373,519200,3.372,803300,3.371,1510900,3.37,1422000,3.369,149000,3.368,711600,3.367,82000,3.366,483700,3.376,1238300,3.377,866200,3.378,123600,3.379,112000,3.38,600600,3.381,194600,3.382,112000,3.383,100,3.384,115900,3.385,83200
2020-09-03 14:36:53.880,3.375,391800.0,3.395,3.3972589999999996,3.378,3.398,3.374,80100,3.373,426400,3.372,1196300,3.371,1410900,3.37,1522000,3.369,149000,3.368,411600,3.367,382000,3.366,483700,3.365,299500,3.375,1356700,3.376,1238300,3.377,23900,3.378,123600,3.379,405000,3.38,307600,3.381,94600,3.382,112000,3.383,100,3.384,115900
2020-09-03 14:36:55.980,3.374,5000.0,3.395,3.3972580000000003,3.378,3.398,3.374,82100,3.373,426400,3.372,1196300,3.371,1411100,3.37,1527000,3.369,149000,3.368,349200,3.367,444400,3.366,483700,3.365,299500,3.375,969000,3.376,938300,3.377,23900,3.378,123600,3.379,405000,3.38,369800,3.381,32400,3.382,112000,3.383,100,3.384,115900
2020-09-03 14:37:00.230,3.374,22800.0,3.395,3.3972559999999996,3.378,3.398,3.374,70200,3.373,369100,3.372,786300,3.371,1111100,3.37,827000,3.369,849000,3.368,949200,3.367,444400,3.366,483700,3.365,299500,3.375,512700,3.376,638300,3.377,23900,3.378,323600,3.379,205000,3.38,269800,3.381,32400,3.382,112000,3.383,100,3.384,115900
2020-09-03 14:37:03.460,3.374,79900.0,3.395,3.397249,3.378,3.398,3.373,719400,3.372,687300,3.371,1411100,3.37,1421600,3.369,249000,3.368,649200,3.367,144400,3.366,483700,3.365,299500,3.364,156500,3.374,237600,3.375,512000,3.376,638300,3.377,123900,3.378,23600,3.379,112000,3.38,569800,3.381,482400,3.382,112000,3.383,100
2020-09-03 14:37:06.080,3.374,253500.0,3.395,3.3972260000000003,3.377,3.398,3.374,655900,3.373,600000,3.372,1497300,3.371,1911100,3.37,821600,3.369,549000,3.368,349200,3.367,82000,3.366,546600,3.365,299500,3.375,208000,3.376,341200,3.377,83900,3.378,123600,3.379,274200,3.38,213600,3.381,782400,3.382,112000,3.383,100,3.384,115900
2020-09-03 14:37:09.520,3.375,115800.0,3.395,3.397215,3.377,3.398,3.374,613000,3.373,705300,3.372,1362300,3.371,2004100,3.37,826600,3.369,249000,3.368,349200,3.367,144400,3.366,481200,3.365,299500,3.375,192200,3.376,41200,3.377,83900,3.378,116600,3.379,212000,3.38,375800,3.381,482400,3.382,412000,3.383,100,3.384,115900
2020-09-03 14:37:12.130,3.375,312400.0,3.395,3.397188,3.378,3.398,3.375,686100,3.374,906800,3.373,1306300,3.372,1192300,3.371,1204100,3.37,926800,3.369,149000,3.368,349200,3.367,144400,3.366,481200,3.376,41200,3.377,83900,3.378,116600,3.379,12000,3.38,475800,3.381,482400,3.382,412000,3.383,100,3.384,115900,3.385,83200
2020-09-03 14:37:15.530,3.376,50000.0,3.395,3.397183,3.378,3.398,3.376,257300,3.375,709100,3.374,1093600,3.373,1366200,3.372,695300,3.371,904100,3.37,929800,3.369,149000,3.368,411600,3.367,82000,3.377,23900,3.378,116600,3.379,112000,3.38,240100,3.381,544600,3.382,112000,3.383,300100,3.384,115900,3.385,83200,3.386,31500
2020-09-03 14:37:18.140,3.377,35900.0,3.395,3.397181,3.378,3.398,3.377,267900,3.376,339400,3.375,1250300,3.374,1066100,3.373,596900,3.372,995300,3.371,1004100,3.37,819900,3.369,211400,3.368,349200,3.378,109300,3.379,12000,3.38,140100,3.381,677500,3.382,174100,3.383,300100,3.384,115900,3.385,72200,3.386,31500,3.387,355300
2020-09-03 14:37:22.090,3.378,4400.0,3.395,3.39718,3.378,3.398,3.377,695000,3.376,1298400,3.375,980900,3.374,639300,3.373,380000,3.372,795300,3.371,811100,3.37,903300,3.369,157000,3.368,353200,3.378,11900,3.379,12000,3.38,40100,3.381,578900,3.382,312000,3.383,62200,3.384,415900,3.385,72200,3.386,37500,3.387,356300
2020-09-03 14:37:24.460,3.377,17200.0,3.395,3.397179,3.378,3.398,3.377,295700,3.376,956200,3.375,883900,3.374,432300,3.373,480000,3.372,995300,3.371,811100,3.37,860200,3.369,157000,3.368,353200,3.378,11900,3.379,12000,3.38,40100,3.381,671900,3.382,212000,3.383,462200,3.384,115900,3.385,82200,3.386,38500,3.387,356300
2020-09-03 14:37:26.650,3.377,36000.0,3.395,3.3971760000000004,3.379,3.398,3.377,235700,3.376,70300,3.375,1243200,3.374,1135300,3.373,380000,3.372,795300,3.371,1113900,3.37,860200,3.369,157000,3.368,353200,3.378,5900,3.379,392000,3.38,40100,3.381,671900,3.382,512000,3.383,62200,3.384,115900,3.385,82200,3.386,39000,3.387,356300
2020-09-03 14:37:30.170,3.378,99500.0,3.395,3.397168,3.379,3.398,3.378,461400,3.377,157000,3.376,393400,3.375,943200,3.374,1135300,3.373,381000,3.372,1095700,3.371,813900,3.37,860200,3.369,157000,3.379,292000,3.38,737100,3.381,671900,3.382,212000,3.383,362200,3.384,115900,3.385,82200,3.386,39000,3.387,356300,3.388,26700
2020-09-03 14:37:36.860,3.379,29000.0,3.395,3.3971660000000004,3.378,3.398,3.378,437400,3.377,177500,3.376,378300,3.375,1001200,3.374,826400,3.373,481000,3.372,995700,3.371,876200,3.37,812800,3.369,157000,3.379,291800,3.38,1037100,3.381,578900,3.382,205000,3.383,400100,3.384,178000,3.385,75200,3.386,39000,3.387,356300,3.388,26700
2020-09-03 14:37:39.600,3.378,302100.0,3.395,3.3971430000000002,3.378,3.398,3.378,147400,3.377,187500,3.376,49200,3.375,941900,3.374,1126400,3.373,381000,3.372,695700,3.371,1176200,3.37,822800,3.369,157000,3.379,289700,3.38,1037100,3.381,578900,3.382,505000,3.383,100,3.384,278000,3.385,75200,3.386,39000,3.387,356300,3.388,26700
2020-09-03 14:37:42.410,3.378,147900.0,3.395,3.397132,3.378,3.398,3.377,187700,3.376,59200,3.375,1307900,3.374,826400,3.373,481000,3.372,995700,3.371,876200,3.37,802800,3.369,157000,3.368,362600,3.378,669400,3.379,289700,3.38,1037100,3.381,578900,3.382,505000,3.383,100100,3.384,178000,3.385,75200,3.386,39000,3.387,356300
2020-09-03 14:37:44.750,3.378,4000.0,3.395,3.397132,3.379,3.398,3.377,188000,3.376,446700,3.375,1007900,3.374,822900,3.373,481000,3.372,995700,3.371,813900,3.37,865700,3.369,157000,3.368,362600,3.378,166500,3.379,14600,3.38,1037100,3.381,578900,3.382,205000,3.383,462200,3.384,115900,3.385,75200,3.386,39000,3.387,356300
2020-09-03 14:37:48.320,3.378,15600.0,3.395,3.397131,3.379,3.398,3.377,181000,3.376,451200,3.375,910500,3.374,822900,3.373,481000,3.372,995700,3.371,813900,3.37,865700,3.369,167000,3.368,362600,3.378,192300,3.379,14600,3.38,737100,3.381,578900,3.382,112000,3.383,462200,3.384,115900,3.385,85200,3.386,39000,3.387,356300
2020-09-03 14:37:50.820,3.378,17400.0,3.395,3.39713,3.378,3.398,3.377,181000,3.376,451300,3.375,902100,3.374,915900,3.373,481000,3.372,695700,3.371,813900,3.37,865700,3.369,167000,3.368,362600,3.378,174900,3.379,14600,3.38,744100,3.381,671900,3.382,112000,3.383,462200,3.384,115900,3.385,85200,3.386,39000,3.387,356300
2020-09-03 14:37:54.390,3.377,20200.0,3.395,3.397128,3.378,3.398,3.377,161000,3.376,451300,3.375,902100,3.374,915900,3.373,481000,3.372,1000700,3.371,813900,3.37,865700,3.369,167000,3.368,392200,3.378,174700,3.379,14600,3.38,744100,3.381,671900,3.382,112000,3.383,462200,3.384,115900,3.385,85200,3.386,39000,3.387,356300
2020-09-03 14:37:57.730,3.378,9600.0,3.395,3.397127,3.379,3.398,3.377,200100,3.376,1053300,3.375,905100,3.374,314900,3.373,381000,3.372,1100700,3.371,813900,3.37,865700,3.369,167000,3.368,392200,3.378,166000,3.379,14600,3.38,744100,3.381,671900,3.382,212000,3.383,362200,3.384,115900,3.385,85200,3.386,39000,3.387,356300
2020-09-03 14:38:00.300,3.377,72100.0,3.395,3.397122,3.378,3.398,3.377,152500,3.376,66200,3.375,1205100,3.374,915400,3.373,481000,3.372,700700,3.371,1113900,3.37,865700,3.369,167000,3.368,392200,3.378,105900,3.379,14600,3.38,745300,3.381,671900,3.382,412000,3.383,162200,3.384,120900,3.385,85200,3.386,39000,3.387,356300
2020-09-03 14:38:03.240,3.378,4600.0,3.395,3.397121,3.378,3.398,3.377,184500,3.376,27300,3.375,305100,3.374,1122400,3.373,981000,3.372,800700,3.371,1113900,3.37,865700,3.369,167000,3.368,392200,3.378,101300,3.379,294600,3.38,795300,3.381,578900,3.382,512000,3.383,62200,3.384,120900,3.385,85200,3.386,39000,3.387,356300
2020-09-03 14:38:06.060,3.377,15500.0,3.395,3.3971199999999997,3.378,3.398,3.377,173000,3.376,39500,3.375,305500,3.374,1215700,3.373,1081000,3.372,695700,3.371,1113900,3.37,865700,3.369,167000,3.368,392200,3.378,97800,3.379,294600,3.38,795300,3.381,571900,3.382,412000,3.383,162200,3.384,120900,3.385,85200,3.386,39000,3.387,356300
2020-09-03 14:38:09.040,3.378,35000.0,3.395,3.397118,3.378,3.398,3.377,153100,3.376,428600,3.375,906000,3.374,915700,3.373,381000,3.372,1095700,3.371,813900,3.37,865700,3.369,167000,3.368,392200,3.378,84800,3.379,294600,3.38,806300,3.381,571900,3.382,212000,3.383,362200,3.384,120900,3.385,85200,3.386,39000,3.387,356300
2020-09-03 14:38:12.090,3.377,12000.0,3.395,3.3971169999999997,3.379,3.398,3.377,141100,3.376,131600,3.375,1216000,3.374,912700,3.373,481000,3.372,995700,3.371,813900,3.37,885900,3.369,167000,3.368,392200,3.378,84800,3.379,294600,3.38,806300,3.381,571900,3.382,112000,3.383,462200,3.384,120900,3.385,85200,3.386,39000,3.387,356300
2020-09-03 14:38:15.760,3.378,36000.0,3.395,3.3971139999999997,3.378,3.398,3.377,141800,3.376,120500,3.375,1219200,3.374,915700,3.373,366400,3.372,1095700,3.371,813900,3.37,885900,3.369,167000,3.368,392200,3.378,48800,3.379,294600,3.38,806300,3.381,671900,3.382,212000,3.383,362200,3.384,120900,3.385,85200,3.386,39000,3.387,356300
2020-09-03 14:38:18.190,3.377,32000.0,3.395,3.397111,3.378,3.398,3.377,109800,3.376,110500,3.375,1219200,3.374,914700,3.373,466400,3.372,995900,3.371,814000,3.37,885900,3.369,167000,3.368,392200,3.378,48800,3.379,294600,3.38,806300,3.381,671900,3.382,112000,3.383,462200,3.384,120900,3.385,90300,3.386,39000,3.387,356300
2020-09-03 14:38:20.790,3.378,10000.0,3.395,3.397111,3.378,3.398,3.377,128800,3.376,70500,3.375,263700,3.374,1174000,3.373,1066400,3.372,795900,3.371,1110500,3.37,885900,3.369,167000,3.368,397200,3.378,38800,3.379,294600,3.38,806300,3.381,671900,3.382,512000,3.383,62200,3.384,120900,3.385,90300,3.386,39000,3.387,356300
2020-09-03 14:38:24.280,3.377,12000.0,3.395,3.39711,3.378,3.398,3.377,117800,3.376,75500,3.375,267200,3.374,1174500,3.373,1186400,3.372,695900,3.371,1110500,3.37,885900,3.369,172000,3.368,397200,3.378,38800,3.379,294600,3.38,806300,3.381,871900,3.382,112000,3.383,162200,3.384,120900,3.385,90300,3.386,39000,3.387,356300
2020-09-03 14:38:26.840,3.377,202700.0,3.395,3.397094,3.378,3.398,3.376,115600,3.375,591400,3.374,884500,3.373,1086400,3.372,795900,3.371,1110500,3.37,885900,3.369,172000,3.368,397500,3.367,100500,3.377,343200,3.378,38800,3.379,394600,3.38,806300,3.381,571900,3.382,512000,3.383,62200,3.384,120900,3.385,95800,3.386,39000
2020-09-03 14:38:34.290,3.377,43100.0,3.395,3.39709,3.378,3.398,3.377,22700,3.376,204900,3.375,1306400,3.374,791400,3.373,579400,3.372,1095900,3.371,810500,3.37,824700,3.369,234400,3.368,397500,3.378,38800,3.379,295500,3.38,899300,3.381,578900,3.382,274100,3.383,300100,3.384,120900,3.385,95800,3.386,39000,3.387,56300
2020-09-03 14:38:36.320,3.377,15000.0,3.395,3.397089,3.379,3.398,3.377,12700,3.376,504900,3.375,1006400,3.374,732100,3.373,779400,3.372,795900,3.371,810500,3.37,887100,3.369,172000,3.368,397500,3.378,37800,3.379,295500,3.38,899300,3.381,578900,3.382,212000,3.383,362200,3.384,120900,3.385,96800,3.386,39000,3.387,56300
2020-09-03 14:38:42.350,3.377,12900.0,3.395,3.3970879999999997,3.379,3.398,3.377,54500,3.376,165900,3.375,1365800,3.374,832300,3.373,479400,3.372,1095900,3.371,810500,3.37,910900,3.369,172000,3.368,397500,3.378,43800,3.379,295500,3.38,899300,3.381,878900,3.382,212000,3.383,362200,3.384,120900,3.385,95800,3.386,39000,3.387,56300
2020-09-03 14:38:45.070,3.377,2000.0,3.395,3.3970879999999997,3.379,3.398,3.377,52500,3.376,466000,3.375,1069800,3.374,832300,3.373,386400,3.372,1095900,3.371,810500,3.37,911800,3.369,172000,3.368,397500,3.378,43800,3.379,295500,3.38,806300,3.381,878900,3.382,212000,3.383,362200,3.384,120900,3.385,95800,3.386,39000,3.387,56300
2020-09-03 14:38:48.660,3.378,13100.0,3.395,3.3970870000000004,3.379,3.398,3.377,95500,3.376,511200,3.375,1069800,3.374,925300,3.373,837900,3.372,795900,3.371,810500,3.37,911800,3.369,172000,3.368,397500,3.378,42600,3.379,295500,3.38,806300,3.381,971900,3.382,212000,3.383,362200,3.384,120900,3.385,95800,3.386,39000,3.387,56300
2020-09-03 14:38:52.100,3.378,49300.0,3.395,3.3970830000000003,3.379,3.398,3.378,291600,3.377,976500,3.376,1006600,3.375,1440700,3.374,525300,3.373,640900,3.372,695900,3.371,810500,3.37,912000,3.369,172000,3.379,15500,3.38,406400,3.381,871900,3.382,212000,3.383,162200,3.384,420900,3.385,95800,3.386,39000,3.387,56300,3.388,26700
2020-09-03 14:38:54.320,3.379,32500.0,3.395,3.3970809999999996,3.379,3.398,3.379,288000,3.378,335000,3.377,1653000,3.376,1046600,3.375,805700,3.374,225300,3.373,940900,3.372,695900,3.371,872800,3.37,849600,3.38,406400,3.381,971900,3.382,212000,3.383,100100,3.384,483000,3.385,95800,3.386,39000,3.387,56300,3.388,26700,3.389,102600
2020-09-03 14:38:58.050,3.381,153000.0,3.395,3.39707,3.379,3.398,3.378,3700,3.377,693700,3.376,1206600,3.375,592000,3.374,325300,3.373,840900,3.372,758200,3.371,810500,3.37,851600,3.369,175000,3.381,968200,3.382,212000,3.383,100,3.384,520900,3.385,157900,3.386,39000,3.387,56300,3.388,26700,3.389,102600,3.39,253200
2020-09-03 14:39:00.510,3.378,191400.0,3.395,3.3970580000000004,3.379,3.398,3.377,119900,3.376,1104900,3.375,692000,3.374,132300,3.373,830800,3.372,695900,3.371,872800,3.37,851600,3.369,175000,3.368,397500,3.378,5400,3.38,300000,3.381,692900,3.382,212000,3.383,100,3.384,420900,3.385,95800,3.386,201100,3.387,56300,3.388,26700
2020-09-03 14:39:03.700,3.378,8800.0,3.395,3.3970580000000004,3.379,3.398,3.378,4200,3.377,89900,3.376,1132000,3.375,751300,3.374,323300,3.373,930800,3.372,694300,3.371,810500,3.37,914000,3.369,175000,3.38,2976900,3.381,786200,3.382,212000,3.383,462200,3.384,120900,3.385,95800,3.386,39000,3.387,56300,3.388,26700,3.389,102600
2020-09-03 14:39:12.370,3.378,12000.0,3.395,3.3970569999999998,3.379,3.398,3.378,8400,3.377,108100,3.376,147900,3.375,1051100,3.374,920300,3.373,630800,3.372,694300,3.371,872600,3.37,846600,3.369,175000,3.379,1808100,3.38,3612900,3.381,786200,3.382,412000,3.383,100100,3.384,183000,3.385,95800,3.386,39000,3.387,56300,3.388,26700
2020-09-03 14:39:14.540,3.378,8900.0,3.395,3.3970559999999996,3.379,3.398,3.377,108100,3.376,149100,3.375,550400,3.374,827300,3.373,630800,3.372,694300,3.371,1172600,3.37,846600,3.369,175000,3.368,397500,3.378,591500,3.379,1808100,3.38,3312900,3.381,693200,3.382,505000,3.383,100100,3.384,183000,3.385,95800,3.386,39000,3.387,56300
2020-09-03 14:39:18.480,3.378,2400.0,3.395,3.3970559999999996,3.379,3.398,3.377,130100,3.376,109600,3.375,191100,3.374,1028300,3.373,1230800,3.372,694300,3.371,1110300,3.37,909000,3.369,175000,3.368,397500,3.378,1190800,3.379,1488200,3.38,3112900,3.381,593200,3.382,505000,3.383,162200,3.384,120900,3.385,95800,3.386,39000,3.387,56300
2020-09-03 14:39:24.620,3.378,13000.0,3.395,3.3970550000000004,3.379,3.398,3.377,114900,3.376,112900,3.375,196000,3.374,1087600,3.373,1330800,3.372,694300,3.371,1110300,3.37,910000,3.369,175000,3.368,397500,3.378,1192800,3.379,1208200,3.38,2513000,3.381,593200,3.382,505000,3.383,162200,3.384,120900,3.385,95800,3.386,39000,3.387,56300
2020-09-03 14:39:26.560,3.377,18200.0,3.395,3.3970540000000002,3.379,3.398,3.377,104700,3.376,113800,3.375,198500,3.374,1087600,3.373,1331300,3.372,694300,3.371,1120300,3.37,911000,3.369,180000,3.368,397500,3.378,905100,3.379,958200,3.38,1913000,3.381,603900,3.382,505000,3.383,162200,3.384,120900,3.385,95800,3.386,39000,3.387,56300
2020-09-03 14:39:30.440,3.377,23700.0,3.395,3.3970519999999995,3.379,3.398,3.377,91800,3.376,183800,3.375,488100,3.374,880600,3.373,1231300,3.372,794300,3.371,820300,3.37,912000,3.369,180000,3.368,397500,3.378,898400,3.379,958200,3.38,1913000,3.381,696900,3.382,512000,3.383,62200,3.384,121000,3.385,95800,3.386,39000,3.387,56300
2020-09-03 14:39:37.360,3.378,39600.0,3.395,3.397049,3.379,3.398,3.378,2400,3.377,81200,3.376,168800,3.375,1109000,3.374,884800,3.373,632300,3.372,794300,3.371,1120300,3.37,917000,3.369,180000,3.379,858200,3.38,1909000,3.381,796900,3.382,512000,3.383,62200,3.384,121000,3.385,95800,3.386,39000,3.387,56300,3.388,26700
2020-09-03 14:39:38.890,3.378,600.0,3.395,3.397049,3.379,3.398,3.378,1800,3.377,81200,3.376,168800,3.375,1114700,3.374,884800,3.373,732300,3.372,694300,3.371,1182600,3.37,914600,3.369,180000,3.379,601000,3.38,1919000,3.381,796900,3.382,412000,3.383,100100,3.384,183100,3.385,95800,3.386,39000,3.387,56300,3.388,26700
2020-09-03 14:39:42.470,3.377,12000.0,3.395,3.3970480000000003,3.379,3.398,3.377,174500,3.376,168800,3.375,1110800,3.374,791800,3.373,732300,3.372,694300,3.371,1182600,3.37,915600,3.369,180000,3.368,449500,3.379,601000,3.38,1919000,3.381,703900,3.382,412000,3.383,100100,3.384,183100,3.385,95800,3.386,39000,3.387,56300,3.388,26700
2020-09-03 14:39:47.590,3.379,100.0,3.395,3.3970480000000003,3.379,3.398,3.378,1100,3.377,450100,3.376,139800,3.375,1110800,3.374,889800,3.373,632300,3.372,794300,3.371,1182600,3.37,915600,3.369,180000,3.379,900,3.38,1922500,3.381,703900,3.382,605000,3.383,100,3.384,233100,3.385,95800,3.386,39000,3.387,56300,3.388,26700
2020-09-03 14:39:50.570,3.378,27200.0,3.395,3.397046,3.38,3.398,3.377,426000,3.376,440800,3.375,903800,3.374,896000,3.373,632300,3.372,694300,3.371,1182600,3.37,915700,3.369,180000,3.368,449500,3.378,578500,3.379,900,3.38,1922500,3.381,703900,3.382,205000,3.383,300100,3.384,333100,3.385,95800,3.386,39000,3.387,56300
2020-09-03 14:39:53.100,3.377,10500.0,3.395,3.397045,3.38,3.398,3.377,423500,3.376,156800,3.375,1206800,3.374,1246500,3.373,1182300,3.372,244300,3.371,670300,3.37,978100,3.369,180000,3.368,449400,3.378,276900,3.379,900,3.38,1922500,3.381,413300,3.382,505000,3.383,172200,3.384,171000,3.385,95800,3.386,39000,3.387,56300
2020-09-03 14:39:56.440,3.378,13500.0,3.395,3.397044,3.379,3.398,3.377,412700,3.376,156800,3.375,1234800,3.374,1246500,3.373,1082300,3.372,344300,3.371,370300,3.37,1038100,3.369,180000,3.368,449400,3.378,275300,3.379,600900,3.38,1922500,3.381,413300,3.382,605000,3.383,72200,3.384,171000,3.385,95800,3.386,39000,3.387,56300
2020-09-03 14:39:56.680,3.378,900.0,3.395,3.397044,3.379,3.398,3.377,417700,3.376,156800,3.375,1229900,3.374,1246500,3.373,1182300,3.372,244300,3.371,670300,3.37,1038100,3.369,180000,3.368,449400,3.378,344400,3.379,604900,3.38,1622500,3.381,413300,3.382,505000,3.383,172200,3.384,171000,3.385,95800,3.386,39000,3.387,56300
2020-09-03 14:40:01.930,3.378,318400.0,3.395,3.3970190000000002,3.379,3.398,3.377,110100,3.376,202300,3.375,1136900,3.374,1246500,3.373,1182300,3.372,554300,3.371,370300,3.37,1038100,3.369,170000,3.368,449400,3.378,70000,3.379,604900,3.38,1322500,3.381,413300,3.382,412000,3.383,172200,3.384,171000,3.385,95800,3.386,39000,3.387,56300
2020-09-03 14:40:05.560,3.378,100.0,3.395,3.3970190000000002,3.379,3.398,3.377,110100,3.376,174200,3.375,536600,3.374,1349500,3.373,1182300,3.372,254300,3.371,370300,3.37,1038100,3.369,170000,3.368,449400,3.378,69900,3.379,604900,3.38,1322500,3.381,406300,3.382,412000,3.383,172200,3.384,171000,3.385,95800,3.386,39000,3.387,56300
2020-09-03 14:40:08.430,3.377,120100.0,3.395,3.39701,3.379,3.398,3.376,134200,3.375,231600,3.374,1590200,3.373,1682300,3.372,254300,3.371,370300,3.37,1038100,3.369,170000,3.368,449400,3.367,108500,3.377,101900,3.378,59900,3.379,704900,3.38,1322500,3.381,406300,3.382,412000,3.383,172200,3.384,171000,3.385,95800,3.386,39000
2020-09-03 14:40:11.230,3.377,17400.0,3.395,3.397008,3.379,3.398,3.376,131100,3.375,231600,3.374,690200,3.373,1882300,3.372,954300,3.371,370300,3.37,975700,3.369,532400,3.368,449400,3.367,108500,3.377,1678300,3.378,337400,3.379,404900,3.38,1522500,3.381,406300,3.382,274100,3.383,10100,3.384,171000,3.385,95800,3.386,39000
2020-09-03 14:40:14.380,3.375,389800.0,3.395,3.396975,3.378,3.398,3.374,675200,3.373,1282300,3.372,1013700,3.371,1070300,3.37,1275700,3.369,232400,3.368,449400,3.367,108500,3.366,516800,3.365,321000,3.375,58600,3.376,418900,3.377,1988500,3.378,482400,3.379,304900,3.38,1225500,3.381,406300,3.382,274100,3.383,10100,3.384,171000
2020-09-03 14:40:15.570,3.375,6600.0,3.395,3.396975,3.378,3.398,3.374,502200,3.373,1119400,3.372,913700,3.371,1070300,3.37,1375700,3.369,170000,3.368,449400,3.367,170900,3.366,516800,3.365,321000,3.375,52000,3.376,118900,3.377,1695000,3.378,482400,3.379,304900,3.38,787700,3.381,613300,3.382,112000,3.383,10100,3.384,171000
2020-09-03 14:40:17.710,3.375,500.0,3.395,3.396975,3.378,3.398,3.374,472200,3.373,1119400,3.372,913700,3.371,1163300,3.37,1075700,3.369,470000,3.368,449400,3.367,170900,3.366,516800,3.365,321000,3.375,51500,3.376,130900,3.377,1408200,3.378,575400,3.379,304900,3.38,787700,3.381,613300,3.382,112000,3.383,10100,3.384,171000
2020-09-03 14:40:23.290,3.375,1800.0,3.395,3.396975,3.378,3.398,3.374,172200,3.373,1379400,3.372,854300,3.371,1163300,3.37,1075800,3.369,170000,3.368,749400,3.367,170900,3.366,516800,3.365,321000,3.375,49700,3.376,400900,3.377,514400,3.378,575400,3.379,312900,3.38,487700,3.381,313300,3.382,112000,3.383,10100,3.384,171000
2020-09-03 14:40:26.440,3.375,32200.0,3.395,3.3969720000000003,3.378,3.398,3.374,121500,3.373,1421800,3.372,913700,3.371,1164300,3.37,1075800,3.369,470000,3.368,449400,3.367,170900,3.366,516800,3.365,321000,3.375,29500,3.376,400900,3.377,514400,3.378,575400,3.379,312900,3.38,187700,3.381,613300,3.382,112000,3.383,10100,3.384,171000
2020-09-03 14:40:27.800,3.375,7800.0,3.395,3.3969709999999997,3.378,3.398,3.374,139200,3.373,1421800,3.372,854300,3.371,1064300,3.37,1074800,3.369,170000,3.368,749400,3.367,170900,3.366,516800,3.365,321000,3.375,21700,3.376,400900,3.377,514800,3.378,575400,3.379,312900,3.38,487700,3.381,313300,3.382,112000,3.383,10100,3.384,171000
2020-09-03 14:40:31.830,3.375,24100.0,3.395,3.3969690000000003,3.378,3.398,3.374,132200,3.373,1421800,3.372,913700,3.371,1164300,3.37,1074800,3.369,170000,3.368,449400,3.367,170900,3.366,514600,3.365,321000,3.375,9600,3.376,400900,3.377,429300,3.378,575400,3.379,312900,3.38,487700,3.381,313300,3.382,112000,3.383,10100,3.384,121000
2020-09-03 14:40:35.530,3.375,13700.0,3.395,3.396968,3.377,3.398,3.375,86300,3.374,137700,3.373,1381800,3.372,913700,3.371,1164300,3.37,1080600,3.369,170000,3.368,749400,3.367,170900,3.366,514600,3.376,400900,3.377,429300,3.378,575400,3.379,308900,3.38,487700,3.381,313300,3.382,112000,3.383,10100,3.384,121000,3.385,105800
2020-09-03 14:40:38.490,3.374,112000.0,3.395,3.396958,3.377,3.398,3.374,495000,3.373,473200,3.372,1456700,3.371,1521300,3.37,1080700,3.369,170000,3.368,511800,3.367,108500,3.366,514600,3.365,321000,3.376,400900,3.377,329300,3.378,382400,3.379,401900,3.38,125500,3.381,675500,3.382,112000,3.383,10100,3.384,121000,3.385,105800
2020-09-03 14:40:45.420,3.376,57200.0,3.395,3.396953,3.378,3.398,3.375,3400,3.374,497700,3.373,1842600,3.372,1397200,3.371,475300,3.37,1285900,3.369,270000,3.368,511800,3.367,108500,3.366,514600,3.376,130700,3.377,329300,3.378,482400,3.379,601900,3.38,25500,3.381,675500,3.382,112000,3.383,10100,3.384,121000,3.385,105800
2020-09-03 14:40:47.760,3.375,3400.0,3.395,3.396953,3.378,3.398,3.374,484600,3.373,1433300,3.372,1398200,3.371,575500,3.37,986000,3.369,470000,3.368,511800,3.367,108500,3.366,514600,3.365,321000,3.375,66000,3.376,135700,3.377,329300,3.378,482400,3.379,501900,3.38,25500,3.381,775500,3.382,112000,3.383,10100,3.384,121000
2020-09-03 14:40:49.730,3.375,9900.0,3.395,3.3969519999999997,3.378,3.398,3.374,177600,3.373,1150400,3.372,1365400,3.371,1075500,3.37,1086200,3.369,470000,3.368,449400,3.367,108500,3.366,514600,3.365,321000,3.375,75100,3.376,405700,3.377,329300,3.378,437400,3.379,408900,3.38,425500,3.381,313300,3.382,112000,3.383,10100,3.384,121000
2020-09-03 14:40:54.530,3.375,4000.0,3.395,3.3969519999999997,3.378,3.398,3.374,137600,3.373,1112800,3.372,1365400,3.371,1169900,3.37,1086300,3.369,470000,3.368,449400,3.367,170900,3.366,514600,3.365,321000,3.375,161300,3.376,387000,3.377,329300,3.378,470500,3.379,308900,3.38,487700,3.381,313300,3.382,112000,3.383,10100,3.384,121000
2020-09-03 14:40:57.820,3.375,115600.0,3.395,3.3969410000000004,3.377,3.398,3.374,40200,3.373,901100,3.372,1365400,3.371,1169900,3.37,1091300,3.369,470000,3.368,449400,3.367,170900,3.366,514600,3.365,321000,3.375,279000,3.376,387000,3.377,329300,3.378,470500,3.379,308900,3.38,487700,3.381,313300,3.382,112000,3.383,10100,3.384,121000
2020-09-03 14:41:00.870,3.375,9000.0,3.395,3.3969410000000004,3.377,3.398,3.374,44500,3.373,870100,3.372,1306000,3.371,1069900,3.37,1082000,3.369,170000,3.368,749400,3.367,170900,3.366,514600,3.365,321000,3.375,270000,3.376,689400,3.377,329300,3.378,370500,3.379,308900,3.38,487700,3.381,313300,3.382,112000,3.383,10100,3.384,121000
2020-09-03 14:41:02.930,3.374,119700.0,3.395,3.3969300000000002,3.378,3.398,3.373,530400,3.372,706000,3.371,829300,3.37,1782400,3.369,770300,3.368,449400,3.367,470900,3.366,514600,3.365,321000,3.364,147800,3.374,810100,3.375,349300,3.376,689400,3.377,334300,3.378,670500,3.379,308900,3.38,187700,3.381,313300,3.382,112000,3.383,10100
2020-09-03 14:41:06.200,3.373,14200.0,3.395,3.396929,3.377,3.398,3.373,524100,3.372,747500,3.371,736300,3.37,1793500,3.369,870300,3.368,449400,3.367,107500,3.366,577000,3.365,321000,3.364,147800,3.374,786900,3.375,260300,3.376,389200,3.377,130200,3.378,577500,3.379,471100,3.38,25500,3.381,313300,3.382,112000,3.383,10100
2020-09-03 14:41:08.810,3.373,538800.0,3.395,3.396879,3.377,3.398,3.372,743500,3.371,739300,3.37,1198500,3.369,770300,3.368,549400,3.367,107500,3.366,877000,3.365,321000,3.364,147800,3.363,2869600,3.373,934800,3.374,798900,3.375,141600,3.376,119200,3.377,130200,3.378,677500,3.379,371100,3.38,25500,3.381,313300,3.382,112000
2020-09-03 14:41:12.290,3.372,300000.0,3.395,3.39685,3.377,3.398,3.371,720900,3.37,1548500,3.369,770300,3.368,1149400,3.367,107500,3.366,524600,3.365,383500,3.364,147800,3.363,2869600,3.362,326000,3.372,78400,3.373,1824000,3.374,328900,3.375,201600,3.376,19200,3.377,123700,3.378,739700,3.379,308900,3.38,25500,3.381,313300
2020-09-03 14:41:14.400,3.372,88800.0,3.395,3.396841,3.376,3.398,3.371,1175900,3.37,2278500,3.369,829700,3.368,554400,3.367,207500,3.366,524600,3.365,331000,3.364,210300,3.363,2869600,3.362,326000,3.372,26700,3.373,354000,3.374,328900,3.375,201600,3.376,19200,3.377,285900,3.378,577500,3.379,308900,3.38,25500,3.381,313300
2020-09-03 14:41:17.300,3.371,41600.0,3.395,3.396837,3.376,3.398,3.371,1145900,3.37,1611600,3.369,829700,3.368,554400,3.367,207500,3.366,524600,3.365,631000,3.364,210300,3.363,2869600,3.362,326000,3.372,30800,3.373,153900,3.374,228900,3.375,201600,3.376,19200,3.377,192900,3.378,577500,3.379,308900,3.38,25500,3.381,313300
2020-09-03 14:41:19.840,3.372,2000.0,3.395,3.396837,3.377,3.398,3.371,817400,3.37,1911600,3.369,829700,3.368,1251600,3.367,107500,3.366,924600,3.365,331000,3.364,210300,3.363,2869600,3.362,326000,3.372,214300,3.373,153900,3.374,229900,3.375,234600,3.376,119200,3.377,92900,3.378,577500,3.379,308900,3.38,25500,3.381,313300
2020-09-03 14:41:23.510,3.371,33500.0,3.395,3.3968339999999997,3.377,3.398,3.371,845500,3.37,1832000,3.369,829700,3.368,1315800,3.367,207500,3.366,824600,3.365,381000,3.364,210300,3.363,2869600,3.362,326000,3.372,211300,3.373,153900,3.374,229900,3.375,234600,3.376,19200,3.377,493900,3.378,277500,3.379,308900,3.38,25500,3.381,313300
2020-09-03 14:41:27.170,3.371,36700.0,3.395,3.3968300000000005,3.376,3.398,3.371,778800,3.37,1865200,3.369,829700,3.368,1315500,3.367,107500,3.366,924600,3.365,381000,3.364,210300,3.363,2869600,3.362,326000,3.372,278500,3.373,153900,3.374,27700,3.375,234600,3.376,119200,3.377,393900,3.378,277500,3.379,308900,3.38,25500,3.381,313300
2020-09-03 14:41:30.420,3.372,10400.0,3.395,3.396829,3.377,3.398,3.371,779300,3.37,1822400,3.369,770300,3.368,1274900,3.367,207500,3.366,629500,3.365,681000,3.364,210300,3.363,2869600,3.362,326000,3.372,268100,3.373,153900,3.374,27700,3.375,234600,3.376,119200,3.377,393900,3.378,277500,3.379,308900,3.38,25500,3.381,313300
2020-09-03 14:41:33.590,3.371,77600.0,3.395,3.396821,3.377,3.398,3.371,741700,3.37,1529600,3.369,475300,3.368,1181900,3.367,908500,3.366,529500,3.365,381000,3.364,510300,3.363,2869600,3.362,326000,3.372,363100,3.373,153900,3.374,27700,3.375,41600,3.376,319200,3.377,193900,3.378,277500,3.379,308900,3.38,25500,3.381,313300
2020-09-03 14:41:36.600,3.372,35400.0,3.395,3.396818,3.376,3.398,3.371,713500,3.37,1880200,3.369,176300,3.368,1276100,3.367,808500,3.366,631000,3.365,681000,3.364,210300,3.363,2869600,3.362,326000,3.372,257500,3.373,100000,3.374,113000,3.375,134600,3.376,119200,3.377,393900,3.378,277500,3.379,308900,3.38,25500,3.381,313300
2020-09-03 14:41:39.010,3.372,27500.0,3.395,3.396815,3.376,3.398,3.371,1035800,3.37,1590500,3.369,781300,3.368,1219700,3.367,208500,3.366,831000,3.365,381000,3.364,210300,3.363,2869600,3.362,326000,3.372,257000,3.374,13000,3.375,234600,3.376,19200,3.377,193900,3.378,577500,3.379,308900,3.38,25500,3.381,313300,3.382,112000
2020-09-03 14:41:42.390,3.372,109100.0,3.395,3.396805,3.376,3.398,3.371,1112500,3.37,2391100,3.369,1340700,3.368,719700,3.367,508500,3.366,531000,3.365,381000,3.364,210300,3.363,2869600,3.362,326000,3.372,157900,3.374,13000,3.375,234600,3.376,119200,3.377,193900,3.378,577500,3.379,308900,3.38,25500,3.381,313300,3.382,112000
2020-09-03 14:41:45.180,3.372,276800.0,3.395,3.396778,3.376,3.398,3.372,1274300,3.371,1078700,3.37,2449200,3.369,1282300,3.368,619700,3.367,508500,3.366,531000,3.365,381000,3.364,210300,3.363,2869600,3.374,13000,3.375,218200,3.376,119200,3.377,193900,3.378,277500,3.379,608900,3.38,25500,3.381,313300,3.382,112000,3.383,15700
2020-09-03 14:41:47.290,3.373,13400.0,3.395,3.3967769999999997,3.376,3.398,3.373,656600,3.372,1416900,3.371,1668200,3.37,2924200,3.369,182300,3.368,619700,3.367,208500,3.366,531000,3.365,443500,3.364,147800,3.374,13000,3.375,118200,3.376,119200,3.377,231700,3.378,277500,3.379,371100,3.38,325500,3.381,313300,3.382,112000,3.383,15700
2020-09-03 14:41:50.710,3.373,20500.0,3.395,3.396775,3.376,3.398,3.373,666200,3.372,1638600,3.371,1728400,3.37,1794200,3.369,182300,3.368,713700,3.367,108500,3.366,593400,3.365,381000,3.364,147300,3.374,11900,3.375,118200,3.376,19200,3.377,131700,3.378,477500,3.379,371100,3.38,25500,3.381,613300,3.382,112000,3.383,15700
2020-09-03 14:41:52.260,3.374,11900.0,3.395,3.3967739999999997,3.376,3.398,3.374,398000,3.373,1599300,3.372,1682000,3.371,1500700,3.37,1428800,3.369,492400,3.368,620700,3.367,133900,3.366,598400,3.365,381000,3.375,25200,3.376,19200,3.377,31700,3.378,477500,3.379,471100,3.38,25500,3.381,313300,3.382,412000,3.383,17500,3.384,119800
2020-09-03 14:41:57.530,3.375,98600.0,3.395,3.3967650000000003,3.376,3.398,3.375,64800,3.374,6800,3.373,782600,3.372,1682000,3.371,1693700,3.37,1448800,3.369,292400,3.368,520700,3.367,196300,3.366,536000,3.376,79200,3.377,18400,3.378,470500,3.379,408900,3.38,387700,3.381,313300,3.382,112000,3.383,17500,3.384,119800,3.385,105800
2020-09-03 14:42:00.460,3.375,51900.0,3.395,3.396761,3.376,3.398,3.375,19900,3.374,6800,3.373,695500,3.372,1612000,3.371,1507000,3.37,1548800,3.369,192400,3.368,883200,3.367,133900,3.366,536000,3.376,349200,3.377,18400,3.378,370500,3.379,308900,3.38,425500,3.381,375500,3.382,112000,3.383,17500,3.384,119800,3.385,105800
2020-09-03 14:42:02.300,3.373,22200.0,3.395,3.396759,3.376,3.398,3.373,395100,3.372,1912000,3.371,1517000,3.37,1553800,3.369,192400,3.368,883200,3.367,134100,3.366,536000,3.365,380000,3.364,147300,3.374,4000,3.376,289200,3.377,18400,3.378,370500,3.379,608900,3.38,125500,3.381,375500,3.382,112000,3.383,17500,3.384,119800
2020-09-03 14:42:05.260,3.374,1800.0,3.395,3.396759,3.376,3.398,3.373,30000,3.372,1261600,3.371,1136900,3.37,2159800,3.369,192400,3.368,922800,3.367,134100,3.366,598400,3.365,380000,3.364,147300,3.374,2200,3.375,282000,3.376,689400,3.377,118400,3.378,470500,3.379,671100,3.38,25500,3.381,313300,3.382,112000,3.383,17500
2020-09-03 14:42:08.360,3.374,200.0,3.395,3.396759,3.376,3.398,3.373,30000,3.372,715400,3.371,1434600,3.37,2060800,3.369,292400,3.368,522800,3.367,434100,3.366,598400,3.365,380000,3.364,147300,3.374,161300,3.375,298600,3.376,989300,3.377,128700,3.378,277500,3.379,771100,3.38,25500,3.381,313300,3.382,112000,3.383,17500
2020-09-03 14:42:10.920,3.373,3900.0,3.395,3.396759,3.376,3.398,3.373,27000,3.372,715400,3.371,834700,3.37,1554900,3.369,892400,3.368,1122800,3.367,134100,3.366,598400,3.365,380000,3.364,147300,3.374,162900,3.375,673100,3.376,889300,3.377,121700,3.378,277500,3.379,771100,3.38,25500,3.381,313300,3.382,112000,3.383,17500
2020-09-03 14:42:13.760,3.373,22200.0,3.395,3.396757,3.376,3.398,3.373,16400,3.372,415600,3.371,1436400,3.37,2214300,3.369,292400,3.368,622800,3.367,434100,3.366,598400,3.365,380000,3.364,151700,3.374,150300,3.375,713100,3.376,689100,3.377,121700,3.378,377500,3.379,671100,3.38,25500,3.381,313300,3.382,112000,3.383,17500
2020-09-03 14:42:16.840,3.374,200.0,3.395,3.396757,3.376,3.398,3.373,32800,3.372,417600,3.371,386400,3.37,2214300,3.369,892400,3.368,622800,3.367,434100,3.366,598400,3.365,382000,3.364,151700,3.374,150100,3.375,713100,3.376,689100,3.377,121700,3.378,377500,3.379,671100,3.38,25500,3.381,313300,3.382,112000,3.383,17500
2020-09-03 14:42:21.070,3.374,37700.0,3.395,3.396753,3.376,3.398,3.373,5100,3.372,85300,3.371,677700,3.37,2215300,3.369,992400,3.368,522800,3.367,434100,3.366,598400,3.365,382000,3.364,151700,3.374,140100,3.375,713100,3.376,689100,3.377,121700,3.378,577500,3.379,471100,3.38,25500,3.381,313300,3.382,112000,3.383,17500
2020-09-03 14:42:24.540,3.373,20300.0,3.395,3.396751,3.376,3.398,3.373,1900,3.372,95300,3.371,678200,3.37,2211300,3.369,992400,3.368,522800,3.367,434100,3.366,598400,3.365,382000,3.364,151700,3.374,127300,3.375,713100,3.376,689100,3.377,121700,3.378,577500,3.379,471100,3.38,25500,3.381,313300,3.382,112000,3.383,17500
2020-09-03 14:42:26.190,3.373,10900.0,3.395,3.39675,3.376,3.398,3.372,107200,3.371,679200,3.37,2221300,3.369,902400,3.368,624800,3.367,434100,3.366,608400,3.365,382000,3.364,151700,3.363,2869600,3.373,1100,3.374,127300,3.375,713100,3.376,419100,3.377,121700,3.378,677500,3.379,371100,3.38,25500,3.381,313300,3.382,112000
2020-09-03 14:42:30.170,3.373,21100.0,3.395,3.396749,3.376,3.398,3.373,138700,3.372,407300,3.371,525300,3.37,2210900,3.369,902400,3.368,624800,3.367,434100,3.366,546000,3.365,444500,3.364,151700,3.374,127300,3.375,713100,3.376,419100,3.377,121700,3.378,439700,3.379,608900,3.38,25500,3.381,313300,3.382,112000,3.383,17500
2020-09-03 14:42:32.670,3.373,56400.0,3.395,3.396743,3.376,3.398,3.373,88900,3.372,407300,3.371,525300,3.37,2309300,3.369,902400,3.368,624800,3.367,434100,3.366,608400,3.365,402000,3.364,151700,3.374,127300,3.375,713100,3.376,419100,3.377,111400,3.378,377500,3.379,671100,3.38,25500,3.381,313300,3.382,112000,3.383,17500
2020-09-03 14:42:33.990,3.373,50000.0,3.395,3.3967389999999997,3.376,3.398,3.373,39200,3.372,113700,3.371,826300,3.37,2236300,3.369,902400,3.368,615500,3.367,434100,3.366,608400,3.365,402000,3.364,151700,3.374,427500,3.375,713100,3.376,419100,3.377,18400,3.378,377500,3.379,671100,3.38,25500,3.381,313300,3.382,112000,3.383,17500
2020-09-03 14:42:37.830,3.373,12000.0,3.395,3.3967379999999996,3.376,3.398,3.373,33000,3.372,113700,3.371,771300,3.37,2341400,3.369,902400,3.368,615500,3.367,134100,3.366,908400,3.365,402000,3.364,151700,3.374,477500,3.375,713100,3.376,419100,3.377,111400,3.378,677500,3.379,371100,3.38,25500,3.381,313300,3.382,112000,3.383,17500
2020-09-03 14:42:42.160,3.373,700.0,3.395,3.3967379999999996,3.376,3.398,3.373,53000,3.372,114400,3.371,1221300,3.37,2335700,3.369,902400,3.368,615800,3.367,134100,3.366,911400,3.365,402000,3.364,151700,3.374,477500,3.375,713100,3.376,419100,3.377,111400,3.378,677500,3.379,371100,3.38,25500,3.381,313300,3.382,112000,3.383,17500
2020-09-03 14:42:44.040,3.374,23800.0,3.395,3.396735,3.375,3.398,3.373,59500,3.372,119400,3.371,1270800,3.37,2335700,3.369,902400,3.368,615800,3.367,134100,3.366,614400,3.365,402000,3.364,151700,3.374,477300,3.375,713100,3.376,419100,3.377,111400,3.378,677500,3.379,371100,3.38,25500,3.381,313300,3.382,112000,3.383,17500
2020-09-03 14:42:46.060,3.373,10000.0,3.395,3.396735,3.375,3.398,3.373,60600,3.372,130000,3.371,791300,3.37,2335800,3.369,1002400,3.368,515800,3.367,134100,3.366,614400,3.365,402000,3.364,151700,3.374,477300,3.375,713100,3.376,419100,3.377,111400,3.378,577500,3.379,471100,3.38,25500,3.381,313300,3.382,118000,3.383,22600
2020-09-03 14:42:51.460,3.373,44400.0,3.395,3.396731,3.375,3.398,3.373,53600,3.372,130000,3.371,791300,3.37,2247800,3.369,902400,3.368,615800,3.367,434100,3.366,614400,3.365,402000,3.364,151700,3.374,469900,3.375,713100,3.376,419100,3.377,18400,3.378,677500,3.379,371100,3.38,25500,3.381,313300,3.382,118000,3.383,22600
2020-09-03 14:42:53.980,3.374,1000.0,3.395,3.3967300000000002,3.375,3.398,3.373,64100,3.372,130000,3.371,791900,3.37,2345800,3.369,902400,3.368,615800,3.367,134100,3.366,914400,3.365,402000,3.364,151700,3.374,468900,3.375,713100,3.376,419100,3.377,111400,3.378,677500,3.379,371100,3.38,25500,3.381,313300,3.382,118000,3.383,22600
2020-09-03 14:42:57.290,3.372,219700.0,3.395,3.3967099999999997,3.375,3.398,3.371,445800,3.37,1991100,3.369,961800,3.368,1215800,3.367,134100,3.366,614400,3.365,702000,3.364,151700,3.363,2869600,3.362,326000,3.372,159400,3.373,1132800,3.374,468900,3.375,713300,3.376,319100,3.377,411400,3.378,277500,3.379,470200,3.38,25500,3.381,313300
2020-09-03 14:42:59.940,3.372,17500.0,3.395,3.3967080000000003,3.375,3.398,3.371,450100,3.37,2031100,3.369,851800,3.368,1215800,3.367,234100,3.366,852000,3.365,402000,3.364,215200,3.363,2869600,3.362,326000,3.372,741900,3.373,1705500,3.374,118700,3.375,713300,3.376,319100,3.377,573600,3.378,277500,3.379,308000,3.38,25500,3.381,313300
2020-09-03 14:43:02.640,3.372,72900.0,3.395,3.396701,3.375,3.398,3.371,388700,3.37,2097100,3.369,792400,3.368,1175200,3.367,334100,3.366,852000,3.365,402100,3.364,215200,3.363,2869600,3.362,326000,3.372,730900,3.373,847500,3.374,118700,3.375,713300,3.376,19200,3.377,573600,3.378,277500,3.379,308000,3.38,25500,3.381,313300
2020-09-03 14:43:06.450,3.372,5400.0,3.395,3.396701,3.375,3.398,3.371,398700,3.37,1724100,3.369,1092400,3.368,1268200,3.367,334100,3.366,552000,3.365,702100,3.364,215200,3.363,2869600,3.362,326000,3.372,425500,3.373,547600,3.374,118700,3.375,538300,3.376,19200,3.377,480600,3.378,277500,3.379,308000,3.38,25500,3.381,313300
2020-09-03 14:43:08.800,3.372,18500.0,3.395,3.396699,3.375,3.398,3.371,386700,3.37,2024100,3.369,794400,3.368,1263200,3.367,334100,3.366,552000,3.365,702100,3.364,215200,3.363,2889600,3.362,326000,3.372,419000,3.373,253900,3.374,218700,3.375,438300,3.376,319200,3.377,180600,3.378,277500,3.379,308000,3.38,25500,3.381,313300
2020-09-03 14:43:09.640,3.372,26000.0,3.395,3.396696,3.375,3.398,3.371,388700,3.37,1574100,3.369,1244400,3.368,1713200,3.367,334100,3.366,552000,3.365,702100,3.364,215200,3.363,2889600,3.362,326000,3.372,393000,3.373,253900,3.374,218700,3.375,433700,3.376,19200,3.377,480600,3.378,277500,3.379,308000,3.38,25500,3.381,313300
2020-09-03 14:43:15.040,3.371,27300.0,3.395,3.396694,3.374,3.398,3.371,691900,3.37,1293400,3.369,1244400,3.368,1713200,3.367,334100,3.366,553000,3.365,402100,3.364,215200,3.363,2889600,3.362,326000,3.372,392800,3.373,156800,3.374,218700,3.375,433700,3.376,19200,3.377,480600,3.378,277500,3.379,308000,3.38,25500,3.381,313300
2020-09-03 14:43:16.900,3.372,6600.0,3.395,3.396693,3.374,3.398,3.371,402300,3.37,1664400,3.369,1244400,3.368,1561100,3.367,134100,3.366,953000,3.365,402100,3.364,225600,3.363,2889600,3.362,326000,3.372,408700,3.373,156800,3.374,218700,3.375,440700,3.376,119200,3.377,80600,3.378,577500,3.379,308000,3.38,25500,3.381,313300
2020-09-03 14:43:21.460,3.373,121000.0,3.395,3.3966809999999996,3.375,3.398,3.372,132600,3.371,402300,3.37,1675400,3.369,1247900,3.368,1654100,3.367,234100,3.366,553600,3.365,402100,3.364,225600,3.363,2889600,3.373,23700,3.374,218700,3.375,533700,3.376,19200,3.377,180600,3.378,577500,3.379,308000,3.38,25500,3.381,313300,3.382,118000
2020-09-03 14:43:23.170,3.372,141000.0,3.395,3.396668,3.375,3.398,3.371,703800,3.37,1370400,3.369,1307300,3.368,1854100,3.367,134100,3.366,853600,3.365,465800,3.364,163100,3.363,2889600,3.362,326000,3.372,38100,3.373,19400,3.374,218700,3.375,253700,3.376,19200,3.377,18400,3.378,739700,3.379,308000,3.38,25500,3.381,313300
2020-09-03 14:43:26.460,3.372,12400.0,3.395,3.396667,3.374,3.398,3.371,394800,3.37,1670400,3.369,1317300,3.368,1755100,3.367,234100,3.366,853600,3.365,403300,3.364,163100,3.363,2889600,3.362,326000,3.372,49100,3.373,292700,3.374,218700,3.375,253700,3.376,19200,3.377,118400,3.378,577500,3.379,308000,3.38,25500,3.381,313300
2020-09-03 14:43:30.420,3.372,24400.0,3.395,3.396665,3.374,3.398,3.371,675800,3.37,1370500,3.369,1317300,3.368,1755100,3.367,234100,3.366,853600,3.365,403300,3.364,225600,3.363,2889600,3.362,326000,3.372,45700,3.373,292700,3.374,218700,3.375,253700,3.376,19200,3.377,180600,3.378,577500,3.379,308000,3.38,25500,3.381,313300
2020-09-03 14:43:32.660,3.372,25400.0,3.395,3.396662,3.374,3.398,3.371,359600,3.37,1671400,3.369,1317300,3.368,1662100,3.367,234100,3.366,853600,3.365,403300,3.364,225600,3.363,2889600,3.362,326000,3.372,84200,3.373,297300,3.374,218700,3.375,160700,3.376,19200,3.377,480600,3.378,277500,3.379,308000,3.38,25500,3.381,313300
2020-09-03 14:43:35.710,3.372,5400.0,3.395,3.396662,3.375,3.398,3.371,389600,3.37,1601100,3.369,1314300,3.368,1755100,3.367,234100,3.366,853600,3.365,403300,3.364,225600,3.363,2889600,3.362,326000,3.372,83800,3.373,297300,3.374,218700,3.375,253700,3.376,19200,3.377,480600,3.378,277500,3.379,308000,3.38,25500,3.381,313300
2020-09-03 14:43:38.310,3.372,15200.0,3.395,3.39666,3.375,3.398,3.371,746900,3.37,1751200,3.369,1314300,3.368,1305100,3.367,234100,3.366,853600,3.365,403300,3.364,225600,3.363,2889600,3.362,326000,3.372,80600,3.373,297300,3.374,218700,3.375,253700,3.376,19200,3.377,480600,3.378,277500,3.379,308000,3.38,25500,3.381,313300
2020-09-03 14:43:41.320,3.372,28500.0,3.395,3.396657,3.374,3.398,3.371,445900,3.37,2061500,3.369,1314300,3.368,1307100,3.367,234100,3.366,853600,3.365,408200,3.364,225600,3.363,2889600,3.362,326000,3.372,53100,3.373,297300,3.374,218700,3.375,253700,3.376,19200,3.377,180600,3.378,577500,3.379,308000,3.38,25500,3.381,313300
2020-09-03 14:43:44.010,3.371,12000.0,3.395,3.3966559999999997,3.375,3.398,3.371,434900,3.37,1621500,3.369,1314300,3.368,1307100,3.367,234100,3.366,853600,3.365,418200,3.364,225600,3.363,2889600,3.362,326000,3.372,58200,3.373,297300,3.374,218700,3.375,253700,3.376,19200,3.377,480600,3.378,277500,3.379,308000,3.38,25500,3.381,313300
2020-09-03 14:43:48.360,3.372,15600.0,3.395,3.3966550000000004,3.375,3.398,3.371,449900,3.37,1581500,3.369,1314300,3.368,1325100,3.367,134100,3.366,653600,3.365,418200,3.364,225600,3.363,2889600,3.362,326000,3.372,49500,3.373,297300,3.374,218700,3.375,253700,3.376,119200,3.377,380600,3.378,277500,3.379,308000,3.38,25500,3.381,313300
2020-09-03 14:43:51.370,3.372,25500.0,3.395,3.3966519999999996,3.374,3.398,3.371,443700,3.37,1564400,3.369,1313300,3.368,1325100,3.367,234100,3.366,553600,3.365,418200,3.364,225600,3.363,2889600,3.362,326000,3.372,166000,3.373,297300,3.374,218700,3.375,253700,3.376,19200,3.377,480600,3.378,277500,3.379,308000,3.38,25500,3.381,313300
2020-09-03 14:43:52.920,3.372,15900.0,3.395,3.3966510000000003,3.374,3.398,3.371,531100,3.37,1541500,3.369,1320300,3.368,1325100,3.367,234100,3.366,553600,3.365,718200,3.364,225600,3.363,2889600,3.362,326000,3.372,150100,3.373,297300,3.374,518700,3.375,253700,3.376,19200,3.377,480600,3.378,277500,3.379,308000,3.38,25500,3.381,313300
2020-09-03 14:43:57.350,3.371,398000.0,3.395,3.396612,3.374,3.398,3.371,141100,3.37,1539100,3.369,1260900,3.368,1284500,3.367,364100,3.366,553600,3.365,718200,3.364,225600,3.363,2889600,3.362,326000,3.372,150100,3.373,297300,3.374,518700,3.375,253700,3.376,19200,3.377,480600,3.378,277500,3.379,308000,3.38,25500,3.381,313300
2020-09-03 14:44:00.280,3.372,10000.0,3.395,3.396611,3.374,3.398,3.371,153400,3.37,1539100,3.369,660900,3.368,1191500,3.367,867000,3.366,953600,3.365,418200,3.364,225600,3.363,2889600,3.362,326000,3.372,155000,3.373,297300,3.374,518700,3.375,160700,3.376,119200,3.377,380600,3.378,277500,3.379,308000,3.38,25500,3.381,313300
2020-09-03 14:44:03.300,3.372,86900.0,3.395,3.3966019999999997,3.374,3.398,3.371,69800,3.37,2075600,3.369,810900,3.368,1734500,3.367,817000,3.366,853600,3.365,418200,3.364,225600,3.363,2889600,3.362,326000,3.372,154700,3.373,304500,3.374,518700,3.375,253700,3.376,19200,3.377,480600,3.378,277500,3.379,308000,3.38,25700,3.381,313300
2020-09-03 14:44:06.290,3.371,392600.0,3.395,3.396564,3.374,3.398,3.371,77500,3.37,1823900,3.369,810900,3.368,1675100,3.367,717000,3.366,853600,3.365,418700,3.364,225600,3.363,2889600,3.362,326000,3.372,54700,3.373,304500,3.374,518700,3.375,253700,3.376,19200,3.377,480600,3.378,277500,3.379,308000,3.38,25700,3.381,313000
2020-09-03 14:44:09.270,3.372,96700.0,3.395,3.396555,3.374,3.398,3.372,246300,3.371,83600,3.37,3001500,3.369,910900,3.368,1075100,3.367,917000,3.366,653600,3.365,418700,3.364,225900,3.363,2889600,3.373,34500,3.374,418700,3.375,253700,3.376,119200,3.377,80600,3.378,277500,3.379,608000,3.38,25700,3.381,313000,3.382,118000
2020-09-03 14:44:11.230,3.372,248200.0,3.395,3.396532,3.374,3.398,3.372,1000,3.371,1955700,3.37,2997200,3.369,760900,3.368,1075100,3.367,567000,3.366,553600,3.365,481200,3.364,163400,3.363,2889600,3.374,353200,3.375,253700,3.376,119200,3.377,118400,3.378,639700,3.379,308000,3.38,25700,3.381,313000,3.382,118000,3.383,37700
2020-09-03 14:44:15.350,3.372,18300.0,3.395,3.396531,3.374,3.398,3.372,47200,3.371,1024900,3.37,3239200,3.369,1260900,3.368,992100,3.367,267000,3.366,553600,3.365,481200,3.364,163400,3.363,2889600,3.374,349700,3.375,160700,3.376,119200,3.377,418400,3.379,308000,3.38,25700,3.381,313000,3.382,118000,3.383,37700,3.384,125800
2020-09-03 14:44:21.590,3.372,345300.0,3.395,3.3964980000000002,3.374,3.398,3.372,244100,3.371,1075900,3.37,3314200,3.369,1005100,3.368,1072400,3.367,567000,3.366,553600,3.365,481200,3.364,163400,3.363,2889600,3.374,649700,3.375,160700,3.376,119200,3.377,511400,3.379,370200,3.38,25700,3.381,313000,3.382,118000,3.383,37700,3.384,125800
2020-09-03 14:44:28.260,3.372,220400.0,3.395,3.3964779999999997,3.374,3.398,3.372,22700,3.371,1100900,3.37,3207200,3.369,1363600,3.368,1072400,3.367,568200,3.366,616000,3.365,418700,3.364,163400,3.363,2889600,3.374,649700,3.375,160700,3.376,119200,3.377,418400,3.379,370200,3.38,26500,3.381,313000,3.382,118000,3.383,37700,3.384,125800
2020-09-03 14:44:30.420,3.373,5200.0,3.395,3.3964769999999995,3.374,3.398,3.372,71700,3.371,1400900,3.37,2924000,3.369,1456600,3.368,1055400,3.367,568200,3.366,548600,3.365,481200,3.364,163400,3.363,2889600,3.373,6200,3.374,649700,3.375,160700,3.376,119200,3.377,211400,3.378,300000,3.379,370200,3.38,28400,3.381,313000,3.382,118000
2020-09-03 14:44:32.790,3.373,7800.0,3.395,3.3964769999999995,3.374,3.398,3.372,75000,3.371,1400900,3.37,2924000,3.369,1456600,3.368,1160400,3.367,469200,3.366,548600,3.365,481200,3.364,163400,3.363,2889600,3.373,28000,3.374,349700,3.375,160700,3.376,119200,3.377,111400,3.378,462200,3.379,308000,3.38,28400,3.381,313000,3.382,118000
2020-09-03 14:44:36.340,3.373,14900.0,3.395,3.396475,3.373,3.398,3.372,112500,3.371,1403400,3.37,2922200,3.369,1006600,3.368,1160400,3.367,164200,3.366,548600,3.365,481200,3.364,163400,3.363,2889600,3.373,18700,3.374,49700,3.375,160700,3.376,212200,3.377,18400,3.378,462200,3.379,308000,3.38,28400,3.381,313000,3.382,118000
2020-09-03 14:44:39.640,3.373,15000.0,3.395,3.396474,3.373,3.398,3.372,365600,3.371,1404400,3.37,2924200,3.369,1006600,3.368,1465400,3.367,164200,3.366,549600,3.365,481200,3.364,163400,3.363,2889600,3.373,15700,3.374,49700,3.375,160700,3.376,212200,3.377,18400,3.378,462200,3.379,308000,3.38,28400,3.381,313000,3.382,118000
2020-09-03 14:44:41.970,3.373,1400.0,3.395,3.396474,3.374,3.398,3.372,433600,3.371,2209000,3.37,3421300,3.369,406600,3.368,1465400,3.367,164200,3.366,549600,3.365,481200,3.364,163400,3.363,2889600,3.373,29200,3.374,49700,3.375,60700,3.376,212200,3.377,418400,3.378,162200,3.379,608000,3.38,28400,3.381,313000,3.382,118000
2020-09-03 14:44:45.120,3.373,112300.0,3.395,3.396464,3.374,3.398,3.372,739500,3.371,1915400,3.37,2918200,3.369,406600,3.368,1465400,3.367,165200,3.366,549000,3.365,481200,3.364,163400,3.363,2889600,3.375,39600,3.376,212200,3.377,418400,3.378,162200,3.379,608000,3.38,28400,3.381,313000,3.382,118000,3.383,37700,3.384,125800
2020-09-03 14:44:46.730,3.372,90000.0,3.395,3.3964559999999997,3.374,3.398,3.373,30100,3.372,1358900,3.371,1986400,3.37,2319800,3.369,983700,3.368,1165400,3.367,165200,3.366,550000,3.365,481200,3.364,163400,3.375,39600,3.376,119200,3.377,418400,3.378,100000,3.379,608000,3.38,90600,3.381,313000,3.382,118000,3.383,37700,3.384,125800
2020-09-03 14:44:50.010,3.373,12000.0,3.395,3.3964550000000004,3.374,3.398,3.373,80500,3.372,1365900,3.371,1086400,3.37,2407100,3.369,983700,3.368,1065400,3.367,265200,3.366,612400,3.365,418700,3.364,163400,3.375,40300,3.376,119200,3.377,518400,3.378,93000,3.379,608000,3.38,90600,3.381,313000,3.382,118000,3.383,37700,3.384,125800
2020-09-03 14:44:52.930,3.373,2400.0,3.395,3.3964550000000004,3.374,3.398,3.373,131700,3.372,1373800,3.371,1126400,3.37,2407100,3.369,983700,3.368,1165400,3.367,165200,3.366,612400,3.365,418700,3.364,163400,3.375,40300,3.376,419200,3.377,718300,3.378,193000,3.379,616700,3.38,90600,3.381,313000,3.382,118000,3.383,40000,3.384,125800
2020-09-03 14:44:57.250,3.375,19100.0,3.395,3.3964529999999997,3.374,3.398,3.373,127100,3.372,1373800,3.371,1126400,3.37,2407100,3.369,683700,3.368,1465400,3.367,165200,3.366,612400,3.365,418700,3.364,163400,3.375,675100,3.376,419200,3.377,718300,3.378,193000,3.379,616700,3.38,90600,3.381,313000,3.382,118000,3.383,40000,3.384,125800
2020-09-03 14:45:02.130,3.373,13200.0,3.395,3.3964519999999996,3.374,3.398,3.373,244100,3.372,1358700,3.371,957500,3.37,2507200,3.369,985700,3.368,1062400,3.367,227600,3.366,550000,3.365,413200,3.364,166400,3.375,686100,3.376,319200,3.377,718300,3.378,93000,3.379,616700,3.38,190600,3.381,313000,3.382,118000,3.383,40000,3.384,125800
2020-09-03 14:45:06.680,3.375,100.0,3.395,3.3964519999999996,3.374,3.398,3.374,2200,3.373,1547300,3.372,1375400,3.371,1456500,3.37,1912300,3.369,985700,3.368,1167400,3.367,165200,3.366,612600,3.365,416200,3.375,46400,3.376,19200,3.377,418400,3.378,293000,3.379,316700,3.38,390600,3.381,313000,3.382,118000,3.383,40000,3.384,125800
2020-09-03 14:45:08.800,3.374,22600.0,3.395,3.39645,3.374,3.398,3.374,4500,3.373,1263600,3.372,1688500,3.371,1463500,3.37,1923800,3.369,680700,3.368,1067400,3.367,227600,3.366,556200,3.365,421200,3.375,46300,3.376,19200,3.377,418400,3.378,100000,3.379,316700,3.38,490600,3.381,313000,3.382,118000,3.383,40000,3.384,125800
2020-09-03 14:45:12.920,3.375,500.0,3.395,3.39645,3.374,3.398,3.374,4500,3.373,312500,3.372,1684600,3.371,1071300,3.37,1825800,3.369,780700,3.368,1367400,3.367,227600,3.366,556200,3.365,421200,3.375,45800,3.376,19200,3.377,418400,3.378,193000,3.379,716700,3.38,90600,3.381,313000,3.382,118000,3.383,40000,3.384,125800
2020-09-03 14:45:15.180,3.375,18000.0,3.395,3.3964480000000004,3.374,3.398,3.373,247300,3.372,1584600,3.371,1071300,3.37,1933300,3.369,980700,3.368,1067400,3.367,227600,3.366,556200,3.365,421200,3.364,166400,3.375,39800,3.376,19200,3.377,418400,3.378,193000,3.379,616700,3.38,190600,3.381,313000,3.382,118000,3.383,40000,3.384,125800
2020-09-03 14:45:20.540,3.376,64500.0,3.395,3.396443,3.374,3.398,3.375,8600,3.374,102200,3.373,265300,3.372,1590700,3.371,1107800,3.37,1952600,3.369,981200,3.368,1067400,3.367,227600,3.366,556200,3.376,306500,3.377,418400,3.378,100000,3.379,316700,3.38,490600,3.381,313000,3.382,118000,3.383,40000,3.384,125800,3.385,115800
2020-09-03 14:45:25.180,3.374,65300.0,3.395,3.396437,3.374,3.398,3.374,45600,3.373,248200,3.372,1669000,3.371,991100,3.37,1883100,3.369,983000,3.368,1129800,3.367,165200,3.366,556200,3.365,421200,3.376,606500,3.377,418400,3.378,100000,3.379,709800,3.38,28400,3.381,475200,3.382,118000,3.383,40000,3.384,125800,3.385,115800
2020-09-03 14:45:27.860,3.374,20600.0,3.395,3.396436,3.375,3.398,3.374,26000,3.373,254200,3.372,1667000,3.371,893100,3.37,2336600,3.369,783500,3.368,917400,3.367,227600,3.366,556200,3.365,421200,3.375,500,3.376,606500,3.377,418400,3.378,100000,3.379,809800,3.38,28400,3.381,375200,3.382,118000,3.383,40000,3.384,125800
2020-09-03 14:45:31.250,3.375,18600.0,3.395,3.3964339999999997,3.375,3.398,3.374,25200,3.373,270000,3.372,1667000,3.371,899000,3.37,1886700,3.369,1083500,3.368,558200,3.367,227600,3.366,556200,3.365,421200,3.375,30000,3.376,906700,3.377,418400,3.378,100000,3.379,809800,3.38,90600,3.381,313000,3.382,118000,3.383,40000,3.384,125800
2020-09-03 14:45:32.810,3.375,21400.0,3.395,3.396432,3.375,3.398,3.374,5700,3.373,230700,3.372,1667000,3.371,900000,3.37,1986700,3.369,683500,3.368,858200,3.367,227600,3.366,556200,3.365,421200,3.375,29000,3.376,906700,3.377,418400,3.378,100000,3.379,709800,3.38,190600,3.381,313000,3.382,118000,3.383,40000,3.384,125800
2020-09-03 14:45:36.460,3.373,11000.0,3.395,3.3964309999999998,3.375,3.398,3.374,300,3.373,202300,3.372,1574000,3.371,900000,3.37,1986400,3.369,693500,3.368,558200,3.367,227600,3.366,556200,3.365,421200,3.375,34000,3.376,906700,3.377,718400,3.378,100000,3.379,616800,3.38,190600,3.381,313000,3.382,118000,3.383,40000,3.384,125800
2020-09-03 14:45:40.250,3.374,10000.0,3.395,3.3964309999999998,3.375,3.398,3.373,238100,3.372,1574000,3.371,1015800,3.37,2331300,3.369,993500,3.368,658200,3.367,227600,3.366,556200,3.365,421200,3.364,166400,3.374,2100,3.375,134000,3.376,906700,3.377,718400,3.378,293000,3.379,616800,3.38,90600,3.381,313000,3.382,118000,3.383,40000
2020-09-03 14:45:41.480,3.375,48400.0,3.395,3.3964269999999996,3.375,3.398,3.374,28000,3.373,253400,3.372,1665700,3.371,1015800,3.37,2331600,3.369,1093500,3.368,558200,3.367,165200,3.366,618600,3.365,421200,3.375,89700,3.376,906700,3.377,718400,3.378,193000,3.379,779000,3.38,28400,3.381,313000,3.382,118000,3.383,40000,3.384,125800
2020-09-03 14:45:46.020,3.375,25300.0,3.395,3.3964239999999997,3.375,3.398,3.374,19300,3.373,610500,3.372,1291200,3.371,1015800,3.37,2431600,3.369,988500,3.368,558200,3.367,227600,3.366,556200,3.365,421200,3.375,77100,3.376,906700,3.377,718400,3.378,193000,3.379,316800,3.38,490600,3.381,313000,3.382,118000,3.383,40000,3.384,125800
2020-09-03 14:45:48.720,3.375,32700.0,3.395,3.3964220000000003,3.375,3.398,3.374,66400,3.373,616500,3.372,1350700,3.371,1015800,3.37,2434900,3.369,988500,3.368,568200,3.367,227600,3.366,556200,3.365,421200,3.375,44400,3.376,906700,3.377,718400,3.378,193000,3.379,316800,3.38,490600,3.381,313000,3.382,118000,3.383,40000,3.384,125800
2020-09-03 14:45:51.720,3.374,42100.0,3.395,3.396418,3.375,3.398,3.374,41500,3.373,616500,3.372,1350700,3.371,922900,3.37,2733900,3.369,688500,3.368,568200,3.367,227600,3.366,556200,3.365,421200,3.375,31800,3.376,306500,3.377,718400,3.378,400000,3.379,316800,3.38,490600,3.381,313000,3.382,118000,3.383,40000,3.384,125800
2020-09-03 14:45:54.090,3.376,546500.0,3.395,3.396372,3.375,3.398,3.375,5000,3.374,660800,3.373,1187000,3.372,1346100,3.371,415900,3.37,2631400,3.369,788500,3.368,572200,3.367,227600,3.366,556200,3.376,247000,3.377,418400,3.378,493000,3.379,416800,3.38,390600,3.381,313000,3.382,118000,3.383,40000,3.384,125800,3.385,115800
2020-09-03 14:45:56.100,3.374,12000.0,3.395,3.396371,3.375,3.398,3.375,3000,3.374,689800,3.373,1629200,3.372,1216700,3.371,422900,3.37,2631700,3.369,688500,3.368,634600,3.367,165200,3.366,556200,3.376,8700,3.377,318400,3.378,400000,3.379,416800,3.38,328400,3.381,475200,3.382,118000,3.383,40000,3.384,125800,3.385,115800
2020-09-03 14:46:00.940,3.375,6200.0,3.395,3.396371,3.376,3.398,3.375,33000,3.374,689800,3.373,1570400,3.372,1309700,3.371,322900,3.37,2331700,3.369,788500,3.368,634600,3.367,175200,3.366,556200,3.376,3500,3.377,318400,3.378,402000,3.379,609800,3.38,328400,3.381,375200,3.382,118000,3.383,40000,3.384,125800,3.385,115800
2020-09-03 14:46:02.240,3.375,12000.0,3.395,3.3963699999999997,3.376,3.398,3.375,110400,3.374,692900,3.373,1635600,3.372,1309700,3.371,772900,3.37,2731700,3.369,238500,3.368,634600,3.367,175200,3.366,556200,3.377,318400,3.378,402000,3.379,509800,3.38,428200,3.381,375200,3.382,118000,3.383,40000,3.384,125800,3.385,115800,3.386,18700
2020-09-03 14:46:04.520,3.375,800.0,3.395,3.3963699999999997,3.376,3.398,3.376,2000,3.375,111800,3.374,74600,3.373,1635600,3.372,1310700,3.371,772900,3.37,2731700,3.369,238500,3.368,634600,3.367,175200,3.377,317700,3.378,402000,3.379,509800,3.38,428200,3.381,313000,3.382,180100,3.383,40000,3.384,125800,3.385,115800,3.386,18700
2020-09-03 14:46:08.130,3.375,12000.0,3.395,3.3963690000000004,3.376,3.398,3.375,102900,3.374,436100,3.373,1284600,3.372,1094000,3.371,672900,3.37,2720700,3.369,300900,3.368,572200,3.367,175200,3.366,556200,3.377,17700,3.378,402000,3.379,509800,3.38,128200,3.381,613000,3.382,180300,3.383,40000,3.384,125800,3.385,115800,3.386,18700
2020-09-03 14:46:15.150,3.376,1200.0,3.395,3.3963690000000004,3.377,3.398,3.375,113200,3.374,1393100,3.373,1288400,3.372,496000,3.371,668000,3.37,2429500,3.369,238500,3.368,634600,3.367,175200,3.366,566200,3.376,12900,3.377,628300,3.378,702000,3.379,416800,3.38,221200,3.381,675200,3.382,118200,3.383,40000,3.384,125800,3.385,115800
2020-09-03 14:46:17.080,3.376,200.0,3.395,3.3963690000000004,3.377,3.398,3.375,73800,3.374,1850800,3.373,1188400,3.372,496000,3.371,1068000,3.37,2329000,3.369,238500,3.368,634600,3.367,149800,3.366,566200,3.376,12700,3.377,367300,3.378,602000,3.379,416800,3.38,121200,3.381,775200,3.382,118200,3.383,40000,3.384,125800,3.385,115800
2020-09-03 14:46:21.030,3.376,45800.0,3.395,3.3963650000000003,3.376,3.398,3.376,22100,3.375,115400,3.374,1911400,3.373,1288400,3.372,496000,3.371,1068000,3.37,2329000,3.369,238500,3.368,634600,3.367,149800,3.377,10000,3.378,2000,3.379,416800,3.38,221200,3.381,475200,3.382,418200,3.383,40000,3.384,125800,3.385,115800,3.386,18700
2020-09-03 14:46:27.770,3.376,25000.0,3.395,3.3963629999999996,3.377,3.398,3.376,83600,3.375,1932000,3.374,1554300,3.373,786100,3.372,703000,3.371,766000,3.37,2335900,3.369,300900,3.368,572200,3.367,149800,3.377,3000,3.378,6500,3.379,316900,3.38,221200,3.381,513000,3.382,180300,3.383,340000,3.384,125800,3.385,115800,3.386,18700
2020-09-03 14:46:30.770,3.376,20900.0,3.395,3.3963620000000003,3.377,3.398,3.376,768100,3.375,1716200,3.374,1465000,3.373,681200,3.372,403000,3.371,814300,3.37,2335900,3.369,300900,3.368,572200,3.367,149800,3.378,6500,3.379,316900,3.38,521200,3.381,513000,3.382,180300,3.383,340000,3.384,125800,3.385,115800,3.386,18700,3.387,61300
2020-09-03 14:46:33.170,3.377,12000.0,3.395,3.396361,3.377,3.398,3.377,723300,3.376,1553100,3.375,1712000,3.374,825000,3.373,681200,3.372,403000,3.371,814300,3.37,2335900,3.369,300900,3.368,562200,3.378,6500,3.379,316900,3.38,429800,3.381,513000,3.382,218200,3.383,40000,3.384,425800,3.385,115800,3.386,18700,3.387,61300
2020-09-03 14:46:35.890,3.378,13900.0,3.395,3.39636,3.377,3.398,3.378,20700,3.377,1555900,3.376,1548500,3.375,1543000,3.374,832900,3.373,681200,3.372,954100,3.371,714300,3.37,1953300,3.369,238700,3.379,316900,3.38,129800,3.381,313000,3.382,318200,3.383,212100,3.384,425800,3.385,115800,3.386,18700,3.387,61300,3.388,41700
2020-09-03 14:46:39.170,3.378,12000.0,3.395,3.3963589999999995,3.377,3.398,3.378,348800,3.377,1228200,3.376,1548600,3.375,1249500,3.374,315200,3.373,688200,3.372,586100,3.371,714300,3.37,1890800,3.369,238700,3.379,316900,3.38,36800,3.381,313000,3.382,218200,3.383,250000,3.384,125800,3.385,415800,3.386,18700,3.387,61300,3.388,41700
2020-09-03 14:46:42.720,3.379,288600.0,3.395,3.3963400000000004,3.378,3.398,3.378,372600,3.377,1228200,3.376,1202000,3.375,1243100,3.374,15200,3.373,1138200,3.372,586100,3.371,326600,3.37,1857600,3.369,238700,3.379,38300,3.38,36000,3.381,313000,3.382,311200,3.383,250000,3.384,177900,3.385,415800,3.386,18700,3.387,61300,3.388,41700
2020-09-03 14:46:45.810,3.378,37100.0,3.395,3.3963379999999996,3.378,3.398,3.378,345500,3.377,1180500,3.376,1203500,3.375,1243300,3.374,415200,3.373,1048200,3.372,586100,3.371,331600,3.37,1858600,3.369,238700,3.379,36300,3.38,36000,3.381,313000,3.382,311200,3.383,150000,3.384,277900,3.385,405800,3.386,18700,3.387,61300,3.388,41700
2020-09-03 14:46:48.590,3.379,1500.0,3.395,3.3963379999999996,3.378,3.398,3.378,432500,3.377,1241800,3.376,1298500,3.375,1531900,3.374,15200,3.373,1148200,3.372,586100,3.371,311600,3.37,1858600,3.369,238200,3.379,34800,3.38,36000,3.381,314000,3.382,311200,3.383,250000,3.384,177900,3.385,405800,3.386,18700,3.387,61300,3.388,41700
2020-09-03 14:46:51.440,3.379,30500.0,3.395,3.3963360000000002,3.379,3.398,3.378,409300,3.377,1247200,3.376,1298500,3.375,1531900,3.374,113900,3.373,1044300,3.372,586100,3.371,314600,3.37,1853600,3.369,238200,3.379,27500,3.38,36000,3.381,314000,3.382,311200,3.383,150000,3.384,277900,3.385,405800,3.386,18700,3.387,61300,3.388,41700
2020-09-03 14:46:54.090,3.379,84200.0,3.395,3.3963300000000003,3.379,3.398,3.379,122500,3.378,924900,3.377,1249400,3.376,1198500,3.375,1032400,3.374,106000,3.373,1044300,3.372,586100,3.371,314600,3.37,1859600,3.38,44000,3.381,314000,3.382,311200,3.383,150200,3.384,277900,3.385,405800,3.386,18700,3.387,61300,3.388,41700,3.389,102600
2020-09-03 14:46:57.240,3.379,52500.0,3.395,3.396326,3.379,3.398,3.379,40100,3.378,965000,3.377,1249400,3.376,1154100,3.375,517700,3.374,106000,3.373,1041300,3.372,648400,3.371,252300,3.37,1859600,3.38,101500,3.381,544000,3.382,311200,3.383,150200,3.384,215800,3.385,467900,3.386,18700,3.387,61300,3.388,41700,3.389,102600
2020-09-03 14:47:04.140,3.38,25500.0,3.395,3.396325,3.379,3.398,3.379,409000,3.378,1469400,3.377,1251100,3.376,1196600,3.375,515700,3.374,106000,3.373,998800,3.372,192100,3.371,254300,3.37,1869600,3.38,87900,3.381,552000,3.382,211300,3.383,150200,3.384,216000,3.385,468700,3.386,18700,3.387,61300,3.388,41700,3.389,109000
2020-09-03 14:47:06.420,3.38,6900.0,3.395,3.396324,3.379,3.398,3.379,1026500,3.378,1190400,3.377,1261100,3.376,1198000,3.375,522700,3.374,456000,3.373,998800,3.372,192100,3.371,254300,3.37,1859600,3.38,369500,3.381,552000,3.382,118300,3.383,183200,3.384,216000,3.385,268700,3.386,318700,3.387,61300,3.388,41700,3.389,109000
2020-09-03 14:47:09.240,3.38,22300.0,3.395,3.396323,3.379,3.398,3.379,1056700,3.378,1249700,3.377,1301800,3.376,1191000,3.375,522700,3.374,457000,3.373,998800,3.372,192100,3.371,254300,3.37,1859600,3.38,359200,3.381,552000,3.382,118300,3.383,274400,3.384,216000,3.385,268700,3.386,318700,3.387,61300,3.388,41700,3.389,109000
2020-09-03 14:47:12.670,3.38,58300.0,3.395,3.396319,3.379,3.398,3.379,1117900,3.378,1190400,3.377,1301800,3.376,1187000,3.375,517700,3.374,457000,3.373,998800,3.372,192100,3.371,254300,3.37,1859600,3.38,307900,3.381,552000,3.382,118300,3.383,274400,3.384,227500,3.385,268700,3.386,318700,3.387,61300,3.388,41700,3.389,109000
2020-09-03 14:47:15.160,3.38,712000.0,3.395,3.3962769999999995,3.38,3.398,3.381,600000,3.38,1513400,3.379,1896500,3.378,1246700,3.377,1186300,3.376,992000,3.375,217700,3.374,464900,3.373,993800,3.372,192100,3.382,56300,3.383,174400,3.384,227500,3.385,268700,3.386,318700,3.387,61300,3.388,41700,3.389,109000,3.39,252200,3.391,38000
2020-09-03 14:47:18.550,3.382,67300.0,3.395,3.396274,3.38,3.398,3.382,232700,3.381,900000,3.38,1520000,3.379,1013500,3.378,1120400,3.377,1229600,3.376,175300,3.375,667700,3.374,527200,3.373,543800,3.383,174400,3.384,227500,3.385,226600,3.386,18700,3.387,423400,3.388,41700,3.389,109000,3.39,252200,3.391,38000,3.392,66000
2020-09-03 14:47:21.750,3.381,263400.0,3.395,3.3962589999999997,3.38,3.398,3.381,573600,3.38,301300,3.379,1522100,3.378,603700,3.377,729600,3.376,385300,3.375,630000,3.374,464900,3.373,543800,3.372,129500,3.382,101500,3.383,81400,3.384,227500,3.385,126600,3.386,318700,3.387,161300,3.388,103700,3.389,109000,3.39,252200,3.391,38000
2020-09-03 14:47:23.400,3.381,3200.0,3.395,3.3962589999999997,3.38,3.398,3.381,570400,3.38,301300,3.379,1560700,3.378,603700,3.377,629600,3.376,185300,3.375,817700,3.374,527200,3.373,543800,3.372,129500,3.382,1003500,3.383,1052700,3.384,227500,3.385,126600,3.386,511700,3.387,123400,3.388,41100,3.389,109000,3.39,252200,3.391,38000
2020-09-03 14:47:27.360,3.381,571400.0,3.395,3.3962260000000004,3.38,3.398,3.38,211500,3.379,660700,3.378,963000,3.377,729600,3.376,185300,3.375,817700,3.374,527200,3.373,543800,3.372,129500,3.371,251900,3.381,630700,3.382,1016300,3.383,1352700,3.384,227500,3.385,131600,3.386,511700,3.387,123400,3.388,41100,3.389,109000,3.39,252200
2020-09-03 14:47:31.040,3.381,138100.0,3.395,3.3962190000000003,3.38,3.398,3.38,176600,3.379,730600,3.378,963000,3.377,729600,3.376,185300,3.375,817700,3.374,464900,3.373,646100,3.372,129500,3.371,251900,3.381,798600,3.382,1016300,3.383,1352700,3.384,537400,3.385,431600,3.386,273800,3.387,61300,3.388,41100,3.389,109000,3.39,252200
2020-09-03 14:47:33.480,3.381,49200.0,3.395,3.3962160000000003,3.381,3.398,3.38,160200,3.379,1047700,3.378,663000,3.377,729600,3.376,188100,3.375,817300,3.374,464900,3.373,646100,3.372,129500,3.371,250900,3.381,927700,3.382,1016300,3.383,1060700,3.384,537400,3.385,131600,3.386,573800,3.387,61300,3.388,41100,3.389,109000,3.39,252200
2020-09-03 14:47:34.720,3.381,100.0,3.395,3.3962160000000003,3.381,3.398,3.38,163200,3.379,1613900,3.378,603400,3.377,222600,3.376,188100,3.375,517300,3.374,464900,3.373,646100,3.372,129500,3.371,257400,3.381,935400,3.382,116300,3.383,1060700,3.384,630400,3.385,126600,3.386,480800,3.387,61300,3.388,41100,3.389,109000,3.39,252200
2020-09-03 14:47:39.260,3.38,325400.0,3.395,3.396197,3.381,3.398,3.38,221200,3.379,1613900,3.378,603400,3.377,222600,3.376,638100,3.375,517300,3.374,14900,3.373,646100,3.372,129500,3.371,257400,3.381,172000,3.382,116300,3.383,1063000,3.384,630400,3.385,126600,3.386,480800,3.387,61300,3.388,41100,3.389,109000,3.39,252200
2020-09-03 14:47:42.350,3.381,3200.0,3.395,3.396197,3.381,3.398,3.38,221200,3.379,1613900,3.378,603400,3.377,222600,3.376,838100,3.375,622300,3.374,14900,3.373,647100,3.372,129500,3.371,257600,3.381,175400,3.382,116300,3.383,1073000,3.384,630400,3.385,239800,3.386,380800,3.387,61300,3.388,41100,3.389,109000,3.39,252200
2020-09-03 14:47:45.540,3.381,170100.0,3.395,3.3961870000000003,3.382,3.398,3.38,106200,3.379,1613900,3.378,603400,3.377,222600,3.376,942900,3.375,522300,3.374,14900,3.373,646900,3.372,129500,3.371,257600,3.381,169300,3.382,121300,3.383,973000,3.384,630400,3.385,239800,3.386,480800,3.387,61300,3.388,41100,3.389,109000,3.39,252200
2020-09-03 14:47:46.200,3.381,100.0,3.395,3.3961870000000003,3.382,3.398,3.38,77200,3.379,1613900,3.378,603500,3.377,129600,3.376,942900,3.375,521800,3.374,14900,3.373,636900,3.372,129500,3.371,257600,3.381,169200,3.382,124300,3.383,672800,3.384,537400,3.385,239800,3.386,480800,3.387,61300,3.388,41100,3.389,109000,3.39,252200
2020-09-03 14:47:51.440,3.381,26400.0,3.395,3.396185,3.382,3.398,3.38,91000,3.379,1613900,3.378,603500,3.377,222600,3.376,948800,3.375,521800,3.374,14900,3.373,636900,3.372,129500,3.371,252700,3.381,159000,3.382,124300,3.383,672800,3.384,630400,3.385,239800,3.386,480800,3.387,61300,3.388,41100,3.389,109000,3.39,252200
2020-09-03 14:47:54.530,3.381,28400.0,3.395,3.396183,3.382,3.398,3.38,97100,3.379,1613900,3.378,602000,3.377,672600,3.376,943800,3.375,521800,3.374,14900,3.373,636900,3.372,129500,3.371,252700,3.381,32500,3.382,174300,3.383,669800,3.384,638400,3.385,239800,3.386,480800,3.387,61300,3.388,46100,3.389,109000,3.39,252200
2020-09-03 14:47:57.320,3.38,22000.0,3.395,3.396182,3.382,3.398,3.38,710200,3.379,1596800,3.378,602000,3.377,672600,3.376,943800,3.375,71800,3.374,14900,3.373,636900,3.372,129500,3.371,252700,3.381,22500,3.382,169300,3.383,669800,3.384,638400,3.385,239800,3.386,480800,3.387,61300,3.388,46100,3.389,109000,3.39,252200
2020-09-03 14:48:00.400,3.381,14500.0,3.395,3.396181,3.382,3.398,3.38,993400,3.379,1613900,3.378,602300,3.377,222600,3.376,845800,3.375,171800,3.374,14900,3.373,636900,3.372,129500,3.371,252700,3.381,8000,3.382,169300,3.383,671800,3.384,638400,3.385,339800,3.386,380800,3.387,61300,3.388,46100,3.389,109000,3.39,252200
2020-09-03 14:48:03.380,3.381,20200.0,3.395,3.39618,3.382,3.398,3.381,73900,3.38,1362600,3.379,1296800,3.378,602300,3.377,579600,3.376,945800,3.375,71800,3.374,14900,3.373,636900,3.372,129500,3.382,174100,3.383,671800,3.384,545400,3.385,239800,3.386,180800,3.387,361300,3.388,46100,3.389,109000,3.39,252200,3.391,38000
2020-09-03 14:48:06.520,3.381,200.0,3.395,3.39618,3.382,3.398,3.381,76600,3.38,1054700,3.379,1597800,3.378,695300,3.377,579600,3.376,945800,3.375,71800,3.374,77200,3.373,574600,3.372,129500,3.382,175600,3.383,671800,3.384,545400,3.385,340800,3.386,118700,3.387,423400,3.388,46100,3.389,109000,3.39,252200,3.391,38000
2020-09-03 14:48:09.320,3.381,16000.0,3.395,3.396179,3.382,3.398,3.381,64700,3.38,985500,3.379,1538600,3.378,695300,3.377,579600,3.376,643000,3.375,371800,3.374,77200,3.373,574600,3.372,129500,3.382,171500,3.383,671800,3.384,555400,3.385,240800,3.386,418700,3.387,123400,3.388,46100,3.389,109000,3.39,252200,3.391,38000
2020-09-03 14:48:11.820,3.381,96400.0,3.395,3.396174,3.382,3.398,3.38,690200,3.379,438700,3.378,1054600,3.377,1179600,3.376,643000,3.375,71800,3.374,77200,3.373,574600,3.372,129500,3.371,257700,3.381,505700,3.382,571700,3.383,671800,3.384,555400,3.385,540800,3.386,118700,3.387,123400,3.388,46100,3.389,109000,3.39,252200
2020-09-03 14:48:14.680,3.38,5000.0,3.395,3.396173,3.382,3.398,3.38,69300,3.379,127600,3.378,1054600,3.377,1179600,3.376,638000,3.375,71800,3.374,14900,3.373,636900,3.372,126500,3.371,257000,3.381,843000,3.382,627700,3.383,681800,3.384,255500,3.385,540800,3.386,180800,3.387,61300,3.388,46100,3.389,101600,3.39,252200
2020-09-03 14:48:17.490,3.38,6900.0,3.395,3.396173,3.382,3.398,3.38,65400,3.379,91600,3.378,961600,3.377,1272600,3.376,538000,3.375,171800,3.374,14900,3.373,636900,3.372,126500,3.371,261000,3.381,841500,3.382,627700,3.383,681800,3.384,348500,3.385,547800,3.386,80800,3.387,61300,3.388,46100,3.389,101600,3.39,252200
2020-09-03 14:48:21.140,3.38,13200.0,3.395,3.396172,3.382,3.398,3.38,53200,3.379,91600,3.378,902300,3.377,1172600,3.376,538000,3.375,151800,3.374,314900,3.373,636900,3.372,126500,3.371,261000,3.381,840500,3.382,627700,3.383,681800,3.384,348500,3.385,547800,3.386,80800,3.387,61300,3.388,46100,3.389,101600,3.39,252200
2020-09-03 14:48:22.980,3.379,87500.0,3.395,3.3961669999999997,3.382,3.398,3.379,391100,3.378,939800,3.377,1231900,3.376,638000,3.375,151800,3.374,314900,3.373,636900,3.372,126500,3.371,261000,3.37,1837200,3.38,46100,3.381,795500,3.382,629700,3.383,681800,3.384,348500,3.385,547800,3.386,88800,3.387,61300,3.388,46100,3.389,101600
2020-09-03 14:48:25.300,3.38,100.0,3.395,3.3961669999999997,3.382,3.398,3.379,362200,3.378,1026900,3.377,1231900,3.376,638000,3.375,55800,3.374,414900,3.373,574600,3.372,188800,3.371,261000,3.37,1837200,3.38,58000,3.381,795500,3.382,679700,3.383,681800,3.384,448500,3.385,509900,3.386,26700,3.387,61300,3.388,46100,3.389,101600
2020-09-03 14:48:30.450,3.38,17200.0,3.395,3.3961660000000005,3.382,3.398,3.379,362200,3.378,1055800,3.377,1138900,3.376,638000,3.375,155800,3.374,314900,3.373,191900,3.372,188800,3.371,261000,3.37,1835200,3.38,50200,3.381,630600,3.382,680900,3.383,681800,3.384,155500,3.385,609900,3.386,26700,3.387,61300,3.388,46100,3.389,101600
2020-09-03 14:48:33.250,3.379,12100.0,3.395,3.3961650000000003,3.382,3.398,3.379,354200,3.378,1055800,3.377,1138900,3.376,736000,3.375,155800,3.374,314900,3.373,191900,3.372,188800,3.371,261000,3.37,1835200,3.38,350100,3.381,630600,3.382,593900,3.383,874800,3.384,144000,3.385,609900,3.386,26700,3.387,69300,3.388,46100,3.389,101600
2020-09-03 14:48:36.580,3.379,32200.0,3.395,3.3961629999999996,3.382,3.398,3.379,327200,3.378,1055800,3.377,1138900,3.376,736000,3.375,55800,3.374,414900,3.373,191900,3.372,188800,3.371,261000,3.37,1835200,3.38,345500,3.381,630600,3.382,593900,3.383,874800,3.384,244000,3.385,509900,3.386,26700,3.387,69300,3.388,46100,3.389,101600
2020-09-03 14:48:39.380,3.38,18900.0,3.395,3.3961620000000003,3.382,3.398,3.379,364200,3.378,1055800,3.377,688900,3.376,736000,3.375,378600,3.374,114900,3.373,186100,3.372,188800,3.371,261000,3.37,1845200,3.38,342600,3.381,630600,3.382,593900,3.383,874800,3.384,244000,3.385,509900,3.386,26700,3.387,69300,3.388,46100,3.389,101600
2020-09-03 14:48:42.600,3.38,11300.0,3.395,3.396161,3.382,3.398,3.379,659300,3.378,1026900,3.377,689200,3.376,736000,3.375,178600,3.374,314900,3.373,186100,3.372,188800,3.371,261000,3.37,1845200,3.38,36300,3.381,640600,3.382,593900,3.383,874800,3.384,144000,3.385,609900,3.386,26700,3.387,69300,3.388,46100,3.389,101600
2020-09-03 14:48:45.250,3.379,44600.0,3.395,3.3961580000000002,3.381,3.398,3.379,646400,3.378,1026900,3.377,689200,3.376,643000,3.375,178600,3.374,14900,3.373,186100,3.372,189800,3.371,261100,3.37,1845200,3.38,39900,3.381,640600,3.382,593900,3.383,781800,3.384,144000,3.385,609900,3.386,26700,3.387,69300,3.388,46100,3.389,101600
2020-09-03 14:48:47.520,3.38,3000.0,3.395,3.3961580000000002,3.382,3.398,3.379,620500,3.378,1055800,3.377,689200,3.376,736000,3.375,78600,3.374,114900,3.373,186100,3.372,171100,3.371,261100,3.37,1825200,3.38,36900,3.381,730600,3.382,593900,3.383,874800,3.384,242800,3.385,509900,3.386,26700,3.387,69300,3.388,46100,3.389,101600
2020-09-03 14:48:51.230,3.379,20400.0,3.395,3.396157,3.382,3.398,3.379,604500,3.378,1055800,3.377,1139200,3.376,730100,3.375,178600,3.374,314900,3.373,185100,3.372,171100,3.371,261100,3.37,1820200,3.38,48700,3.381,730600,3.382,593900,3.383,874800,3.384,142800,3.385,609900,3.386,26700,3.387,69300,3.388,46100,3.389,101600
2020-09-03 14:48:54.430,3.379,38000.0,3.395,3.3961550000000003,3.382,3.398,3.379,596200,3.378,1026900,3.377,1139200,3.376,730100,3.375,378600,3.374,114900,3.373,185100,3.372,171100,3.371,270200,3.37,1819200,3.38,47900,3.381,730600,3.382,593900,3.383,874800,3.384,242800,3.385,509900,3.386,26700,3.387,69300,3.388,46100,3.389,101600
2020-09-03 14:48:57.330,3.379,13800.0,3.395,3.396154,3.381,3.398,3.379,1541500,3.378,1055800,3.377,1139200,3.376,730100,3.375,378600,3.374,114900,3.373,185100,3.372,421100,3.371,270200,3.37,1822000,3.38,47900,3.381,730600,3.382,592900,3.383,874800,3.384,242800,3.385,509900,3.386,26700,3.387,69300,3.388,46100,3.389,101600
2020-09-03 14:49:00.450,3.38,4900.0,3.395,3.396153,3.382,3.398,3.379,1543200,3.378,1055800,3.377,689200,3.376,730100,3.375,378600,3.374,114900,3.373,185100,3.372,421100,3.371,270200,3.37,1822000,3.38,43100,3.381,732600,3.382,592900,3.383,874800,3.384,242800,3.385,509900,3.386,26700,3.387,69300,3.388,46100,3.389,101600
2020-09-03 14:49:03.340,3.379,19100.0,3.395,3.396152,3.382,3.398,3.379,1528000,3.378,1055800,3.377,689200,3.376,730100,3.375,478600,3.374,14900,3.373,185100,3.372,421100,3.371,270200,3.37,1821000,3.38,39200,3.381,730600,3.382,592900,3.383,874800,3.384,142800,3.385,609900,3.386,26700,3.387,69300,3.388,46100,3.389,101600
2020-09-03 14:49:05.610,3.379,1000.0,3.395,3.396152,3.382,3.398,3.379,1556500,3.378,1248600,3.377,1139200,3.376,731600,3.375,378600,3.374,114900,3.373,185100,3.372,421100,3.371,270200,3.37,1821000,3.38,64200,3.381,730600,3.382,490900,3.383,874800,3.384,347000,3.385,209900,3.386,326700,3.387,69300,3.388,46100,3.389,101600
2020-09-03 14:49:09.570,3.38,76400.0,3.395,3.396147,3.381,3.398,3.38,241600,3.379,1914300,3.378,948900,3.377,1079900,3.376,631600,3.375,378600,3.374,115000,3.373,182100,3.372,421100,3.371,270200,3.381,430600,3.382,490900,3.383,604800,3.384,347000,3.385,209900,3.386,326700,3.387,69300,3.388,46100,3.389,101600,3.39,257900
2020-09-03 14:49:12.040,3.38,101000.0,3.395,3.3961419999999998,3.381,3.398,3.38,1107600,3.379,2590600,3.378,1031800,3.377,29900,3.376,931600,3.375,178600,3.374,15000,3.373,244400,3.372,358800,3.371,270200,3.381,330600,3.382,190700,3.383,624800,3.384,247000,3.385,247800,3.386,388800,3.387,69300,3.388,46100,3.389,112100,3.39,257900
2020-09-03 14:49:15.200,3.38,27000.0,3.395,3.39614,3.381,3.398,3.38,906200,3.379,2575300,3.378,1031800,3.377,122900,3.376,838600,3.375,216200,3.374,15000,3.373,244400,3.372,358800,3.371,270200,3.381,330600,3.382,190900,3.383,531800,3.384,340000,3.385,247800,3.386,388800,3.387,69300,3.388,46100,3.389,112100,3.39,257900
2020-09-03 14:49:18.250,3.381,119700.0,3.395,3.3961330000000003,3.381,3.398,3.381,181300,3.38,945400,3.379,2792000,3.378,1031800,3.377,122900,3.376,838600,3.375,216200,3.374,15000,3.373,244400,3.372,358800,3.382,190900,3.383,431800,3.384,340000,3.385,347800,3.386,88800,3.387,369300,3.388,46100,3.389,112100,3.39,257900,3.391,38000
2020-09-03 14:49:21.210,3.381,22100.0,3.395,3.396132,3.382,3.398,3.381,329200,3.38,955900,3.379,2795700,3.378,961800,3.377,122900,3.376,938600,3.375,116200,3.374,77300,3.373,182100,3.372,358800,3.382,190900,3.383,429800,3.384,340000,3.385,247800,3.386,126700,3.387,431400,3.388,46100,3.389,112100,3.39,257900,3.391,38000
2020-09-03 14:49:28.290,3.382,207000.0,3.395,3.396121,3.382,3.398,3.382,396900,3.381,344800,3.38,1481100,3.379,2542200,3.378,354800,3.377,779900,3.376,638600,3.375,116200,3.374,77300,3.373,182100,3.383,129800,3.384,147000,3.385,340800,3.386,226700,3.387,131400,3.388,346100,3.389,112100,3.39,257900,3.391,38000,3.392,71000
2020-09-03 14:49:29.930,3.382,46000.0,3.395,3.396119,3.382,3.398,3.382,655100,3.381,674800,3.38,1240400,3.379,2569600,3.378,138100,3.377,579900,3.376,538600,3.375,178500,3.374,15000,3.373,182100,3.383,129800,3.384,147000,3.385,340800,3.386,126700,3.387,169300,3.388,408100,3.389,117100,3.39,257900,3.391,38000,3.392,71000
2020-09-03 14:49:33.240,3.382,24300.0,3.395,3.396117,3.382,3.398,3.382,693200,3.381,1153000,3.38,1223300,3.379,1969600,3.378,438100,3.377,579900,3.376,538600,3.375,178500,3.374,15000,3.373,182100,3.383,128000,3.384,147000,3.385,340800,3.386,126700,3.387,169300,3.388,408100,3.389,117100,3.39,257900,3.391,38000,3.392,71000
2020-09-03 14:49:34.920,3.383,144000.0,3.395,3.3961099999999997,3.383,3.398,3.383,160000,3.382,71000,3.381,1153000,3.38,1221300,3.379,1969600,3.378,133200,3.377,1483200,3.376,538600,3.375,178500,3.374,15000,3.384,147000,3.385,337600,3.386,126700,3.387,169300,3.388,408100,3.389,117100,3.39,257900,3.391,38000,3.392,71000,3.393,83300
2020-09-03 14:49:39.680,3.383,160000.0,3.395,3.396103,3.382,3.398,3.382,73000,3.381,1190600,3.38,1149300,3.379,1452900,3.378,440200,3.377,1383200,3.376,600900,3.375,116200,3.374,15000,3.373,182100,3.383,16900,3.384,377000,3.385,244600,3.386,126700,3.387,69300,3.388,446100,3.389,179100,3.39,257900,3.391,38000,3.392,71000
2020-09-03 14:49:42.620,3.383,16900.0,3.395,3.3961019999999995,3.382,3.398,3.383,153500,3.382,106200,3.381,1198400,3.38,1159500,3.379,1545900,3.378,440200,3.377,1383200,3.376,538600,3.375,178500,3.374,15000,3.384,377000,3.385,244600,3.386,219700,3.387,69300,3.388,508100,3.389,117100,3.39,257900,3.391,38000,3.392,71000,3.393,83300
2020-09-03 14:49:45.450,3.383,18500.0,3.395,3.3961010000000003,3.382,3.398,3.383,138300,3.382,76200,3.381,599900,3.38,1164600,3.379,1545900,3.378,140200,3.377,1383200,3.376,558600,3.375,116200,3.374,15000,3.384,375500,3.385,244600,3.386,219700,3.387,69300,3.388,446100,3.389,184100,3.39,257900,3.391,38000,3.392,71000,3.393,83300
2020-09-03 14:49:48.720,3.383,163300.0,3.395,3.396093,3.382,3.398,3.382,47300,3.381,212800,3.38,1164600,3.379,2145900,3.378,140200,3.377,1683200,3.376,558600,3.375,116200,3.374,13800,3.373,182100,3.383,439100,3.384,687500,3.385,244600,3.386,219700,3.387,69500,3.388,446100,3.389,184100,3.39,257900,3.391,38000,3.392,71000
2020-09-03 14:49:50.430,3.383,300.0,3.395,3.396093,3.382,3.398,3.382,48800,3.381,295600,3.38,1464600,3.379,2145900,3.378,140200,3.377,1683200,3.376,496300,3.375,178500,3.374,13800,3.373,142100,3.383,1056300,3.384,488000,3.385,244600,3.386,519700,3.387,69500,3.388,509100,3.389,122100,3.39,257900,3.391,38000,3.392,71000
2020-09-03 14:49:54.760,3.383,15000.0,3.395,3.396092,3.382,3.398,3.382,48800,3.381,305100,3.38,1467600,3.379,2052900,3.378,140200,3.377,1683200,3.376,496300,3.375,178500,3.374,13800,3.373,142100,3.383,1041300,3.384,188000,3.385,244600,3.386,426700,3.387,369500,3.388,209100,3.389,122100,3.39,257900,3.391,38000,3.392,71000
2020-09-03 14:49:57.350,3.382,37200.0,3.395,3.39609,3.382,3.398,3.382,36800,3.381,275100,3.38,1408400,3.379,1079500,3.378,143200,3.377,1383200,3.376,796300,3.375,178500,3.374,13800,3.373,142100,3.383,1016100,3.384,188000,3.385,244600,3.386,519700,3.387,369500,3.388,209100,3.389,122100,3.39,257900,3.391,38000,3.392,71000
2020-09-03 14:50:00.810,3.383,5900.0,3.395,3.39609,3.382,3.398,3.382,41100,3.381,275200,3.38,1408400,3.379,1138700,3.378,143200,3.377,1483200,3.376,796300,3.375,178500,3.374,13800,3.373,142100,3.383,1011700,3.384,188000,3.385,544600,3.386,519700,3.387,469500,3.388,109100,3.389,122100,3.39,257900,3.391,38000,3.392,71000
2020-09-03 14:50:03.430,3.383,17900.0,3.395,3.396089,3.382,3.398,3.382,26200,3.381,622300,3.38,1108400,3.379,1079500,3.378,143200,3.377,1683200,3.376,496300,3.375,178500,3.374,13800,3.373,142100,3.383,110300,3.384,183000,3.385,544600,3.386,518700,3.387,69500,3.388,514100,3.389,122100,3.39,257900,3.391,38000,3.392,71000
2020-09-03 14:50:06.220,3.382,27100.0,3.395,3.3960879999999998,3.382,3.398,3.381,1364600,3.38,1508400,3.379,1075900,3.378,143200,3.377,1383200,3.376,796300,3.375,178500,3.374,13800,3.373,142100,3.372,358700,3.382,647900,3.383,110300,3.384,183000,3.385,544600,3.386,518700,3.387,369500,3.388,214100,3.389,122100,3.39,257900,3.391,38000
2020-09-03 14:50:07.350,3.382,50100.0,3.395,3.396085,3.382,3.398,3.381,1334600,3.38,1335500,3.379,1282900,3.378,42600,3.377,1483200,3.376,796300,3.375,116200,3.374,13800,3.373,122100,3.372,358700,3.382,1123200,3.383,680300,3.384,183000,3.385,544600,3.386,625700,3.387,169500,3.388,52100,3.389,122100,3.39,257900,3.391,38000
2020-09-03 14:50:11.140,3.382,7300.0,3.395,3.396085,3.382,3.398,3.381,1316300,3.38,1335500,3.379,987800,3.378,135600,3.377,1487700,3.376,796300,3.375,116200,3.374,76100,3.373,122100,3.372,358700,3.382,813500,3.383,682300,3.384,183000,3.385,637600,3.386,325700,3.387,531600,3.388,52100,3.389,122100,3.39,257900,3.391,38000
2020-09-03 14:50:15.420,3.381,126300.0,3.395,3.3960779999999997,3.383,3.398,3.381,1162100,3.38,1535500,3.379,687800,3.378,140600,3.377,1487700,3.376,796300,3.375,116200,3.374,76100,3.373,122600,3.372,358700,3.382,611200,3.383,682300,3.384,283000,3.385,647600,3.386,325700,3.387,531600,3.388,52100,3.389,122100,3.39,257900,3.391,38000
2020-09-03 14:50:18.340,3.382,21500.0,3.395,3.3960760000000003,3.383,3.398,3.381,1162100,3.38,1594700,3.379,787800,3.378,140600,3.377,1687700,3.376,596300,3.375,116200,3.374,76100,3.373,122600,3.372,358700,3.382,589700,3.383,692300,3.384,283000,3.385,647600,3.386,425700,3.387,431600,3.388,52100,3.389,122100,3.39,257900,3.391,38000
2020-09-03 14:50:21.500,3.381,13100.0,3.395,3.3960760000000003,3.383,3.398,3.381,1415000,3.38,1594900,3.379,787800,3.378,140600,3.377,1487700,3.376,796300,3.375,116200,3.374,76100,3.373,122600,3.372,358700,3.382,588600,3.383,699200,3.384,283000,3.385,647600,3.386,325700,3.387,531600,3.388,52100,3.389,122100,3.39,257900,3.391,38000
2020-09-03 14:50:22.450,3.381,5300.0,3.395,3.396075,3.383,3.398,3.381,1542300,3.38,1594900,3.379,787800,3.378,140600,3.377,1387700,3.376,596300,3.375,116200,3.374,76100,3.373,122600,3.372,358700,3.382,599700,3.383,679200,3.384,283000,3.385,648600,3.386,425700,3.387,431600,3.388,52100,3.389,122100,3.39,257900,3.391,38000
2020-09-03 14:50:27.520,3.381,120900.0,3.395,3.3960690000000002,3.383,3.398,3.381,1540300,3.38,1535700,3.379,687800,3.378,590600,3.377,1387700,3.376,446300,3.375,116200,3.374,76100,3.373,122600,3.372,358700,3.382,490800,3.383,674200,3.384,283000,3.385,648600,3.386,425700,3.387,431600,3.388,52100,3.389,122100,3.39,257900,3.391,38000
2020-09-03 14:50:30.300,3.381,300000.0,3.395,3.3960519999999996,3.382,3.398,3.381,1265400,3.38,419000,3.379,1047000,3.378,1290600,3.377,487700,3.376,446300,3.375,1012400,3.374,76100,3.373,122600,3.372,358700,3.382,554800,3.383,374400,3.384,283000,3.385,648600,3.386,425700,3.387,431600,3.388,52100,3.389,122100,3.39,257900,3.391,38000
2020-09-03 14:50:33.580,3.381,32200.0,3.395,3.39605,3.382,3.398,3.381,1235400,3.38,421300,3.379,1037000,3.378,1290600,3.377,487700,3.376,446300,3.375,1012400,3.374,76100,3.373,122600,3.372,355700,3.382,554600,3.383,374400,3.384,283000,3.385,648600,3.386,725700,3.387,131600,3.388,52100,3.389,122100,3.39,257900,3.391,38000
2020-09-03 14:50:36.780,3.382,3200.0,3.395,3.39605,3.383,3.398,3.381,1272600,3.38,421300,3.379,1037000,3.378,747600,3.377,487700,3.376,446300,3.375,1012400,3.374,76100,3.373,122600,3.372,355700,3.382,765400,3.383,374400,3.384,283000,3.385,555600,3.386,725700,3.387,131600,3.388,52100,3.389,122100,3.39,272600,3.391,38000
2020-09-03 14:50:39.550,3.381,13200.0,3.395,3.39605,3.383,3.398,3.381,1268500,3.38,664200,3.379,737000,3.378,1290600,3.377,587700,3.376,1246300,3.375,112400,3.374,76100,3.373,122600,3.372,355700,3.382,764100,3.383,379400,3.384,283000,3.385,648600,3.386,325700,3.387,531600,3.388,52100,3.389,122100,3.39,272600,3.391,38000
2020-09-03 14:50:41.660,3.382,9400.0,3.395,3.3960489999999997,3.382,3.398,3.381,1263400,3.38,398200,3.379,1037000,3.378,1290600,3.377,487700,3.376,1046300,3.375,112400,3.374,76100,3.373,125800,3.372,355700,3.382,759700,3.383,379400,3.384,283000,3.385,648600,3.386,425700,3.387,431600,3.388,52100,3.389,122100,3.39,272600,3.391,38000
2020-09-03 14:50:45.810,3.381,12300.0,3.395,3.3960480000000004,3.383,3.398,3.381,1305800,3.38,1373300,3.379,737000,3.378,240600,3.377,587700,3.376,1246300,3.375,112400,3.374,76100,3.373,125800,3.372,355700,3.382,548700,3.383,40500,3.384,283000,3.385,648600,3.386,325700,3.387,531600,3.388,52100,3.389,122100,3.39,272600,3.391,38000
2020-09-03 14:50:48.550,3.382,10500.0,3.395,3.3960480000000004,3.383,3.398,3.381,1307300,3.38,1389500,3.379,737000,3.378,240600,3.377,487700,3.376,1046300,3.375,89700,3.374,76100,3.373,125800,3.372,355700,3.382,538200,3.383,41500,3.384,283000,3.385,648600,3.386,425700,3.387,431600,3.388,52100,3.389,122100,3.39,272600,3.391,38000
2020-09-03 14:50:51.580,3.381,35000.0,3.395,3.396046,3.383,3.398,3.381,1275400,3.38,1390900,3.379,737000,3.378,147600,3.377,587700,3.376,1246300,3.375,89700,3.374,76100,3.373,125800,3.372,294300,3.382,535200,3.383,41500,3.384,283000,3.385,555600,3.386,325700,3.387,531600,3.388,52100,3.389,122100,3.39,272600,3.391,38000
2020-09-03 14:50:52.920,3.382,309400.0,3.395,3.39603,3.383,3.398,3.381,1305600,3.38,1389900,3.379,737000,3.378,240600,3.377,787700,3.376,1046300,3.375,89700,3.374,76100,3.373,125800,3.372,294300,3.382,225800,3.383,41500,3.384,183000,3.385,648600,3.386,525700,3.387,131600,3.388,352100,3.389,122100,3.39,272600,3.391,38000
2020-09-03 14:50:57.620,3.382,16100.0,3.395,3.396029,3.383,3.398,3.381,1292300,3.38,1390900,3.379,774500,3.378,240600,3.377,587700,3.376,1246300,3.375,89700,3.374,76100,3.373,125800,3.372,294300,3.382,237900,3.383,341300,3.384,183000,3.385,648600,3.386,425700,3.387,531600,3.388,52100,3.389,122100,3.39,272600,3.391,38000
2020-09-03 14:51:00.440,3.382,23000.0,3.395,3.396028,3.383,3.398,3.381,1292300,3.38,1607600,3.379,725300,3.378,590600,3.377,1787700,3.376,46300,3.375,89700,3.374,76100,3.373,125800,3.372,294300,3.382,214900,3.383,341300,3.384,183000,3.385,648600,3.386,425700,3.387,531600,3.388,52100,3.389,122100,3.39,272600,3.391,38000
2020-09-03 14:51:03.650,3.382,256900.0,3.395,3.396014,3.383,3.398,3.382,313200,3.381,1923300,3.38,1672400,3.379,224400,3.378,890600,3.377,1488200,3.376,46300,3.375,89700,3.374,76100,3.373,125800,3.383,41300,3.384,183000,3.385,648600,3.386,425700,3.387,231600,3.388,352100,3.389,122100,3.39,272600,3.391,38000,3.392,71000
2020-09-03 14:51:04.260,3.383,4100.0,3.395,3.396014,3.383,3.398,3.382,349700,3.381,2202300,3.38,1372400,3.379,317400,3.378,797300,3.377,1488200,3.376,46300,3.375,114400,3.374,13800,3.373,125500,3.383,30300,3.384,183000,3.385,555600,3.386,518700,3.387,169500,3.388,414100,3.389,122100,3.39,272600,3.391,38000,3.392,71000
2020-09-03 14:51:09.640,3.382,107100.0,3.395,3.396009,3.383,3.398,3.382,72000,3.381,1902300,3.38,1670600,3.379,317400,3.378,597400,3.377,1688200,3.376,46300,3.375,114400,3.374,13800,3.373,125500,3.383,15300,3.384,183000,3.385,555600,3.386,518700,3.387,369500,3.388,214100,3.389,122100,3.39,272600,3.391,38000,3.392,71000
2020-09-03 14:51:12.380,3.382,5300.0,3.395,3.396008,3.383,3.398,3.382,26800,3.381,1272300,3.38,1670600,3.379,917400,3.378,497400,3.377,1488200,3.376,346300,3.375,114400,3.374,13800,3.373,125500,3.383,616500,3.384,183000,3.385,555600,3.386,518700,3.387,469500,3.388,114100,3.389,122100,3.39,272600,3.391,38000,3.392,71000
2020-09-03 14:51:15.520,3.382,78900.0,3.395,3.396004,3.383,3.398,3.381,1272400,3.38,1612400,3.379,817400,3.378,497400,3.377,1488200,3.376,346300,3.375,114400,3.374,13800,3.373,125500,3.372,293700,3.382,1135500,3.383,886500,3.384,183000,3.385,556600,3.386,518700,3.387,469500,3.388,114100,3.389,122100,3.39,272600,3.391,38000
2020-09-03 14:51:17.120,3.382,3100.0,3.395,3.396004,3.383,3.398,3.381,1272400,3.38,755700,3.379,724400,3.378,497400,3.377,588200,3.376,46300,3.375,952100,3.374,76100,3.373,125500,3.372,293700,3.382,1432400,3.383,907500,3.384,183000,3.385,546600,3.386,325700,3.387,531600,3.388,52100,3.389,122100,3.39,272600,3.391,38000
2020-09-03 14:51:21.650,3.381,928100.0,3.395,3.395953,3.383,3.398,3.381,406400,3.38,173700,3.379,1024400,3.378,1249600,3.377,688200,3.376,46300,3.375,1252100,3.374,76100,3.373,125500,3.372,293700,3.382,1325471,3.383,707500,3.384,189000,3.385,639600,3.386,625700,3.387,231600,3.388,52100,3.389,122100,3.39,272600,3.391,38000
2020-09-03 14:51:23.730,3.381,406400.0,3.395,3.3959309999999996,3.383,3.398,3.38,173700,3.379,724400,3.378,1550300,3.377,588200,3.376,146300,3.375,1257100,3.374,76100,3.373,125500,3.372,293700,3.371,163700,3.381,193600,3.382,723071,3.383,758600,3.384,189000,3.385,639600,3.386,725700,3.387,131600,3.388,52100,3.389,122100,3.39,272600
2020-09-03 14:51:27.560,3.381,18500.0,3.395,3.3959300000000003,3.383,3.398,3.38,203700,3.379,1210700,3.378,1191000,3.377,588200,3.376,446300,3.375,957100,3.374,13800,3.373,125500,3.372,293700,3.371,163700,3.381,487100,3.382,743071,3.383,658900,3.384,289000,3.385,639600,3.386,425700,3.387,369500,3.388,52100,3.389,122100,3.39,272600
2020-09-03 14:51:30.840,3.381,2500.0,3.395,3.3959300000000003,3.383,3.398,3.38,207900,3.379,1210700,3.378,1191000,3.377,588500,3.376,446300,3.375,957100,3.374,13800,3.373,187800,3.372,293700,3.371,163700,3.381,11300,3.382,144900,3.383,668900,3.384,289000,3.385,639600,3.386,787800,3.387,69500,3.388,52100,3.389,122100,3.39,267600
2020-09-03 14:51:33.560,3.38,12100.0,3.395,3.395929,3.383,3.398,3.38,183800,3.379,1210700,3.378,1098000,3.377,588500,3.376,446300,3.375,957100,3.374,13800,3.373,187800,3.372,293700,3.371,163700,3.381,11300,3.382,144900,3.383,667700,3.384,289000,3.385,566600,3.386,787800,3.387,69500,3.388,52100,3.389,122100,3.39,267600
2020-09-03 14:51:35.430,3.382,51000.0,3.395,3.3959260000000002,3.383,3.398,3.38,184000,3.379,1210700,3.378,1098000,3.377,681500,3.376,346300,3.375,1057100,3.374,13800,3.373,187800,3.372,293700,3.371,163700,3.381,1200,3.382,105200,3.383,667700,3.384,382000,3.385,666600,3.386,687800,3.387,69500,3.388,52100,3.389,122100,3.39,267600
2020-09-03 14:51:39.630,3.38,19500.0,3.395,3.395925,3.383,3.398,3.38,455100,3.379,1210700,3.378,1098000,3.377,688500,3.376,346300,3.375,958100,3.374,13800,3.373,187800,3.372,293700,3.371,163700,3.382,103800,3.383,667700,3.384,277000,3.385,566600,3.386,387800,3.387,469500,3.388,52100,3.389,122100,3.39,267600,3.391,38000
2020-09-03 14:51:42.620,3.38,20000.0,3.395,3.395924,3.383,3.398,3.38,408300,3.379,1210700,3.378,1098000,3.377,686300,3.376,346300,3.375,1060100,3.374,13800,3.373,187800,3.372,293700,3.371,158700,3.381,20000,3.382,270500,3.383,674600,3.384,339500,3.385,666600,3.386,325700,3.387,431600,3.388,52100,3.389,122000,3.39,267600
2020-09-03 14:51:45.830,3.38,33000.0,3.395,3.395922,3.383,3.398,3.38,437300,3.379,1210800,3.378,1098000,3.377,686300,3.376,346300,3.375,1060100,3.374,13800,3.373,187800,3.372,293700,3.371,158700,3.381,19000,3.382,270500,3.383,674600,3.384,339500,3.385,666600,3.386,325700,3.387,369500,3.388,52100,3.389,122000,3.39,267600
2020-09-03 14:51:47.280,3.381,44400.0,3.395,3.39592,3.383,3.398,3.381,1000,3.38,1677300,3.379,1727500,3.378,1098000,3.377,686300,3.376,1248000,3.375,160100,3.374,13800,3.373,187800,3.372,293700,3.382,258400,3.383,674600,3.384,339500,3.385,666600,3.386,387800,3.387,369500,3.388,52100,3.389,122000,3.39,267600,3.391,38000
2020-09-03 14:51:51.650,3.381,16200.0,3.395,3.395919,3.383,3.398,3.381,642300,3.38,2030200,3.379,1331200,3.378,503000,3.377,586300,3.376,1048000,3.375,60100,3.374,76100,3.373,125500,3.372,290700,3.382,257500,3.383,674600,3.384,345500,3.385,566600,3.386,425700,3.387,431600,3.388,52100,3.389,122000,3.39,267600,3.391,38000
2020-09-03 14:51:57.990,3.381,331000.0,3.395,3.3959019999999995,3.384,3.398,3.381,1326300,3.38,2336600,3.379,1281200,3.378,596000,3.377,1243300,3.376,153000,3.375,60100,3.374,76100,3.373,125500,3.372,290700,3.383,674600,3.384,252500,3.385,659600,3.386,426300,3.387,431600,3.388,52100,3.389,122000,3.39,267600,3.391,38000,3.392,71000
2020-09-03 14:52:00.900,3.382,5200.0,3.395,3.3959010000000003,3.383,3.398,3.382,59100,3.381,1686700,3.38,2020400,3.379,1281200,3.378,596000,3.377,1243300,3.376,153000,3.375,60100,3.374,76100,3.373,125500,3.383,404600,3.384,152500,3.385,659600,3.386,526300,3.387,69500,3.388,414100,3.389,122000,3.39,267600,3.391,38000,3.392,71000
2020-09-03 14:52:03.720,3.382,17700.0,3.395,3.3959010000000003,3.383,3.398,3.382,44400,3.381,1687200,3.38,2020400,3.379,761200,3.378,601000,3.377,1343300,3.376,53000,3.375,122400,3.374,13800,3.373,125500,3.383,104600,3.384,152500,3.385,659600,3.386,426300,3.387,169500,3.388,414100,3.389,122000,3.39,267600,3.391,38000,3.392,71000
2020-09-03 14:52:07.290,3.383,500.0,3.395,3.3959010000000003,3.382,3.398,3.382,344400,3.381,1327200,3.38,2020400,3.379,761500,3.378,508000,3.377,1343300,3.376,41200,3.375,122400,3.374,13800,3.373,125500,3.383,104100,3.384,152500,3.385,566600,3.386,426300,3.387,169500,3.388,114100,3.389,422000,3.39,267600,3.391,38000,3.392,71000
2020-09-03 14:52:09.790,3.382,11900.0,3.395,3.3959,3.382,3.398,3.382,332700,3.381,1053600,3.38,2020400,3.379,854500,3.378,608000,3.377,1243300,3.376,41200,3.375,122400,3.374,13800,3.373,125500,3.383,104100,3.384,152500,3.385,566600,3.386,519300,3.387,69500,3.388,214100,3.389,422000,3.39,272600,3.391,38000,3.392,71000
2020-09-03 14:52:12.950,3.383,3000.0,3.395,3.3959,3.382,3.398,3.382,338600,3.381,1013600,3.38,2020900,3.379,855500,3.378,57800,3.377,1793300,3.376,491200,3.375,122400,3.374,13800,3.373,125500,3.383,399300,3.384,152500,3.385,566600,3.386,519300,3.387,169500,3.388,114100,3.389,422000,3.39,272500,3.391,38000,3.392,71000
2020-09-03 14:52:15.770,3.383,616700.0,3.395,3.3958720000000002,3.382,3.398,3.383,14100,3.382,333900,3.381,1013600,3.38,2020900,3.379,864500,3.378,157800,3.377,1693300,3.376,491200,3.375,122400,3.374,13800,3.384,400000,3.385,518400,3.386,519300,3.387,69500,3.388,214100,3.389,422000,3.39,272500,3.391,38000,3.392,71000,3.393,83300
2020-09-03 14:52:17.370,3.383,14100.0,3.395,3.395871,3.383,3.398,3.382,333900,3.381,996500,3.38,1890900,3.379,347800,3.378,607800,3.377,1693300,3.376,103500,3.375,60100,3.374,13800,3.373,125500,3.383,285900,3.384,3072500,3.385,1118300,3.386,519300,3.387,69500,3.388,452100,3.389,184000,3.39,272500,3.391,38000,3.392,71000
2020-09-03 14:52:21.630,3.382,12000.0,3.395,3.3958699999999995,3.382,3.398,3.382,21900,3.381,1296500,3.38,1928400,3.379,254800,3.378,607800,3.377,1693300,3.376,41200,3.375,122400,3.374,13800,3.373,125500,3.383,285900,3.384,4229700,3.385,1118300,3.386,426300,3.387,69500,3.388,514100,3.389,122000,3.39,272500,3.391,38000,3.392,71000
2020-09-03 14:52:23.150,3.383,100.0,3.395,3.3958699999999995,3.382,3.398,3.382,10600,3.381,1316800,3.38,1328400,3.379,347800,3.378,57800,3.377,1793300,3.376,42200,3.375,122400,3.374,13800,3.373,115500,3.383,853971,3.384,4529900,3.385,1418400,3.386,519300,3.387,169500,3.388,414100,3.389,122000,3.39,272500,3.391,38000,3.392,71000
2020-09-03 14:52:27.640,3.382,20600.0,3.395,3.3958690000000002,3.383,3.398,3.381,1316800,3.38,1332000,3.379,347800,3.378,157800,3.377,1693300,3.376,42200,3.375,122400,3.374,13800,3.373,121600,3.372,290700,3.382,1400,3.383,845971,3.384,4229700,3.385,1418400,3.386,519300,3.387,69500,3.388,514100,3.389,122000,3.39,270500,3.391,38000
2020-09-03 14:52:30.760,3.383,21200.0,3.395,3.395868,3.382,3.398,3.382,4300,3.381,1316800,3.38,1489100,3.379,347800,3.378,507800,3.377,1793300,3.376,42200,3.375,60100,3.374,76100,3.373,121600,3.383,1746771,3.384,3659700,3.385,1418400,3.386,519300,3.387,231600,3.388,352100,3.389,122000,3.39,270500,3.391,38000,3.392,66000
2020-09-03 14:52:33.680,3.382,11900.0,3.395,3.395868,3.382,3.398,3.382,21900,3.381,1313700,3.38,1491100,3.379,347800,3.378,157800,3.377,1393300,3.376,342200,3.375,123400,3.374,13800,3.373,121600,3.383,1746771,3.384,3659700,3.385,818300,3.386,519300,3.387,69500,3.388,514100,3.389,122000,3.39,270500,3.391,38000,3.392,66000
2020-09-03 14:52:36.630,3.382,24900.0,3.395,3.3958660000000003,3.382,3.398,3.381,170700,3.38,1215500,3.379,907000,3.378,162700,3.377,593300,3.376,42200,3.375,1323400,3.374,13800,3.373,121600,3.372,290700,3.382,1182100,3.383,1851771,3.384,3659700,3.385,818300,3.386,419300,3.387,469500,3.388,114100,3.389,124000,3.39,270500,3.391,38000
2020-09-03 14:52:39.120,3.381,130800.0,3.395,3.3958589999999997,3.382,3.398,3.38,1127900,3.379,907000,3.378,162700,3.377,588500,3.376,342200,3.375,961100,3.374,13800,3.373,121600,3.372,290700,3.371,153700,3.381,49200,3.382,1464200,3.383,1153600,3.384,3359700,3.385,818300,3.386,419300,3.387,469500,3.388,52100,3.389,124000,3.39,270500
2020-09-03 14:52:42.630,3.381,49200.0,3.395,3.395857,3.382,3.398,3.381,191000,3.38,1127900,3.379,1058700,3.378,162700,3.377,488500,3.376,442200,3.375,961100,3.374,13800,3.373,183900,3.372,290700,3.382,1172200,3.383,883600,3.384,3459700,3.385,818300,3.386,581400,3.387,369500,3.388,52100,3.389,124000,3.39,270500,3.391,38000
2020-09-03 14:52:45.660,3.381,12100.0,3.395,3.3958559999999998,3.382,3.398,3.381,479000,3.38,857900,3.379,1275400,3.378,157800,3.377,488500,3.376,1342200,3.375,61100,3.374,76100,3.373,118600,3.372,290700,3.382,902100,3.383,883600,3.384,3459700,3.385,818300,3.386,519300,3.387,131600,3.388,352100,3.389,124000,3.39,270500,3.391,38000
2020-09-03 14:52:46.580,3.382,15200.0,3.395,3.3958550000000005,3.382,3.398,3.381,878000,3.38,859100,3.379,1165300,3.378,157800,3.377,488500,3.376,1342200,3.375,61100,3.374,76100,3.373,118600,3.372,290700,3.382,893300,3.383,883600,3.384,3459700,3.385,848300,3.386,426300,3.387,131600,3.388,352100,3.389,124000,3.39,273300,3.391,38000
2020-09-03 14:52:51.670,3.381,17500.0,3.395,3.395854,3.382,3.398,3.381,571400,3.38,1176200,3.379,1165300,3.378,250800,3.377,588500,3.376,1242200,3.375,61100,3.374,76100,3.373,118600,3.372,288700,3.382,888400,3.383,883600,3.384,3159700,3.385,941300,3.386,326300,3.387,531600,3.388,52100,3.389,124000,3.39,273300,3.391,38000
2020-09-03 14:52:54.660,3.381,571400.0,3.395,3.3958230000000005,3.382,3.398,3.38,588000,3.379,889400,3.378,750800,3.377,488500,3.376,142200,3.375,61200,3.374,976100,3.373,118600,3.372,288700,3.371,153700,3.381,331000,3.382,888400,3.383,883600,3.384,3190200,3.385,941300,3.386,426500,3.387,431600,3.388,52100,3.389,124000,3.39,273300
2020-09-03 14:52:56.960,3.381,100.0,3.395,3.3958230000000005,3.382,3.398,3.38,590000,3.379,906500,3.378,810200,3.377,588500,3.376,142200,3.375,1261200,3.374,13800,3.373,180900,3.372,288700,3.371,153700,3.381,1270171,3.382,1159400,3.383,727600,3.384,3190200,3.385,841300,3.386,488600,3.387,369500,3.388,52100,3.389,124000,3.39,273300
2020-09-03 14:53:00.460,3.381,610400.0,3.395,3.3957900000000003,3.383,3.398,3.38,614300,3.379,886500,3.378,750900,3.377,588500,3.376,142200,3.375,1261200,3.374,13800,3.373,180900,3.372,288700,3.371,153700,3.381,12000,3.382,1159400,3.383,728600,3.384,2033100,3.385,841300,3.386,488600,3.387,369500,3.388,52100,3.389,124000,3.39,273300
2020-09-03 14:53:03.730,3.381,23900.0,3.395,3.3957889999999997,3.382,3.398,3.381,357100,3.38,1013400,3.379,1386100,3.378,57900,3.377,488500,3.376,1342200,3.375,61000,3.374,13800,3.373,180900,3.372,288700,3.382,864200,3.383,326200,3.384,2041100,3.385,548400,3.386,488600,3.387,69500,3.388,352100,3.389,124000,3.39,273300,3.391,38000
2020-09-03 14:53:09.780,3.381,12000.0,3.395,3.3957879999999996,3.382,3.398,3.381,360900,3.38,1019700,3.379,1375300,3.378,255800,3.377,488500,3.376,1342200,3.375,61000,3.374,76100,3.373,118600,3.372,288700,3.382,74300,3.383,326200,3.384,1438700,3.385,641400,3.386,426500,3.387,131600,3.388,363100,3.389,124000,3.39,273300,3.391,38000
2020-09-03 14:53:11.240,3.382,200.0,3.395,3.3957879999999996,3.382,3.398,3.381,360900,3.38,1019700,3.379,1375300,3.378,255800,3.377,338500,3.376,1492200,3.375,511000,3.374,76100,3.373,118600,3.372,288700,3.382,75100,3.383,624371,3.384,1438700,3.385,641400,3.386,426500,3.387,131600,3.388,363100,3.389,124000,3.39,273300,3.391,38000
2020-09-03 14:53:15.890,3.382,31500.0,3.395,3.3957870000000003,3.382,3.398,3.381,349400,3.38,1028700,3.379,1375300,3.378,255800,3.377,139500,3.376,1692200,3.375,511000,3.374,76100,3.373,118600,3.372,288700,3.382,311600,3.383,924571,3.384,1138700,3.385,641400,3.386,326500,3.387,231600,3.388,363100,3.389,124000,3.39,273300,3.391,38000
2020-09-03 14:53:17.890,3.381,33000.0,3.395,3.395785,3.382,3.398,3.381,316400,3.38,1028700,3.379,1375300,3.378,255800,3.377,589500,3.376,1692200,3.375,61000,3.374,76100,3.373,118600,3.372,288700,3.382,371600,3.383,1224571,3.384,1138700,3.385,538400,3.386,326500,3.387,231600,3.388,363100,3.389,124000,3.39,273300,3.391,38000
2020-09-03 14:53:21.370,3.382,1100.0,3.395,3.395785,3.382,3.398,3.381,413400,3.38,1033700,3.379,1375300,3.378,255800,3.377,489500,3.376,1792200,3.375,61000,3.374,76100,3.373,118600,3.372,288700,3.382,380800,3.383,1224571,3.384,1138700,3.385,538400,3.386,426500,3.387,131600,3.388,363100,3.389,124000,3.39,273300,3.391,38000
2020-09-03 14:53:24.620,3.382,12200.0,3.395,3.3957839999999995,3.382,3.398,3.381,124400,3.38,1731100,3.379,1375300,3.378,255800,3.377,589500,3.376,1692200,3.375,61000,3.374,76100,3.373,118600,3.372,288700,3.382,380600,3.383,1224571,3.384,1138700,3.385,538400,3.386,326500,3.387,531600,3.388,63100,3.389,124000,3.39,273300,3.391,38000
2020-09-03 14:53:26.800,3.381,9500.0,3.395,3.3957839999999995,3.382,3.398,3.381,117000,3.38,1678700,3.379,1375300,3.378,255800,3.377,589500,3.376,1692200,3.375,61000,3.374,76100,3.373,118600,3.372,288700,3.382,653500,3.383,1224571,3.384,1138700,3.385,538400,3.386,334500,3.387,531600,3.388,63100,3.389,124000,3.39,273300,3.391,38000
2020-09-03 14:53:30.440,3.382,17200.0,3.395,3.395783,3.382,3.398,3.381,108000,3.38,1695800,3.379,1375300,3.378,255800,3.377,489500,3.376,1792200,3.375,61000,3.374,76100,3.373,118600,3.372,288700,3.382,648300,3.383,1224571,3.384,1138700,3.385,546400,3.386,434500,3.387,431600,3.388,63100,3.389,124000,3.39,273300,3.391,38000
2020-09-03 14:53:33.840,3.382,165700.0,3.395,3.395774,3.382,3.398,3.381,10300,3.38,1401400,3.379,1675300,3.378,255800,3.377,140500,3.376,1242200,3.375,61000,3.374,526100,3.373,118600,3.372,288700,3.382,632600,3.383,1224571,3.384,1138700,3.385,639400,3.386,334500,3.387,531600,3.388,63100,3.389,124000,3.39,273300,3.391,38000
2020-09-03 14:53:36.970,3.382,1032000.0,3.395,3.395715,3.382,3.398,3.381,3000,3.38,800900,3.379,1375300,3.378,255800,3.377,140500,3.376,1242200,3.375,61000,3.374,526100,3.373,118600,3.372,288700,3.382,342600,3.383,927571,3.384,1138700,3.385,639400,3.386,334500,3.387,531600,3.388,63100,3.389,124000,3.39,293300,3.391,38000
2020-09-03 14:53:39.890,3.382,16800.0,3.395,3.395714,3.382,3.398,3.381,63000,3.38,1790900,3.379,1375300,3.378,255800,3.377,140500,3.376,1242200,3.375,61000,3.374,526100,3.373,118600,3.372,288700,3.382,266100,3.383,933571,3.384,1138700,3.385,639400,3.386,334500,3.387,531600,3.388,63100,3.389,124000,3.39,293300,3.391,38000
2020-09-03 14:53:42.660,3.382,31100.0,3.395,3.3957129999999998,3.382,3.398,3.381,48400,3.38,1790900,3.379,1375300,3.378,255800,3.377,140600,3.376,1242200,3.375,61000,3.374,526100,3.373,118600,3.372,288700,3.382,252600,3.383,933571,3.384,1138700,3.385,638400,3.386,334500,3.387,531600,3.388,63100,3.389,124000,3.39,293300,3.391,38000
2020-09-03 14:53:46.110,3.381,2400.0,3.395,3.3957129999999998,3.382,3.398,3.381,53500,3.38,1790900,3.379,1375300,3.378,162800,3.377,140600,3.376,1242200,3.375,61000,3.374,526100,3.373,118600,3.372,288700,3.382,252600,3.383,933571,3.384,1138700,3.385,545400,3.386,334500,3.387,531600,3.388,63100,3.389,124000,3.39,278600,3.391,38000
2020-09-03 14:53:48.170,3.38,1015000.0,3.395,3.395655,3.382,3.398,3.38,542400,3.379,1675300,3.378,855800,3.377,40600,3.376,1342200,3.375,511000,3.374,526100,3.373,118600,3.372,288700,3.371,153700,3.382,239600,3.383,933571,3.384,1138700,3.385,638400,3.386,434600,3.387,431600,3.388,58100,3.389,124000,3.39,278600,3.391,38000
2020-09-03 14:53:51.220,3.381,20600.0,3.395,3.395654,3.382,3.398,3.38,795600,3.379,1735300,3.378,855800,3.377,40600,3.376,342200,3.375,611000,3.374,463800,3.373,180900,3.372,288700,3.371,151400,3.381,40300,3.382,238700,3.383,633571,3.384,1138700,3.385,753100,3.386,334600,3.387,431600,3.388,58100,3.389,124000,3.39,278600
2020-09-03 14:53:53.170,3.381,1000.0,3.395,3.395654,3.382,3.398,3.38,796000,3.379,1735300,3.378,855800,3.377,40600,3.376,442200,3.375,61000,3.374,463800,3.373,180900,3.372,288700,3.371,151400,3.381,51300,3.382,238700,3.383,633571,3.384,1138700,3.385,653100,3.386,796700,3.387,69500,3.388,58000,3.389,124000,3.39,278600
2020-09-03 14:54:00.470,3.381,24200.0,3.395,3.395653,3.382,3.398,3.38,798900,3.379,1737600,3.378,762800,3.377,133600,3.376,442200,3.375,61000,3.374,464300,3.373,180900,3.372,287600,3.371,151400,3.381,121900,3.382,586000,3.383,633571,3.384,1231700,3.385,565100,3.386,796700,3.387,69500,3.388,58000,3.389,134000,3.39,278600
2020-09-03 14:54:02.100,3.38,90700.0,3.395,3.3956480000000004,3.382,3.398,3.38,708500,3.379,1741900,3.378,762800,3.377,138600,3.376,442200,3.375,511000,3.374,464300,3.373,180900,3.372,287600,3.371,151400,3.381,121900,3.382,591000,3.383,633571,3.384,1231700,3.385,565100,3.386,496700,3.387,369500,3.388,58000,3.389,134000,3.39,278600
2020-09-03 14:54:06.690,3.38,641900.0,3.395,3.3956160000000004,3.382,3.398,3.381,200,3.38,1601300,3.379,1741900,3.378,162800,3.377,138600,3.376,342200,3.375,611000,3.374,464300,3.373,180900,3.372,287600,3.382,112900,3.383,633571,3.384,1231700,3.385,665100,3.386,396700,3.387,369500,3.388,58000,3.389,134000,3.39,278600,3.391,38000
2020-09-03 14:54:10.030,3.382,601500.0,3.395,3.3955879999999996,3.382,3.398,3.381,20400,3.38,1602400,3.379,1721900,3.378,162800,3.377,138600,3.376,342200,3.375,161000,3.374,526600,3.373,118600,3.372,287600,3.382,2348500,3.383,1032671,3.384,1231700,3.385,665100,3.386,634600,3.387,131600,3.388,58000,3.389,134000,3.39,278800,3.391,38000
2020-09-03 14:54:13.060,3.381,17100.0,3.395,3.3955870000000004,3.382,3.398,3.381,8400,3.38,1602400,3.379,1721900,3.378,162800,3.377,145600,3.376,42200,3.375,361000,3.374,526600,3.373,118600,3.372,287600,3.382,2950300,3.383,1332671,3.384,1138700,3.385,565100,3.386,634600,3.387,231600,3.388,58000,3.389,134000,3.39,278800,3.391,38000
2020-09-03 14:54:14.550,3.382,13800.0,3.395,3.395586,3.382,3.398,3.381,27900,3.38,703000,3.379,1662700,3.378,155800,3.377,45600,3.376,142200,3.375,361000,3.374,526600,3.373,118600,3.372,287600,3.382,2647600,3.383,1632671,3.384,538700,3.385,658100,3.386,734600,3.387,131600,3.388,58000,3.389,134000,3.39,278800,3.391,38000
2020-09-03 14:54:18.500,3.381,38400.0,3.395,3.3955839999999995,3.382,3.398,3.38,675300,3.379,1362700,3.378,1119400,3.377,245600,3.376,42200,3.375,361000,3.374,526600,3.373,118600,3.372,287600,3.371,141100,3.381,245900,3.382,2747600,3.383,609000,3.384,538700,3.385,858100,3.386,334600,3.387,231600,3.388,58000,3.389,134000,3.39,278800
2020-09-03 14:54:24.790,3.38,83900.0,3.395,3.3955800000000003,3.382,3.398,3.379,205000,3.378,760300,3.377,1004900,3.376,242200,3.375,61000,3.374,764300,3.373,180900,3.372,287600,3.371,141100,3.37,1639700,3.38,516100,3.381,898500,3.382,2445200,3.383,709200,3.384,438700,3.385,858100,3.386,516700,3.387,69500,3.388,58000,3.389,134000
2020-09-03 14:54:27.630,3.38,6800.0,3.395,3.395579,3.382,3.398,3.379,172900,3.378,1097400,3.377,704900,3.376,235200,3.375,161000,3.374,764300,3.373,118600,3.372,349900,3.371,145100,3.37,1639700,3.38,536600,3.381,898500,3.382,2145200,3.383,802400,3.384,338700,3.385,927200,3.386,354600,3.387,69500,3.388,58000,3.389,134000
2020-09-03 14:54:30.930,3.381,608200.0,3.395,3.395546,3.382,3.398,3.379,205900,3.378,1614100,3.377,704900,3.376,235200,3.375,161000,3.374,464300,3.373,118600,3.372,349900,3.371,145100,3.37,1639700,3.381,629400,3.382,1745200,3.383,802400,3.384,338700,3.385,928200,3.386,354600,3.387,69500,3.388,58000,3.389,129000,3.39,271300
2020-09-03 14:54:33.790,3.38,28200.0,3.395,3.395545,3.382,3.398,3.38,40500,3.379,1145900,3.378,1254200,3.377,104900,3.376,335200,3.375,811000,3.374,464300,3.373,118600,3.372,349900,3.371,145100,3.381,321200,3.382,1745200,3.383,812400,3.384,438700,3.385,466100,3.386,816700,3.387,69500,3.388,58000,3.389,129000,3.39,271300
2020-09-03 14:54:34.770,3.38,11900.0,3.395,3.395544,3.382,3.398,3.38,800,3.379,851800,3.378,1614200,3.377,104900,3.376,235200,3.375,611000,3.374,464300,3.373,180900,3.372,287600,3.371,145100,3.381,328800,3.382,2045300,3.383,812400,3.384,438700,3.385,558100,3.386,716700,3.387,69500,3.388,58000,3.389,129000,3.39,271300
2020-09-03 14:54:38.860,3.381,20400.0,3.395,3.395543,3.382,3.398,3.38,7100,3.379,796000,3.378,1614200,3.377,104900,3.376,235200,3.375,611100,3.374,764300,3.373,180900,3.372,287600,3.371,145100,3.381,1510800,3.382,2045300,3.383,812400,3.384,438700,3.385,858100,3.386,416700,3.387,69500,3.388,58000,3.389,129000,3.39,271300
2020-09-03 14:54:41.640,3.379,22200.0,3.395,3.395542,3.382,3.398,3.379,782900,3.378,1614200,3.377,197900,3.376,242200,3.375,511100,3.374,764300,3.373,180900,3.372,287600,3.371,145100,3.37,1638600,3.381,2443000,3.382,1745300,3.383,719400,3.384,531700,3.385,758100,3.386,516700,3.387,69500,3.388,58000,3.389,129000,3.39,271300
2020-09-03 14:54:45.270,3.38,164500.0,3.395,3.3955319999999998,3.382,3.398,3.379,633400,3.378,1614200,3.377,197900,3.376,142200,3.375,511100,3.374,864300,3.373,113600,3.372,287600,3.371,130300,3.37,1638600,3.38,1000,3.381,2875600,3.382,1745300,3.383,719400,3.384,631700,3.385,758100,3.386,416700,3.387,69500,3.388,58000,3.389,129000
2020-09-03 14:54:46.090,3.379,9900.0,3.395,3.3955309999999996,3.382,3.398,3.379,714900,3.378,1619200,3.377,207900,3.376,142200,3.375,611100,3.374,764300,3.373,113600,3.372,349900,3.371,130300,3.37,1638600,3.38,13000,3.381,2875600,3.382,1495300,3.383,719400,3.384,231700,3.385,920200,3.386,354600,3.387,69500,3.388,58000,3.389,129000
2020-09-03 14:54:50.130,3.38,200.0,3.395,3.3955309999999996,3.382,3.398,3.379,717900,3.378,1619200,3.377,207900,3.376,142200,3.375,61100,3.374,864300,3.373,113600,3.372,99900,3.371,130300,3.37,1638600,3.38,12800,3.381,2875600,3.382,1495900,3.383,719400,3.384,331700,3.385,820200,3.386,354600,3.387,69500,3.388,58000,3.389,129000
2020-09-03 14:54:54.110,3.38,1400.0,3.395,3.3955309999999996,3.382,3.398,3.379,697700,3.378,1619200,3.377,114900,3.376,142200,3.375,171100,3.374,764300,3.373,113600,3.372,99900,3.371,130300,3.37,1638600,3.38,53400,3.381,3175600,3.382,1495900,3.383,719400,3.384,138700,3.385,920200,3.386,354600,3.387,69500,3.388,58000,3.389,129000
2020-09-03 14:54:56.140,3.381,132800.0,3.395,3.395524,3.382,3.398,3.379,673800,3.378,1619200,3.377,114900,3.376,235200,3.375,621100,3.374,764300,3.373,113600,3.372,99900,3.371,130300,3.37,1638600,3.381,3116200,3.382,1495900,3.383,812400,3.384,138700,3.385,920200,3.386,354600,3.387,69500,3.388,58000,3.389,129000,3.39,271300
2020-09-03 14:55:00.880,3.379,55300.0,3.395,3.395521,3.382,3.398,3.379,122200,3.378,1319200,3.377,1014900,3.376,335200,3.375,821100,3.374,464300,3.373,113600,3.372,99900,3.371,130300,3.37,1638600,3.38,316000,3.381,3106200,3.382,1595900,3.383,812400,3.384,38700,3.385,758100,3.386,516700,3.387,69500,3.388,58000,3.389,129000
2020-09-03 14:55:03.750,3.379,1150200.0,3.395,3.395456,3.382,3.398,3.379,605600,3.378,1318500,3.377,155600,3.376,135200,3.375,821100,3.374,564300,3.373,113600,3.372,100400,3.371,130300,3.37,1636600,3.381,487800,3.382,1501900,3.383,812400,3.384,238700,3.385,520200,3.386,654600,3.387,69500,3.388,58000,3.389,129000,3.39,271300
2020-09-03 14:55:06.030,3.382,748300.0,3.395,3.395418,3.382,3.398,3.381,100,3.38,22700,3.379,770400,3.378,1618500,3.377,155600,3.376,135200,3.375,821100,3.374,564300,3.373,113600,3.372,100400,3.382,708700,3.383,812400,3.384,238700,3.385,468100,3.386,716700,3.387,69500,3.388,58000,3.389,129000,3.39,271300,3.391,38000
2020-09-03 14:55:08.060,3.38,2000.0,3.395,3.395418,3.382,3.398,3.38,25800,3.379,1111600,3.378,1248500,3.377,255600,3.376,42200,3.375,821100,3.374,526600,3.373,113600,3.372,38100,3.371,130300,3.382,708700,3.383,719400,3.384,138700,3.385,468100,3.386,654600,3.387,231600,3.388,58000,3.389,129000,3.39,271300,3.391,38000
2020-09-03 14:55:10.950,3.38,11900.0,3.395,3.395418,3.382,3.398,3.38,14900,3.379,1365600,3.378,1341500,3.377,155600,3.376,42200,3.375,921100,3.374,464300,3.373,175900,3.372,38100,3.371,130300,3.382,708700,3.383,719400,3.384,138700,3.385,661100,3.386,654600,3.387,131600,3.388,58000,3.389,129000,3.39,271300,3.391,38000
2020-09-03 14:55:19.210,3.38,200.0,3.395,3.395418,3.382,3.398,3.38,350800,3.379,1668600,3.378,1351500,3.377,157600,3.376,342200,3.375,620500,3.374,464300,3.373,175900,3.372,38100,3.371,130300,3.381,29200,3.382,1590200,3.383,725300,3.384,148700,3.385,661100,3.386,716700,3.387,69500,3.388,58000,3.389,129000,3.39,271300
2020-09-03 14:55:20.260,3.381,1000.0,3.395,3.395418,3.383,3.398,3.38,361200,3.379,1668600,3.378,1351500,3.377,157600,3.376,342200,3.375,620500,3.374,464300,3.373,175900,3.372,38100,3.371,130300,3.381,28800,3.382,1590200,3.383,725300,3.384,148700,3.385,661100,3.386,716700,3.387,69500,3.388,58000,3.389,129000,3.39,271300
2020-09-03 14:55:24.540,3.381,15100.0,3.395,3.3954169999999997,3.383,3.398,3.38,349200,3.379,1661700,3.378,1199200,3.377,250600,3.376,174400,3.375,820500,3.374,464300,3.373,175900,3.372,38100,3.371,130300,3.381,36700,3.382,1590200,3.383,725300,3.384,241700,3.385,468100,3.386,816700,3.387,69500,3.388,58000,3.389,129000,3.39,271300
2020-09-03 14:55:26.860,3.381,12400.0,3.395,3.3954160000000004,3.383,3.398,3.38,63700,3.379,1728900,3.378,1210200,3.377,250600,3.376,174400,3.375,820500,3.374,464300,3.373,175900,3.372,38100,3.371,130300,3.381,29700,3.382,1590200,3.383,725300,3.384,241700,3.385,468100,3.386,816700,3.387,69500,3.388,58000,3.389,129000,3.39,271300
2020-09-03 14:55:28.860,3.38,22000.0,3.395,3.3954150000000003,3.383,3.398,3.38,221000,3.379,1130900,3.378,1510200,3.377,250600,3.376,174400,3.375,810500,3.374,464300,3.373,175900,3.372,38100,3.371,128300,3.381,19700,3.382,1590200,3.383,725300,3.384,241700,3.385,468100,3.386,816700,3.387,69500,3.388,58000,3.389,129000,3.39,271300
2020-09-03 14:55:32.080,3.381,300.0,3.395,3.3954150000000003,3.383,3.398,3.38,249200,3.379,1640700,3.378,1210200,3.377,250600,3.376,374400,3.375,610500,3.374,464300,3.373,175900,3.372,38100,3.371,128300,3.381,19400,3.382,1502700,3.383,725300,3.384,246700,3.385,568100,3.386,716700,3.387,69500,3.388,58000,3.389,129000,3.39,271300
2020-09-03 14:55:35.530,3.381,27300.0,3.395,3.3954129999999996,3.383,3.398,3.38,879400,3.379,1581500,3.378,610400,3.377,157600,3.376,174400,3.375,810500,3.374,464300,3.373,175900,3.372,38100,3.371,128300,3.381,4100,3.382,1502700,3.383,725300,3.384,153700,3.385,468100,3.386,516700,3.387,369500,3.388,58000,3.389,129000,3.39,271300
2020-09-03 14:55:39.410,3.381,15200.0,3.395,3.3954129999999996,3.383,3.398,3.381,75600,3.38,842500,3.379,1640700,3.378,623400,3.377,250600,3.376,174400,3.375,810500,3.374,464300,3.373,175900,3.372,38100,3.382,1525800,3.383,725300,3.384,246700,3.385,448100,3.386,816700,3.387,69500,3.388,58000,3.389,129000,3.39,270300,3.391,38000
2020-09-03 14:55:40.960,3.381,12000.0,3.395,3.3954120000000003,3.383,3.398,3.381,63600,3.38,842500,3.379,1640700,3.378,623400,3.377,250600,3.376,474400,3.375,510500,3.374,526600,3.373,113600,3.372,38100,3.382,1525900,3.383,625300,3.384,258700,3.385,463100,3.386,754600,3.387,131600,3.388,58000,3.389,129000,3.39,270300,3.391,38000
2020-09-03 14:55:44.280,3.382,50000.0,3.395,3.39541,3.383,3.398,3.381,223700,3.38,868500,3.379,1611500,3.378,626700,3.377,250600,3.376,474400,3.375,510500,3.374,526600,3.373,113600,3.372,38100,3.382,1564400,3.383,625300,3.384,258700,3.385,463100,3.386,454600,3.387,431600,3.388,58000,3.389,129000,3.39,270300,3.391,38000
2020-09-03 14:55:47.830,3.382,1236600.0,3.395,3.3953510000000002,3.383,3.398,3.381,212700,3.38,1318000,3.379,1352300,3.378,686700,3.377,246100,3.376,524400,3.375,510500,3.374,76600,3.373,113600,3.372,38100,3.382,298800,3.383,630300,3.384,228200,3.385,563100,3.386,354600,3.387,531600,3.388,58000,3.389,129000,3.39,270300,3.391,38000
2020-09-03 14:55:51.810,3.381,234500.0,3.395,3.395339,3.383,3.398,3.38,1346400,3.379,1352300,3.378,686700,3.377,153100,3.376,824400,3.375,510500,3.374,76600,3.373,113600,3.372,38100,3.371,136700,3.381,66100,3.382,48800,3.383,630300,3.384,125200,3.385,563100,3.386,354600,3.387,531600,3.388,58000,3.389,129000,3.39,270300
2020-09-03 14:55:54.200,3.381,78100.0,3.395,3.3953349999999998,3.383,3.398,3.381,236300,3.38,1346400,3.379,1412300,3.378,779700,3.377,353100,3.376,624400,3.375,510500,3.374,14300,3.373,175900,3.372,38100,3.382,48800,3.383,630300,3.384,125200,3.385,656100,3.386,516700,3.387,369500,3.388,58000,3.389,129000,3.39,270300,3.391,38000
2020-09-03 14:55:56.840,3.381,2200.0,3.395,3.3953349999999998,3.383,3.398,3.381,548400,3.38,1356500,3.379,1352400,3.378,779700,3.377,353100,3.376,624400,3.375,510500,3.374,76600,3.373,113600,3.372,38100,3.382,48800,3.383,330300,3.384,125200,3.385,656100,3.386,454600,3.387,431600,3.388,58000,3.389,129000,3.39,270300,3.391,38000
2020-09-03 14:56:00.740,3.382,60800.0,3.395,3.395332,3.383,3.398,3.382,14000,3.381,872200,3.38,1381100,3.379,1352400,3.378,779700,3.377,354100,3.376,624400,3.375,510500,3.374,76600,3.373,113600,3.383,330300,3.384,125200,3.385,656100,3.386,454600,3.387,431600,3.388,68000,3.389,129000,3.39,270300,3.391,38000,3.392,66000
2020-09-03 14:56:03.430,3.382,300.0,3.395,3.395332,3.383,3.398,3.382,17800,3.381,874200,3.38,1381200,3.379,1282400,3.378,263000,3.377,454100,3.376,74400,3.375,572800,3.374,14300,3.373,113600,3.383,330300,3.384,125200,3.385,656100,3.386,354600,3.387,469500,3.388,130000,3.389,129000,3.39,270300,3.391,38000,3.392,66000
2020-09-03 14:56:05.460,3.382,18900.0,3.395,3.3953309999999997,3.383,3.398,3.382,45800,3.381,964500,3.38,1381300,3.379,1375400,3.378,170000,3.377,454100,3.376,74400,3.375,572800,3.374,14300,3.373,113600,3.383,330300,3.384,425300,3.385,563100,3.386,447600,3.387,469500,3.388,130000,3.389,129000,3.39,270300,3.391,38000,3.392,66000
2020-09-03 14:56:08.740,3.383,200.0,3.395,3.3953309999999997,3.383,3.398,3.382,180800,3.381,964500,3.38,1372400,3.379,1375400,3.378,170000,3.377,454100,3.376,526400,3.375,572800,3.374,14300,3.373,113600,3.383,330100,3.384,425300,3.385,563100,3.386,447600,3.387,469500,3.388,130000,3.389,129000,3.39,270300,3.391,38000,3.392,66000
2020-09-03 14:56:11.590,3.383,13200.0,3.395,3.3953300000000004,3.383,3.398,3.382,168900,3.381,964500,3.38,1203900,3.379,1374900,3.378,270000,3.377,54100,3.376,826400,3.375,572800,3.374,14300,3.373,113600,3.383,1778800,3.384,425300,3.385,563100,3.386,447600,3.387,369500,3.388,230000,3.389,129000,3.39,270300,3.391,38000,3.392,66000
2020-09-03 14:56:15.710,3.382,203600.0,3.395,3.395321,3.384,3.398,3.381,417700,3.38,773400,3.379,1634100,3.378,365700,3.377,54100,3.376,526400,3.375,572800,3.374,14300,3.373,113600,3.372,38100,3.382,897000,3.383,1778800,3.384,425300,3.385,563100,3.386,747400,3.387,69500,3.388,230000,3.389,129000,3.39,270300,3.391,38000
2020-09-03 14:56:18.760,3.381,80400.0,3.395,3.395317,3.384,3.398,3.381,334400,3.38,773400,3.379,1541100,3.378,265700,3.377,159100,3.376,526400,3.375,810700,3.374,76600,3.373,113600,3.372,38100,3.382,1209000,3.383,2078800,3.384,425300,3.385,553100,3.386,659300,3.387,231300,3.388,68000,3.389,129000,3.39,270300,3.391,38000
2020-09-03 14:56:21.030,3.382,55000.0,3.395,3.395314,3.383,3.398,3.381,295400,3.38,823900,3.379,1485400,3.378,314700,3.377,159100,3.376,626400,3.375,810700,3.374,76600,3.373,113600,3.372,38100,3.382,2352700,3.383,2078800,3.384,425300,3.385,646100,3.386,759300,3.387,151300,3.388,68000,3.389,129000,3.39,270300,3.391,38000
2020-09-03 14:56:24.730,3.381,598800.0,3.395,3.3952839999999997,3.383,3.398,3.38,311800,3.379,1185700,3.378,1214700,3.377,259100,3.376,526400,3.375,810700,3.374,76600,3.373,113600,3.372,38100,3.371,122600,3.381,82400,3.382,1986600,3.383,1278800,3.384,425300,3.385,546100,3.386,659300,3.387,251300,3.388,68000,3.389,129000,3.39,270300
2020-09-03 14:56:27.800,3.381,69900.0,3.395,3.3952809999999998,3.384,3.398,3.38,296700,3.379,1295700,3.378,1214700,3.377,158100,3.376,626400,3.375,810700,3.374,14300,3.373,175900,3.372,38100,3.371,122600,3.381,39500,3.382,1986800,3.383,983800,3.384,425300,3.385,546100,3.386,821400,3.387,89200,3.388,68000,3.389,129000,3.39,270300
2020-09-03 14:56:30.630,3.381,22900.0,3.395,3.395279,3.383,3.398,3.38,655000,3.379,1264700,3.378,1214700,3.377,158100,3.376,626400,3.375,810700,3.374,14300,3.373,175900,3.372,38100,3.371,122600,3.381,328600,3.382,1986800,3.383,683800,3.384,430300,3.385,546100,3.386,821400,3.387,89200,3.388,68000,3.389,129000,3.39,270300
2020-09-03 14:56:33.300,3.381,2800.0,3.395,3.395279,3.383,3.398,3.38,661800,3.379,1634700,3.378,749400,3.377,158100,3.376,626400,3.375,810700,3.374,14300,3.373,175900,3.372,38100,3.371,122600,3.381,325800,3.382,2001700,3.383,433800,3.384,430300,3.385,453100,3.386,821400,3.387,89200,3.388,73000,3.389,118500,3.39,270300
2020-09-03 14:56:35.310,3.381,22100.0,3.395,3.395278,3.383,3.398,3.38,649800,3.379,1393900,3.378,1049400,3.377,251100,3.376,176400,3.375,60700,3.374,14300,3.373,175900,3.372,38100,3.371,123000,3.381,15700,3.382,2001700,3.383,433800,3.384,531300,3.385,453100,3.386,821400,3.387,89200,3.388,73000,3.389,118500,3.39,270300
2020-09-03 14:56:39.710,3.381,252100.0,3.395,3.395265,3.383,3.398,3.38,483400,3.379,1705100,3.378,749400,3.377,251100,3.376,235700,3.375,360700,3.374,14300,3.373,174900,3.372,38100,3.371,123000,3.381,10800,3.382,2011700,3.383,434100,3.384,531300,3.385,453100,3.386,821400,3.387,89200,3.388,132100,3.389,118500,3.39,270300
2020-09-03 14:56:41.950,3.38,13400.0,3.395,3.395264,3.383,3.398,3.38,470000,3.379,1705100,3.378,749400,3.377,254400,3.376,235700,3.375,420000,3.374,14300,3.373,174900,3.372,38100,3.371,123000,3.382,1816400,3.383,444100,3.384,531300,3.385,453100,3.386,821400,3.387,89200,3.388,132100,3.389,118500,3.39,270300,3.391,38000
2020-09-03 14:56:48.240,3.382,254500.0,3.395,3.3952519999999997,3.383,3.398,3.381,67600,3.38,481900,3.379,1705100,3.378,842400,3.377,161400,3.376,376400,3.375,220000,3.374,76600,3.373,112600,3.372,38100,3.382,1596300,3.383,344100,3.384,438300,3.385,646100,3.386,359300,3.387,451300,3.388,132100,3.389,118500,3.39,270300,3.391,38000
2020-09-03 14:56:51.180,3.381,2000.0,3.395,3.3952519999999997,3.384,3.398,3.381,65700,3.38,483900,3.379,1555100,3.378,749400,3.377,258100,3.376,376400,3.375,120000,3.374,76600,3.373,112600,3.372,38100,3.382,1596300,3.383,343900,3.384,444600,3.385,552900,3.386,359100,3.387,551100,3.388,132100,3.389,118500,3.39,270100,3.391,38000
2020-09-03 14:56:54.200,3.382,629800.0,3.395,3.395222,3.384,3.398,3.381,36200,3.38,1384100,3.379,1255100,3.378,242400,3.377,158100,3.376,535700,3.375,60800,3.374,76600,3.373,112600,3.372,38100,3.382,696000,3.383,643900,3.384,455100,3.385,715600,3.386,459100,3.387,451100,3.388,73000,3.389,177600,3.39,270100,3.391,38000
2020-09-03 14:56:58.180,3.381,30200.0,3.395,3.395221,3.384,3.398,3.381,26200,3.38,1389100,3.379,1195900,3.378,242400,3.377,158100,3.376,436000,3.375,60800,3.374,76600,3.373,112600,3.372,38100,3.382,680800,3.383,643900,3.384,466200,3.385,715600,3.386,359100,3.387,551100,3.388,73000,3.389,177600,3.39,270100,3.391,38000
2020-09-03 14:57:00.790,3.383,635500.0,3.395,3.395193,3.383,3.398,3.382,10300,3.381,16700,3.38,1468900,3.379,1295900,3.378,182400,3.377,58100,3.376,236000,3.375,60800,3.374,76600,3.373,112600,3.383,732500,3.384,466200,3.385,715600,3.386,459100,3.387,451100,3.388,73000,3.389,177600,3.39,270100,3.391,38000,3.392,66000
2020-09-03 14:57:04.080,3.382,34200.0,3.395,3.3951919999999998,3.384,3.398,3.382,325100,3.381,918700,3.38,1395600,3.379,1072700,3.378,89400,3.377,358100,3.376,236000,3.375,123100,3.374,14300,3.373,112600,3.383,729100,3.384,366200,3.385,622600,3.386,559100,3.387,89000,3.388,435000,3.389,177600,3.39,270100,3.391,38000,3.392,66000
2020-09-03 14:57:05.290,3.383,642000.0,3.395,3.395164,3.383,3.398,3.382,283100,3.381,920700,3.38,1396400,3.379,1165700,3.378,389400,3.377,58100,3.376,236000,3.375,123100,3.374,14300,3.373,112600,3.383,306000,3.384,366200,3.385,622600,3.386,652100,3.387,89000,3.388,435000,3.389,177600,3.39,270100,3.391,38000,3.392,66000
2020-09-03 14:57:09.790,3.385,622300.0,3.395,3.395141,3.383,3.398,3.382,920600,3.381,837400,3.38,796400,3.379,1178700,3.378,389400,3.377,57700,3.376,236000,3.375,123100,3.374,14300,3.373,106600,3.385,294800,3.386,652100,3.387,89000,3.388,435000,3.389,177600,3.39,270100,3.391,38000,3.392,66000,3.393,45300,3.394,140700
2020-09-03 14:57:12.390,3.383,15400.0,3.395,3.39514,3.383,3.398,3.383,239000,3.382,908800,3.381,838400,3.38,789700,3.379,1177700,3.378,389400,3.377,57700,3.376,236000,3.375,123100,3.374,14300,3.385,1514800,3.386,652200,3.387,489000,3.388,73000,3.389,477600,3.39,332100,3.391,38000,3.392,66000,3.393,45300,3.394,140700
2020-09-03 14:57:18.700,3.384,14500.0,3.395,3.395139,3.383,3.398,3.383,3400,3.382,669200,3.381,1243500,3.38,479000,3.379,768500,3.378,393400,3.377,47700,3.376,298300,3.375,60800,3.374,14300,3.384,299200,3.385,2119400,3.386,559200,3.387,582000,3.388,373000,3.389,239600,3.39,270100,3.391,38000,3.392,66000,3.393,45300
2020-09-03 14:57:20.310,3.384,600.0,3.395,3.395139,3.383,3.398,3.383,3400,3.382,669200,3.381,1243500,3.38,474000,3.379,769200,3.378,393400,3.377,47700,3.376,298300,3.375,60800,3.374,14300,3.384,1686800,3.385,2119600,3.386,559200,3.387,597000,3.388,373000,3.389,239600,3.39,270100,3.391,38000,3.392,66000,3.393,45300
2020-09-03 14:57:25.120,3.382,111500.0,3.395,3.3951339999999997,3.383,3.398,3.382,561100,3.381,1243500,3.38,476400,3.379,769200,3.378,393400,3.377,47700,3.376,298300,3.375,60800,3.374,14300,3.373,106600,3.384,1693300,3.385,2119600,3.386,559400,3.387,597000,3.388,373000,3.389,239600,3.39,270100,3.391,38000,3.392,66000,3.393,45300
2020-09-03 14:57:27.280,3.384,25600.0,3.395,3.395133,3.383,3.398,3.382,804900,3.381,905000,3.38,556400,3.379,769200,3.378,393400,3.377,47700,3.376,236000,3.375,123100,3.374,14300,3.373,106600,3.383,4000,3.384,1444600,3.385,1819600,3.386,559400,3.387,597000,3.388,103000,3.389,539600,3.39,270100,3.391,38000,3.392,66000
2020-09-03 14:57:30.720,3.384,15000.0,3.395,3.395133,3.383,3.398,3.383,27000,3.382,508500,3.381,1207500,3.38,463400,3.379,769700,3.378,93400,3.377,347700,3.376,236000,3.375,123100,3.374,14300,3.384,1443600,3.385,1819600,3.386,559400,3.387,504200,3.388,465000,3.389,177600,3.39,270100,3.391,38000,3.392,66000,3.393,45300
2020-09-03 14:57:33.230,3.383,10700.0,3.395,3.395132,3.383,3.398,3.383,20000,3.382,508500,3.381,1207500,3.38,556400,3.379,769700,3.378,93100,3.377,347700,3.376,298300,3.375,60800,3.374,14300,3.384,1443100,3.385,1819600,3.386,559400,3.387,597200,3.388,403000,3.389,239600,3.39,270100,3.391,38000,3.392,66000,3.393,45300
2020-09-03 14:57:37.110,3.382,56200.0,3.395,3.3951300000000004,3.383,3.398,3.382,498500,3.381,1208000,3.38,555400,3.379,769700,3.378,93100,3.377,47700,3.376,298300,3.375,60800,3.374,14300,3.373,106600,3.383,82900,3.384,1449100,3.385,1519600,3.386,559400,3.387,597200,3.388,403000,3.389,239600,3.39,270100,3.391,38000,3.392,66000
2020-09-03 14:57:39.700,3.382,500.0,3.395,3.3951300000000004,3.383,3.398,3.382,12700,3.381,1148800,3.38,1055400,3.379,769700,3.378,393100,3.377,47700,3.376,176700,3.375,123100,3.374,14300,3.373,106600,3.383,82900,3.384,1459100,3.385,1519600,3.386,589900,3.387,597200,3.388,465000,3.389,118500,3.39,270100,3.391,38000,3.392,66000
2020-09-03 14:57:41.770,3.383,2500.0,3.395,3.3951300000000004,3.383,3.398,3.382,23500,3.381,1208000,3.38,1155400,3.379,769700,3.378,93100,3.377,347700,3.376,176700,3.375,123100,3.374,14300,3.373,106600,3.383,80600,3.384,1459100,3.385,1519600,3.386,589900,3.387,597200,3.388,465000,3.389,118500,3.39,270100,3.391,38000,3.392,66000
2020-09-03 14:57:44.030,3.382,2000.0,3.395,3.3951300000000004,3.383,3.398,3.382,43000,3.381,1208000,3.38,1062400,3.379,769700,3.378,393100,3.377,47700,3.376,176700,3.375,123100,3.374,14300,3.373,106600,3.383,79900,3.384,1459100,3.385,1519600,3.386,589900,3.387,504200,3.388,465000,3.389,118500,3.39,270100,3.391,38000,3.392,66000
2020-09-03 14:57:48.310,3.382,18000.0,3.395,3.3951290000000003,3.383,3.398,3.382,34800,3.381,1245800,3.38,1062400,3.379,862700,3.378,393100,3.377,47700,3.376,176700,3.375,123100,3.374,14300,3.373,106600,3.383,73900,3.384,1459100,3.385,1519600,3.386,682900,3.387,504200,3.388,465000,3.389,118500,3.39,270100,3.391,38000,3.392,66000
2020-09-03 14:57:51.600,3.384,1089400.0,3.395,3.395086,3.383,3.398,3.384,346100,3.383,891800,3.382,1454500,3.381,286600,3.38,677900,3.379,769700,3.378,93100,3.377,47700,3.376,176700,3.375,119100,3.385,1519600,3.386,489900,3.387,204200,3.388,265000,3.389,118500,3.39,570100,3.391,38000,3.392,66000,3.393,45300,3.394,140700
2020-09-03 14:57:58.960,3.384,102600.0,3.395,3.395082,3.383,3.398,3.383,743700,3.382,1661000,3.381,379600,3.38,164500,3.379,816700,3.378,93100,3.377,109900,3.376,176700,3.375,56800,3.374,14300,3.385,922600,3.386,489900,3.387,204200,3.388,296000,3.389,418500,3.39,332100,3.391,38000,3.392,66000,3.393,45300,3.394,140700
2020-09-03 14:58:02.910,3.385,321100.0,3.395,3.3950709999999997,3.383,3.398,3.384,20500,3.383,1001000,3.382,1261000,3.381,379600,3.38,464500,3.379,516700,3.378,90100,3.377,47700,3.376,239000,3.375,56800,3.385,4600,3.386,489900,3.387,504200,3.388,296000,3.389,118500,3.39,627100,3.391,38000,3.392,66000,3.393,45300,3.394,140700
2020-09-03 14:58:06.250,3.385,21000.0,3.395,3.3950699999999996,3.383,3.398,3.384,1521600,3.383,976900,3.382,761000,3.381,379600,3.38,424500,3.379,516700,3.378,90100,3.377,109900,3.376,171700,3.375,56800,3.385,83700,3.386,459400,3.387,404200,3.388,296000,3.389,218500,3.39,327100,3.391,338000,3.392,66000,3.393,45300,3.394,140700
2020-09-03 14:58:09.190,3.384,81000.0,3.395,3.3950669999999996,3.383,3.398,3.384,1779500,3.383,978900,3.382,761000,3.381,286600,3.38,424500,3.379,516700,3.378,90100,3.377,109900,3.376,171700,3.375,56800,3.385,10900,3.386,459400,3.387,404200,3.388,203000,3.389,218500,3.39,327100,3.391,333000,3.392,66000,3.393,45300,3.394,140700
2020-09-03 14:58:12.270,3.385,169000.0,3.395,3.395061,3.383,3.398,3.384,1727100,3.383,978900,3.382,757800,3.381,380100,3.38,521500,3.379,516700,3.378,90100,3.377,109900,3.376,171700,3.375,56800,3.385,5300,3.386,459400,3.387,404200,3.388,296000,3.389,218500,3.39,627100,3.391,33000,3.392,66000,3.393,45300,3.394,140700
2020-09-03 14:58:14.710,3.387,605300.0,3.395,3.395043,3.383,3.398,3.385,482300,3.384,1467000,3.383,978900,3.382,757800,3.381,163400,3.38,219500,3.379,516700,3.378,90100,3.377,109900,3.376,131000,3.387,263600,3.388,355100,3.389,218500,3.39,327100,3.391,333000,3.392,66000,3.393,45300,3.394,140700,3.395,197500,3.396,183100
2020-09-03 14:58:17.570,3.385,1200.0,3.395,3.395043,3.383,3.398,3.385,532900,3.384,1468000,3.383,978900,3.382,757200,3.381,70400,3.38,519500,3.379,516700,3.378,152300,3.377,47700,3.376,131000,3.387,863600,3.388,262100,3.389,218500,3.39,265100,3.391,333000,3.392,128000,3.393,45300,3.394,140700,3.395,197500,3.396,183100
2020-09-03 14:58:21.270,3.386,40100.0,3.395,3.3950410000000004,3.383,3.398,3.386,59900,3.385,410000,3.384,1179300,3.383,978900,3.382,850200,3.381,70400,3.38,522600,3.379,516700,3.378,152300,3.377,47700,3.387,1997500,3.388,262300,3.389,218500,3.39,358100,3.391,333000,3.392,128000,3.393,45300,3.394,140700,3.395,197500,3.396,183100
2020-09-03 14:58:24.290,3.385,84600.0,3.395,3.395039,3.383,3.398,3.385,409900,3.384,1179300,3.383,978900,3.382,333500,3.381,68500,3.38,522600,3.379,578900,3.378,90100,3.377,47700,3.376,131000,3.386,530500,3.387,2077113,3.388,262300,3.389,218500,3.39,358100,3.391,333000,3.392,128000,3.393,45300,3.394,140700,3.395,197500
2020-09-03 14:58:26.550,3.386,8000.0,3.395,3.395039,3.383,3.398,3.385,409900,3.384,1179300,3.383,965700,3.382,333500,3.381,68500,3.38,222600,3.379,516700,3.378,152300,3.377,47700,3.376,131000,3.386,522500,3.387,2089113,3.388,262300,3.389,1117500,3.39,358100,3.391,395000,3.392,66000,3.393,45300,3.394,140700,3.395,197500
2020-09-03 14:58:28.280,3.386,29700.0,3.395,3.3950379999999996,3.383,3.398,3.385,434400,3.384,1179400,3.383,965700,3.382,333500,3.381,68500,3.38,522600,3.379,516700,3.378,152300,3.377,47700,3.376,131000,3.386,598500,3.387,2089113,3.388,262300,3.389,1117700,3.39,358100,3.391,395000,3.392,66000,3.393,45300,3.394,140700,3.395,197500
2020-09-03 14:58:33.200,3.386,104700.0,3.395,3.3950339999999994,3.383,3.398,3.385,441200,3.384,1185700,3.383,965700,3.382,328500,3.381,68500,3.38,522700,3.379,516700,3.378,147200,3.377,47700,3.376,131000,3.386,518666,3.387,2389613,3.388,267300,3.389,1210700,3.39,265300,3.391,395000,3.392,66000,3.393,45300,3.394,140700,3.395,197500
2020-09-03 14:58:34.940,3.386,20200.0,3.395,3.3950339999999994,3.383,3.398,3.385,427600,3.384,1185700,3.383,965700,3.382,328500,3.381,168500,3.38,522700,3.379,516700,3.378,147200,3.377,47700,3.376,131000,3.386,770266,3.387,2389613,3.388,267300,3.389,1210700,3.39,265300,3.391,495000,3.392,66000,3.393,45300,3.394,140700,3.395,197500
2020-09-03 14:58:39.060,3.386,15800.0,3.395,3.395033,3.383,3.398,3.385,431600,3.384,286200,3.383,1206500,3.382,828500,3.381,168500,3.38,222700,3.379,516700,3.378,147200,3.377,47700,3.376,131000,3.386,1418166,3.387,1889413,3.388,267300,3.389,1110700,3.39,565300,3.391,195000,3.392,66000,3.393,45300,3.394,140700,3.395,197500
2020-09-03 14:58:42.260,3.385,69400.0,3.395,3.395031,3.383,3.398,3.385,86600,3.384,286200,3.383,1206500,3.382,887700,3.381,268500,3.38,222700,3.379,816700,3.378,147200,3.377,47700,3.376,131000,3.386,1660466,3.387,1184713,3.388,267300,3.389,1210700,3.39,565300,3.391,195000,3.392,66000,3.393,45300,3.394,140700,3.395,197500
2020-09-03 14:58:42.670,3.386,3100.0,3.395,3.395031,3.383,3.398,3.385,87700,3.384,286200,3.383,1229900,3.382,794700,3.381,268500,3.38,522800,3.379,516700,3.378,147200,3.377,47700,3.376,131000,3.386,1424066,3.387,1184713,3.388,267300,3.389,1117700,3.39,565300,3.391,195000,3.392,66000,3.393,45300,3.394,140700,3.395,197500
2020-09-03 14:58:47.970,3.386,1000.0,3.395,3.395031,3.383,3.398,3.385,114900,3.384,886200,3.383,1229900,3.382,287700,3.381,230700,3.38,522800,3.379,516700,3.378,147200,3.377,47700,3.376,131000,3.386,2309266,3.387,884713,3.388,267300,3.389,1210700,3.39,565300,3.391,195000,3.392,66000,3.393,45300,3.394,140700,3.395,197500
2020-09-03 14:58:49.570,3.386,43200.0,3.395,3.395029,3.383,3.398,3.385,274900,3.384,1186200,3.383,929900,3.382,228500,3.381,130700,3.38,522800,3.379,516700,3.378,147200,3.377,47700,3.376,131000,3.386,2306066,3.387,884713,3.388,267300,3.389,1210700,3.39,265300,3.391,495000,3.392,66000,3.393,45300,3.394,140700,3.395,247500
2020-09-03 14:58:53.930,3.385,4800.0,3.395,3.395029,3.383,3.398,3.385,272100,3.384,1245400,3.383,1029900,3.382,228000,3.381,130700,3.38,522800,3.379,503700,3.378,147200,3.377,47700,3.376,131000,3.386,815966,3.387,584713,3.388,267300,3.389,1210700,3.39,265300,3.391,495000,3.392,66000,3.393,45300,3.394,140700,3.395,247500
2020-09-03 14:58:56.890,3.386,30000.0,3.395,3.395028,3.383,3.398,3.385,259100,3.384,945300,3.383,1329900,3.382,228000,3.381,130700,3.38,522800,3.379,503700,3.378,147200,3.377,47700,3.376,131000,3.386,799766,3.387,584713,3.388,267300,3.389,1210700,3.39,265300,3.391,495000,3.392,66000,3.393,45300,3.394,140700,3.395,247500
2020-09-03 14:58:59.750,3.385,161200.0,3.395,3.395023,3.383,3.398,3.385,123800,3.384,1245300,3.383,1029900,3.382,135000,3.381,130700,3.38,522800,3.379,503700,3.378,147200,3.377,47700,3.376,131000,3.386,789766,3.387,885313,3.388,267300,3.389,1117700,3.39,265300,3.391,495000,3.392,66000,3.393,45300,3.394,140700,3.395,247500
2020-09-03 14:59:00.140,3.385,1000.0,3.395,3.395023,3.383,3.398,3.385,133900,3.384,1186100,3.383,929900,3.382,228000,3.381,130700,3.38,522800,3.379,503700,3.378,147200,3.377,47700,3.376,131000,3.386,789766,3.387,885313,3.388,272600,3.389,1210700,3.39,265300,3.391,495000,3.392,66000,3.393,45300,3.394,140700,3.395,247500
2020-09-03 14:59:03.110,3.385,9200.0,3.395,3.395022,3.383,3.398,3.385,279600,3.384,1186100,3.383,989100,3.382,328000,3.381,130700,3.38,522800,3.379,503700,3.378,109700,3.377,47700,3.376,131000,3.386,790266,3.387,1185513,3.388,172600,3.389,1210700,3.39,265300,3.391,495000,3.392,66000,3.393,45300,3.394,140700,3.395,247500
2020-09-03 14:59:08.260,3.386,650500.0,3.395,3.395002,3.383,3.398,3.385,267300,3.384,1188100,3.383,989100,3.382,229600,3.381,130700,3.38,522800,3.379,503700,3.378,109700,3.377,45500,3.376,131000,3.386,174466,3.387,1185513,3.388,287700,3.389,1210700,3.39,265300,3.391,495000,3.392,66000,3.393,45300,3.394,140700,3.395,247500
2020-09-03 14:59:10.330,3.387,114200.0,3.395,3.394999,3.383,3.398,3.386,77200,3.385,271300,3.384,1188300,3.383,989100,3.382,229600,3.381,430700,3.38,222800,3.379,503700,3.378,109700,3.377,45500,3.387,529413,3.388,297700,3.389,1210900,3.39,265300,3.391,495000,3.392,66000,3.393,45300,3.394,140700,3.395,247500,3.396,183100
2020-09-03 14:59:14.440,3.386,8700.0,3.395,3.394999,3.383,3.398,3.386,166800,3.385,272400,3.384,588300,3.383,491700,3.382,136600,3.381,430800,3.38,222800,3.379,565900,3.378,47500,3.377,45500,3.387,831813,3.388,297700,3.389,1117900,3.39,358300,3.391,433000,3.392,128000,3.393,45300,3.394,140700,3.395,247500,3.396,183100
2020-09-03 14:59:16.600,3.386,171800.0,3.395,3.394993,3.383,3.398,3.385,272400,3.384,588300,3.383,491700,3.382,136600,3.381,133500,3.38,522800,3.379,565900,3.378,47500,3.377,45500,3.376,131000,3.386,366600,3.387,826813,3.388,297700,3.389,1117900,3.39,358300,3.391,433000,3.392,128000,3.393,45300,3.394,125100,3.395,247500
2020-09-03 14:59:20.630,3.385,42400.0,3.395,3.394992,3.383,3.398,3.385,269100,3.384,588300,3.383,492500,3.382,136600,3.381,433500,3.38,225200,3.379,503700,3.378,109700,3.377,45500,3.376,131000,3.386,618600,3.387,1713013,3.388,297700,3.389,1117900,3.39,358300,3.391,495000,3.392,66000,3.393,45300,3.394,125100,3.395,247500
2020-09-03 14:59:23.460,3.387,1200300.0,3.395,3.394957,3.383,3.398,3.385,438000,3.384,504000,3.383,492500,3.382,146600,3.381,433500,3.38,208500,3.379,503700,3.378,109700,3.377,45500,3.376,131000,3.387,1131313,3.388,197700,3.389,1117900,3.39,458300,3.391,195000,3.392,366000,3.393,45300,3.394,125100,3.395,247500,3.396,183100
2020-09-03 14:59:25.750,3.387,245113.0,3.395,3.3949510000000003,3.383,3.398,3.387,354887,3.386,40200,3.385,705900,3.384,351000,3.383,340300,3.382,138900,3.381,133500,3.38,208500,3.379,503700,3.378,109700,3.388,197700,3.389,1117900,3.39,459300,3.391,133000,3.392,428000,3.393,45300,3.394,125100,3.395,247500,3.396,183100,3.397,124200
2020-09-03 14:59:28.660,3.387,13200.0,3.395,3.39495,3.383,3.398,3.387,342687,3.386,104300,3.385,705900,3.384,351000,3.383,340300,3.382,438900,3.381,133500,3.38,270700,3.379,503700,3.378,47500,3.388,197700,3.389,1117900,3.39,459300,3.391,133000,3.392,366000,3.393,107200,3.394,125100,3.395,247500,3.396,183100,3.397,124200
2020-09-03 14:59:31.780,3.387,454666.0,3.395,3.394938,3.383,3.398,3.387,59421,3.386,114300,3.385,646800,3.384,251000,3.383,223600,3.382,135800,3.381,433500,3.38,270700,3.379,503700,3.378,47500,3.388,245600,3.389,1117900,3.39,459300,3.391,133000,3.392,366000,3.393,107200,3.394,125100,3.395,247500,3.396,183100,3.397,124200
2020-09-03 14:59:35.130,3.387,29600.0,3.395,3.394937,3.383,3.398,3.387,49421,3.386,79000,3.385,705900,3.384,251000,3.383,229900,3.382,135800,3.381,433500,3.38,270700,3.379,493700,3.378,47500,3.388,226500,3.389,1117900,3.39,459300,3.391,133000,3.392,366000,3.393,107200,3.394,125100,3.395,247500,3.396,183100,3.397,124200
2020-09-03 14:59:38.020,3.387,60521.0,3.395,3.394935,3.383,3.398,3.386,80000,3.385,706200,3.384,251000,3.383,229900,3.382,42800,3.381,431700,3.38,270700,3.379,493700,3.378,47500,3.377,45500,3.387,793879,3.388,256500,3.389,1125300,3.39,366300,3.391,133000,3.392,366000,3.393,107200,3.394,125100,3.395,247500,3.396,183100
2020-09-03 14:59:40.640,3.387,40300.0,3.395,3.3949339999999997,3.383,3.398,3.386,80000,3.385,516400,3.384,251000,3.383,322900,3.382,42800,3.381,431700,3.38,208500,3.379,555900,3.378,47500,3.377,45500,3.387,753579,3.388,256500,3.389,1125300,3.39,459300,3.391,437400,3.392,128000,3.393,45300,3.394,125100,3.395,247500,3.396,183100
2020-09-03 14:59:42.750,3.387,12900.0,3.395,3.3949339999999997,3.383,3.398,3.386,42300,3.385,148400,3.384,691000,3.383,322900,3.382,42800,3.381,431700,3.38,208500,3.379,555900,3.378,47500,3.377,45500,3.387,740679,3.388,256500,3.389,1125400,3.39,459300,3.391,437400,3.392,128000,3.393,45300,3.394,125100,3.395,247500,3.396,183100
2020-09-03 14:59:46.170,3.386,8800.0,3.395,3.3949339999999997,3.383,3.398,3.386,36400,3.385,448400,3.384,450200,3.383,322900,3.382,42800,3.381,431700,3.38,208500,3.379,555900,3.378,47500,3.377,45500,3.387,483879,3.388,256500,3.389,1125400,3.39,459300,3.391,437400,3.392,128000,3.393,45300,3.394,125100,3.395,247500,3.396,183100
2020-09-03 14:59:49.890,3.386,44700.0,3.395,3.394933,3.383,3.398,3.386,237600,3.385,149400,3.384,740800,3.383,322900,3.382,42800,3.381,431700,3.38,208500,3.379,555900,3.378,47500,3.377,45500,3.387,3700,3.388,218800,3.389,1125400,3.39,459400,3.391,137200,3.392,428000,3.393,35300,3.394,125100,3.395,247500,3.396,183100
2020-09-03 14:59:53.680,3.388,63700.0,3.395,3.3949309999999997,3.383,3.398,3.387,11100,3.386,227600,3.385,149400,3.384,466600,3.383,129900,3.382,42800,3.381,131700,3.38,508500,3.379,555900,3.378,47500,3.388,168800,3.389,226400,3.39,366400,3.391,437200,3.392,128000,3.393,35300,3.394,125100,3.395,242500,3.396,183100,3.397,124200
2020-09-03 14:59:56.580,3.387,26100.0,3.395,3.3949300000000004,3.383,3.398,3.386,235700,3.385,449400,3.384,166600,3.383,186500,3.382,142800,3.381,431700,3.38,270700,3.379,493700,3.378,47500,3.377,45500,3.387,40900,3.388,177500,3.389,226400,3.39,366400,3.391,437200,3.392,66000,3.393,97200,3.394,125100,3.395,242500,3.396,183100
2020-09-03 14:59:59.000,3.386,111600.0,3.395,3.3949279999999997,3.383,3.398,3.386,234300,3.385,149400,3.384,166600,3.383,579500,3.382,142800,3.381,131700,3.38,508500,3.379,555900,3.378,47500,3.377,45500,3.388,116800,3.389,226400,3.39,459400,3.391,437200,3.392,128000,3.393,35300,3.394,125100,3.395,242500,3.396,183100,3.397,124200
2020-09-03 14:59:59.980,3.388,11300.0,3.395,3.3949269999999996,3.383,3.398,3.386,234300,3.385,149400,3.384,166600,3.383,520300,3.382,42800,3.381,131700,3.38,508500,3.379,555900,3.378,47500,3.377,45500,3.388,105500,3.389,226400,3.39,359400,3.391,437200,3.392,66000,3.393,35300,3.394,125100,3.395,242500,3.396,183100,3.397,124200
